[Licensing::Module] Trying to connect to existing licensing client channel...
Built from '6000.6/respin/6000.6.0f1-fa21a270ab12' branch; Version is '6000.6.0f1 (f7f8ed4d1e24) revision 16251117'; Using compiler version '194234433'; Build Type 'Release'
[Licensing::IpcConnector] Successfully connected to: "LicenseClient-kvdgs" at "2026-09-18T17:31:43.8970894Z"
OS: 'Windows 10  (10.0.19044) 64bit IoTEnterpriseS' Language: 'en' Physical Memory: 32553 MB
BatchMode: 1, IsHumanControllingUs: 0, StartBugReporterOnCrash: 0, Is64bit: 1
System  architecture: x64
Process architecture: x64
Date: 2026-09-18T17:31:43Z
[Licensing::Client] Code 10 while verifying Licensing Client signature (process Id: 12156, path: "C:/Program Files/Unity Hub/UnityLicensingClient_V1/Unity.Licensing.Client.exe")
[Licensing::Module] LicensingClient has failed validation; ignoring
[Licensing::Client] Handshaking with LicensingClient:
  Version:                 1.18.3+d7ffd15
  Session Id:              5093a524852049599fc5a55020c47b04
  Correlation Id:          7c121f8b0bc486dd27296ef88e06b2ad
  External correlation Id: 3276125250485304286
  Machine Id:              e92fZFs8pw5YPi8nmDcnF+cruoE=
[Licensing::Module] Successfully connected to LicensingClient on channel: "LicenseClient-kvdgs" (connect: 0.00s, validation: 0.00s, handshake: 0.04s)
[Licensing::IpcConnector] Successfully connected to: "LicenseClient-kvdgs-notifications" at "2026-09-18T17:31:43.9396833Z"
[Licensing::Module] Licensing Background thread has ended after 0.04s

COMMAND LINE ARGUMENTS:
C:\Program Files\Unity\Hub\Editor\6000.6.0f1\Editor\Unity.exe
-adb2
-batchMode
-noUpm
-name
AssetImportWorkerHW2
-projectPath
C:/Users/kvdgs/Ostatni_Peron
-logFile
Logs/AssetImportWorkerHW2.log
-srvPort
58830
-parentPid
15952
-analyticsCloudUserId
7972619309565
-analyticsCloudProjectId
e28450e7-1dc2-4145-9df2-a9e3f45c208f
-analyticsLocalProjectId
6b1046796772a574095b6a545e6623be
-editorAnalyticsEnabled
1
-cbmEditorLicense
6e7a55aee7f79adb812e5e06053d436dac76c8d1
-cbmMachineId
e92fZFs8pw5YPi8nmDcnF+cruoE=
-noDiagnosticSwitchPersistentStore
-job-worker-count
9
-background-job-worker-count
8
-asset-garbage-collectors
1
-force-d3d12
-name
AssetImport
Successfully changed project path to: C:/Users/kvdgs/Ostatni_Peron
C:/Users/kvdgs/Ostatni_Peron
[UnityMemory] Configuration Parameters - Can be set up in boot.config
    "memorysetup-temp-allocator-size-gi-baking-worker=262144"
    "memorysetup-temp-allocator-size-gi-baking-worker=262144"
    "memorysetup-temp-allocator-size-gi-baking-worker=262144"
    "memorysetup-temp-allocator-size-gi-baking-worker=262144"
    "memorysetup-temp-allocator-size-gi-baking-worker=262144"
    "memorysetup-temp-allocator-size-nav-mesh-worker=65536"
    "memorysetup-temp-allocator-size-audio-worker=65536"
    "memorysetup-temp-allocator-size-cloud-worker=32768"
    "memorysetup-temp-allocator-size-gfx=262144"
    "memorysetup-remapper-allocator-initial-capacity=32768"
    "memorysetup-temp-allocator-size-preload-manager=33554432"
    "memorysetup-allocator-temp-initial-block-size-main=262144"
    "memorysetup-allocator-temp-initial-block-size-worker=262144"
    "memorysetup-temp-allocator-size-job-worker=262144"
    "memorysetup-temp-allocator-size-background-worker=32768"
    "memorysetup-bucket-allocator-granularity=16"
    "memorysetup-bucket-allocator-bucket-count=8"
    "memorysetup-bucket-allocator-block-size=33554432"
    "memorysetup-bucket-allocator-block-count=8"
    "memorysetup-main-allocator-block-size=16777216"
    "memorysetup-thread-allocator-block-size=16777216"
    "memorysetup-main-allocator-mimalloc-enabled=1"
    "memorysetup-gfx-main-allocator-block-size=16777216"
    "memorysetup-gfx-thread-allocator-block-size=16777216"
    "memorysetup-cache-allocator-block-size=4194304"
    "memorysetup-typetree-allocator-block-size=2097152"
    "memorysetup-profiler-bucket-allocator-granularity=16"
    "memorysetup-profiler-bucket-allocator-bucket-count=8"
    "memorysetup-profiler-bucket-allocator-block-size=33554432"
    "memorysetup-profiler-bucket-allocator-block-count=8"
    "memorysetup-profiler-allocator-block-size=16777216"
    "memorysetup-profiler-editor-allocator-block-size=1048576"
    "memorysetup-temp-allocator-size-main=16777216"
    "memorysetup-job-temp-allocator-block-size=2097152"
    "memorysetup-job-temp-allocator-block-size-background=1048576"
    "memorysetup-job-temp-allocator-reduction-small-platforms=262144"
Player connection [16936]  Target information:

Player connection [16936]  * "[IP] 192.168.56.1 [Port] 0 [Flags] 2 [Guid] 4061270397 [EditorId] 4061270397 [Version] 1048832 [Id] WindowsEditor(7,DESKTOP-S3V9965) [Debug] 1 [PackageName] WindowsEditor [ProjectName] Editor" 

Player connection [16936]  * "[IP] 192.168.1.76 [Port] 0 [Flags] 2 [Guid] 4061270397 [EditorId] 4061270397 [Version] 1048832 [Id] WindowsEditor(7,DESKTOP-S3V9965) [Debug] 1 [PackageName] WindowsEditor [ProjectName] Editor" 

Player connection [16936] Host joined multi-casting on [225.0.0.222:54997]...
Player connection [16936] Host joined alternative multi-casting on [225.0.0.222:34997]...
JobSystem: Creating JobQueue using job-worker-count value 9
Input System module state changed to: Initialized.
[Physics::Module] Initialized fallback backend.
[Physics::Module] Id: 0xdecafbad
Library Redirect Path: Library/
Initialising UDS system complete:
  - System type: Client
  - Resource namespace: 4422644b660968779b78d57b56671add
  - Shared memory size: 1073741824
  - Command buffer id: 1052576
  - Command buffer size: 8192
  - Hashmap size: 4194304
  - Service connected: true
  - Service working directory: Library/DataStore/
[Physics::Module] Selected backend.
[Physics::Module] Name: PhysX
[Physics::Module] Id: 0xf2b8ea05
[Physics::Module] SDK Version: 4.1.2
[Physics::Module] Integration Version: 1.0.0
[Physics::Module] Threading Mode: Multi-Threaded
Refreshing native plugins compatible for Editor in 4.65 ms, found 5 plugins.
Initialize engine version: 6000.6.0f1 (f7f8ed4d1e24)
[EntityIdStore] init: VM path (explicit commit), pageSize=4096, blockCount=1048576, entitiesPerBlock=256, slots reserved=4294967296 bytes
[Subsystems] Discovering subsystems at path C:/Program Files/Unity/Hub/Editor/6000.6.0f1/Editor/Data/Resources/UnitySubsystems
[Subsystems] Discovering subsystems at path C:/Users/kvdgs/Ostatni_Peron/Assets
Forcing GfxDevice: Direct3D 12
GfxDevice: creating device client; kGfxThreadingModeNonThreaded
d3d12: failed to query info queue interface (0x80004002).
Direct3D:
    Version:         Direct3D 12 [level 12.2]
    Renderer:        AMD Radeon RX 7700 XT (ID=0x747e)
    Vendor:          ATI
    VRAM:            12076 MB
    App VRAM Budget: 11308 MB
    Driver:          31.0.22030.2
Initialize mono
Mono path[0] = 'C:/Program Files/Unity/Hub/Editor/6000.6.0f1/Editor/Data/Managed'
Mono path[1] = 'C:/Program Files/Unity/Hub/Editor/6000.6.0f1/Editor/Data/BCLExtensions/runtime/netstandard2.1'
Mono path[2] = 'C:/Program Files/Unity/Hub/Editor/6000.6.0f1/Editor/Data/MonoBleedingEdge/lib/mono/unityjit-win32'
Mono config path = 'C:/Program Files/Unity/Hub/Editor/6000.6.0f1/Editor/Data/MonoBleedingEdge/etc'
Using monoOptions --debugger-agent=transport=dt_socket,embedding=1,server=y,suspend=n,address=127.0.0.1:56728
CodeReloadManager initialized
Begin MonoManager ReloadAssembly
Registering precompiled unity dll's ...
Register platform support module: C:/Program Files/Unity/Hub/Editor/6000.6.0f1/Editor/Data/PlaybackEngines/WebGLSupport/UnityEditor.WebGL.Extensions.dll
Register platform support module: C:/Program Files/Unity/Hub/Editor/6000.6.0f1/Editor/Data/PlaybackEngines/WindowsStandaloneSupport/UnityEditor.WindowsStandalone.Extensions.dll
Registered in 0.002801 seconds.
Native extension for WindowsStandalone target not found
Native extension for WebGL target not found
Package Manager log level set to [2]
[Package Manager] Failed to launch server process. Reason: Unity was launched with the -noUpm command-line argument
[Package Manager] Unable to send message (not connected to server process).
[Package Manager] Cannot connect to Unity Package Manager local server
ScheduleIndexationOnStartup MainProcess:False IndexOnStartup:True
Scripting: successfully reloaded assembly
- Finished resetting the current domain, in  0.804 seconds
Domain Reload Profiling: 1743ms
	BeginReloadAssembly (219ms)
	RebuildCommonClasses (9ms)
	RebuildNativeTypeToScriptingClass (32ms)
	initialDomainReloadingComplete (109ms)
	LoadAllAssembliesAndSetupDomain (568ms)
		LoadAssemblies (216ms)
		TypeCache.Refresh (383ms)
			TypeCache.ScanAssembly (360ms)
		AnalyzeDomain (1ms)
	FinalizeReload (806ms)
		SetupLoadedEditorAssemblies (0ms)
			InitializePlatformSupportModulesInManaged (4ms)
			BeforeProcessingInitializeOnLoad (191ms)
			ProcessInitializeOnLoadAttributes (171ms)
			ProcessInitializeOnLoadMethodAttributes (266ms)
Initializing Unity extensions:
[Licensing::Client] Successfully resolved entitlement details
[Licensing::Module] License group:
  Id: 7972619309565-UnityPersXXXX
  Product: Unity Personal
  Type: Assigned
  Expiration: Unlimited
========================================================================
Worker process is ready to serve import requests
Import Worker Mode flag is 0x00
Begin MonoManager ReloadAssembly
'Packages/com.unity.render-pipelines.core/Editor/Deprecated.cs' contains partial class of Unity.Object, exactly 1 of the partial classes needs to be in a file with the same filename. This is to know the one that can be referenced from ie. GameObjects
'Packages/com.unity.render-pipelines.core/Editor/Deprecated.cs' contains partial class of Unity.Object, exactly 1 of the partial classes needs to be in a file with the same filename. This is to know the one that can be referenced from ie. GameObjects
Refreshing native plugins compatible for Editor in 2.63 ms, found 5 plugins.
Native extension for WindowsStandalone target not found
Native extension for WebGL target not found
[Package Manager] Failed to launch server process. Reason: Unity was launched with the -noUpm command-line argument
[Package Manager] Unable to send message (not connected to server process).
[Package Manager] Cannot connect to Unity Package Manager local server
[Package Manager] Failed to launch server process. Reason: Unity was launched with the -noUpm command-line argument
[Package Manager] Unable to send message (not connected to server process).
[Package Manager] Cannot connect to Unity Package Manager local server
ScheduleIndexationOnStartup MainProcess:False IndexOnStartup:True
Scripting: successfully reloaded assembly
- Finished resetting the current domain, in  1.500 seconds
Domain Reload Profiling: 3176ms
	BeginReloadAssembly (382ms)
		DisableScriptedObjects (14ms)
		CreateAndSetChildDomain (50ms)
	RebuildCommonClasses (15ms)
	RebuildNativeTypeToScriptingClass (33ms)
	initialDomainReloadingComplete (100ms)
	LoadAllAssembliesAndSetupDomain (1144ms)
		LoadAssemblies (576ms)
		TypeCache.Refresh (330ms)
			TypeCache.ScanAssembly (304ms)
		AnalyzeDomain (159ms)
			BuildScriptInfoCaches (148ms)
			ResolveRequiredComponents (9ms)
	FinalizeReload (1501ms)
		SetupLoadedEditorAssemblies (0ms)
			LogAssemblyErrors (3ms)
			InitializePlatformSupportModulesInManaged (3ms)
			BeforeProcessingInitializeOnLoad (214ms)
			ProcessInitializeOnLoadAttributes (547ms)
			ProcessInitializeOnLoadMethodAttributes (365ms)
			AfterProcessingInitializeOnLoad (8ms)
		AwakeInstancesAfterBackupRestoration (14ms)
AcceleratorClientConnectionCallback - disconnected - :0
Launched and connected shader compiler UnityShaderCompiler.exe after 0.01 seconds
Refreshing native plugins compatible for Editor in 2.65 ms, found 5 plugins.
Unloading 24 Unused Serialized files (Serialized files now loaded: 0)
Unloading 7510 unused Assets / (5.9 MB). Loaded Objects now: 8477.
Memory consumption went from 364.6 MB to 358.8 MB.
Total: 8.711400 ms (FindLiveObjects: 0.651200 ms CreateObjectMapping: 0.315300 ms MarkObjects: 5.681100 ms  DeleteObjects: 1.742500 ms)

========================================================================
Received Import Request.
  Time of request: 2026-09-18T17:31:50.9860095Z
  Time since last request: 14945.77224170000045 seconds.
  importAddress: GUID: 9dfc825aed78fcd4ba02077103263b40 - Path: Packages/com.unity.render-pipelines.universal/Runtime/Materials/Sprite-Unlit-Default.mat - Importer: ScriptedImporter/UnityEditor.QuickSearchModule:UnityEditor.Search:ASIAI0B
Importing 'GUID: 9dfc825aed78fcd4ba02077103263b40 - Path: Packages/com.unity.render-pipelines.universal/Runtime/Materials/Sprite-Unlit-Default.mat - Importer: ScriptedImporter/UnityEditor.QuickSearchModule:UnityEditor.Search:ASIAI0B' with importer (ScriptedImporter : UnityEditor.QuickSearchModule:UnityEditor.Search:ASIAI0B)
Imported 'GUID: 9dfc825aed78fcd4ba02077103263b40' -> (Import Result ID: 'fbd9c4e28f48956393e8393016f33f7d') in 0.143 seconds [static and dynamic dependencies]. Details - ImportResultOutputID=39a7287a97b73f34c1363be6b8678d72 DependenciesID=bee8516c28556f19bfc85f5115e596a6 StaticDependenciesID=afa2b7dc440e09df9a48be0e94ccf9d0 
Number of updated asset objects reloaded before import = 0
Number of asset objects unloaded after import = 1
========================================================================
Received Import Request.
  Time of request: 2026-09-18T17:31:51.1525757Z
  Time since last request: 0.0001153 seconds.
  importAddress: GUID: e28016542c8e4854a545aa24a49c882e - Path: Packages/com.unity.render-pipelines.universal/Runtime/FrameData/UniversalCameraData.cs - Importer: ScriptedImporter/UnityEditor.QuickSearchModule:UnityEditor.Search:ASIAI0B
Importing 'GUID: e28016542c8e4854a545aa24a49c882e - Path: Packages/com.unity.render-pipelines.universal/Runtime/FrameData/UniversalCameraData.cs - Importer: ScriptedImporter/UnityEditor.QuickSearchModule:UnityEditor.Search:ASIAI0B' with importer (ScriptedImporter : UnityEditor.QuickSearchModule:UnityEditor.Search:ASIAI0B)
Imported 'GUID: e28016542c8e4854a545aa24a49c882e' -> (Import Result ID: '5e3bb671e14efa948b73fa20cc3738dd') in 0.015 seconds [static and dynamic dependencies]. Details - ImportResultOutputID=5be39540b672fbdb4ea45c7845c937f5 DependenciesID=8c3b78d87249bcb458097323602b66c6 StaticDependenciesID=906d330e695a00592b64a695286d5de5 
Number of updated asset objects reloaded before import = 0
Number of asset objects unloaded after import = 0
========================================================================
Received Import Request.
  Time of request: 2026-09-18T17:31:51.1882645Z
  Time since last request: 0.000293 seconds.
  importAddress: GUID: 9eac74bd55c9f7248a432b8e8725366c - Path: Packages/com.unity.render-pipelines.universal/Runtime/History/StpHistory.cs - Importer: ScriptedImporter/UnityEditor.QuickSearchModule:UnityEditor.Search:ASIAI0B
Importing 'GUID: 9eac74bd55c9f7248a432b8e8725366c - Path: Packages/com.unity.render-pipelines.universal/Runtime/History/StpHistory.cs - Importer: ScriptedImporter/UnityEditor.QuickSearchModule:UnityEditor.Search:ASIAI0B' with importer (ScriptedImporter : UnityEditor.QuickSearchModule:UnityEditor.Search:ASIAI0B)
Imported 'GUID: 9eac74bd55c9f7248a432b8e8725366c' -> (Import Result ID: 'bf3ac2b5cf45b588c8293169611d3801') in 0.003 seconds [static and dynamic dependencies]. Details - ImportResultOutputID=e7c5d75065f76c25cd771822dd37d73e DependenciesID=6c3a90fddbad578bfd8de63033cabc65 StaticDependenciesID=92f993005bff03c0225ba62ce54b2ad9 
Number of updated asset objects reloaded before import = 0
Number of asset objects unloaded after import = 0
========================================================================
Received Import Request.
  Time of request: 2026-09-18T17:31:51.2101217Z
  Time since last request: 0.0002867 seconds.
  importAddress: GUID: c64a6e813af443b4864441f640dd1c9f - Path: Packages/com.unity.render-pipelines.universal/Runtime/2D/Renderer2DDataAuthoring.cs - Importer: ScriptedImporter/UnityEditor.QuickSearchModule:UnityEditor.Search:ASIAI0B
Importing 'GUID: c64a6e813af443b4864441f640dd1c9f - Path: Packages/com.unity.render-pipelines.universal/Runtime/2D/Renderer2DDataAuthoring.cs - Importer: ScriptedImporter/UnityEditor.QuickSearchModule:UnityEditor.Search:ASIAI0B' with importer (ScriptedImporter : UnityEditor.QuickSearchModule:UnityEditor.Search:ASIAI0B)
Imported 'GUID: c64a6e813af443b4864441f640dd1c9f' -> (Import Result ID: 'c991e4237a4afce55afbf9abb204b6ba') in 0.002 seconds [static and dynamic dependencies]. Details - ImportResultOutputID=9213d3dac2bca6d0a86da0988c1ca964 DependenciesID=8d79763e841078464894cda1290ec1a4 StaticDependenciesID=f1b00596a72b820c3723114150d581cc 
Number of updated asset objects reloaded before import = 0
Number of asset objects unloaded after import = 0
========================================================================
Received Import Request.
  Time of request: 2026-09-18T17:31:51.2318517Z
  Time since last request: 0.0003136 seconds.
  importAddress: GUID: 89bc0329853842ae999d6f86829fc126 - Path: Packages/com.unity.render-pipelines.universal/Runtime/Debug/DebugDisplaySettingsCommon.cs - Importer: ScriptedImporter/UnityEditor.QuickSearchModule:UnityEditor.Search:ASIAI0B
Importing 'GUID: 89bc0329853842ae999d6f86829fc126 - Path: Packages/com.unity.render-pipelines.universal/Runtime/Debug/DebugDisplaySettingsCommon.cs - Importer: ScriptedImporter/UnityEditor.QuickSearchModule:UnityEditor.Search:ASIAI0B' with importer (ScriptedImporter : UnityEditor.QuickSearchModule:UnityEditor.Search:ASIAI0B)
Imported 'GUID: 89bc0329853842ae999d6f86829fc126' -> (Import Result ID: '92e4a46194dcccaaba5abd59b9ebf960') in 0.003 seconds [static and dynamic dependencies]. Details - ImportResultOutputID=29d4439c09decbe5b8e318dd195fd020 DependenciesID=71727d78943c9dea757841da6071687b StaticDependenciesID=2ae07d7ba3088f35e22698b041c73caf 
Number of updated asset objects reloaded before import = 0
Number of asset objects unloaded after import = 0
========================================================================
Received Import Request.
  Time of request: 2026-09-18T17:31:51.2538151Z
  Time since last request: 0.0001318 seconds.
  importAddress: GUID: 41439944d30ece34e96484bdb6645b55 - Path: Packages/com.unity.render-pipelines.universal/Runtime/Data/PostProcessData.asset - Importer: ScriptedImporter/UnityEditor.QuickSearchModule:UnityEditor.Search:ASIAI0B
Importing 'GUID: 41439944d30ece34e96484bdb6645b55 - Path: Packages/com.unity.render-pipelines.universal/Runtime/Data/PostProcessData.asset - Importer: ScriptedImporter/UnityEditor.QuickSearchModule:UnityEditor.Search:ASIAI0B' with importer (ScriptedImporter : UnityEditor.QuickSearchModule:UnityEditor.Search:ASIAI0B)
Imported 'GUID: 41439944d30ece34e96484bdb6645b55' -> (Import Result ID: 'a6138f3e2dd82827dea4acb305a0ea7f') in 0.032 seconds [static and dynamic dependencies]. Details - ImportResultOutputID=41a02e052510a98f6cc5553048ca794a DependenciesID=72d5db361de7d248aee25b914eaff1e1 StaticDependenciesID=4598d6548bb15fea34913ede7a4aa200 
Number of updated asset objects reloaded before import = 0
Number of asset objects unloaded after import = 1
========================================================================
Received Import Request.
  Time of request: 2026-09-18T17:31:51.3273724Z
  Time since last request: 0.0239533 seconds.
  importAddress: GUID: 6dfa2b31659ab4047b6bc33be7d8f07e - Path: Packages/com.unity.render-pipelines.universal/Runtime/Passes/DepthNormalOnlyPass.cs - Importer: ScriptedImporter/UnityEditor.QuickSearchModule:UnityEditor.Search:ASIAI0B
Importing 'GUID: 6dfa2b31659ab4047b6bc33be7d8f07e - Path: Packages/com.unity.render-pipelines.universal/Runtime/Passes/DepthNormalOnlyPass.cs - Importer: ScriptedImporter/UnityEditor.QuickSearchModule:UnityEditor.Search:ASIAI0B' with importer (ScriptedImporter : UnityEditor.QuickSearchModule:UnityEditor.Search:ASIAI0B)
Imported 'GUID: 6dfa2b31659ab4047b6bc33be7d8f07e' -> (Import Result ID: '6202e125b175c8d7b4ff65f10da54436') in 0.003 seconds [static and dynamic dependencies]. Details - ImportResultOutputID=6c0f89402859cb23b94f0773b86fec6a DependenciesID=acf865f1e9d099fd017e6870458c46ac StaticDependenciesID=6a0a75f2c6609979f353cb98dba2ca37 
Number of updated asset objects reloaded before import = 0
Number of asset objects unloaded after import = 0
========================================================================
Received Import Request.
  Time of request: 2026-09-18T17:31:51.3494362Z
  Time since last request: 0.0003064 seconds.
  importAddress: GUID: 43a7ba8bc4aba4c199e05fe79d3f9bee - Path: Packages/com.unity.render-pipelines.universal/Runtime/RendererFeatures/DisallowMultipleRendererFeature.cs - Importer: ScriptedImporter/UnityEditor.QuickSearchModule:UnityEditor.Search:ASIAI0B
Importing 'GUID: 43a7ba8bc4aba4c199e05fe79d3f9bee - Path: Packages/com.unity.render-pipelines.universal/Runtime/RendererFeatures/DisallowMultipleRendererFeature.cs - Importer: ScriptedImporter/UnityEditor.QuickSearchModule:UnityEditor.Search:ASIAI0B' with importer (ScriptedImporter : UnityEditor.QuickSearchModule:UnityEditor.Search:ASIAI0B)
Imported 'GUID: 43a7ba8bc4aba4c199e05fe79d3f9bee' -> (Import Result ID: '8cc13425bddb717e12184b6d6b31de78') in 0.003 seconds [static and dynamic dependencies]. Details - ImportResultOutputID=340a94a33ef6f7bd89622459e4991772 DependenciesID=a988d705061212bc8d93057e477b44ec StaticDependenciesID=6d7a907bd7c2e8b85c53618cf0bf5a06 
Number of updated asset objects reloaded before import = 0
Number of asset objects unloaded after import = 0
========================================================================
Received Import Request.
  Time of request: 2026-09-18T17:31:51.3723146Z
  Time since last request: 0.0005371 seconds.
  importAddress: GUID: a834bac5135fab746bc234ec665972de - Path: Packages/com.unity.render-pipelines.universal/Runtime/Passes/DrawScreenSpaceUIPass.cs - Importer: ScriptedImporter/UnityEditor.QuickSearchModule:UnityEditor.Search:ASIAI0B
Importing 'GUID: a834bac5135fab746bc234ec665972de - Path: Packages/com.unity.render-pipelines.universal/Runtime/Passes/DrawScreenSpaceUIPass.cs - Importer: ScriptedImporter/UnityEditor.QuickSearchModule:UnityEditor.Search:ASIAI0B' with importer (ScriptedImporter : UnityEditor.QuickSearchModule:UnityEditor.Search:ASIAI0B)
Imported 'GUID: a834bac5135fab746bc234ec665972de' -> (Import Result ID: '1eb3a2530d6a4cc6b141c8a63ad18904') in 0.003 seconds [static and dynamic dependencies]. Details - ImportResultOutputID=26ce22de06b3405c4f57fd33719eee23 DependenciesID=32b5930b792f6cf122667e9db234e299 StaticDependenciesID=a61043eac259a25b4a38c27110edf8f6 
Number of updated asset objects reloaded before import = 0
Number of asset objects unloaded after import = 0
========================================================================
Received Import Request.
  Time of request: 2026-09-18T17:31:51.3967786Z
  Time since last request: 0.000507 seconds.
  importAddress: GUID: 6fa1a543f4721444d94e0b3200fa22a8 - Path: Packages/com.unity.render-pipelines.universal/Runtime/Passes/AdditionalLightsShadowAtlasLayout.cs - Importer: ScriptedImporter/UnityEditor.QuickSearchModule:UnityEditor.Search:ASIAI0B
Importing 'GUID: 6fa1a543f4721444d94e0b3200fa22a8 - Path: Packages/com.unity.render-pipelines.universal/Runtime/Passes/AdditionalLightsShadowAtlasLayout.cs - Importer: ScriptedImporter/UnityEditor.QuickSearchModule:UnityEditor.Search:ASIAI0B' with importer (ScriptedImporter : UnityEditor.QuickSearchModule:UnityEditor.Search:ASIAI0B)
Imported 'GUID: 6fa1a543f4721444d94e0b3200fa22a8' -> (Import Result ID: 'b9912ab8247c4e3c195e90cbb5b0e1f0') in 0.003 seconds [static and dynamic dependencies]. Details - ImportResultOutputID=963e658644edfdecfcd7b7d1a1fb4759 DependenciesID=26ef6d8a3a99957584604561c35ce96e StaticDependenciesID=744c550a538dcb77fb39670591f1d97c 
Number of updated asset objects reloaded before import = 0
Number of asset objects unloaded after import = 0
========================================================================
Received Import Request.
  Time of request: 2026-09-18T17:31:51.4190439Z
  Time since last request: 0.0003173 seconds.
  importAddress: GUID: fc46a25201ce7e743bfdca7d07707357 - Path: Packages/com.unity.render-pipelines.universal/Runtime/Passes/XROcclusionMeshPass.cs - Importer: ScriptedImporter/UnityEditor.QuickSearchModule:UnityEditor.Search:ASIAI0B
Importing 'GUID: fc46a25201ce7e743bfdca7d07707357 - Path: Packages/com.unity.render-pipelines.universal/Runtime/Passes/XROcclusionMeshPass.cs - Importer: ScriptedImporter/UnityEditor.QuickSearchModule:UnityEditor.Search:ASIAI0B' with importer (ScriptedImporter : UnityEditor.QuickSearchModule:UnityEditor.Search:ASIAI0B)
Imported 'GUID: fc46a25201ce7e743bfdca7d07707357' -> (Import Result ID: '547f7f26a3259e41073e3fa368543d47') in 0.003 seconds [static and dynamic dependencies]. Details - ImportResultOutputID=3e44895187ef361edf5903ba1b21e95d DependenciesID=2a1bb265f061946e6f752a79b366c503 StaticDependenciesID=ec838207f0032c345e97593e7721d60f 
Number of updated asset objects reloaded before import = 0
Number of asset objects unloaded after import = 0
========================================================================
Received Import Request.
  Time of request: 2026-09-18T17:31:51.4409047Z
  Time since last request: 0.000293 seconds.
  importAddress: GUID: fe4f13c1004a07d4ea1e30bfd0326d9e - Path: Packages/com.unity.render-pipelines.universal/Runtime/RendererFeatures/OnTileUberPost.shader - Importer: ScriptedImporter/UnityEditor.QuickSearchModule:UnityEditor.Search:ASIAI0B
Importing 'GUID: fe4f13c1004a07d4ea1e30bfd0326d9e - Path: Packages/com.unity.render-pipelines.universal/Runtime/RendererFeatures/OnTileUberPost.shader - Importer: ScriptedImporter/UnityEditor.QuickSearchModule:UnityEditor.Search:ASIAI0B' with importer (ScriptedImporter : UnityEditor.QuickSearchModule:UnityEditor.Search:ASIAI0B)
Imported 'GUID: fe4f13c1004a07d4ea1e30bfd0326d9e' -> (Import Result ID: '537908ceb70353f9e37beb4291c18786') in 0.008 seconds [static and dynamic dependencies]. Details - ImportResultOutputID=26769a7d6441acf2b30ed0aa7752306d DependenciesID=9895e307b63113a44f7420f74ad2b350 StaticDependenciesID=d9b041ffeb8dd4b62d4c5f2688e55707 
Number of updated asset objects reloaded before import = 0
Number of asset objects unloaded after import = 1
========================================================================
Received Import Request.
  Time of request: 2026-09-18T17:31:51.4686449Z
  Time since last request: 0.0003424 seconds.
  importAddress: GUID: 5485954d14dfb9a4c8ead8edb0ded5b1 - Path: Packages/com.unity.render-pipelines.universal/Runtime/Overrides/LiftGammaGain.cs - Importer: ScriptedImporter/UnityEditor.QuickSearchModule:UnityEditor.Search:ASIAI0B
Importing 'GUID: 5485954d14dfb9a4c8ead8edb0ded5b1 - Path: Packages/com.unity.render-pipelines.universal/Runtime/Overrides/LiftGammaGain.cs - Importer: ScriptedImporter/UnityEditor.QuickSearchModule:UnityEditor.Search:ASIAI0B' with importer (ScriptedImporter : UnityEditor.QuickSearchModule:UnityEditor.Search:ASIAI0B)
Imported 'GUID: 5485954d14dfb9a4c8ead8edb0ded5b1' -> (Import Result ID: 'c8f326024375362178ce0bac616f2a22') in 0.006 seconds [static and dynamic dependencies]. Details - ImportResultOutputID=18dea95944bb494221f9f62d552d1fee DependenciesID=dedb48acf9c146cadbb2a845bdb0f7db StaticDependenciesID=c293c2a4f183666acabbb609be32ad1e 
Number of updated asset objects reloaded before import = 0
Number of asset objects unloaded after import = 0
========================================================================
Received Import Request.
  Time of request: 2026-09-18T17:31:51.4944598Z
  Time since last request: 0.0004212 seconds.
  importAddress: GUID: 6d613f08f173d4dd895bb07b3230baa9 - Path: Packages/com.unity.render-pipelines.universal/Runtime/RendererFeatures/FullScreenPassRendererFeature_OldGUID.cs - Importer: ScriptedImporter/UnityEditor.QuickSearchModule:UnityEditor.Search:ASIAI0B
Importing 'GUID: 6d613f08f173d4dd895bb07b3230baa9 - Path: Packages/com.unity.render-pipelines.universal/Runtime/RendererFeatures/FullScreenPassRendererFeature_OldGUID.cs - Importer: ScriptedImporter/UnityEditor.QuickSearchModule:UnityEditor.Search:ASIAI0B' with importer (ScriptedImporter : UnityEditor.QuickSearchModule:UnityEditor.Search:ASIAI0B)
Imported 'GUID: 6d613f08f173d4dd895bb07b3230baa9' -> (Import Result ID: 'a8439410442aacb680f0be8ab0a799dc') in 0.003 seconds [static and dynamic dependencies]. Details - ImportResultOutputID=eec1f4ada04bcd7d7efcef16b500adfb DependenciesID=8878eaafdcb451936acd4fc331ed218c StaticDependenciesID=113d09a0c2c475cd397334f22d4b9770 
Number of updated asset objects reloaded before import = 0
Number of asset objects unloaded after import = 0
========================================================================
Received Import Request.
  Time of request: 2026-09-18T17:31:51.5186605Z
  Time since last request: 0.000315 seconds.
  importAddress: GUID: ccf1aba9553839d41ae37dd52e9ebcce - Path: Packages/com.unity.render-pipelines.universal/Runtime/Overrides/MotionBlur.cs - Importer: ScriptedImporter/UnityEditor.QuickSearchModule:UnityEditor.Search:ASIAI0B
Importing 'GUID: ccf1aba9553839d41ae37dd52e9ebcce - Path: Packages/com.unity.render-pipelines.universal/Runtime/Overrides/MotionBlur.cs - Importer: ScriptedImporter/UnityEditor.QuickSearchModule:UnityEditor.Search:ASIAI0B' with importer (ScriptedImporter : UnityEditor.QuickSearchModule:UnityEditor.Search:ASIAI0B)
Imported 'GUID: ccf1aba9553839d41ae37dd52e9ebcce' -> (Import Result ID: '052a80cc3e0245957ea680fbb310f248') in 0.002 seconds [static and dynamic dependencies]. Details - ImportResultOutputID=f22f49969ac5af92c7ea204ae18e3d0a DependenciesID=94184450448c277ca492aad8fb1313fb StaticDependenciesID=6c0464c9706f5928a3f8b33d2e0d2282 
Number of updated asset objects reloaded before import = 0
Number of asset objects unloaded after import = 0
========================================================================
Received Import Request.
  Time of request: 2026-09-18T17:31:51.5401397Z
  Time since last request: 0.0002511 seconds.
  importAddress: GUID: 66f335fb1ffd8684294ad653bf1c7564 - Path: Packages/com.unity.render-pipelines.universal/Runtime/Overrides/ColorAdjustments.cs - Importer: ScriptedImporter/UnityEditor.QuickSearchModule:UnityEditor.Search:ASIAI0B
Importing 'GUID: 66f335fb1ffd8684294ad653bf1c7564 - Path: Packages/com.unity.render-pipelines.universal/Runtime/Overrides/ColorAdjustments.cs - Importer: ScriptedImporter/UnityEditor.QuickSearchModule:UnityEditor.Search:ASIAI0B' with importer (ScriptedImporter : UnityEditor.QuickSearchModule:UnityEditor.Search:ASIAI0B)
Imported 'GUID: 66f335fb1ffd8684294ad653bf1c7564' -> (Import Result ID: '810dac104df7515288663b546fba91df') in 0.002 seconds [static and dynamic dependencies]. Details - ImportResultOutputID=512a50d98e4e61e524663cb046128bcc DependenciesID=52674a710cb4b32f832f14a984f22ce9 StaticDependenciesID=d6befae9d6805a498282347fbe55d71d 
Number of updated asset objects reloaded before import = 0
Number of asset objects unloaded after import = 0
========================================================================
Received Import Request.
  Time of request: 2026-09-18T17:31:51.5620943Z
  Time since last request: 0.0002929 seconds.
  importAddress: GUID: cdfbdbb87d3286943a057f7791b43141 - Path: Packages/com.unity.render-pipelines.universal/Runtime/Overrides/ChannelMixer.cs - Importer: ScriptedImporter/UnityEditor.QuickSearchModule:UnityEditor.Search:ASIAI0B
Importing 'GUID: cdfbdbb87d3286943a057f7791b43141 - Path: Packages/com.unity.render-pipelines.universal/Runtime/Overrides/ChannelMixer.cs - Importer: ScriptedImporter/UnityEditor.QuickSearchModule:UnityEditor.Search:ASIAI0B' with importer (ScriptedImporter : UnityEditor.QuickSearchModule:UnityEditor.Search:ASIAI0B)
Imported 'GUID: cdfbdbb87d3286943a057f7791b43141' -> (Import Result ID: '4b6b06ec9e425a9e2f77b94931d539f1') in 0.002 seconds [static and dynamic dependencies]. Details - ImportResultOutputID=fe431f0706e7d02841bf51fe6ab99114 DependenciesID=6b07cee1d6ebf47a02c04203c4638ba2 StaticDependenciesID=2c3dd44707193daac14cd073cce1a018 
Number of updated asset objects reloaded before import = 0
Number of asset objects unloaded after import = 0
========================================================================
Received Import Request.
  Time of request: 2026-09-18T17:31:51.5838915Z
  Time since last request: 0.0002989 seconds.
  importAddress: GUID: c5e1dc532bcb41949b58bc4f2abfbb7e - Path: Packages/com.unity.render-pipelines.universal/Runtime/Overrides/LensDistortion.cs - Importer: ScriptedImporter/UnityEditor.QuickSearchModule:UnityEditor.Search:ASIAI0B
Importing 'GUID: c5e1dc532bcb41949b58bc4f2abfbb7e - Path: Packages/com.unity.render-pipelines.universal/Runtime/Overrides/LensDistortion.cs - Importer: ScriptedImporter/UnityEditor.QuickSearchModule:UnityEditor.Search:ASIAI0B' with importer (ScriptedImporter : UnityEditor.QuickSearchModule:UnityEditor.Search:ASIAI0B)
Imported 'GUID: c5e1dc532bcb41949b58bc4f2abfbb7e' -> (Import Result ID: '5594232c82804558d03ad924a469cf1e') in 0.003 seconds [static and dynamic dependencies]. Details - ImportResultOutputID=aae1c71e7742d13c32c56189d98c40fb DependenciesID=f85d3f553956993416c422508958fc7c StaticDependenciesID=2bdb9960ec944d5cb5dd6dee0df7160d 
Number of updated asset objects reloaded before import = 0
Number of asset objects unloaded after import = 0
========================================================================
Received Import Request.
  Time of request: 2026-09-18T17:31:51.6066405Z
  Time since last request: 0.0002627 seconds.
  importAddress: GUID: 97c23e3b12dc18c42a140437e53d3951 - Path: Packages/com.unity.render-pipelines.universal/Runtime/Overrides/Tonemapping.cs - Importer: ScriptedImporter/UnityEditor.QuickSearchModule:UnityEditor.Search:ASIAI0B
Importing 'GUID: 97c23e3b12dc18c42a140437e53d3951 - Path: Packages/com.unity.render-pipelines.universal/Runtime/Overrides/Tonemapping.cs - Importer: ScriptedImporter/UnityEditor.QuickSearchModule:UnityEditor.Search:ASIAI0B' with importer (ScriptedImporter : UnityEditor.QuickSearchModule:UnityEditor.Search:ASIAI0B)
Imported 'GUID: 97c23e3b12dc18c42a140437e53d3951' -> (Import Result ID: '8ed3c8af7fdaa7972e838f4d5642eb64') in 0.003 seconds [static and dynamic dependencies]. Details - ImportResultOutputID=4f51a6c1eba81c8d57ce3816023dbdda DependenciesID=9cb6b8ddcf41b17398d1d231d97a7958 StaticDependenciesID=5d92764742c0f6a8e1c12ec63dcacf37 
Number of updated asset objects reloaded before import = 0
Number of asset objects unloaded after import = 0
========================================================================
Received Import Request.
  Time of request: 2026-09-18T17:31:51.6285214Z
  Time since last request: 0.0003083 seconds.
  importAddress: GUID: 0f5a9bd148c9a4a3198fdd2365b6e514 - Path: Packages/com.unity.render-pipelines.universal/Runtime/Passes/CapturePass.cs - Importer: ScriptedImporter/UnityEditor.QuickSearchModule:UnityEditor.Search:ASIAI0B
Importing 'GUID: 0f5a9bd148c9a4a3198fdd2365b6e514 - Path: Packages/com.unity.render-pipelines.universal/Runtime/Passes/CapturePass.cs - Importer: ScriptedImporter/UnityEditor.QuickSearchModule:UnityEditor.Search:ASIAI0B' with importer (ScriptedImporter : UnityEditor.QuickSearchModule:UnityEditor.Search:ASIAI0B)
Imported 'GUID: 0f5a9bd148c9a4a3198fdd2365b6e514' -> (Import Result ID: 'fb4817b6e2110a285da174573e6bd403') in 0.002 seconds [static and dynamic dependencies]. Details - ImportResultOutputID=7ef30cf771f0684faf23392fb0850e5b DependenciesID=820fb60b81c0aa695a9f20c1aaa4f3bb StaticDependenciesID=107cdc6dfc6fc0a2cf7f6b11ca0de074 
Number of updated asset objects reloaded before import = 0
Number of asset objects unloaded after import = 0
========================================================================
Received Import Request.
  Time of request: 2026-09-18T17:31:51.6510731Z
  Time since last request: 0.000405 seconds.
  importAddress: GUID: d2138a73081d8c34d901cf7a321f1099 - Path: Packages/com.unity.render-pipelines.universal/Runtime/Passes/DrawObjectsPass.cs - Importer: ScriptedImporter/UnityEditor.QuickSearchModule:UnityEditor.Search:ASIAI0B
Importing 'GUID: d2138a73081d8c34d901cf7a321f1099 - Path: Packages/com.unity.render-pipelines.universal/Runtime/Passes/DrawObjectsPass.cs - Importer: ScriptedImporter/UnityEditor.QuickSearchModule:UnityEditor.Search:ASIAI0B' with importer (ScriptedImporter : UnityEditor.QuickSearchModule:UnityEditor.Search:ASIAI0B)
Imported 'GUID: d2138a73081d8c34d901cf7a321f1099' -> (Import Result ID: '83a202b05f352beda730282457113969') in 0.002 seconds [static and dynamic dependencies]. Details - ImportResultOutputID=5b7f46753c3b409a176d94ae05ce4627 DependenciesID=f2fdde4ca95297664be7768173abaf2b StaticDependenciesID=1c0c628a38cf59593dad8a0300532049 
Number of updated asset objects reloaded before import = 0
Number of asset objects unloaded after import = 0
========================================================================
Received Import Request.
  Time of request: 2026-09-18T17:31:51.6728945Z
  Time since last request: 0.0002181 seconds.
  importAddress: GUID: 10e31bb2e2b26314bb6132009378847c - Path: Packages/com.unity.render-pipelines.universal/Runtime/Passes/GBufferPass.cs - Importer: ScriptedImporter/UnityEditor.QuickSearchModule:UnityEditor.Search:ASIAI0B
Importing 'GUID: 10e31bb2e2b26314bb6132009378847c - Path: Packages/com.unity.render-pipelines.universal/Runtime/Passes/GBufferPass.cs - Importer: ScriptedImporter/UnityEditor.QuickSearchModule:UnityEditor.Search:ASIAI0B' with importer (ScriptedImporter : UnityEditor.QuickSearchModule:UnityEditor.Search:ASIAI0B)
Imported 'GUID: 10e31bb2e2b26314bb6132009378847c' -> (Import Result ID: '4ca09d6ec633e504dc3a2c4919e578a9') in 0.002 seconds [static and dynamic dependencies]. Details - ImportResultOutputID=e444efeb8f1366b6298f8231b9e41b94 DependenciesID=78786a34112d5da7d890b86323a8599f StaticDependenciesID=51bf9e2a1412498ce60303c41985d927 
Number of updated asset objects reloaded before import = 0
Number of asset objects unloaded after import = 0
========================================================================
Received Import Request.
  Time of request: 2026-09-18T17:31:51.6942722Z
  Time since last request: 0.0003069 seconds.
  importAddress: GUID: fb60a22f311433c4c962b888d1393f88 - Path: Packages/com.unity.render-pipelines.universal/Runtime/Overrides/PaniniProjection.cs - Importer: ScriptedImporter/UnityEditor.QuickSearchModule:UnityEditor.Search:ASIAI0B
Importing 'GUID: fb60a22f311433c4c962b888d1393f88 - Path: Packages/com.unity.render-pipelines.universal/Runtime/Overrides/PaniniProjection.cs - Importer: ScriptedImporter/UnityEditor.QuickSearchModule:UnityEditor.Search:ASIAI0B' with importer (ScriptedImporter : UnityEditor.QuickSearchModule:UnityEditor.Search:ASIAI0B)
Imported 'GUID: fb60a22f311433c4c962b888d1393f88' -> (Import Result ID: '6b20d510280372b1c94739fd890cd1b0') in 0.002 seconds [static and dynamic dependencies]. Details - ImportResultOutputID=10b51dbf7aecbf5d50ea7bb0bf776b6f DependenciesID=5ca4622848999652248fd4c6f7984ddb StaticDependenciesID=0f964d2c5ae78b4b834ba2f554393af8 
Number of updated asset objects reloaded before import = 0
Number of asset objects unloaded after import = 0
========================================================================
Received Import Request.
  Time of request: 2026-09-18T17:31:51.7168464Z
  Time since last request: 0.00027 seconds.
  importAddress: GUID: faf05873da6e6fb489aa73a76d780c5a - Path: Packages/com.unity.render-pipelines.universal/Runtime/Passes/TransparentSettingsPass.cs - Importer: ScriptedImporter/UnityEditor.QuickSearchModule:UnityEditor.Search:ASIAI0B
Importing 'GUID: faf05873da6e6fb489aa73a76d780c5a - Path: Packages/com.unity.render-pipelines.universal/Runtime/Passes/TransparentSettingsPass.cs - Importer: ScriptedImporter/UnityEditor.QuickSearchModule:UnityEditor.Search:ASIAI0B' with importer (ScriptedImporter : UnityEditor.QuickSearchModule:UnityEditor.Search:ASIAI0B)
Imported 'GUID: faf05873da6e6fb489aa73a76d780c5a' -> (Import Result ID: 'e3683ea9022994e4bae1d2674ff46bd1') in 0.003 seconds [static and dynamic dependencies]. Details - ImportResultOutputID=284ed1e925aaae1c617425ee9575042f DependenciesID=ef889d0327db28d437ebfbd513450018 StaticDependenciesID=d440209fd521f1de73f2afe300a2fbd3 
Number of updated asset objects reloaded before import = 0
Number of asset objects unloaded after import = 0
========================================================================
Received Import Request.
  Time of request: 2026-09-18T17:31:51.7382446Z
  Time since last request: 0.0002865 seconds.
  importAddress: GUID: 2b327960b30da614ca5f44f2fef0137a - Path: Packages/com.unity.render-pipelines.universal/Runtime/Passes/DepthOnlyPass.cs - Importer: ScriptedImporter/UnityEditor.QuickSearchModule:UnityEditor.Search:ASIAI0B
Importing 'GUID: 2b327960b30da614ca5f44f2fef0137a - Path: Packages/com.unity.render-pipelines.universal/Runtime/Passes/DepthOnlyPass.cs - Importer: ScriptedImporter/UnityEditor.QuickSearchModule:UnityEditor.Search:ASIAI0B' with importer (ScriptedImporter : UnityEditor.QuickSearchModule:UnityEditor.Search:ASIAI0B)
Imported 'GUID: 2b327960b30da614ca5f44f2fef0137a' -> (Import Result ID: '88550f5524ea4e275e329cec0ca841f8') in 0.003 seconds [static and dynamic dependencies]. Details - ImportResultOutputID=01f0c26508ff06901c45006cb697468a DependenciesID=f8382574ad1421de68b23710dde2ca31 StaticDependenciesID=f2545be31068e63cf0cc9c8dafe4ac2a 
Number of updated asset objects reloaded before import = 0
Number of asset objects unloaded after import = 0
========================================================================
Received Import Request.
  Time of request: 2026-09-18T17:31:51.7599686Z
  Time since last request: 0.0002933 seconds.
  importAddress: GUID: 3eb4b772797da9440885e8bd939e9560 - Path: Packages/com.unity.render-pipelines.universal/Runtime/Overrides/ColorCurves.cs - Importer: ScriptedImporter/UnityEditor.QuickSearchModule:UnityEditor.Search:ASIAI0B
Importing 'GUID: 3eb4b772797da9440885e8bd939e9560 - Path: Packages/com.unity.render-pipelines.universal/Runtime/Overrides/ColorCurves.cs - Importer: ScriptedImporter/UnityEditor.QuickSearchModule:UnityEditor.Search:ASIAI0B' with importer (ScriptedImporter : UnityEditor.QuickSearchModule:UnityEditor.Search:ASIAI0B)
Imported 'GUID: 3eb4b772797da9440885e8bd939e9560' -> (Import Result ID: '5141431989a6d7299a104945adf18396') in 0.002 seconds [static and dynamic dependencies]. Details - ImportResultOutputID=87ec37d5e719b9a4f6a6373cbf422394 DependenciesID=94b101a23cb577422a6a0245d3010b7c StaticDependenciesID=02ad4a9511b888dbae2a514a4fdbb62a 
Number of updated asset objects reloaded before import = 0
Number of asset objects unloaded after import = 0
========================================================================
Received Import Request.
  Time of request: 2026-09-18T17:31:51.7998809Z
  Time since last request: 0.0183579 seconds.
  importAddress: GUID: c7b4abc88bafe43ecb5380692ea7e4fe - Path: Packages/com.unity.render-pipelines.universal/Runtime/Tiling/TileSize.cs - Importer: ScriptedImporter/UnityEditor.QuickSearchModule:UnityEditor.Search:ASIAI0B
Importing 'GUID: c7b4abc88bafe43ecb5380692ea7e4fe - Path: Packages/com.unity.render-pipelines.universal/Runtime/Tiling/TileSize.cs - Importer: ScriptedImporter/UnityEditor.QuickSearchModule:UnityEditor.Search:ASIAI0B' with importer (ScriptedImporter : UnityEditor.QuickSearchModule:UnityEditor.Search:ASIAI0B)
Imported 'GUID: c7b4abc88bafe43ecb5380692ea7e4fe' -> (Import Result ID: 'a9d6923df3734835b35f07cb7c177e38') in 0.002 seconds [static and dynamic dependencies]. Details - ImportResultOutputID=cd036423b7573035b2d34e7cdbf040bd DependenciesID=7ff6e6d666c1eb24bfce22b3889bbc09 StaticDependenciesID=994b034505226a2d9b560d5fd5b577c8 
Number of updated asset objects reloaded before import = 0
Number of asset objects unloaded after import = 0
========================================================================
Received Import Request.
  Time of request: 2026-09-18T17:31:51.8209055Z
  Time since last request: 0.0002737 seconds.
  importAddress: GUID: 5ec81c81908db34429b4f6ddecadd3bd - Path: Packages/com.unity.render-pipelines.universal/Shaders/Nature/SpeedTree7Billboard.shader - Importer: ScriptedImporter/UnityEditor.QuickSearchModule:UnityEditor.Search:ASIAI0B
Importing 'GUID: 5ec81c81908db34429b4f6ddecadd3bd - Path: Packages/com.unity.render-pipelines.universal/Shaders/Nature/SpeedTree7Billboard.shader - Importer: ScriptedImporter/UnityEditor.QuickSearchModule:UnityEditor.Search:ASIAI0B' with importer (ScriptedImporter : UnityEditor.QuickSearchModule:UnityEditor.Search:ASIAI0B)
Imported 'GUID: 5ec81c81908db34429b4f6ddecadd3bd' -> (Import Result ID: '709489d4b76462ce4274171bc3c5ea75') in 0.005 seconds [static and dynamic dependencies]. Details - ImportResultOutputID=22d5382b64aa398aa2160cda2557e0ad DependenciesID=ed183b50a1695ddfe5826bd13b2aa38b StaticDependenciesID=682387df9b99312814882090688b085c 
Number of updated asset objects reloaded before import = 0
Number of asset objects unloaded after import = 1
========================================================================
Received Import Request.
  Time of request: 2026-09-18T17:31:51.8456374Z
  Time since last request: 0.0002388 seconds.
  importAddress: GUID: 0ddf10b9a46e641ae8ba73c89b46512c - Path: Packages/com.unity.render-pipelines.universal/Runtime/Tiling/ZBinningJob.cs - Importer: ScriptedImporter/UnityEditor.QuickSearchModule:UnityEditor.Search:ASIAI0B
Importing 'GUID: 0ddf10b9a46e641ae8ba73c89b46512c - Path: Packages/com.unity.render-pipelines.universal/Runtime/Tiling/ZBinningJob.cs - Importer: ScriptedImporter/UnityEditor.QuickSearchModule:UnityEditor.Search:ASIAI0B' with importer (ScriptedImporter : UnityEditor.QuickSearchModule:UnityEditor.Search:ASIAI0B)
Imported 'GUID: 0ddf10b9a46e641ae8ba73c89b46512c' -> (Import Result ID: '6852a23ef4ad06e6a5df7aaae8fb7e4e') in 0.003 seconds [static and dynamic dependencies]. Details - ImportResultOutputID=a859145b062186ad2a47ef589abcfa59 DependenciesID=99bf5e3f8cc7140660f20193f62e6858 StaticDependenciesID=5b452931980bfbce8a12e92ada52590c 
Number of updated asset objects reloaded before import = 0
Number of asset objects unloaded after import = 0
========================================================================
Received Import Request.
  Time of request: 2026-09-18T17:31:51.8679134Z
  Time since last request: 0.0003337 seconds.
  importAddress: GUID: b1021b0cb21b45b7b3e8e22788703471 - Path: Packages/com.unity.render-pipelines.universal/Runtime/Tiling/TilingJob.cs - Importer: ScriptedImporter/UnityEditor.QuickSearchModule:UnityEditor.Search:ASIAI0B
Importing 'GUID: b1021b0cb21b45b7b3e8e22788703471 - Path: Packages/com.unity.render-pipelines.universal/Runtime/Tiling/TilingJob.cs - Importer: ScriptedImporter/UnityEditor.QuickSearchModule:UnityEditor.Search:ASIAI0B' with importer (ScriptedImporter : UnityEditor.QuickSearchModule:UnityEditor.Search:ASIAI0B)
Imported 'GUID: b1021b0cb21b45b7b3e8e22788703471' -> (Import Result ID: 'f4d0e37f5586e6d852cca95d381b692d') in 0.003 seconds [static and dynamic dependencies]. Details - ImportResultOutputID=b551ec51d6afd7752cb74c7f296673c5 DependenciesID=41b4621aa6fa4cf586300324841c30f8 StaticDependenciesID=0bba4f9d5a9e707dbc8053bc1cbeb535 
Number of updated asset objects reloaded before import = 0
Number of asset objects unloaded after import = 0
========================================================================
Received Import Request.
  Time of request: 2026-09-18T17:31:51.8897942Z
  Time since last request: 0.0002945 seconds.
  importAddress: GUID: e260cfa7296ee7642b167f1eb5be5023 - Path: Packages/com.unity.render-pipelines.universal/Shaders/2D/Sprite-Lit-Default.shader - Importer: ScriptedImporter/UnityEditor.QuickSearchModule:UnityEditor.Search:ASIAI0B
Importing 'GUID: e260cfa7296ee7642b167f1eb5be5023 - Path: Packages/com.unity.render-pipelines.universal/Shaders/2D/Sprite-Lit-Default.shader - Importer: ScriptedImporter/UnityEditor.QuickSearchModule:UnityEditor.Search:ASIAI0B' with importer (ScriptedImporter : UnityEditor.QuickSearchModule:UnityEditor.Search:ASIAI0B)
Imported 'GUID: e260cfa7296ee7642b167f1eb5be5023' -> (Import Result ID: 'ae16b180d29d004ed98c34adc1d495bd') in 0.003 seconds [static and dynamic dependencies]. Details - ImportResultOutputID=c8b84974c6a0fd5c46694dd3e20064ab DependenciesID=be7ead7b70743d141331add0eef86e49 StaticDependenciesID=521c560a13a1e500fd2f0c022e48737f 
Number of updated asset objects reloaded before import = 0
Number of asset objects unloaded after import = 1
========================================================================
Received Import Request.
  Time of request: 2026-09-18T17:31:51.912602Z
  Time since last request: 0.0002441 seconds.
  importAddress: GUID: 80aa867ac363ac043847b06ad71604cd - Path: Packages/com.unity.render-pipelines.universal/Shaders/AutodeskInteractive/AutodeskInteractiveMasked.shadergraph - Importer: ScriptedImporter/UnityEditor.QuickSearchModule:UnityEditor.Search:ASIAI0B
Importing 'GUID: 80aa867ac363ac043847b06ad71604cd - Path: Packages/com.unity.render-pipelines.universal/Shaders/AutodeskInteractive/AutodeskInteractiveMasked.shadergraph - Importer: ScriptedImporter/UnityEditor.QuickSearchModule:UnityEditor.Search:ASIAI0B' with importer (ScriptedImporter : UnityEditor.QuickSearchModule:UnityEditor.Search:ASIAI0B)
Imported 'GUID: 80aa867ac363ac043847b06ad71604cd' -> (Import Result ID: '2ae0b9c0f23ed7e2d624d648fb7fc3ec') in 0.029 seconds [static and dynamic dependencies]. Details - ImportResultOutputID=6f85f1f2b1bebe98e3b93925d6479140 DependenciesID=e31dc33f7b47fdb13311f138eee6647f StaticDependenciesID=1e5eeb78a6cf9a01eb4e2e295450e5d5 
Number of updated asset objects reloaded before import = 0
Number of asset objects unloaded after import = 5
========================================================================
Received Import Request.
  Time of request: 2026-09-18T17:31:51.9611382Z
  Time since last request: 0.0002477 seconds.
  importAddress: GUID: a6bc23d6f2eb4e398389d1954b4aafae - Path: Packages/com.unity.render-pipelines.universal/Runtime/Tiling/TileRangeExpansionJob.cs - Importer: ScriptedImporter/UnityEditor.QuickSearchModule:UnityEditor.Search:ASIAI0B
Importing 'GUID: a6bc23d6f2eb4e398389d1954b4aafae - Path: Packages/com.unity.render-pipelines.universal/Runtime/Tiling/TileRangeExpansionJob.cs - Importer: ScriptedImporter/UnityEditor.QuickSearchModule:UnityEditor.Search:ASIAI0B' with importer (ScriptedImporter : UnityEditor.QuickSearchModule:UnityEditor.Search:ASIAI0B)
Imported 'GUID: a6bc23d6f2eb4e398389d1954b4aafae' -> (Import Result ID: 'dceb748ed2490247aae8671f54101f02') in 0.002 seconds [static and dynamic dependencies]. Details - ImportResultOutputID=cd5d9a7d26ef530762474c9faac19895 DependenciesID=520b5cc64f78ce4bcd9ce0be1f008490 StaticDependenciesID=e26cd531a64db619c39fb4fc595f8dfe 
Number of updated asset objects reloaded before import = 0
Number of asset objects unloaded after import = 0
========================================================================
Received Import Request.
  Time of request: 2026-09-18T17:31:51.9827307Z
  Time since last request: 0.0001821 seconds.
  importAddress: GUID: cb8032a4c9fc6be448a89e3426890e21 - Path: Packages/com.unity.render-pipelines.universal/Runtime/XR/XRPassUniversal.cs - Importer: ScriptedImporter/UnityEditor.QuickSearchModule:UnityEditor.Search:ASIAI0B
Importing 'GUID: cb8032a4c9fc6be448a89e3426890e21 - Path: Packages/com.unity.render-pipelines.universal/Runtime/XR/XRPassUniversal.cs - Importer: ScriptedImporter/UnityEditor.QuickSearchModule:UnityEditor.Search:ASIAI0B' with importer (ScriptedImporter : UnityEditor.QuickSearchModule:UnityEditor.Search:ASIAI0B)
Imported 'GUID: cb8032a4c9fc6be448a89e3426890e21' -> (Import Result ID: '94baa9e6197026d9c44abe11ed27fa9d') in 0.002 seconds [static and dynamic dependencies]. Details - ImportResultOutputID=0bfa18ebd36b8aff99fcf472d64418d4 DependenciesID=0362c46b85a7ef54f6ce95ea49c83856 StaticDependenciesID=9579de18c9ca7ddc233872a88996026a 
Number of updated asset objects reloaded before import = 0
Number of asset objects unloaded after import = 0
========================================================================
Received Import Request.
  Time of request: 2026-09-18T17:31:52.0046421Z
  Time since last request: 0.0002812 seconds.
  importAddress: GUID: 49ced51ad19fca94e8a5a29f28b976f3 - Path: Packages/com.unity.render-pipelines.universal/Runtime/RenderPipelineResources/UniversalRenderPipelineRuntimeXRResources.cs - Importer: ScriptedImporter/UnityEditor.QuickSearchModule:UnityEditor.Search:ASIAI0B
Importing 'GUID: 49ced51ad19fca94e8a5a29f28b976f3 - Path: Packages/com.unity.render-pipelines.universal/Runtime/RenderPipelineResources/UniversalRenderPipelineRuntimeXRResources.cs - Importer: ScriptedImporter/UnityEditor.QuickSearchModule:UnityEditor.Search:ASIAI0B' with importer (ScriptedImporter : UnityEditor.QuickSearchModule:UnityEditor.Search:ASIAI0B)
Imported 'GUID: 49ced51ad19fca94e8a5a29f28b976f3' -> (Import Result ID: '4407b72578ca8d9fec0f7fd604f3c19c') in 0.003 seconds [static and dynamic dependencies]. Details - ImportResultOutputID=055aabf5943d5f7de046bd7589595cee DependenciesID=bcc452bb22a77314ba588355cb2cbb6c StaticDependenciesID=bdd350954d8d3ec446168d12746b9c90 
Number of updated asset objects reloaded before import = 0
Number of asset objects unloaded after import = 0
========================================================================
Received Import Request.
  Time of request: 2026-09-18T17:31:52.0260983Z
  Time since last request: 0.0003162 seconds.
  importAddress: GUID: adfdf969d73c2034da7ea936a8d17053 - Path: Packages/com.unity.render-pipelines.universal/Runtime/RenderPipelineResources/UniversalRendererResources.cs - Importer: ScriptedImporter/UnityEditor.QuickSearchModule:UnityEditor.Search:ASIAI0B
Importing 'GUID: adfdf969d73c2034da7ea936a8d17053 - Path: Packages/com.unity.render-pipelines.universal/Runtime/RenderPipelineResources/UniversalRendererResources.cs - Importer: ScriptedImporter/UnityEditor.QuickSearchModule:UnityEditor.Search:ASIAI0B' with importer (ScriptedImporter : UnityEditor.QuickSearchModule:UnityEditor.Search:ASIAI0B)
Imported 'GUID: adfdf969d73c2034da7ea936a8d17053' -> (Import Result ID: 'b65df69d916c768088a36469c0bc7c3c') in 0.002 seconds [static and dynamic dependencies]. Details - ImportResultOutputID=ded91fa658c1a82f5ddbd5badf4c7e8d DependenciesID=34540b83149cdcfb3f429b68ba967182 StaticDependenciesID=dd6303adb2b2d0b75411c11a30ffa62b 
Number of updated asset objects reloaded before import = 0
Number of asset objects unloaded after import = 0
========================================================================
Received Import Request.
  Time of request: 2026-09-18T17:31:52.0476607Z
  Time since last request: 0.0002319 seconds.
  importAddress: GUID: 3f36a6a4d730c3942afd169457cb4035 - Path: Packages/com.unity.render-pipelines.universal/Runtime/Settings/URPDefaultVolumeProfileSetting.cs - Importer: ScriptedImporter/UnityEditor.QuickSearchModule:UnityEditor.Search:ASIAI0B
Importing 'GUID: 3f36a6a4d730c3942afd169457cb4035 - Path: Packages/com.unity.render-pipelines.universal/Runtime/Settings/URPDefaultVolumeProfileSetting.cs - Importer: ScriptedImporter/UnityEditor.QuickSearchModule:UnityEditor.Search:ASIAI0B' with importer (ScriptedImporter : UnityEditor.QuickSearchModule:UnityEditor.Search:ASIAI0B)
Imported 'GUID: 3f36a6a4d730c3942afd169457cb4035' -> (Import Result ID: 'c9cf0e124da4f54eb69c9377a8bae442') in 0.003 seconds [static and dynamic dependencies]. Details - ImportResultOutputID=4fa663bfc4b34ff8183a4af816fe0d0d DependenciesID=b4d7287e1f422482125254f1ef73e1d0 StaticDependenciesID=90e67998df898458a57cadcf4af345a6 
Number of updated asset objects reloaded before import = 0
Number of asset objects unloaded after import = 0
========================================================================
Received Import Request.
  Time of request: 2026-09-18T17:31:52.070559Z
  Time since last request: 0.0003726 seconds.
  importAddress: GUID: 8878828335bd847b493e10211fcbf825 - Path: Packages/com.unity.render-pipelines.universal/ShaderLibrary/LightCookie/LightCookie.hlsl - Importer: ScriptedImporter/UnityEditor.QuickSearchModule:UnityEditor.Search:ASIAI0B
Importing 'GUID: 8878828335bd847b493e10211fcbf825 - Path: Packages/com.unity.render-pipelines.universal/ShaderLibrary/LightCookie/LightCookie.hlsl - Importer: ScriptedImporter/UnityEditor.QuickSearchModule:UnityEditor.Search:ASIAI0B' with importer (ScriptedImporter : UnityEditor.QuickSearchModule:UnityEditor.Search:ASIAI0B)
Imported 'GUID: 8878828335bd847b493e10211fcbf825' -> (Import Result ID: 'e91b440fc35463d0cfdc8c0be9615274') in 0.004 seconds [static and dynamic dependencies]. Details - ImportResultOutputID=0af4ec6d59e18b6e6f3e531685a8c8b7 DependenciesID=074a6097c0ac8639a74ac518afead414 StaticDependenciesID=bcc686b37d484de9b0e165501ec00a21 
Number of updated asset objects reloaded before import = 0
Number of asset objects unloaded after import = 1
========================================================================
Received Import Request.
  Time of request: 2026-09-18T17:31:52.0944752Z
  Time since last request: 0.0002367 seconds.
  importAddress: GUID: b36ba7cbaee8126479c1513e0e95ece8 - Path: Packages/com.unity.render-pipelines.universal/Runtime/RenderPipelineResources/UniversalRenderPipelineEditorMaterials.cs - Importer: ScriptedImporter/UnityEditor.QuickSearchModule:UnityEditor.Search:ASIAI0B
Importing 'GUID: b36ba7cbaee8126479c1513e0e95ece8 - Path: Packages/com.unity.render-pipelines.universal/Runtime/RenderPipelineResources/UniversalRenderPipelineEditorMaterials.cs - Importer: ScriptedImporter/UnityEditor.QuickSearchModule:UnityEditor.Search:ASIAI0B' with importer (ScriptedImporter : UnityEditor.QuickSearchModule:UnityEditor.Search:ASIAI0B)
Imported 'GUID: b36ba7cbaee8126479c1513e0e95ece8' -> (Import Result ID: 'ef47d026fff6836e2c24cf1a79ad50c8') in 0.005 seconds [static and dynamic dependencies]. Details - ImportResultOutputID=335eec810ffa52401c8344fabb0e7af6 DependenciesID=08e512b33f2f043c4c6e2717c33c9a62 StaticDependenciesID=27150045067b1afcdfe9d06bd0d7e9cd 
Number of updated asset objects reloaded before import = 0
Number of asset objects unloaded after import = 0
========================================================================
Received Import Request.
  Time of request: 2026-09-18T17:31:52.1184835Z
  Time since last request: 0.0003244 seconds.
  importAddress: GUID: 99134b1f0c27d54469a840832a28fadf - Path: Packages/com.unity.render-pipelines.universal/Shaders/Nature/SpeedTree8.shader - Importer: ScriptedImporter/UnityEditor.QuickSearchModule:UnityEditor.Search:ASIAI0B
Importing 'GUID: 99134b1f0c27d54469a840832a28fadf - Path: Packages/com.unity.render-pipelines.universal/Shaders/Nature/SpeedTree8.shader - Importer: ScriptedImporter/UnityEditor.QuickSearchModule:UnityEditor.Search:ASIAI0B' with importer (ScriptedImporter : UnityEditor.QuickSearchModule:UnityEditor.Search:ASIAI0B)
Imported 'GUID: 99134b1f0c27d54469a840832a28fadf' -> (Import Result ID: 'a54d6e5470908f40363d672e09d8bbdb') in 0.003 seconds [static and dynamic dependencies]. Details - ImportResultOutputID=50514ac8d3e88e954117d238d13d5e4d DependenciesID=6e97556c42f7326a7f31e12d9c0aeb5f StaticDependenciesID=9f4aa99f3278551a557492a1608fb2f0 
Number of updated asset objects reloaded before import = 0
Number of asset objects unloaded after import = 1
========================================================================
Received Import Request.
  Time of request: 2026-09-18T17:31:52.1410082Z
  Time since last request: 0.0002736 seconds.
  importAddress: GUID: 448811f26ae38ae4cbb2edb0d2b9186c - Path: Packages/com.unity.render-pipelines.universal/ShaderLibrary/Debug/DebugViewEnums.cs.hlsl - Importer: ScriptedImporter/UnityEditor.QuickSearchModule:UnityEditor.Search:ASIAI0B
Importing 'GUID: 448811f26ae38ae4cbb2edb0d2b9186c - Path: Packages/com.unity.render-pipelines.universal/ShaderLibrary/Debug/DebugViewEnums.cs.hlsl - Importer: ScriptedImporter/UnityEditor.QuickSearchModule:UnityEditor.Search:ASIAI0B' with importer (ScriptedImporter : UnityEditor.QuickSearchModule:UnityEditor.Search:ASIAI0B)
Imported 'GUID: 448811f26ae38ae4cbb2edb0d2b9186c' -> (Import Result ID: 'baa979bbb9d10a137cfaf21120a34fd1') in 0.002 seconds [static and dynamic dependencies]. Details - ImportResultOutputID=ade6cb2ae9af5023bb0317174e2ef914 DependenciesID=8795aed95deef4312f53ec24541e4084 StaticDependenciesID=a54a73a3899528c823ae8405605bb042 
Number of updated asset objects reloaded before import = 0
Number of asset objects unloaded after import = 1
========================================================================
Received Import Request.
  Time of request: 2026-09-18T17:31:52.1633645Z
  Time since last request: 0.0002678 seconds.
  importAddress: GUID: a2b7f0db433bbf340871ffeb0134a898 - Path: Packages/com.unity.render-pipelines.universal/Runtime/Settings/URPShaderStrippingSetting.cs - Importer: ScriptedImporter/UnityEditor.QuickSearchModule:UnityEditor.Search:ASIAI0B
Importing 'GUID: a2b7f0db433bbf340871ffeb0134a898 - Path: Packages/com.unity.render-pipelines.universal/Runtime/Settings/URPShaderStrippingSetting.cs - Importer: ScriptedImporter/UnityEditor.QuickSearchModule:UnityEditor.Search:ASIAI0B' with importer (ScriptedImporter : UnityEditor.QuickSearchModule:UnityEditor.Search:ASIAI0B)
Imported 'GUID: a2b7f0db433bbf340871ffeb0134a898' -> (Import Result ID: '82302118f32a4cc4758d9b2128e297bb') in 0.002 seconds [static and dynamic dependencies]. Details - ImportResultOutputID=e2e87ce0d53074b3840eeb0bc39650f2 DependenciesID=d707cc4d3110093b45dcfcd58ffbeb5c StaticDependenciesID=5717c5d2910d899f61fd2eb2fa6b9ad8 
Number of updated asset objects reloaded before import = 0
Number of asset objects unloaded after import = 0
========================================================================
Received Import Request.
  Time of request: 2026-09-18T17:31:52.1855649Z
  Time since last request: 0.0003319 seconds.
  importAddress: GUID: d8ae717b647341719f2a89f20faaf51b - Path: Packages/com.unity.render-pipelines.universal/ShaderLibrary/Debug/Debugging3D.hlsl - Importer: ScriptedImporter/UnityEditor.QuickSearchModule:UnityEditor.Search:ASIAI0B
Importing 'GUID: d8ae717b647341719f2a89f20faaf51b - Path: Packages/com.unity.render-pipelines.universal/ShaderLibrary/Debug/Debugging3D.hlsl - Importer: ScriptedImporter/UnityEditor.QuickSearchModule:UnityEditor.Search:ASIAI0B' with importer (ScriptedImporter : UnityEditor.QuickSearchModule:UnityEditor.Search:ASIAI0B)
Imported 'GUID: d8ae717b647341719f2a89f20faaf51b' -> (Import Result ID: '6702e225e80c2d3256e01d3be5f2f8a1') in 0.002 seconds [static and dynamic dependencies]. Details - ImportResultOutputID=2a19d95b2701f799949679758c0dbe2b DependenciesID=d1e870a8d0c8815add6294feb2734cc1 StaticDependenciesID=39c92c927620db9cdea396bf45ef3950 
Number of updated asset objects reloaded before import = 0
Number of asset objects unloaded after import = 1
========================================================================
Received Import Request.
  Time of request: 2026-09-18T17:31:52.2069699Z
  Time since last request: 0.0002727 seconds.
  importAddress: GUID: 85f7860cf76171b438c51eb5fcd238ce - Path: Packages/com.unity.render-pipelines.universal/Shaders/Nature/SpeedTree7CommonPasses.hlsl - Importer: ScriptedImporter/UnityEditor.QuickSearchModule:UnityEditor.Search:ASIAI0B
Importing 'GUID: 85f7860cf76171b438c51eb5fcd238ce - Path: Packages/com.unity.render-pipelines.universal/Shaders/Nature/SpeedTree7CommonPasses.hlsl - Importer: ScriptedImporter/UnityEditor.QuickSearchModule:UnityEditor.Search:ASIAI0B' with importer (ScriptedImporter : UnityEditor.QuickSearchModule:UnityEditor.Search:ASIAI0B)
Imported 'GUID: 85f7860cf76171b438c51eb5fcd238ce' -> (Import Result ID: '5efd41ca57873d086426bed6f7266480') in 0.002 seconds [static and dynamic dependencies]. Details - ImportResultOutputID=c3706112ea7f2a7979819c325c8ede56 DependenciesID=c17a7414bb096df7469b2549b053d765 StaticDependenciesID=69740c80de787629fa61bc7267c12ecd 
Number of updated asset objects reloaded before import = 0
Number of asset objects unloaded after import = 1
========================================================================
Received Import Request.
  Time of request: 2026-09-18T17:31:52.2282272Z
  Time since last request: 0.0002789 seconds.
  importAddress: GUID: 13c02b14c4d048fa9653293d54f6e0e1 - Path: Packages/com.unity.render-pipelines.universal/Shaders/2D/Sprite-Unlit-Default.shader - Importer: ScriptedImporter/UnityEditor.QuickSearchModule:UnityEditor.Search:ASIAI0B
Importing 'GUID: 13c02b14c4d048fa9653293d54f6e0e1 - Path: Packages/com.unity.render-pipelines.universal/Shaders/2D/Sprite-Unlit-Default.shader - Importer: ScriptedImporter/UnityEditor.QuickSearchModule:UnityEditor.Search:ASIAI0B' with importer (ScriptedImporter : UnityEditor.QuickSearchModule:UnityEditor.Search:ASIAI0B)
Imported 'GUID: 13c02b14c4d048fa9653293d54f6e0e1' -> (Import Result ID: 'c90e0f357416a478c8af76599cd769c6') in 0.003 seconds [static and dynamic dependencies]. Details - ImportResultOutputID=3e903f174d04679b71e8ae1e5aaf1229 DependenciesID=4d66bc833ffdd399ba309c722b9ecaee StaticDependenciesID=d44fe1bf403c9c57cd4110743e8edfe2 
Number of updated asset objects reloaded before import = 0
Number of asset objects unloaded after import = 1
========================================================================
Received Import Request.
  Time of request: 2026-09-18T17:31:52.2846042Z
  Time since last request: 0.0342499 seconds.
  importAddress: GUID: 1acd75ff24dbc43cca235408192130b7 - Path: Packages/com.unity.render-pipelines.universal/Shaders/Particles/ParticlesInput.hlsl - Importer: ScriptedImporter/UnityEditor.QuickSearchModule:UnityEditor.Search:ASIAI0B
Importing 'GUID: 1acd75ff24dbc43cca235408192130b7 - Path: Packages/com.unity.render-pipelines.universal/Shaders/Particles/ParticlesInput.hlsl - Importer: ScriptedImporter/UnityEditor.QuickSearchModule:UnityEditor.Search:ASIAI0B' with importer (ScriptedImporter : UnityEditor.QuickSearchModule:UnityEditor.Search:ASIAI0B)
Imported 'GUID: 1acd75ff24dbc43cca235408192130b7' -> (Import Result ID: 'b1e4a1c7540355e4a6ff7ff69cded696') in 0.002 seconds [static and dynamic dependencies]. Details - ImportResultOutputID=487153abf5eca51a83119093bcdc525c DependenciesID=d476367710f9246b5b9f13ca6d21e01e StaticDependenciesID=7b570d511d74eff149a0c4f5f50b2e6f 
Number of updated asset objects reloaded before import = 0
Number of asset objects unloaded after import = 1
========================================================================
Received Import Request.
  Time of request: 2026-09-18T17:31:52.3063502Z
  Time since last request: 0.0002919 seconds.
  importAddress: GUID: e7857e9d0c934dc4f83f270f8447b006 - Path: Packages/com.unity.render-pipelines.universal/Shaders/PostProcessing/UberPost.shader - Importer: ScriptedImporter/UnityEditor.QuickSearchModule:UnityEditor.Search:ASIAI0B
Importing 'GUID: e7857e9d0c934dc4f83f270f8447b006 - Path: Packages/com.unity.render-pipelines.universal/Shaders/PostProcessing/UberPost.shader - Importer: ScriptedImporter/UnityEditor.QuickSearchModule:UnityEditor.Search:ASIAI0B' with importer (ScriptedImporter : UnityEditor.QuickSearchModule:UnityEditor.Search:ASIAI0B)
Imported 'GUID: e7857e9d0c934dc4f83f270f8447b006' -> (Import Result ID: '53a822f37f7cb57911243ce8b6f494c7') in 0.003 seconds [static and dynamic dependencies]. Details - ImportResultOutputID=2681357b72350416fe43c38696c9f38b DependenciesID=831f09a303bdd2dbfef798d84840c22c StaticDependenciesID=2cfd259b1bd9bb4dfb8f9967b4d5d0b3 
Number of updated asset objects reloaded before import = 0
Number of asset objects unloaded after import = 1
========================================================================
Received Import Request.
  Time of request: 2026-09-18T17:31:52.3287585Z
  Time since last request: 0.0002893 seconds.
  importAddress: GUID: 63eaba0ebfb82cc43bde059b4a8c65f6 - Path: Packages/com.unity.render-pipelines.universal/Shaders/PostProcessing/SubpixelMorphologicalAntialiasing.shader - Importer: ScriptedImporter/UnityEditor.QuickSearchModule:UnityEditor.Search:ASIAI0B
Importing 'GUID: 63eaba0ebfb82cc43bde059b4a8c65f6 - Path: Packages/com.unity.render-pipelines.universal/Shaders/PostProcessing/SubpixelMorphologicalAntialiasing.shader - Importer: ScriptedImporter/UnityEditor.QuickSearchModule:UnityEditor.Search:ASIAI0B' with importer (ScriptedImporter : UnityEditor.QuickSearchModule:UnityEditor.Search:ASIAI0B)
Imported 'GUID: 63eaba0ebfb82cc43bde059b4a8c65f6' -> (Import Result ID: '328c7d62fd2b7fdd126dac38b0474405') in 0.003 seconds [static and dynamic dependencies]. Details - ImportResultOutputID=809b8ec50d097ebbab7acd14640d42fe DependenciesID=c75b8d729fa51aa1fe1540e7c2bf611b StaticDependenciesID=2ed6e3e6cd753d699ded1d11d9847129 
Number of updated asset objects reloaded before import = 0
Number of asset objects unloaded after import = 1
========================================================================
Received Import Request.
  Time of request: 2026-09-18T17:31:52.3511966Z
  Time since last request: 0.000331 seconds.
  importAddress: GUID: 0c5832a72145a5b49a1b64a21a609bb4 - Path: Packages/com.unity.render-pipelines.universal/Shaders/PostProcessing/SubpixelMorphologicalAntialiasingBridge.hlsl - Importer: ScriptedImporter/UnityEditor.QuickSearchModule:UnityEditor.Search:ASIAI0B
Importing 'GUID: 0c5832a72145a5b49a1b64a21a609bb4 - Path: Packages/com.unity.render-pipelines.universal/Shaders/PostProcessing/SubpixelMorphologicalAntialiasingBridge.hlsl - Importer: ScriptedImporter/UnityEditor.QuickSearchModule:UnityEditor.Search:ASIAI0B' with importer (ScriptedImporter : UnityEditor.QuickSearchModule:UnityEditor.Search:ASIAI0B)
Imported 'GUID: 0c5832a72145a5b49a1b64a21a609bb4' -> (Import Result ID: '18f01d0665c6819631fb6049bee4080f') in 0.003 seconds [static and dynamic dependencies]. Details - ImportResultOutputID=f4464ee0d16846840416a872a34c7952 DependenciesID=a2b102b007f7146a780b837226783558 StaticDependenciesID=ed2446fb3aa48d684f9f6fa0c2eda499 
Number of updated asset objects reloaded before import = 0
Number of asset objects unloaded after import = 1
========================================================================
Received Import Request.
  Time of request: 2026-09-18T17:31:52.3742408Z
  Time since last request: 0.0003167 seconds.
  importAddress: GUID: a8d5c97876fe84413b2f630e2debf75b - Path: Packages/com.unity.render-pipelines.universal/Shaders/Particles/ParticlesLitForwardPass.hlsl - Importer: ScriptedImporter/UnityEditor.QuickSearchModule:UnityEditor.Search:ASIAI0B
Importing 'GUID: a8d5c97876fe84413b2f630e2debf75b - Path: Packages/com.unity.render-pipelines.universal/Shaders/Particles/ParticlesLitForwardPass.hlsl - Importer: ScriptedImporter/UnityEditor.QuickSearchModule:UnityEditor.Search:ASIAI0B' with importer (ScriptedImporter : UnityEditor.QuickSearchModule:UnityEditor.Search:ASIAI0B)
Imported 'GUID: a8d5c97876fe84413b2f630e2debf75b' -> (Import Result ID: '927390c1ad0535b5ce3d59ce80a3cbab') in 0.002 seconds [static and dynamic dependencies]. Details - ImportResultOutputID=d61eeb70d162360c81986767fe6e4580 DependenciesID=e4d1043f58ec8a74d99eb953bf9cd8cc StaticDependenciesID=6b1c1e1255408b97099655ccaad8bfdc 
Number of updated asset objects reloaded before import = 0
Number of asset objects unloaded after import = 1
========================================================================
Received Import Request.
  Time of request: 2026-09-18T17:31:52.3967681Z
  Time since last request: 0.0003301 seconds.
  importAddress: GUID: ad25529ea2516421ab5f1a2440bee139 - Path: Packages/com.unity.render-pipelines.universal/Shaders/Terrain/TerrainLitPasses.hlsl - Importer: ScriptedImporter/UnityEditor.QuickSearchModule:UnityEditor.Search:ASIAI0B
Importing 'GUID: ad25529ea2516421ab5f1a2440bee139 - Path: Packages/com.unity.render-pipelines.universal/Shaders/Terrain/TerrainLitPasses.hlsl - Importer: ScriptedImporter/UnityEditor.QuickSearchModule:UnityEditor.Search:ASIAI0B' with importer (ScriptedImporter : UnityEditor.QuickSearchModule:UnityEditor.Search:ASIAI0B)
Imported 'GUID: ad25529ea2516421ab5f1a2440bee139' -> (Import Result ID: '859897cbd12a03ce7b5bbdbe6c4ad0f7') in 0.002 seconds [static and dynamic dependencies]. Details - ImportResultOutputID=71c6c678d693819bcded30197a942c1a DependenciesID=4cf3e7ba082be315dd07c9d2144fac9c StaticDependenciesID=8685355d11a5464157e5b1db65044f07 
Number of updated asset objects reloaded before import = 0
Number of asset objects unloaded after import = 1
========================================================================
Received Import Request.
  Time of request: 2026-09-18T17:31:52.4193402Z
  Time since last request: 0.0002272 seconds.
  importAddress: GUID: aa602bf7da734370bdb394a751f56555 - Path: Packages/com.unity.render-pipelines.universal/Shaders/Terrain/TerrainTextureNode.hlsl - Importer: ScriptedImporter/UnityEditor.QuickSearchModule:UnityEditor.Search:ASIAI0B
Importing 'GUID: aa602bf7da734370bdb394a751f56555 - Path: Packages/com.unity.render-pipelines.universal/Shaders/Terrain/TerrainTextureNode.hlsl - Importer: ScriptedImporter/UnityEditor.QuickSearchModule:UnityEditor.Search:ASIAI0B' with importer (ScriptedImporter : UnityEditor.QuickSearchModule:UnityEditor.Search:ASIAI0B)
Imported 'GUID: aa602bf7da734370bdb394a751f56555' -> (Import Result ID: 'f811eae682fc65a4e2fa0d81c8a8cb52') in 0.002 seconds [static and dynamic dependencies]. Details - ImportResultOutputID=40dd72705fd67429aa985377a9201e10 DependenciesID=b368b1e556f6f2a0cc07941f3a80b34d StaticDependenciesID=f275f706415577a184234955fde0a774 
Number of updated asset objects reloaded before import = 0
Number of asset objects unloaded after import = 1
========================================================================
Received Import Request.
  Time of request: 2026-09-18T17:31:52.4412363Z
  Time since last request: 0.0002286 seconds.
  importAddress: GUID: 6cda457ac28612740adb23da5d39ea92 - Path: Packages/com.unity.render-pipelines.universal/Shaders/PostProcessing/LensFlareDataDriven.shader - Importer: ScriptedImporter/UnityEditor.QuickSearchModule:UnityEditor.Search:ASIAI0B
Importing 'GUID: 6cda457ac28612740adb23da5d39ea92 - Path: Packages/com.unity.render-pipelines.universal/Shaders/PostProcessing/LensFlareDataDriven.shader - Importer: ScriptedImporter/UnityEditor.QuickSearchModule:UnityEditor.Search:ASIAI0B' with importer (ScriptedImporter : UnityEditor.QuickSearchModule:UnityEditor.Search:ASIAI0B)
Imported 'GUID: 6cda457ac28612740adb23da5d39ea92' -> (Import Result ID: 'bc8225bc120372adab80686689a36b4f') in 0.003 seconds [static and dynamic dependencies]. Details - ImportResultOutputID=9584cc44abcb104ef795e35aac4d87a1 DependenciesID=30098a425119be9c1aeb4f444cefbf15 StaticDependenciesID=e75ccfabc01d59fc38f017203b706c67 
Number of updated asset objects reloaded before import = 0
Number of asset objects unloaded after import = 1
========================================================================
Received Import Request.
  Time of request: 2026-09-18T17:31:52.4654873Z
  Time since last request: 0.0002721 seconds.
  importAddress: GUID: d0ccc42c5a0934462a0ff237772dceff - Path: Packages/com.unity.render-pipelines.universal/Shaders/Particles/ParticlesSimpleLitForwardPass.hlsl - Importer: ScriptedImporter/UnityEditor.QuickSearchModule:UnityEditor.Search:ASIAI0B
Importing 'GUID: d0ccc42c5a0934462a0ff237772dceff - Path: Packages/com.unity.render-pipelines.universal/Shaders/Particles/ParticlesSimpleLitForwardPass.hlsl - Importer: ScriptedImporter/UnityEditor.QuickSearchModule:UnityEditor.Search:ASIAI0B' with importer (ScriptedImporter : UnityEditor.QuickSearchModule:UnityEditor.Search:ASIAI0B)
Imported 'GUID: d0ccc42c5a0934462a0ff237772dceff' -> (Import Result ID: '10e93011141362968368da1fd492d980') in 0.002 seconds [static and dynamic dependencies]. Details - ImportResultOutputID=dea2460153cffdd5c95f6ac2f63c338b DependenciesID=77688c13ebfa694473dc1c49a91ae1ea StaticDependenciesID=f4097f61ffb29033123660657993ad32 
Number of updated asset objects reloaded before import = 0
Number of asset objects unloaded after import = 1
========================================================================
Received Import Request.
  Time of request: 2026-09-18T17:31:52.4880316Z
  Time since last request: 0.0002929 seconds.
  importAddress: GUID: e507fdfead5ca47e8b9a768b51c291a1 - Path: Packages/com.unity.render-pipelines.universal/Shaders/Terrain/WavingGrass.shader - Importer: ScriptedImporter/UnityEditor.QuickSearchModule:UnityEditor.Search:ASIAI0B
Importing 'GUID: e507fdfead5ca47e8b9a768b51c291a1 - Path: Packages/com.unity.render-pipelines.universal/Shaders/Terrain/WavingGrass.shader - Importer: ScriptedImporter/UnityEditor.QuickSearchModule:UnityEditor.Search:ASIAI0B' with importer (ScriptedImporter : UnityEditor.QuickSearchModule:UnityEditor.Search:ASIAI0B)
Imported 'GUID: e507fdfead5ca47e8b9a768b51c291a1' -> (Import Result ID: '0432528d299809e63c70068dc6095537') in 0.003 seconds [static and dynamic dependencies]. Details - ImportResultOutputID=b7fecf50d1ede9c8aef0266087b76fb0 DependenciesID=d98f323890ab5ebe037444b36d378c23 StaticDependenciesID=762df8e1a403b8bbb9f91d5ddaffdec7 
Number of updated asset objects reloaded before import = 0
Number of asset objects unloaded after import = 1
========================================================================
Received Import Request.
  Time of request: 2026-09-18T17:31:52.5107351Z
  Time since last request: 0.000289 seconds.
  importAddress: GUID: 2aed67ad60045d54ba3a00c91e2d2631 - Path: Packages/com.unity.render-pipelines.universal/Shaders/PostProcessing/BokehDepthOfField.shader - Importer: ScriptedImporter/UnityEditor.QuickSearchModule:UnityEditor.Search:ASIAI0B
Importing 'GUID: 2aed67ad60045d54ba3a00c91e2d2631 - Path: Packages/com.unity.render-pipelines.universal/Shaders/PostProcessing/BokehDepthOfField.shader - Importer: ScriptedImporter/UnityEditor.QuickSearchModule:UnityEditor.Search:ASIAI0B' with importer (ScriptedImporter : UnityEditor.QuickSearchModule:UnityEditor.Search:ASIAI0B)
Imported 'GUID: 2aed67ad60045d54ba3a00c91e2d2631' -> (Import Result ID: '3410d06ddd7fa75992c4c1ad8dcb8507') in 0.003 seconds [static and dynamic dependencies]. Details - ImportResultOutputID=fa52a44c221fbd093b0ac19e25659e16 DependenciesID=fd73973925eb7372f526e4083e901bdb StaticDependenciesID=d5d3fcbf6acb694e15eba7e6e83319b4 
Number of updated asset objects reloaded before import = 0
Number of asset objects unloaded after import = 1
========================================================================
Received Import Request.
  Time of request: 2026-09-18T17:31:52.533102Z
  Time since last request: 0.0003007 seconds.
  importAddress: GUID: e8ee25143a34b8c4388709ea947055d1 - Path: Packages/com.unity.render-pipelines.universal/Shaders/PostProcessing/ScalingSetup.shader - Importer: ScriptedImporter/UnityEditor.QuickSearchModule:UnityEditor.Search:ASIAI0B
Importing 'GUID: e8ee25143a34b8c4388709ea947055d1 - Path: Packages/com.unity.render-pipelines.universal/Shaders/PostProcessing/ScalingSetup.shader - Importer: ScriptedImporter/UnityEditor.QuickSearchModule:UnityEditor.Search:ASIAI0B' with importer (ScriptedImporter : UnityEditor.QuickSearchModule:UnityEditor.Search:ASIAI0B)
Imported 'GUID: e8ee25143a34b8c4388709ea947055d1' -> (Import Result ID: '01e48e4d2f9347ae469248243f7ed331') in 0.003 seconds [static and dynamic dependencies]. Details - ImportResultOutputID=0b6a520bf0edac8061e0a829978606f2 DependenciesID=783ea77dc3d8ec373b46a6fd17105326 StaticDependenciesID=146c6e0708c70952852058ec16a89dae 
Number of updated asset objects reloaded before import = 0
Number of asset objects unloaded after import = 1
========================================================================
Received Import Request.
  Time of request: 2026-09-18T17:31:52.5560181Z
  Time since last request: 0.0003895 seconds.
  importAddress: GUID: 691e950f7acb24df5be4c31303d0991a - Path: Packages/com.unity.render-pipelines.universal/Shaders/PostProcessing/FXAA3_11.hlsl - Importer: ScriptedImporter/UnityEditor.QuickSearchModule:UnityEditor.Search:ASIAI0B
Importing 'GUID: 691e950f7acb24df5be4c31303d0991a - Path: Packages/com.unity.render-pipelines.universal/Shaders/PostProcessing/FXAA3_11.hlsl - Importer: ScriptedImporter/UnityEditor.QuickSearchModule:UnityEditor.Search:ASIAI0B' with importer (ScriptedImporter : UnityEditor.QuickSearchModule:UnityEditor.Search:ASIAI0B)
Imported 'GUID: 691e950f7acb24df5be4c31303d0991a' -> (Import Result ID: '62ff26b52cebf3f970a8d7be6e8f3485') in 0.002 seconds [static and dynamic dependencies]. Details - ImportResultOutputID=90d9ce0ee1f62a9c324dda0b82af685f DependenciesID=978e9221594e427f6b49b6251a40a78e StaticDependenciesID=8222fe4bfebbbec4737c8d6ea896edfb 
Number of updated asset objects reloaded before import = 0
Number of asset objects unloaded after import = 1
========================================================================
Received Import Request.
  Time of request: 2026-09-18T17:31:52.5777186Z
  Time since last request: 0.0002846 seconds.
  importAddress: GUID: e9795406c7fc049d2b125cce47405fa9 - Path: Packages/com.unity.render-pipelines.universal/Shaders/Particles/ParticlesDepthOnlyPass.hlsl - Importer: ScriptedImporter/UnityEditor.QuickSearchModule:UnityEditor.Search:ASIAI0B
Importing 'GUID: e9795406c7fc049d2b125cce47405fa9 - Path: Packages/com.unity.render-pipelines.universal/Shaders/Particles/ParticlesDepthOnlyPass.hlsl - Importer: ScriptedImporter/UnityEditor.QuickSearchModule:UnityEditor.Search:ASIAI0B' with importer (ScriptedImporter : UnityEditor.QuickSearchModule:UnityEditor.Search:ASIAI0B)
Imported 'GUID: e9795406c7fc049d2b125cce47405fa9' -> (Import Result ID: 'ed9cfa81dd02e2b6c23c04c84ab7ac62') in 0.002 seconds [static and dynamic dependencies]. Details - ImportResultOutputID=04667b847622b509de0c775b63287473 DependenciesID=0a192a78c0655d7a8001399d239fece6 StaticDependenciesID=04b7aa5c888ad9fd2aff4d8da869bf7e 
Number of updated asset objects reloaded before import = 0
Number of asset objects unloaded after import = 1
========================================================================
Received Import Request.
  Time of request: 2026-09-18T17:31:52.5989238Z
  Time since last request: 0.0002696 seconds.
  importAddress: GUID: cbd3e1cc4ae141c42a30e33b4d666a61 - Path: Packages/com.unity.render-pipelines.universal/Shaders/Nature/SpeedTree9_URP.shadergraph - Importer: ScriptedImporter/UnityEditor.QuickSearchModule:UnityEditor.Search:ASIAI0B
Importing 'GUID: cbd3e1cc4ae141c42a30e33b4d666a61 - Path: Packages/com.unity.render-pipelines.universal/Shaders/Nature/SpeedTree9_URP.shadergraph - Importer: ScriptedImporter/UnityEditor.QuickSearchModule:UnityEditor.Search:ASIAI0B' with importer (ScriptedImporter : UnityEditor.QuickSearchModule:UnityEditor.Search:ASIAI0B)
Imported 'GUID: cbd3e1cc4ae141c42a30e33b4d666a61' -> (Import Result ID: '2d5dd33afc829e0b6b793ae333153de9') in 0.011 seconds [static and dynamic dependencies]. Details - ImportResultOutputID=d9604b94df1061ece4aa860ba8eaf414 DependenciesID=3594f852e0cab6fc543c199e3c8c99b9 StaticDependenciesID=9100df16a883c79df873f700fb06443d 
Number of updated asset objects reloaded before import = 0
Number of asset objects unloaded after import = 10
========================================================================
Received Import Request.
  Time of request: 2026-09-18T17:31:52.6291532Z
  Time since last request: 0.000214 seconds.
  importAddress: GUID: 0406db5a14f94604a8c57ccfbc9f3b46 - Path: Packages/com.unity.render-pipelines.universal/Shaders/Particles/ParticlesUnlit.shader - Importer: ScriptedImporter/UnityEditor.QuickSearchModule:UnityEditor.Search:ASIAI0B
Importing 'GUID: 0406db5a14f94604a8c57ccfbc9f3b46 - Path: Packages/com.unity.render-pipelines.universal/Shaders/Particles/ParticlesUnlit.shader - Importer: ScriptedImporter/UnityEditor.QuickSearchModule:UnityEditor.Search:ASIAI0B' with importer (ScriptedImporter : UnityEditor.QuickSearchModule:UnityEditor.Search:ASIAI0B)
Imported 'GUID: 0406db5a14f94604a8c57ccfbc9f3b46' -> (Import Result ID: 'fb06f939c18747154c9ffd3f7eac7db4') in 0.003 seconds [static and dynamic dependencies]. Details - ImportResultOutputID=14a68b774385a9358ef91f7a94cb7953 DependenciesID=f7d1cf8791572a4cfbfdf6810021b03a StaticDependenciesID=5bcae9e10ba18f64657e3096423c21fb 
Number of updated asset objects reloaded before import = 0
Number of asset objects unloaded after import = 1
========================================================================
Received Import Request.
  Time of request: 2026-09-18T17:31:52.6525354Z
  Time since last request: 0.0001584 seconds.
  importAddress: GUID: a89bee29cffa951418fc1e2da94d1959 - Path: Packages/com.unity.render-pipelines.universal/Shaders/Utils/BlitHDROverlay.shader - Importer: ScriptedImporter/UnityEditor.QuickSearchModule:UnityEditor.Search:ASIAI0B
Importing 'GUID: a89bee29cffa951418fc1e2da94d1959 - Path: Packages/com.unity.render-pipelines.universal/Shaders/Utils/BlitHDROverlay.shader - Importer: ScriptedImporter/UnityEditor.QuickSearchModule:UnityEditor.Search:ASIAI0B' with importer (ScriptedImporter : UnityEditor.QuickSearchModule:UnityEditor.Search:ASIAI0B)
Imported 'GUID: a89bee29cffa951418fc1e2da94d1959' -> (Import Result ID: 'c6ff94ca1d19bda7c65ba5fa24963d09') in 0.003 seconds [static and dynamic dependencies]. Details - ImportResultOutputID=edcc08a1700821d5b50a00ce77772761 DependenciesID=9ca263e1d217eb34f7eb3a56dfe9fb90 StaticDependenciesID=b2c089e73c8382427fe4b3c672b76ab6 
Number of updated asset objects reloaded before import = 0
Number of asset objects unloaded after import = 1
========================================================================
Received Import Request.
  Time of request: 2026-09-18T17:31:52.6743775Z
  Time since last request: 0.0002484 seconds.
  importAddress: GUID: 69c1f799e772cb6438f56c23efccb782 - Path: Packages/com.unity.render-pipelines.universal/Shaders/Terrain/TerrainLit.shader - Importer: ScriptedImporter/UnityEditor.QuickSearchModule:UnityEditor.Search:ASIAI0B
Importing 'GUID: 69c1f799e772cb6438f56c23efccb782 - Path: Packages/com.unity.render-pipelines.universal/Shaders/Terrain/TerrainLit.shader - Importer: ScriptedImporter/UnityEditor.QuickSearchModule:UnityEditor.Search:ASIAI0B' with importer (ScriptedImporter : UnityEditor.QuickSearchModule:UnityEditor.Search:ASIAI0B)
Imported 'GUID: 69c1f799e772cb6438f56c23efccb782' -> (Import Result ID: '67bf1f6eb6a6721c32ad3402ecb1a5e7') in 0.003 seconds [static and dynamic dependencies]. Details - ImportResultOutputID=090aa49da0b3e7b89700fd6983a7f0e9 DependenciesID=fab288d060415be09dfe545de6ee8e30 StaticDependenciesID=bc7df26d69c30ee9b1ab2fc7c02bdc5a 
Number of updated asset objects reloaded before import = 0
Number of asset objects unloaded after import = 1
========================================================================
Received Import Request.
  Time of request: 2026-09-18T17:31:52.6972206Z
  Time since last request: 0.0003045 seconds.
  importAddress: GUID: c245162389fbe944dbc0d721bee26fe0 - Path: Packages/com.unity.render-pipelines.universal/Shaders/Nature/SpeedTreeUtility.hlsl - Importer: ScriptedImporter/UnityEditor.QuickSearchModule:UnityEditor.Search:ASIAI0B
Importing 'GUID: c245162389fbe944dbc0d721bee26fe0 - Path: Packages/com.unity.render-pipelines.universal/Shaders/Nature/SpeedTreeUtility.hlsl - Importer: ScriptedImporter/UnityEditor.QuickSearchModule:UnityEditor.Search:ASIAI0B' with importer (ScriptedImporter : UnityEditor.QuickSearchModule:UnityEditor.Search:ASIAI0B)
Imported 'GUID: c245162389fbe944dbc0d721bee26fe0' -> (Import Result ID: '55b36e2cb253a3fd1bf09e5844f8ca1f') in 0.002 seconds [static and dynamic dependencies]. Details - ImportResultOutputID=e984a8cef7aba64fc355a40dfb0fc4fc DependenciesID=ff6dcc97433935031341f9e0b01106d7 StaticDependenciesID=16f39e14c27f604e6d427b5e93313752 
Number of updated asset objects reloaded before import = 0
Number of asset objects unloaded after import = 1
========================================================================
Received Import Request.
  Time of request: 2026-09-18T17:31:52.7188643Z
  Time since last request: 0.000363 seconds.
  importAddress: GUID: c6d99c9b40c630447bdf027439419d93 - Path: Packages/com.unity.render-pipelines.universal/Shaders/Particles/ParticlesShadowCasterPass.hlsl - Importer: ScriptedImporter/UnityEditor.QuickSearchModule:UnityEditor.Search:ASIAI0B
Importing 'GUID: c6d99c9b40c630447bdf027439419d93 - Path: Packages/com.unity.render-pipelines.universal/Shaders/Particles/ParticlesShadowCasterPass.hlsl - Importer: ScriptedImporter/UnityEditor.QuickSearchModule:UnityEditor.Search:ASIAI0B' with importer (ScriptedImporter : UnityEditor.QuickSearchModule:UnityEditor.Search:ASIAI0B)
Imported 'GUID: c6d99c9b40c630447bdf027439419d93' -> (Import Result ID: '769bab8f896a0725b015460aac87c108') in 0.002 seconds [static and dynamic dependencies]. Details - ImportResultOutputID=17b73c60faac7622fd72a267a568816d DependenciesID=3901766a0a8ebc0c040cb4047f55d599 StaticDependenciesID=9a15ad6b3bc32a8366d66dae64b7e31f 
Number of updated asset objects reloaded before import = 0
Number of asset objects unloaded after import = 1
========================================================================
Received Import Request.
  Time of request: 2026-09-18T17:31:52.7516434Z
  Time since last request: 0.0114339 seconds.
  importAddress: GUID: 8aa70fc832dbdae46a749f0687925875 - Path: Packages/com.unity.render-pipelines.universal/Tests/Editor/DocumentationTests.cs - Importer: ScriptedImporter/UnityEditor.QuickSearchModule:UnityEditor.Search:ASIAI0B
Importing 'GUID: 8aa70fc832dbdae46a749f0687925875 - Path: Packages/com.unity.render-pipelines.universal/Tests/Editor/DocumentationTests.cs - Importer: ScriptedImporter/UnityEditor.QuickSearchModule:UnityEditor.Search:ASIAI0B' with importer (ScriptedImporter : UnityEditor.QuickSearchModule:UnityEditor.Search:ASIAI0B)
Imported 'GUID: 8aa70fc832dbdae46a749f0687925875' -> (Import Result ID: '5cbb0753cb8946ac86baf04f4723579d') in 0.002 seconds [static and dynamic dependencies]. Details - ImportResultOutputID=5d348e28f5cfb36d679292bf5c38ea03 DependenciesID=5f2ed19e9749bfdeefff90d07b034fa5 StaticDependenciesID=eb662a8bf807849b8a7908da3943d5f3 
Number of updated asset objects reloaded before import = 0
Number of asset objects unloaded after import = 0
========================================================================
Received Import Request.
  Time of request: 2026-09-18T17:31:52.7730474Z
  Time since last request: 0.0001492 seconds.
  importAddress: GUID: cf9e72a1bdd854b65a42b0d13738efcd - Path: Packages/com.unity.render-pipelines.universal/Tests/Runtime/ShadowCaster2DTests.cs - Importer: ScriptedImporter/UnityEditor.QuickSearchModule:UnityEditor.Search:ASIAI0B
Importing 'GUID: cf9e72a1bdd854b65a42b0d13738efcd - Path: Packages/com.unity.render-pipelines.universal/Tests/Runtime/ShadowCaster2DTests.cs - Importer: ScriptedImporter/UnityEditor.QuickSearchModule:UnityEditor.Search:ASIAI0B' with importer (ScriptedImporter : UnityEditor.QuickSearchModule:UnityEditor.Search:ASIAI0B)
Imported 'GUID: cf9e72a1bdd854b65a42b0d13738efcd' -> (Import Result ID: '15391529bcedc6b00ba1a027673923a6') in 0.003 seconds [static and dynamic dependencies]. Details - ImportResultOutputID=1364b97b6c516ad4b48d5cf2e0e374ff DependenciesID=4aa60f670125afda73cc94282a4ed1f7 StaticDependenciesID=6ea8f99792ab5d7d1f541070bcc55d7a 
Number of updated asset objects reloaded before import = 0
Number of asset objects unloaded after import = 0
========================================================================
Received Import Request.
  Time of request: 2026-09-18T17:31:52.7942401Z
  Time since last request: 0.0002732 seconds.
  importAddress: GUID: 3db6f9b04a31ea949aa7369a94fbbb8e - Path: Packages/com.unity.render-pipelines.universal/Tests/Runtime/LightTests.cs - Importer: ScriptedImporter/UnityEditor.QuickSearchModule:UnityEditor.Search:ASIAI0B
Importing 'GUID: 3db6f9b04a31ea949aa7369a94fbbb8e - Path: Packages/com.unity.render-pipelines.universal/Tests/Runtime/LightTests.cs - Importer: ScriptedImporter/UnityEditor.QuickSearchModule:UnityEditor.Search:ASIAI0B' with importer (ScriptedImporter : UnityEditor.QuickSearchModule:UnityEditor.Search:ASIAI0B)
Imported 'GUID: 3db6f9b04a31ea949aa7369a94fbbb8e' -> (Import Result ID: 'bc51ec5015d78e05c26ca73db89e05e1') in 0.002 seconds [static and dynamic dependencies]. Details - ImportResultOutputID=243994ccf69622626d010fc8751ffa4a DependenciesID=383c4f5b2857d1571c057822dc2a7bee StaticDependenciesID=21742f67fe311ee8c93e135f0d2e3bc3 
Number of updated asset objects reloaded before import = 0
Number of asset objects unloaded after import = 0
========================================================================
Received Import Request.
  Time of request: 2026-09-18T17:31:52.8161354Z
  Time since last request: 0.0003696 seconds.
  importAddress: GUID: 4a5118ba2fa293c4b8a60da869ccea72 - Path: Packages/com.unity.render-pipelines.universal/Tests/Runtime/TerrainShaderTests.cs - Importer: ScriptedImporter/UnityEditor.QuickSearchModule:UnityEditor.Search:ASIAI0B
Importing 'GUID: 4a5118ba2fa293c4b8a60da869ccea72 - Path: Packages/com.unity.render-pipelines.universal/Tests/Runtime/TerrainShaderTests.cs - Importer: ScriptedImporter/UnityEditor.QuickSearchModule:UnityEditor.Search:ASIAI0B' with importer (ScriptedImporter : UnityEditor.QuickSearchModule:UnityEditor.Search:ASIAI0B)
Imported 'GUID: 4a5118ba2fa293c4b8a60da869ccea72' -> (Import Result ID: '17889f2f3558bcf08690dd74013f4286') in 0.004 seconds [static and dynamic dependencies]. Details - ImportResultOutputID=f5baf773b3985969885c0214cf384e9f DependenciesID=a7518ea39f52a13ee3f2e51b78fc8b6e StaticDependenciesID=c06809e6368148584da09bdcd806736f 
Number of updated asset objects reloaded before import = 0
Number of asset objects unloaded after import = 0
========================================================================
Received Import Request.
  Time of request: 2026-09-18T17:31:52.8396321Z
  Time since last request: 0.0002425 seconds.
  importAddress: GUID: c06cc21c692f94f5fb5206247191eeee - Path: Packages/com.unity.render-pipelines.universal/Textures/BlueNoise256/LDR_LLL1_2.png - Importer: ScriptedImporter/UnityEditor.QuickSearchModule:UnityEditor.Search:ASIAI0B
Importing 'GUID: c06cc21c692f94f5fb5206247191eeee - Path: Packages/com.unity.render-pipelines.universal/Textures/BlueNoise256/LDR_LLL1_2.png - Importer: ScriptedImporter/UnityEditor.QuickSearchModule:UnityEditor.Search:ASIAI0B' with importer (ScriptedImporter : UnityEditor.QuickSearchModule:UnityEditor.Search:ASIAI0B)
Imported 'GUID: c06cc21c692f94f5fb5206247191eeee' -> (Import Result ID: '8cf4249d1c832619ad7c13295b1f0c22') in 0.059 seconds [static and dynamic dependencies]. Details - ImportResultOutputID=058f31a1c1d0b1aaf2a5e2454e634ed7 DependenciesID=d5460e33d20089468cf37362503ba190 StaticDependenciesID=cc60c792e6598a4b7395d2395d90f2a2 
Number of updated asset objects reloaded before import = 0
Number of asset objects unloaded after import = 1
========================================================================
Received Import Request.
  Time of request: 2026-09-18T17:31:52.9174318Z
  Time since last request: 0.0002795 seconds.
  importAddress: GUID: 0172f7cbd9e44e8b844a485dbd8e8349 - Path: Packages/com.unity.render-pipelines.universal/Shaders/Utils/FogDeferred.hlsl - Importer: ScriptedImporter/UnityEditor.QuickSearchModule:UnityEditor.Search:ASIAI0B
Importing 'GUID: 0172f7cbd9e44e8b844a485dbd8e8349 - Path: Packages/com.unity.render-pipelines.universal/Shaders/Utils/FogDeferred.hlsl - Importer: ScriptedImporter/UnityEditor.QuickSearchModule:UnityEditor.Search:ASIAI0B' with importer (ScriptedImporter : UnityEditor.QuickSearchModule:UnityEditor.Search:ASIAI0B)
Imported 'GUID: 0172f7cbd9e44e8b844a485dbd8e8349' -> (Import Result ID: '82c5b6233ba0229ad75b02b5b89e8818') in 0.002 seconds [static and dynamic dependencies]. Details - ImportResultOutputID=e22fc454c2ba08aa888b351f6c5bfb93 DependenciesID=1444d675580451c245aeb352d0964dbc StaticDependenciesID=ba79e6e6cafaa2d5870cf2dd36c4690d 
Number of updated asset objects reloaded before import = 0
Number of asset objects unloaded after import = 1
========================================================================
Received Import Request.
  Time of request: 2026-09-18T17:31:52.938954Z
  Time since last request: 0.0002892 seconds.
  importAddress: GUID: 12294e4088bdd864c84d9aa37fc453b1 - Path: Packages/com.unity.render-pipelines.universal/Tests/Editor/ShaderStripToolTests.cs - Importer: ScriptedImporter/UnityEditor.QuickSearchModule:UnityEditor.Search:ASIAI0B
Importing 'GUID: 12294e4088bdd864c84d9aa37fc453b1 - Path: Packages/com.unity.render-pipelines.universal/Tests/Editor/ShaderStripToolTests.cs - Importer: ScriptedImporter/UnityEditor.QuickSearchModule:UnityEditor.Search:ASIAI0B' with importer (ScriptedImporter : UnityEditor.QuickSearchModule:UnityEditor.Search:ASIAI0B)
Imported 'GUID: 12294e4088bdd864c84d9aa37fc453b1' -> (Import Result ID: 'eb26f5e42bd11a1c89a483636aa4c864') in 0.002 seconds [static and dynamic dependencies]. Details - ImportResultOutputID=485cf88075c59141bdd20f6985f933e2 DependenciesID=2c976aa8ae9d4caf6329b6d436bd761b StaticDependenciesID=6085201c5d018a2d107f016f9649e7cb 
Number of updated asset objects reloaded before import = 0
Number of asset objects unloaded after import = 0
========================================================================
Received Import Request.
  Time of request: 2026-09-18T17:31:52.9603662Z
  Time since last request: 0.0002526 seconds.
  importAddress: GUID: 0f854b35a0cf61a429bd5dcfea30eddd - Path: Packages/com.unity.render-pipelines.universal/Shaders/Utils/ScreenSpaceShadows.shader - Importer: ScriptedImporter/UnityEditor.QuickSearchModule:UnityEditor.Search:ASIAI0B
Importing 'GUID: 0f854b35a0cf61a429bd5dcfea30eddd - Path: Packages/com.unity.render-pipelines.universal/Shaders/Utils/ScreenSpaceShadows.shader - Importer: ScriptedImporter/UnityEditor.QuickSearchModule:UnityEditor.Search:ASIAI0B' with importer (ScriptedImporter : UnityEditor.QuickSearchModule:UnityEditor.Search:ASIAI0B)
Imported 'GUID: 0f854b35a0cf61a429bd5dcfea30eddd' -> (Import Result ID: 'e8f06e693a6508571d16c9824391777f') in 0.003 seconds [static and dynamic dependencies]. Details - ImportResultOutputID=54b92411251634ad7157df8999ef382c DependenciesID=f15a0ef01a8b0330e9b1388bc8b1267c StaticDependenciesID=7b5a60f09965e240194f0c32cfa22e65 
Number of updated asset objects reloaded before import = 0
Number of asset objects unloaded after import = 1
========================================================================
Received Import Request.
  Time of request: 2026-09-18T17:31:52.9823025Z
  Time since last request: 0.0002756 seconds.
  importAddress: GUID: e6e9a19c3678ded42a3bc431ebef7dbd - Path: Packages/com.unity.render-pipelines.universal/Shaders/Utils/FallbackError.shader - Importer: ScriptedImporter/UnityEditor.QuickSearchModule:UnityEditor.Search:ASIAI0B
Importing 'GUID: e6e9a19c3678ded42a3bc431ebef7dbd - Path: Packages/com.unity.render-pipelines.universal/Shaders/Utils/FallbackError.shader - Importer: ScriptedImporter/UnityEditor.QuickSearchModule:UnityEditor.Search:ASIAI0B' with importer (ScriptedImporter : UnityEditor.QuickSearchModule:UnityEditor.Search:ASIAI0B)
Imported 'GUID: e6e9a19c3678ded42a3bc431ebef7dbd' -> (Import Result ID: '7149907ce4cb6f9aacda54deb3333733') in 0.003 seconds [static and dynamic dependencies]. Details - ImportResultOutputID=c981f141caa63be9b01f0dff2b8bd4df DependenciesID=e0a8bc2d55adf10afa5a3f2db12cf7f9 StaticDependenciesID=717ca30bd75ee142d65a9021958860f6 
Number of updated asset objects reloaded before import = 0
Number of asset objects unloaded after import = 1
========================================================================
Received Import Request.
  Time of request: 2026-09-18T17:31:53.0040858Z
  Time since last request: 0.0002467 seconds.
  importAddress: GUID: 0eac51a8dfc8fa341a5f8c6450bc0f84 - Path: Packages/com.unity.render-pipelines.universal/Shaders/XR/XRMirrorView.hlsl - Importer: ScriptedImporter/UnityEditor.QuickSearchModule:UnityEditor.Search:ASIAI0B
Importing 'GUID: 0eac51a8dfc8fa341a5f8c6450bc0f84 - Path: Packages/com.unity.render-pipelines.universal/Shaders/XR/XRMirrorView.hlsl - Importer: ScriptedImporter/UnityEditor.QuickSearchModule:UnityEditor.Search:ASIAI0B' with importer (ScriptedImporter : UnityEditor.QuickSearchModule:UnityEditor.Search:ASIAI0B)
Imported 'GUID: 0eac51a8dfc8fa341a5f8c6450bc0f84' -> (Import Result ID: '9b32baa7ecdb01ce50950cbbec3774f7') in 0.002 seconds [static and dynamic dependencies]. Details - ImportResultOutputID=3bd53b09f4cf104d75050d8116b554c9 DependenciesID=abc9eea3eeb620e7cd977b19e827067f StaticDependenciesID=cba4394dbdc2c3b6499a8f22534cd6ed 
Number of updated asset objects reloaded before import = 0
Number of asset objects unloaded after import = 1
========================================================================
Received Import Request.
  Time of request: 2026-09-18T17:31:53.0251518Z
  Time since last request: 0.0001594 seconds.
  importAddress: GUID: fe1a138aa19e2e64d963c084b4006b0e - Path: Packages/com.unity.render-pipelines.universal/Tests/Editor/ShaderBuildPreprocessorTests.cs - Importer: ScriptedImporter/UnityEditor.QuickSearchModule:UnityEditor.Search:ASIAI0B
Importing 'GUID: fe1a138aa19e2e64d963c084b4006b0e - Path: Packages/com.unity.render-pipelines.universal/Tests/Editor/ShaderBuildPreprocessorTests.cs - Importer: ScriptedImporter/UnityEditor.QuickSearchModule:UnityEditor.Search:ASIAI0B' with importer (ScriptedImporter : UnityEditor.QuickSearchModule:UnityEditor.Search:ASIAI0B)
Imported 'GUID: fe1a138aa19e2e64d963c084b4006b0e' -> (Import Result ID: '59126b834cbe8dffe1600a58fe5d96d5') in 0.002 seconds [static and dynamic dependencies]. Details - ImportResultOutputID=d4708b2e0c6acbae0bd915a08b6a4a15 DependenciesID=9bff4816c4965e0ff0ae0f643cb49732 StaticDependenciesID=ac7a449cef67a74b3da59f7eb73af31f 
Number of updated asset objects reloaded before import = 0
Number of asset objects unloaded after import = 0
========================================================================
Received Import Request.
  Time of request: 2026-09-18T17:31:53.0465895Z
  Time since last request: 0.000269 seconds.
  importAddress: GUID: d104b2fc1ca6445babb8e90b0758136b - Path: Packages/com.unity.render-pipelines.universal/Shaders/Utils/CoreBlitColorAndDepth.shader - Importer: ScriptedImporter/UnityEditor.QuickSearchModule:UnityEditor.Search:ASIAI0B
Importing 'GUID: d104b2fc1ca6445babb8e90b0758136b - Path: Packages/com.unity.render-pipelines.universal/Shaders/Utils/CoreBlitColorAndDepth.shader - Importer: ScriptedImporter/UnityEditor.QuickSearchModule:UnityEditor.Search:ASIAI0B' with importer (ScriptedImporter : UnityEditor.QuickSearchModule:UnityEditor.Search:ASIAI0B)
Imported 'GUID: d104b2fc1ca6445babb8e90b0758136b' -> (Import Result ID: '0b8c1a1cfdac930864c622e7598c746c') in 0.003 seconds [static and dynamic dependencies]. Details - ImportResultOutputID=787367feb3144bfc4a215eed0f538f68 DependenciesID=a39ecb1d67ea676beec3d60d9e018486 StaticDependenciesID=7d9fe1bb40faac6d5886eb03d946d04c 
Number of updated asset objects reloaded before import = 0
Number of asset objects unloaded after import = 1
========================================================================
Received Import Request.
  Time of request: 2026-09-18T17:31:53.0685956Z
  Time since last request: 0.0003021 seconds.
  importAddress: GUID: 0e79c0fbcc6ffc642834ff60779ad086 - Path: Packages/com.unity.render-pipelines.universal/Shaders/Utils/GTAO.compute - Importer: ScriptedImporter/UnityEditor.QuickSearchModule:UnityEditor.Search:ASIAI0B
Importing 'GUID: 0e79c0fbcc6ffc642834ff60779ad086 - Path: Packages/com.unity.render-pipelines.universal/Shaders/Utils/GTAO.compute - Importer: ScriptedImporter/UnityEditor.QuickSearchModule:UnityEditor.Search:ASIAI0B' with importer (ScriptedImporter : UnityEditor.QuickSearchModule:UnityEditor.Search:ASIAI0B)
Imported 'GUID: 0e79c0fbcc6ffc642834ff60779ad086' -> (Import Result ID: '918a71b78386d44da6f976ac254c53bf') in 0.004 seconds [static and dynamic dependencies]. Details - ImportResultOutputID=66325a2cd292ccc8c15cebc2fe9cb464 DependenciesID=a3ec8d4a569d86deb98af88a69c6ebda StaticDependenciesID=f7b763d724cdd8e249038d50485d5505 
Number of updated asset objects reloaded before import = 0
Number of asset objects unloaded after import = 1
========================================================================
Received Import Request.
  Time of request: 2026-09-18T17:31:53.0924608Z
  Time since last request: 0.0003182 seconds.
  importAddress: GUID: 3302065f671a8450b82c9ddf07426f3a - Path: Packages/com.unity.render-pipelines.universal/Textures/BlueNoise256/LDR_LLL1_5.png - Importer: ScriptedImporter/UnityEditor.QuickSearchModule:UnityEditor.Search:ASIAI0B
Importing 'GUID: 3302065f671a8450b82c9ddf07426f3a - Path: Packages/com.unity.render-pipelines.universal/Textures/BlueNoise256/LDR_LLL1_5.png - Importer: ScriptedImporter/UnityEditor.QuickSearchModule:UnityEditor.Search:ASIAI0B' with importer (ScriptedImporter : UnityEditor.QuickSearchModule:UnityEditor.Search:ASIAI0B)
Imported 'GUID: 3302065f671a8450b82c9ddf07426f3a' -> (Import Result ID: 'fa3d6bf455f3bfcf9bd0658261d1c4dc') in 0.007 seconds [static and dynamic dependencies]. Details - ImportResultOutputID=75427ec451ab7f2a6e984f93fc2630a3 DependenciesID=a8609e86dca461024e93c0326e6550c2 StaticDependenciesID=ce9ef0bb63d5789aeb5598c03ba7af88 
Number of updated asset objects reloaded before import = 0
Number of asset objects unloaded after import = 1
========================================================================
Received Import Request.
  Time of request: 2026-09-18T17:31:53.1181263Z
  Time since last request: 0.0002329 seconds.
  importAddress: GUID: 67e3e0cfa0204244683a6c506307f311 - Path: Packages/com.unity.render-pipelines.universal/Shaders/Utils/Universal2D.hlsl - Importer: ScriptedImporter/UnityEditor.QuickSearchModule:UnityEditor.Search:ASIAI0B
Importing 'GUID: 67e3e0cfa0204244683a6c506307f311 - Path: Packages/com.unity.render-pipelines.universal/Shaders/Utils/Universal2D.hlsl - Importer: ScriptedImporter/UnityEditor.QuickSearchModule:UnityEditor.Search:ASIAI0B' with importer (ScriptedImporter : UnityEditor.QuickSearchModule:UnityEditor.Search:ASIAI0B)
Imported 'GUID: 67e3e0cfa0204244683a6c506307f311' -> (Import Result ID: 'aaf7ea63b1628c5dcea0fc556fe1d631') in 0.002 seconds [static and dynamic dependencies]. Details - ImportResultOutputID=5eca9ab82a607bb74af21d20231e9fdc DependenciesID=aeda3629899428ac7b5bb4c9140f7631 StaticDependenciesID=4b955baa12e78fcc72fba5feb3f95414 
Number of updated asset objects reloaded before import = 0
Number of asset objects unloaded after import = 1
========================================================================
Received Import Request.
  Time of request: 2026-09-18T17:31:53.1388855Z
  Time since last request: 0.0003067 seconds.
  importAddress: GUID: 4c477f36e726e48d986eb1c7d1281549 - Path: Packages/com.unity.render-pipelines.universal/Tests/Editor/ScriptTemplateTests.cs - Importer: ScriptedImporter/UnityEditor.QuickSearchModule:UnityEditor.Search:ASIAI0B
Importing 'GUID: 4c477f36e726e48d986eb1c7d1281549 - Path: Packages/com.unity.render-pipelines.universal/Tests/Editor/ScriptTemplateTests.cs - Importer: ScriptedImporter/UnityEditor.QuickSearchModule:UnityEditor.Search:ASIAI0B' with importer (ScriptedImporter : UnityEditor.QuickSearchModule:UnityEditor.Search:ASIAI0B)
Imported 'GUID: 4c477f36e726e48d986eb1c7d1281549' -> (Import Result ID: 'b2919c7b099bf24c7e8d80ca611ffec1') in 0.003 seconds [static and dynamic dependencies]. Details - ImportResultOutputID=a91a2914169dcc388bc4e39ba820f0d1 DependenciesID=044dbe52baa9f13c14dc2154c31fab32 StaticDependenciesID=dbe8fab21655f395454250d7f5390fc9 
Number of updated asset objects reloaded before import = 0
Number of asset objects unloaded after import = 0
========================================================================
Received Import Request.
  Time of request: 2026-09-18T17:31:53.1606864Z
  Time since last request: 0.0003088 seconds.
  importAddress: GUID: 6a71f4ac0efe4c4b952be60885c37082 - Path: Packages/com.unity.render-pipelines.universal/Tests/Editor/FilmGrainResourcesStripperTests.cs - Importer: ScriptedImporter/UnityEditor.QuickSearchModule:UnityEditor.Search:ASIAI0B
Importing 'GUID: 6a71f4ac0efe4c4b952be60885c37082 - Path: Packages/com.unity.render-pipelines.universal/Tests/Editor/FilmGrainResourcesStripperTests.cs - Importer: ScriptedImporter/UnityEditor.QuickSearchModule:UnityEditor.Search:ASIAI0B' with importer (ScriptedImporter : UnityEditor.QuickSearchModule:UnityEditor.Search:ASIAI0B)
Imported 'GUID: 6a71f4ac0efe4c4b952be60885c37082' -> (Import Result ID: '91a69f852fd4edae5cf4a81ef9248699') in 0.004 seconds [static and dynamic dependencies]. Details - ImportResultOutputID=5c400eaf6d2dbe4567c2b2b33f585602 DependenciesID=a8eb6eee35464e222ceaa54c278a9857 StaticDependenciesID=e5778e0430a1874254df138d36f7d9a8 
Number of updated asset objects reloaded before import = 0
Number of asset objects unloaded after import = 0
========================================================================
Received Import Request.
  Time of request: 2026-09-18T17:31:53.1832154Z
  Time since last request: 0.000146 seconds.
  importAddress: GUID: 27afde9fbf110b740bc75164f58d4f21 - Path: Packages/com.unity.render-pipelines.universal/Tests/Runtime/Light2DTests.cs - Importer: ScriptedImporter/UnityEditor.QuickSearchModule:UnityEditor.Search:ASIAI0B
Importing 'GUID: 27afde9fbf110b740bc75164f58d4f21 - Path: Packages/com.unity.render-pipelines.universal/Tests/Runtime/Light2DTests.cs - Importer: ScriptedImporter/UnityEditor.QuickSearchModule:UnityEditor.Search:ASIAI0B' with importer (ScriptedImporter : UnityEditor.QuickSearchModule:UnityEditor.Search:ASIAI0B)
Imported 'GUID: 27afde9fbf110b740bc75164f58d4f21' -> (Import Result ID: '9d7a37ccdcee70b52311b278f704e8c8') in 0.003 seconds [static and dynamic dependencies]. Details - ImportResultOutputID=657e7ac7611cc7a875eddaabe315e560 DependenciesID=0196b567f5be7882a1d9070e17d22b5f StaticDependenciesID=f65d3b6c18cd4ad7f13e1b1b06c2f1d3 
Number of updated asset objects reloaded before import = 0
Number of asset objects unloaded after import = 0
========================================================================
Received Import Request.
  Time of request: 2026-09-18T17:31:53.2047998Z
  Time since last request: 0.0002884 seconds.
  importAddress: GUID: 573a6c03a0cb85549bc135c9832138b2 - Path: Packages/com.unity.render-pipelines.universal/Tests/Editor/ShaderScriptableStripperTests.cs - Importer: ScriptedImporter/UnityEditor.QuickSearchModule:UnityEditor.Search:ASIAI0B
Importing 'GUID: 573a6c03a0cb85549bc135c9832138b2 - Path: Packages/com.unity.render-pipelines.universal/Tests/Editor/ShaderScriptableStripperTests.cs - Importer: ScriptedImporter/UnityEditor.QuickSearchModule:UnityEditor.Search:ASIAI0B' with importer (ScriptedImporter : UnityEditor.QuickSearchModule:UnityEditor.Search:ASIAI0B)
Imported 'GUID: 573a6c03a0cb85549bc135c9832138b2' -> (Import Result ID: '0e2f12cefb8e8eefd48158d8559da710') in 0.002 seconds [static and dynamic dependencies]. Details - ImportResultOutputID=45f723d2a41448c75213f26ef48945b6 DependenciesID=628e2444c7d71a5ebf0f44bcb251876c StaticDependenciesID=0ea6713643ff645a35baf97fea1fd79e 
Number of updated asset objects reloaded before import = 0
Number of asset objects unloaded after import = 0
========================================================================
Received Import Request.
  Time of request: 2026-09-18T17:31:53.2260769Z
  Time since last request: 0.0003242 seconds.
  importAddress: GUID: fd2fd78b392986e42a12df2177d3b89c - Path: Packages/com.unity.render-pipelines.universal/Textures/FilmGrain/Large01.png - Importer: ScriptedImporter/UnityEditor.QuickSearchModule:UnityEditor.Search:ASIAI0B
Importing 'GUID: fd2fd78b392986e42a12df2177d3b89c - Path: Packages/com.unity.render-pipelines.universal/Textures/FilmGrain/Large01.png - Importer: ScriptedImporter/UnityEditor.QuickSearchModule:UnityEditor.Search:ASIAI0B' with importer (ScriptedImporter : UnityEditor.QuickSearchModule:UnityEditor.Search:ASIAI0B)
Imported 'GUID: fd2fd78b392986e42a12df2177d3b89c' -> (Import Result ID: '2fef48893c86152289412df1f7a0e0c0') in 0.007 seconds [static and dynamic dependencies]. Details - ImportResultOutputID=4dfda68d1e409c573ed4bb3f24737d93 DependenciesID=d7aa5420cf121ae679f68b6712106cbb StaticDependenciesID=47eafdcad0a6c34854bf1c4851290600 
Number of updated asset objects reloaded before import = 0
Number of asset objects unloaded after import = 1
========================================================================
Received Import Request.
  Time of request: 2026-09-18T17:31:53.2645071Z
  Time since last request: 0.0122203 seconds.
  importAddress: GUID: a58fea03b14b2be4295b11f21a57a6f7 - Path: Packages/com.unity.render-pipelines.universal/Editor/2D/Resources/LightCapUp.png - Importer: ScriptedImporter/UnityEditor.QuickSearchModule:UnityEditor.Search:ASIAI0B
Importing 'GUID: a58fea03b14b2be4295b11f21a57a6f7 - Path: Packages/com.unity.render-pipelines.universal/Editor/2D/Resources/LightCapUp.png - Importer: ScriptedImporter/UnityEditor.QuickSearchModule:UnityEditor.Search:ASIAI0B' with importer (ScriptedImporter : UnityEditor.QuickSearchModule:UnityEditor.Search:ASIAI0B)
Imported 'GUID: a58fea03b14b2be4295b11f21a57a6f7' -> (Import Result ID: '4d726d8e083de5063e4ad072e96aa887') in 0.008 seconds [static and dynamic dependencies]. Details - ImportResultOutputID=d0d4b67ef92cb63b529102fc07e46c32 DependenciesID=476addd8c87c00997296d83e9b2747e7 StaticDependenciesID=c6318e573797e069ad668051b71bcad9 
Number of updated asset objects reloaded before import = 0
Number of asset objects unloaded after import = 1
========================================================================
Received Import Request.
  Time of request: 2026-09-18T17:31:53.2916038Z
  Time since last request: 0.0002706 seconds.
  importAddress: GUID: 02232385c7b444348987d74db8dd7b2e - Path: Packages/com.unity.render-pipelines.universal/Editor/2D/Resources/LightCapDown.png - Importer: ScriptedImporter/UnityEditor.QuickSearchModule:UnityEditor.Search:ASIAI0B
Importing 'GUID: 02232385c7b444348987d74db8dd7b2e - Path: Packages/com.unity.render-pipelines.universal/Editor/2D/Resources/LightCapDown.png - Importer: ScriptedImporter/UnityEditor.QuickSearchModule:UnityEditor.Search:ASIAI0B' with importer (ScriptedImporter : UnityEditor.QuickSearchModule:UnityEditor.Search:ASIAI0B)
Imported 'GUID: 02232385c7b444348987d74db8dd7b2e' -> (Import Result ID: '61b4962fffd180c35e639e28c9bc50c1') in 0.007 seconds [static and dynamic dependencies]. Details - ImportResultOutputID=23ca07756474b3d6e072f1a458bf73be DependenciesID=8009b1d328bcf18a3953859dcf85429c StaticDependenciesID=5658c7bb558950e6b804d436f3b827b9 
Number of updated asset objects reloaded before import = 0
Number of asset objects unloaded after import = 1
========================================================================
Received Import Request.
  Time of request: 2026-09-18T17:31:53.3177221Z
  Time since last request: 0.0002912 seconds.
  importAddress: GUID: 92f845725428c954b878da352f657fe5 - Path: Packages/com.unity.render-pipelines.universal/Editor/SceneTemplates/Materials/Emissive.mat - Importer: ScriptedImporter/UnityEditor.QuickSearchModule:UnityEditor.Search:ASIAI0B
Importing 'GUID: 92f845725428c954b878da352f657fe5 - Path: Packages/com.unity.render-pipelines.universal/Editor/SceneTemplates/Materials/Emissive.mat - Importer: ScriptedImporter/UnityEditor.QuickSearchModule:UnityEditor.Search:ASIAI0B' with importer (ScriptedImporter : UnityEditor.QuickSearchModule:UnityEditor.Search:ASIAI0B)
Imported 'GUID: 92f845725428c954b878da352f657fe5' -> (Import Result ID: '8b13a2c9997f408e0957e007da17956c') in 0.010 seconds [static and dynamic dependencies]. Details - ImportResultOutputID=bc82d10274f2d20ac621f6746c7cc93d DependenciesID=06619aa2d8ec4bc89211a645d30bca11 StaticDependenciesID=c58fbb4e67ba79314bd4a63b21c24a28 
Number of updated asset objects reloaded before import = 0
Number of asset objects unloaded after import = 2
========================================================================
Received Import Request.
  Time of request: 2026-09-18T17:31:53.3485461Z
  Time since last request: 0.0018616 seconds.
  importAddress: GUID: afa2d039a61b9a44ab0eb7f1c138af34 - Path: Packages/com.unity.render-pipelines.universal/Editor/SceneTemplates/Indoors/GlobalVolumeProfile.asset - Importer: ScriptedImporter/UnityEditor.QuickSearchModule:UnityEditor.Search:ASIAI0B
Importing 'GUID: afa2d039a61b9a44ab0eb7f1c138af34 - Path: Packages/com.unity.render-pipelines.universal/Editor/SceneTemplates/Indoors/GlobalVolumeProfile.asset - Importer: ScriptedImporter/UnityEditor.QuickSearchModule:UnityEditor.Search:ASIAI0B' with importer (ScriptedImporter : UnityEditor.QuickSearchModule:UnityEditor.Search:ASIAI0B)
Imported 'GUID: afa2d039a61b9a44ab0eb7f1c138af34' -> (Import Result ID: '856cd0bbf83b7dd1300e15a50931be16') in 0.006 seconds [static and dynamic dependencies]. Details - ImportResultOutputID=195a858f52bff2d3ff8f06fe6b80aa85 DependenciesID=fae1116d11ec8d800c43cd22ce5bd443 StaticDependenciesID=85911e19d0cc8ef3f738e3182390a691 
Number of updated asset objects reloaded before import = 0
Number of asset objects unloaded after import = 6
========================================================================
Received Import Request.
  Time of request: 2026-09-18T17:31:53.3739408Z
  Time since last request: 0.000312 seconds.
  importAddress: GUID: 7f54b2764826949c192810bd3944abcc - Path: Packages/com.unity.render-pipelines.universal/Editor/2D/LightBatchingDebugger/LightBatchingDebugger.uxml - Importer: ScriptedImporter/UnityEditor.QuickSearchModule:UnityEditor.Search:ASIAI0B
Importing 'GUID: 7f54b2764826949c192810bd3944abcc - Path: Packages/com.unity.render-pipelines.universal/Editor/2D/LightBatchingDebugger/LightBatchingDebugger.uxml - Importer: ScriptedImporter/UnityEditor.QuickSearchModule:UnityEditor.Search:ASIAI0B' with importer (ScriptedImporter : UnityEditor.QuickSearchModule:UnityEditor.Search:ASIAI0B)
Imported 'GUID: 7f54b2764826949c192810bd3944abcc' -> (Import Result ID: 'f0ba53c2d4d1e8f924dbc36f657dd245') in 0.020 seconds [static and dynamic dependencies]. Details - ImportResultOutputID=46da35ee949720209a7832e3a61070f0 DependenciesID=da946898dc38cf4164ffc968ad05431d StaticDependenciesID=4d1cfbf25a849e8d3aabaa19d0fbfa41 
Number of updated asset objects reloaded before import = 0
Number of asset objects unloaded after import = 3
========================================================================
Received Import Request.
  Time of request: 2026-09-18T17:31:53.4145175Z
  Time since last request: 0.0002537 seconds.
  importAddress: GUID: 510a2f57334933e4a8dbabe4c30204e4 - Path: Packages/com.unity.render-pipelines.universal/Textures/FilmGrain/Medium05.png - Importer: ScriptedImporter/UnityEditor.QuickSearchModule:UnityEditor.Search:ASIAI0B
Importing 'GUID: 510a2f57334933e4a8dbabe4c30204e4 - Path: Packages/com.unity.render-pipelines.universal/Textures/FilmGrain/Medium05.png - Importer: ScriptedImporter/UnityEditor.QuickSearchModule:UnityEditor.Search:ASIAI0B' with importer (ScriptedImporter : UnityEditor.QuickSearchModule:UnityEditor.Search:ASIAI0B)
Imported 'GUID: 510a2f57334933e4a8dbabe4c30204e4' -> (Import Result ID: 'c2d9121b4140552e1659b24cbfb74822') in 0.009 seconds [static and dynamic dependencies]. Details - ImportResultOutputID=0e4119dcbbe3c5d28e7fdfde98cc830d DependenciesID=1b53a51d2433c83ce2a1165638fdf987 StaticDependenciesID=5a22a9cd831d121cb6201d65b42b254d 
Number of updated asset objects reloaded before import = 0
Number of asset objects unloaded after import = 1
========================================================================
Received Import Request.
  Time of request: 2026-09-18T17:31:53.4426168Z
  Time since last request: 0.0003198 seconds.
  importAddress: GUID: 108e201829ab4214383a5467adbc0086 - Path: Packages/com.unity.render-pipelines.universal/Editor/2D/Resources/LightCapBottomRight.png - Importer: ScriptedImporter/UnityEditor.QuickSearchModule:UnityEditor.Search:ASIAI0B
Importing 'GUID: 108e201829ab4214383a5467adbc0086 - Path: Packages/com.unity.render-pipelines.universal/Editor/2D/Resources/LightCapBottomRight.png - Importer: ScriptedImporter/UnityEditor.QuickSearchModule:UnityEditor.Search:ASIAI0B' with importer (ScriptedImporter : UnityEditor.QuickSearchModule:UnityEditor.Search:ASIAI0B)
Imported 'GUID: 108e201829ab4214383a5467adbc0086' -> (Import Result ID: '048970ddb73eb7038e0677f26098dce1') in 0.008 seconds [static and dynamic dependencies]. Details - ImportResultOutputID=d79ba95f9bad023b3129645bf6ae6187 DependenciesID=7d5317314a1c3f2003257e78a0bdb772 StaticDependenciesID=f42a007770425a11837c8dff241d6a6c 
Number of updated asset objects reloaded before import = 0
Number of asset objects unloaded after import = 1
========================================================================
Received Import Request.
  Time of request: 2026-09-18T17:31:53.470363Z
  Time since last request: 0.0002913 seconds.
  importAddress: GUID: 7dac6048e6e7a4747ad93c64661d3faf - Path: Packages/com.unity.render-pipelines.universal/Editor/2D/Overrides/SortingGroupEditor2DURP.cs - Importer: ScriptedImporter/UnityEditor.QuickSearchModule:UnityEditor.Search:ASIAI0B
Importing 'GUID: 7dac6048e6e7a4747ad93c64661d3faf - Path: Packages/com.unity.render-pipelines.universal/Editor/2D/Overrides/SortingGroupEditor2DURP.cs - Importer: ScriptedImporter/UnityEditor.QuickSearchModule:UnityEditor.Search:ASIAI0B' with importer (ScriptedImporter : UnityEditor.QuickSearchModule:UnityEditor.Search:ASIAI0B)
Imported 'GUID: 7dac6048e6e7a4747ad93c64661d3faf' -> (Import Result ID: '1895e9d8f064f8fd931c0541443bc79b') in 0.003 seconds [static and dynamic dependencies]. Details - ImportResultOutputID=859d04a4f7d17ea0698ff95f8da7e8ff DependenciesID=474da474776c853fdc1f0112f877d891 StaticDependenciesID=278e8bad3e42644313a27274f3afe726 
Number of updated asset objects reloaded before import = 0
Number of asset objects unloaded after import = 0
========================================================================
Received Import Request.
  Time of request: 2026-09-18T17:31:53.4927774Z
  Time since last request: 0.000348 seconds.
  importAddress: GUID: 3f0281a9a104946b4b845f0338560878 - Path: Packages/com.unity.render-pipelines.universal/Editor/2D/LightBatchingDebugger/LightBatchingDebugger.cs - Importer: ScriptedImporter/UnityEditor.QuickSearchModule:UnityEditor.Search:ASIAI0B
Importing 'GUID: 3f0281a9a104946b4b845f0338560878 - Path: Packages/com.unity.render-pipelines.universal/Editor/2D/LightBatchingDebugger/LightBatchingDebugger.cs - Importer: ScriptedImporter/UnityEditor.QuickSearchModule:UnityEditor.Search:ASIAI0B' with importer (ScriptedImporter : UnityEditor.QuickSearchModule:UnityEditor.Search:ASIAI0B)
Imported 'GUID: 3f0281a9a104946b4b845f0338560878' -> (Import Result ID: 'b73ecc5a19a2e00fe66052479fc4a27a') in 0.003 seconds [static and dynamic dependencies]. Details - ImportResultOutputID=7c3c08772b4d52ae244e2ab8c70d93a8 DependenciesID=7de68fd69c3bfc7f0f5a66d88adf66de StaticDependenciesID=4f08ccd669b3bcf9e4c4b7c73823aada 
Number of updated asset objects reloaded before import = 0
Number of asset objects unloaded after import = 0
========================================================================
Received Import Request.
  Time of request: 2026-09-18T17:31:53.5151112Z
  Time since last request: 0.0003245 seconds.
  importAddress: GUID: b4db8180660810945bf8d55ab44352ad - Path: Packages/com.unity.render-pipelines.universal/Textures/FilmGrain/Medium06.png - Importer: ScriptedImporter/UnityEditor.QuickSearchModule:UnityEditor.Search:ASIAI0B
Importing 'GUID: b4db8180660810945bf8d55ab44352ad - Path: Packages/com.unity.render-pipelines.universal/Textures/FilmGrain/Medium06.png - Importer: ScriptedImporter/UnityEditor.QuickSearchModule:UnityEditor.Search:ASIAI0B' with importer (ScriptedImporter : UnityEditor.QuickSearchModule:UnityEditor.Search:ASIAI0B)
Imported 'GUID: b4db8180660810945bf8d55ab44352ad' -> (Import Result ID: '13a2f48684e56afcf22fd8dbf6e1cb19') in 0.007 seconds [static and dynamic dependencies]. Details - ImportResultOutputID=131c84060457e995098d1633bc7377bd DependenciesID=50f68317bb76e29160a4ec2cff1e3520 StaticDependenciesID=f8e441b5c229b84fd3c51b83684b39f4 
Number of updated asset objects reloaded before import = 0
Number of asset objects unloaded after import = 1
========================================================================
Received Import Request.
  Time of request: 2026-09-18T17:31:53.5415231Z
  Time since last request: 0.0002824 seconds.
  importAddress: GUID: 4d81aa6b4f52f5a46a02e0957a23f550 - Path: Packages/com.unity.render-pipelines.universal/Editor/2D/Converter/URP2DConverterUtility.cs - Importer: ScriptedImporter/UnityEditor.QuickSearchModule:UnityEditor.Search:ASIAI0B
Importing 'GUID: 4d81aa6b4f52f5a46a02e0957a23f550 - Path: Packages/com.unity.render-pipelines.universal/Editor/2D/Converter/URP2DConverterUtility.cs - Importer: ScriptedImporter/UnityEditor.QuickSearchModule:UnityEditor.Search:ASIAI0B' with importer (ScriptedImporter : UnityEditor.QuickSearchModule:UnityEditor.Search:ASIAI0B)
Imported 'GUID: 4d81aa6b4f52f5a46a02e0957a23f550' -> (Import Result ID: 'f68539e3697e5a9b62d2c9933570df76') in 0.002 seconds [static and dynamic dependencies]. Details - ImportResultOutputID=fd4adbc113b5dba069bd9b7e4a16faf1 DependenciesID=d3425538fe416edcc5c08b06e5e00f97 StaticDependenciesID=c770224df41daa6684cb8ab8c29f21f8 
Number of updated asset objects reloaded before import = 0
Number of asset objects unloaded after import = 0
========================================================================
Received Import Request.
  Time of request: 2026-09-18T17:31:53.5632292Z
  Time since last request: 0.0002862 seconds.
  importAddress: GUID: f4f779c88fa8c514d970afbd68ff6b3f - Path: Packages/com.unity.render-pipelines.universal/Editor/2D/Resources/LightCapTopLeft.png - Importer: ScriptedImporter/UnityEditor.QuickSearchModule:UnityEditor.Search:ASIAI0B
Importing 'GUID: f4f779c88fa8c514d970afbd68ff6b3f - Path: Packages/com.unity.render-pipelines.universal/Editor/2D/Resources/LightCapTopLeft.png - Importer: ScriptedImporter/UnityEditor.QuickSearchModule:UnityEditor.Search:ASIAI0B' with importer (ScriptedImporter : UnityEditor.QuickSearchModule:UnityEditor.Search:ASIAI0B)
Imported 'GUID: f4f779c88fa8c514d970afbd68ff6b3f' -> (Import Result ID: 'b2c91d9a8b8ef0a39a27896d1cfc4b5f') in 0.008 seconds [static and dynamic dependencies]. Details - ImportResultOutputID=b2a8346abad2ef95836e1e192ee054d4 DependenciesID=51e4b9e48ed8099f02f9c12790a4806c StaticDependenciesID=785ea94884d339171e1a628913f6ab7a 
Number of updated asset objects reloaded before import = 0
Number of asset objects unloaded after import = 1
========================================================================
Received Import Request.
  Time of request: 2026-09-18T17:31:53.5902382Z
  Time since last request: 0.0002825 seconds.
  importAddress: GUID: 7ff48272166a7b6439b6945d39d51766 - Path: Packages/com.unity.render-pipelines.universal/Editor/2D/Converter/PhotoshopAssetsUpgrader.cs - Importer: ScriptedImporter/UnityEditor.QuickSearchModule:UnityEditor.Search:ASIAI0B
Importing 'GUID: 7ff48272166a7b6439b6945d39d51766 - Path: Packages/com.unity.render-pipelines.universal/Editor/2D/Converter/PhotoshopAssetsUpgrader.cs - Importer: ScriptedImporter/UnityEditor.QuickSearchModule:UnityEditor.Search:ASIAI0B' with importer (ScriptedImporter : UnityEditor.QuickSearchModule:UnityEditor.Search:ASIAI0B)
Imported 'GUID: 7ff48272166a7b6439b6945d39d51766' -> (Import Result ID: '1ba25df361f20c1a1a7d57c3d3da7659') in 0.003 seconds [static and dynamic dependencies]. Details - ImportResultOutputID=dba284657687d688085621da2a3e5fea DependenciesID=de881948073ade731e529944f29ef4dd StaticDependenciesID=0f4cf68a5c57a0d6c50dde597a2386df 
Number of updated asset objects reloaded before import = 0
Number of asset objects unloaded after import = 0
========================================================================
Received Import Request.
  Time of request: 2026-09-18T17:31:53.6124761Z
  Time since last request: 0.0002985 seconds.
  importAddress: GUID: fd5cb3dd3de574f1585db92b6689f86a - Path: Packages/com.unity.render-pipelines.universal/Editor/2D/LightBatchingDebugger/LightBatchingDebugger.uss - Importer: ScriptedImporter/UnityEditor.QuickSearchModule:UnityEditor.Search:ASIAI0B
Importing 'GUID: fd5cb3dd3de574f1585db92b6689f86a - Path: Packages/com.unity.render-pipelines.universal/Editor/2D/LightBatchingDebugger/LightBatchingDebugger.uss - Importer: ScriptedImporter/UnityEditor.QuickSearchModule:UnityEditor.Search:ASIAI0B' with importer (ScriptedImporter : UnityEditor.QuickSearchModule:UnityEditor.Search:ASIAI0B)
Imported 'GUID: fd5cb3dd3de574f1585db92b6689f86a' -> (Import Result ID: '7218209d929e086154f0acfc09cf5b16') in 0.010 seconds [static and dynamic dependencies]. Details - ImportResultOutputID=f77fc1a581cb5edb7c641ae1cc92db9b DependenciesID=2d08ade8ee70122186eac17d1f538795 StaticDependenciesID=a00a723a0150c3bd6bdc622eff2a6e11 
Number of updated asset objects reloaded before import = 0
Number of asset objects unloaded after import = 1
========================================================================
Received Import Request.
  Time of request: 2026-09-18T17:31:53.6426725Z
  Time since last request: 0.0002502 seconds.
  importAddress: GUID: fb7e2c1cde476854fb7067dcca74511a - Path: Packages/com.unity.render-pipelines.universal/Editor/2D/Resources/LightCapBottomLeft.png - Importer: ScriptedImporter/UnityEditor.QuickSearchModule:UnityEditor.Search:ASIAI0B
Importing 'GUID: fb7e2c1cde476854fb7067dcca74511a - Path: Packages/com.unity.render-pipelines.universal/Editor/2D/Resources/LightCapBottomLeft.png - Importer: ScriptedImporter/UnityEditor.QuickSearchModule:UnityEditor.Search:ASIAI0B' with importer (ScriptedImporter : UnityEditor.QuickSearchModule:UnityEditor.Search:ASIAI0B)
Imported 'GUID: fb7e2c1cde476854fb7067dcca74511a' -> (Import Result ID: 'c83d71e487c9686a630d0f088c0a00e8') in 0.009 seconds [static and dynamic dependencies]. Details - ImportResultOutputID=24cb0136860df5fa4f314b0e2d7ce177 DependenciesID=f826dd135bef95af94ebd8589ba0baf3 StaticDependenciesID=428cf216b08e8c7ad17f4d3e0d5259cb 
Number of updated asset objects reloaded before import = 0
Number of asset objects unloaded after import = 1
========================================================================
Received Import Request.
  Time of request: 2026-09-18T17:31:53.6715722Z
  Time since last request: 0.0002913 seconds.
  importAddress: GUID: d1f1048909d55cd4fa1126ab998f617e - Path: Packages/com.unity.render-pipelines.universal/Textures/SMAA/AreaTex.tga - Importer: ScriptedImporter/UnityEditor.QuickSearchModule:UnityEditor.Search:ASIAI0B
Importing 'GUID: d1f1048909d55cd4fa1126ab998f617e - Path: Packages/com.unity.render-pipelines.universal/Textures/SMAA/AreaTex.tga - Importer: ScriptedImporter/UnityEditor.QuickSearchModule:UnityEditor.Search:ASIAI0B' with importer (ScriptedImporter : UnityEditor.QuickSearchModule:UnityEditor.Search:ASIAI0B)
Imported 'GUID: d1f1048909d55cd4fa1126ab998f617e' -> (Import Result ID: 'd69ff3566aafe0337a63a2ad74a513fd') in 0.008 seconds [static and dynamic dependencies]. Details - ImportResultOutputID=0aa9bc4de3143d86f30b0f96ef700c96 DependenciesID=864e0b59680e71acdf2715b99b587277 StaticDependenciesID=3d91e26de43d0d427f99b3875059d89a 
Number of updated asset objects reloaded before import = 0
Number of asset objects unloaded after import = 1
========================================================================
Received Import Request.
  Time of request: 2026-09-18T17:31:53.6988498Z
  Time since last request: 0.0003831 seconds.
  importAddress: GUID: 754a67c6d4788447895a4349508b2f37 - Path: Packages/com.unity.render-pipelines.universal/Editor/2D/LightBatchingDebugger/LayerBatch.uxml - Importer: ScriptedImporter/UnityEditor.QuickSearchModule:UnityEditor.Search:ASIAI0B
Importing 'GUID: 754a67c6d4788447895a4349508b2f37 - Path: Packages/com.unity.render-pipelines.universal/Editor/2D/LightBatchingDebugger/LayerBatch.uxml - Importer: ScriptedImporter/UnityEditor.QuickSearchModule:UnityEditor.Search:ASIAI0B' with importer (ScriptedImporter : UnityEditor.QuickSearchModule:UnityEditor.Search:ASIAI0B)
Imported 'GUID: 754a67c6d4788447895a4349508b2f37' -> (Import Result ID: '828a250c8ac5dda2d70962bc4c953aed') in 0.007 seconds [static and dynamic dependencies]. Details - ImportResultOutputID=8b2379930384786285e370d7db4733d7 DependenciesID=ccfbb5b3ad0413dbe2131d48116223b7 StaticDependenciesID=16e2a53755047b2413d73bfd2b7789b4 
Number of updated asset objects reloaded before import = 0
Number of asset objects unloaded after import = 3
========================================================================
Received Import Request.
  Time of request: 2026-09-18T17:31:53.7275578Z
  Time since last request: 0.000279 seconds.
  importAddress: GUID: 5baecaac191c29b4588b13e6c63bc1b0 - Path: Packages/com.unity.render-pipelines.universal/Editor/2D/Converter/URP3DToURP2DReadonlyMaterialConverter.cs - Importer: ScriptedImporter/UnityEditor.QuickSearchModule:UnityEditor.Search:ASIAI0B
Importing 'GUID: 5baecaac191c29b4588b13e6c63bc1b0 - Path: Packages/com.unity.render-pipelines.universal/Editor/2D/Converter/URP3DToURP2DReadonlyMaterialConverter.cs - Importer: ScriptedImporter/UnityEditor.QuickSearchModule:UnityEditor.Search:ASIAI0B' with importer (ScriptedImporter : UnityEditor.QuickSearchModule:UnityEditor.Search:ASIAI0B)
Imported 'GUID: 5baecaac191c29b4588b13e6c63bc1b0' -> (Import Result ID: '3ad2dbe5abf92301bd205d971bbe4d1a') in 0.003 seconds [static and dynamic dependencies]. Details - ImportResultOutputID=9b8f0d0a6c3ab4a16094fcf7d9cf1740 DependenciesID=928d6e0feaee9dc5450ed0c05ea76bc7 StaticDependenciesID=7a4ce439935ba7bd9a9fd5ac5fc0cbb7 
Number of updated asset objects reloaded before import = 0
Number of asset objects unloaded after import = 0
========================================================================
Received Import Request.
  Time of request: 2026-09-18T17:31:53.7509422Z
  Time since last request: 0.0004454 seconds.
  importAddress: GUID: 0d0f817524897904ba47a6a1d55e7668 - Path: Packages/com.unity.render-pipelines.universal/Editor/Overrides/Shaders/CurveBackground.shader - Importer: ScriptedImporter/UnityEditor.QuickSearchModule:UnityEditor.Search:ASIAI0B
Importing 'GUID: 0d0f817524897904ba47a6a1d55e7668 - Path: Packages/com.unity.render-pipelines.universal/Editor/Overrides/Shaders/CurveBackground.shader - Importer: ScriptedImporter/UnityEditor.QuickSearchModule:UnityEditor.Search:ASIAI0B' with importer (ScriptedImporter : UnityEditor.QuickSearchModule:UnityEditor.Search:ASIAI0B)
Imported 'GUID: 0d0f817524897904ba47a6a1d55e7668' -> (Import Result ID: '551962b7aebbbcef7e0faf7493f73cdd') in 0.003 seconds [static and dynamic dependencies]. Details - ImportResultOutputID=2ad591552950bd5ab86747f7db1b5f7e DependenciesID=3e4f4703a61e6151b3dc3a1883372016 StaticDependenciesID=4360025de9bde240417e6f0f78c66b7a 
Number of updated asset objects reloaded before import = 0
Number of asset objects unloaded after import = 1
========================================================================
Received Import Request.
  Time of request: 2026-09-18T17:31:53.800874Z
  Time since last request: 0.0281195 seconds.
  importAddress: GUID: d6c78107b64145745805d963de80cc17 - Path: Packages/com.unity.render-pipelines.universal/Editor/ShaderGraph/Targets/UniversalLitSubTarget.cs - Importer: ScriptedImporter/UnityEditor.QuickSearchModule:UnityEditor.Search:ASIAI0B
Importing 'GUID: d6c78107b64145745805d963de80cc17 - Path: Packages/com.unity.render-pipelines.universal/Editor/ShaderGraph/Targets/UniversalLitSubTarget.cs - Importer: ScriptedImporter/UnityEditor.QuickSearchModule:UnityEditor.Search:ASIAI0B' with importer (ScriptedImporter : UnityEditor.QuickSearchModule:UnityEditor.Search:ASIAI0B)
Imported 'GUID: d6c78107b64145745805d963de80cc17' -> (Import Result ID: '64c2429e7294606d7b5a7cae7ee6fe13') in 0.003 seconds [static and dynamic dependencies]. Details - ImportResultOutputID=6d404bc05c3ac943e9de9a87a0a8190d DependenciesID=eb7289bf2861068c8acaa750d7fc267b StaticDependenciesID=d45f1830012a020a7120ba6fe5a9af87 
Number of updated asset objects reloaded before import = 0
Number of asset objects unloaded after import = 0
========================================================================
Received Import Request.
  Time of request: 2026-09-18T17:31:53.8235242Z
  Time since last request: 0.0002335 seconds.
  importAddress: GUID: 4f183ca0bce4b844b8b2b26d1a18159c - Path: Packages/com.unity.render-pipelines.universal/Editor/ShaderGraph/Includes/UITKPass.hlsl - Importer: ScriptedImporter/UnityEditor.QuickSearchModule:UnityEditor.Search:ASIAI0B
Importing 'GUID: 4f183ca0bce4b844b8b2b26d1a18159c - Path: Packages/com.unity.render-pipelines.universal/Editor/ShaderGraph/Includes/UITKPass.hlsl - Importer: ScriptedImporter/UnityEditor.QuickSearchModule:UnityEditor.Search:ASIAI0B' with importer (ScriptedImporter : UnityEditor.QuickSearchModule:UnityEditor.Search:ASIAI0B)
Imported 'GUID: 4f183ca0bce4b844b8b2b26d1a18159c' -> (Import Result ID: 'be15c09962305b1259852b95d8b3fee6') in 0.002 seconds [static and dynamic dependencies]. Details - ImportResultOutputID=c8ed5b358f01b96dedc069138393be44 DependenciesID=86501005480ce7913a3a7ee1d7684f0a StaticDependenciesID=fafe1ac0826cd63427c15b949669f991 
Number of updated asset objects reloaded before import = 0
Number of asset objects unloaded after import = 1
========================================================================
Received Import Request.
  Time of request: 2026-09-18T17:31:53.8475787Z
  Time since last request: 0.0002844 seconds.
  importAddress: GUID: 3d28e6c5572c3d8479d70ecfdc954692 - Path: Packages/com.unity.render-pipelines.universal/Editor/ShaderGraph/Includes/SelectionPickingPass.hlsl - Importer: ScriptedImporter/UnityEditor.QuickSearchModule:UnityEditor.Search:ASIAI0B
Importing 'GUID: 3d28e6c5572c3d8479d70ecfdc954692 - Path: Packages/com.unity.render-pipelines.universal/Editor/ShaderGraph/Includes/SelectionPickingPass.hlsl - Importer: ScriptedImporter/UnityEditor.QuickSearchModule:UnityEditor.Search:ASIAI0B' with importer (ScriptedImporter : UnityEditor.QuickSearchModule:UnityEditor.Search:ASIAI0B)
Imported 'GUID: 3d28e6c5572c3d8479d70ecfdc954692' -> (Import Result ID: '9920a8a7ad9c5ab48a96ef6df117fa61') in 0.003 seconds [static and dynamic dependencies]. Details - ImportResultOutputID=0c3be09a2a258f992f2948bc71cb9501 DependenciesID=a359cb6541cc600e4082369d449ec640 StaticDependenciesID=4bfed10489d2b594c876c0c46687102b 
Number of updated asset objects reloaded before import = 0
Number of asset objects unloaded after import = 1
========================================================================
Received Import Request.
  Time of request: 2026-09-18T17:31:53.8702185Z
  Time since last request: 0.0004059 seconds.
  importAddress: GUID: ea5e0c2b753f4b5287a5a23f0e61407e - Path: Packages/com.unity.render-pipelines.universal/Editor/ShaderGraph/Includes/SixWayForwardPass.hlsl - Importer: ScriptedImporter/UnityEditor.QuickSearchModule:UnityEditor.Search:ASIAI0B
Importing 'GUID: ea5e0c2b753f4b5287a5a23f0e61407e - Path: Packages/com.unity.render-pipelines.universal/Editor/ShaderGraph/Includes/SixWayForwardPass.hlsl - Importer: ScriptedImporter/UnityEditor.QuickSearchModule:UnityEditor.Search:ASIAI0B' with importer (ScriptedImporter : UnityEditor.QuickSearchModule:UnityEditor.Search:ASIAI0B)
Imported 'GUID: ea5e0c2b753f4b5287a5a23f0e61407e' -> (Import Result ID: '2dc8099d9e409bd40db851a120469531') in 0.002 seconds [static and dynamic dependencies]. Details - ImportResultOutputID=8a56c30fa47fd85dcf279a3cb32cc644 DependenciesID=742c6152228f4c1ab8ce6e3e9268315a StaticDependenciesID=f6187ac59b57e3e295d10a280dc33de4 
Number of updated asset objects reloaded before import = 0
Number of asset objects unloaded after import = 1
========================================================================
Received Import Request.
  Time of request: 2026-09-18T17:31:53.8926568Z
  Time since last request: 0.00033 seconds.
  importAddress: GUID: 0738648e2f2f84b489a2f0076b69e30a - Path: Packages/com.unity.render-pipelines.universal/Editor/ShaderGraph/GraphTemplates/UITKBasicTemplate.shadergraph - Importer: ScriptedImporter/UnityEditor.QuickSearchModule:UnityEditor.Search:ASIAI0B
Importing 'GUID: 0738648e2f2f84b489a2f0076b69e30a - Path: Packages/com.unity.render-pipelines.universal/Editor/ShaderGraph/GraphTemplates/UITKBasicTemplate.shadergraph - Importer: ScriptedImporter/UnityEditor.QuickSearchModule:UnityEditor.Search:ASIAI0B' with importer (ScriptedImporter : UnityEditor.QuickSearchModule:UnityEditor.Search:ASIAI0B)
Imported 'GUID: 0738648e2f2f84b489a2f0076b69e30a' -> (Import Result ID: '9463372bfbc7661d86e3b122e83908f9') in 0.012 seconds [static and dynamic dependencies]. Details - ImportResultOutputID=da4474d6070305ac143dcd5f06543062 DependenciesID=ed98db937783986ff097834b814e8f5a StaticDependenciesID=8afe27628a1cd8e4e53f79191c170f31 
Number of updated asset objects reloaded before import = 0
Number of asset objects unloaded after import = 5
========================================================================
Received Import Request.
  Time of request: 2026-09-18T17:31:53.9244313Z
  Time since last request: 0.0001708 seconds.
  importAddress: GUID: 97c3f7dcb477ec842aa878573640313a - Path: Packages/com.unity.render-pipelines.universal/Editor/ShaderGraph/Targets/UniversalUnlitSubTarget.cs - Importer: ScriptedImporter/UnityEditor.QuickSearchModule:UnityEditor.Search:ASIAI0B
Importing 'GUID: 97c3f7dcb477ec842aa878573640313a - Path: Packages/com.unity.render-pipelines.universal/Editor/ShaderGraph/Targets/UniversalUnlitSubTarget.cs - Importer: ScriptedImporter/UnityEditor.QuickSearchModule:UnityEditor.Search:ASIAI0B' with importer (ScriptedImporter : UnityEditor.QuickSearchModule:UnityEditor.Search:ASIAI0B)
Imported 'GUID: 97c3f7dcb477ec842aa878573640313a' -> (Import Result ID: '60900d1fc38b06fd5b2e185cf1975189') in 0.003 seconds [static and dynamic dependencies]. Details - ImportResultOutputID=c8db50626fb8d57847f8028d67c2a565 DependenciesID=28c7d5f8c0f21311f1764ac24c4f09d3 StaticDependenciesID=ab3a831d10c705bfb32691fb2683d455 
Number of updated asset objects reloaded before import = 0
Number of asset objects unloaded after import = 0
========================================================================
Received Import Request.
  Time of request: 2026-09-18T17:31:53.9464916Z
  Time since last request: 0.0003084 seconds.
  importAddress: GUID: ba78d2682f9fed14fb0827a24fb5a1f0 - Path: Packages/com.unity.render-pipelines.universal/Editor/ShaderGraph/Includes/ShaderPass.hlsl - Importer: ScriptedImporter/UnityEditor.QuickSearchModule:UnityEditor.Search:ASIAI0B
Importing 'GUID: ba78d2682f9fed14fb0827a24fb5a1f0 - Path: Packages/com.unity.render-pipelines.universal/Editor/ShaderGraph/Includes/ShaderPass.hlsl - Importer: ScriptedImporter/UnityEditor.QuickSearchModule:UnityEditor.Search:ASIAI0B' with importer (ScriptedImporter : UnityEditor.QuickSearchModule:UnityEditor.Search:ASIAI0B)
Imported 'GUID: ba78d2682f9fed14fb0827a24fb5a1f0' -> (Import Result ID: '64e0da20002907e49fd3e50362ea0a47') in 0.002 seconds [static and dynamic dependencies]. Details - ImportResultOutputID=1f26f1293a1e1b79df0957a76a258c27 DependenciesID=1aefeafac49edf5c6b98d6807df7f2fc StaticDependenciesID=166580b21d6286ee5586a195a0641a16 
Number of updated asset objects reloaded before import = 0
Number of asset objects unloaded after import = 1
========================================================================
Received Import Request.
  Time of request: 2026-09-18T17:31:53.9684176Z
  Time since last request: 0.0003028 seconds.
  importAddress: GUID: 761d8e1f988ed2345a28312145c79c6e - Path: Packages/com.unity.render-pipelines.universal/Editor/SceneTemplates/Materials/Ground.mat - Importer: ScriptedImporter/UnityEditor.QuickSearchModule:UnityEditor.Search:ASIAI0B
Importing 'GUID: 761d8e1f988ed2345a28312145c79c6e - Path: Packages/com.unity.render-pipelines.universal/Editor/SceneTemplates/Materials/Ground.mat - Importer: ScriptedImporter/UnityEditor.QuickSearchModule:UnityEditor.Search:ASIAI0B' with importer (ScriptedImporter : UnityEditor.QuickSearchModule:UnityEditor.Search:ASIAI0B)
Imported 'GUID: 761d8e1f988ed2345a28312145c79c6e' -> (Import Result ID: 'd340a21e8f64b1008a8a1e9c4cf46ed1') in 0.004 seconds [static and dynamic dependencies]. Details - ImportResultOutputID=d465910798759d11cf2ac0683188060e DependenciesID=0a86702d1fc0618401addc1cb62da3a8 StaticDependenciesID=fe1b960bfa693d0b2c57cfbcf1b14392 
Number of updated asset objects reloaded before import = 0
Number of asset objects unloaded after import = 2
========================================================================
Received Import Request.
  Time of request: 2026-09-18T17:31:53.9925463Z
  Time since last request: 0.0003376 seconds.
  importAddress: GUID: df41eefe8c13d444ca890dddbbc61f8d - Path: Packages/com.unity.render-pipelines.universal/Editor/ShaderGraph/GraphTemplates/Fullscreen Basic URP.shadergraph - Importer: ScriptedImporter/UnityEditor.QuickSearchModule:UnityEditor.Search:ASIAI0B
Importing 'GUID: df41eefe8c13d444ca890dddbbc61f8d - Path: Packages/com.unity.render-pipelines.universal/Editor/ShaderGraph/GraphTemplates/Fullscreen Basic URP.shadergraph - Importer: ScriptedImporter/UnityEditor.QuickSearchModule:UnityEditor.Search:ASIAI0B' with importer (ScriptedImporter : UnityEditor.QuickSearchModule:UnityEditor.Search:ASIAI0B)
Imported 'GUID: df41eefe8c13d444ca890dddbbc61f8d' -> (Import Result ID: '7f5a74221f52a1fc29da3217217f456a') in 0.008 seconds [static and dynamic dependencies]. Details - ImportResultOutputID=84fc77e60a0279e44a99946d41463b38 DependenciesID=1a2b4c07de8f3846aeda25d5e36843ae StaticDependenciesID=894d43cbe69ca87e7475cb3be65bed0b 
Number of updated asset objects reloaded before import = 0
Number of asset objects unloaded after import = 5
========================================================================
Received Import Request.
  Time of request: 2026-09-18T17:31:54.0208204Z
  Time since last request: 0.0001417 seconds.
  importAddress: GUID: 45705132c6bcacc459c763f7cd71b9fa - Path: Packages/com.unity.render-pipelines.universal/Editor/ShaderGraph/Targets/UniversalTerrainLitSubTarget.Dependencies.cs - Importer: ScriptedImporter/UnityEditor.QuickSearchModule:UnityEditor.Search:ASIAI0B
Importing 'GUID: 45705132c6bcacc459c763f7cd71b9fa - Path: Packages/com.unity.render-pipelines.universal/Editor/ShaderGraph/Targets/UniversalTerrainLitSubTarget.Dependencies.cs - Importer: ScriptedImporter/UnityEditor.QuickSearchModule:UnityEditor.Search:ASIAI0B' with importer (ScriptedImporter : UnityEditor.QuickSearchModule:UnityEditor.Search:ASIAI0B)
Imported 'GUID: 45705132c6bcacc459c763f7cd71b9fa' -> (Import Result ID: '06d5e8b06dd150a958188783cd662678') in 0.003 seconds [static and dynamic dependencies]. Details - ImportResultOutputID=08f41c16fd8f41a342837bc146844548 DependenciesID=e7dac62a937fd778728456e95d831f43 StaticDependenciesID=b0be495d0e57e2ddff64b8ac180c626b 
Number of updated asset objects reloaded before import = 0
Number of asset objects unloaded after import = 0
========================================================================
Received Import Request.
  Time of request: 2026-09-18T17:31:54.0445033Z
  Time since last request: 0.0002935 seconds.
  importAddress: GUID: 96356c82da2c2c54c8829d0ed7497562 - Path: Packages/com.unity.render-pipelines.universal/Editor/Settings/PropertyDrawers/URPShaderStrippingSettingsPropertyDrawer.cs - Importer: ScriptedImporter/UnityEditor.QuickSearchModule:UnityEditor.Search:ASIAI0B
Importing 'GUID: 96356c82da2c2c54c8829d0ed7497562 - Path: Packages/com.unity.render-pipelines.universal/Editor/Settings/PropertyDrawers/URPShaderStrippingSettingsPropertyDrawer.cs - Importer: ScriptedImporter/UnityEditor.QuickSearchModule:UnityEditor.Search:ASIAI0B' with importer (ScriptedImporter : UnityEditor.QuickSearchModule:UnityEditor.Search:ASIAI0B)
Imported 'GUID: 96356c82da2c2c54c8829d0ed7497562' -> (Import Result ID: 'a9e181d48cbe148282583aaf0645cc83') in 0.003 seconds [static and dynamic dependencies]. Details - ImportResultOutputID=05b3e1b67ddcc36dba49a4f97094658c DependenciesID=b0bfe1963861ebeda5c8acd5e408f4c2 StaticDependenciesID=e3ca1cf109c61a86193bb48f0c74f13b 
Number of updated asset objects reloaded before import = 0
Number of asset objects unloaded after import = 0
========================================================================
Received Import Request.
  Time of request: 2026-09-18T17:31:54.0663601Z
  Time since last request: 0.0002897 seconds.
  importAddress: GUID: aab9add076be9364aaee067b3c0e3910 - Path: Packages/com.unity.render-pipelines.universal/Editor/ShaderGraph/AssetCallbacks/CreateLitShaderGraph.cs - Importer: ScriptedImporter/UnityEditor.QuickSearchModule:UnityEditor.Search:ASIAI0B
Importing 'GUID: aab9add076be9364aaee067b3c0e3910 - Path: Packages/com.unity.render-pipelines.universal/Editor/ShaderGraph/AssetCallbacks/CreateLitShaderGraph.cs - Importer: ScriptedImporter/UnityEditor.QuickSearchModule:UnityEditor.Search:ASIAI0B' with importer (ScriptedImporter : UnityEditor.QuickSearchModule:UnityEditor.Search:ASIAI0B)
Imported 'GUID: aab9add076be9364aaee067b3c0e3910' -> (Import Result ID: 'b0f3e7b10ecd63c16201d05a7a5f2f1a') in 0.002 seconds [static and dynamic dependencies]. Details - ImportResultOutputID=02d8d9832439dc0740e83b3de9552f4b DependenciesID=f0d67994d69c63885e7aa7d07c1e6b0e StaticDependenciesID=df0dff5d779078145584fdf94645849a 
Number of updated asset objects reloaded before import = 0
Number of asset objects unloaded after import = 0
========================================================================
Received Import Request.
  Time of request: 2026-09-18T17:31:54.0876687Z
  Time since last request: 0.0002755 seconds.
  importAddress: GUID: 73b8a22390b7d43f7803cb609e674fe6 - Path: Packages/com.unity.render-pipelines.universal/Editor/ShaderGraph/Includes/UnlitGBufferPass.hlsl - Importer: ScriptedImporter/UnityEditor.QuickSearchModule:UnityEditor.Search:ASIAI0B
Importing 'GUID: 73b8a22390b7d43f7803cb609e674fe6 - Path: Packages/com.unity.render-pipelines.universal/Editor/ShaderGraph/Includes/UnlitGBufferPass.hlsl - Importer: ScriptedImporter/UnityEditor.QuickSearchModule:UnityEditor.Search:ASIAI0B' with importer (ScriptedImporter : UnityEditor.QuickSearchModule:UnityEditor.Search:ASIAI0B)
Imported 'GUID: 73b8a22390b7d43f7803cb609e674fe6' -> (Import Result ID: '99ce2ed3ff87ed45388cf4eab468ec58') in 0.002 seconds [static and dynamic dependencies]. Details - ImportResultOutputID=411ab77007e2fe778edd88b27e71b76d DependenciesID=c986eeb4533ee09ebb5b213f3768fa30 StaticDependenciesID=bfd75e25509304959e13d75b141f3728 
Number of updated asset objects reloaded before import = 0
Number of asset objects unloaded after import = 1
========================================================================
Received Import Request.
  Time of request: 2026-09-18T17:31:54.1089594Z
  Time since last request: 0.0002154 seconds.
  importAddress: GUID: 6483447b285419e4b89f8a853712e1ab - Path: Packages/com.unity.render-pipelines.universal/Editor/ShaderGraph/Includes/DecalMeshBiasTypeEnum.cs.hlsl - Importer: ScriptedImporter/UnityEditor.QuickSearchModule:UnityEditor.Search:ASIAI0B
Importing 'GUID: 6483447b285419e4b89f8a853712e1ab - Path: Packages/com.unity.render-pipelines.universal/Editor/ShaderGraph/Includes/DecalMeshBiasTypeEnum.cs.hlsl - Importer: ScriptedImporter/UnityEditor.QuickSearchModule:UnityEditor.Search:ASIAI0B' with importer (ScriptedImporter : UnityEditor.QuickSearchModule:UnityEditor.Search:ASIAI0B)
Imported 'GUID: 6483447b285419e4b89f8a853712e1ab' -> (Import Result ID: 'ab8eced5fc694d799612a3531bc28cdf') in 0.002 seconds [static and dynamic dependencies]. Details - ImportResultOutputID=56dfd0814e6bac2c448332d5dfea697b DependenciesID=90488480b2a8858b35d9d58eafe5651a StaticDependenciesID=7ef063e220d61f7bef1f5d6fd0dff63e 
Number of updated asset objects reloaded before import = 0
Number of asset objects unloaded after import = 1
========================================================================
Received Import Request.
  Time of request: 2026-09-18T17:31:54.1293901Z
  Time since last request: 0.0003081 seconds.
  importAddress: GUID: 9410f8b043e30fe4da99295d950c470f - Path: Packages/com.unity.render-pipelines.universal/Editor/ShaderGraph/GraphTemplates/FullscreenBasicTemplateThumbnail.png - Importer: ScriptedImporter/UnityEditor.QuickSearchModule:UnityEditor.Search:ASIAI0B
Importing 'GUID: 9410f8b043e30fe4da99295d950c470f - Path: Packages/com.unity.render-pipelines.universal/Editor/ShaderGraph/GraphTemplates/FullscreenBasicTemplateThumbnail.png - Importer: ScriptedImporter/UnityEditor.QuickSearchModule:UnityEditor.Search:ASIAI0B' with importer (ScriptedImporter : UnityEditor.QuickSearchModule:UnityEditor.Search:ASIAI0B)
Imported 'GUID: 9410f8b043e30fe4da99295d950c470f' -> (Import Result ID: '61b502c63a9935c8e594054841872bfc') in 0.010 seconds [static and dynamic dependencies]. Details - ImportResultOutputID=6af0e13c228df4bb047cde224a83ae13 DependenciesID=71d75819f34a4a68627f2815891cd666 StaticDependenciesID=2d7e5c0545fd14f0f8f338428e92eab6 
Number of updated asset objects reloaded before import = 0
Number of asset objects unloaded after import = 1
========================================================================
Received Import Request.
  Time of request: 2026-09-18T17:31:54.1594285Z
  Time since last request: 0.0003 seconds.
  importAddress: GUID: 3d80ff2d19402463c8a2a52558deaf43 - Path: Packages/com.unity.render-pipelines.universal/Editor/ShaderGUI/Shaders/ParticlesSimpleLitShader.cs - Importer: ScriptedImporter/UnityEditor.QuickSearchModule:UnityEditor.Search:ASIAI0B
Importing 'GUID: 3d80ff2d19402463c8a2a52558deaf43 - Path: Packages/com.unity.render-pipelines.universal/Editor/ShaderGUI/Shaders/ParticlesSimpleLitShader.cs - Importer: ScriptedImporter/UnityEditor.QuickSearchModule:UnityEditor.Search:ASIAI0B' with importer (ScriptedImporter : UnityEditor.QuickSearchModule:UnityEditor.Search:ASIAI0B)
Imported 'GUID: 3d80ff2d19402463c8a2a52558deaf43' -> (Import Result ID: '8e62604a2e8df6eda9814fb13ae0c9e8') in 0.003 seconds [static and dynamic dependencies]. Details - ImportResultOutputID=9b752a87614705ea57cc10fc32f38eaa DependenciesID=502727c2441551d5af1e1c82425201bc StaticDependenciesID=ff80ea68b5e4f105f51fa7cbd2ac56a8 
Number of updated asset objects reloaded before import = 0
Number of asset objects unloaded after import = 0
========================================================================
Received Import Request.
  Time of request: 2026-09-18T17:31:54.1821831Z
  Time since last request: 0.0003174 seconds.
  importAddress: GUID: ed33028ae86f863468162a7c6b0ae962 - Path: Packages/com.unity.render-pipelines.universal/Editor/ShaderGraph/Templates/SharedCode.template.hlsl - Importer: ScriptedImporter/UnityEditor.QuickSearchModule:UnityEditor.Search:ASIAI0B
Importing 'GUID: ed33028ae86f863468162a7c6b0ae962 - Path: Packages/com.unity.render-pipelines.universal/Editor/ShaderGraph/Templates/SharedCode.template.hlsl - Importer: ScriptedImporter/UnityEditor.QuickSearchModule:UnityEditor.Search:ASIAI0B' with importer (ScriptedImporter : UnityEditor.QuickSearchModule:UnityEditor.Search:ASIAI0B)
Imported 'GUID: ed33028ae86f863468162a7c6b0ae962' -> (Import Result ID: '488c940363b03de1edd69ff5e2e4fb75') in 0.003 seconds [static and dynamic dependencies]. Details - ImportResultOutputID=33809219146c5ad69a89a3e923091f2f DependenciesID=1de246e9fdee71b345995d69b0bfbc9e StaticDependenciesID=cf004c934ddd420cd0b671c66941e99d 
Number of updated asset objects reloaded before import = 0
Number of asset objects unloaded after import = 1
========================================================================
Received Import Request.
  Time of request: 2026-09-18T17:31:54.204578Z
  Time since last request: 0.0002343 seconds.
  importAddress: GUID: f37e8c744d93e4d4e9f308b6847febef - Path: Packages/com.unity.render-pipelines.universal/Editor/Settings/PropertyDrawers/URPRuntimeTerrainShadersPropertyDrawer.cs - Importer: ScriptedImporter/UnityEditor.QuickSearchModule:UnityEditor.Search:ASIAI0B
Importing 'GUID: f37e8c744d93e4d4e9f308b6847febef - Path: Packages/com.unity.render-pipelines.universal/Editor/Settings/PropertyDrawers/URPRuntimeTerrainShadersPropertyDrawer.cs - Importer: ScriptedImporter/UnityEditor.QuickSearchModule:UnityEditor.Search:ASIAI0B' with importer (ScriptedImporter : UnityEditor.QuickSearchModule:UnityEditor.Search:ASIAI0B)
Imported 'GUID: f37e8c744d93e4d4e9f308b6847febef' -> (Import Result ID: 'e9ff5d63aa50aef39b071d422ae179e4') in 0.003 seconds [static and dynamic dependencies]. Details - ImportResultOutputID=04bbd906b63f7916770507647c791605 DependenciesID=6bdb103a3eaa964f57fcaffc656f5bc2 StaticDependenciesID=9d1b22069c35b0e62eeeb6ec6a85ccdd 
Number of updated asset objects reloaded before import = 0
Number of asset objects unloaded after import = 0
========================================================================
Received Import Request.
  Time of request: 2026-09-18T17:31:54.2264313Z
  Time since last request: 0.000338 seconds.
  importAddress: GUID: 48080a5025a54a84087e882e2f988642 - Path: Packages/com.unity.render-pipelines.universal/Editor/ShaderGraph/Targets/UniversalFullscreenSubTarget.cs - Importer: ScriptedImporter/UnityEditor.QuickSearchModule:UnityEditor.Search:ASIAI0B
Importing 'GUID: 48080a5025a54a84087e882e2f988642 - Path: Packages/com.unity.render-pipelines.universal/Editor/ShaderGraph/Targets/UniversalFullscreenSubTarget.cs - Importer: ScriptedImporter/UnityEditor.QuickSearchModule:UnityEditor.Search:ASIAI0B' with importer (ScriptedImporter : UnityEditor.QuickSearchModule:UnityEditor.Search:ASIAI0B)
Imported 'GUID: 48080a5025a54a84087e882e2f988642' -> (Import Result ID: '3fc0495bf3be7825002097ba41f36c95') in 0.003 seconds [static and dynamic dependencies]. Details - ImportResultOutputID=d181e2c1a99cb5dbda4112f86ff9f3f7 DependenciesID=08af89e89b092e315ec20b96732797e8 StaticDependenciesID=28688b44ad50ee05263cfdd4c16d16f5 
Number of updated asset objects reloaded before import = 0
Number of asset objects unloaded after import = 0
========================================================================
Received Import Request.
  Time of request: 2026-09-18T17:31:54.2482658Z
  Time since last request: 0.0003423 seconds.
  importAddress: GUID: 42c8d975867dbb34299217c9b3a62677 - Path: Packages/com.unity.render-pipelines.universal/Editor/SceneTemplates/Standard/ReflectionProbe-0.exr - Importer: ScriptedImporter/UnityEditor.QuickSearchModule:UnityEditor.Search:ASIAI0B
Importing 'GUID: 42c8d975867dbb34299217c9b3a62677 - Path: Packages/com.unity.render-pipelines.universal/Editor/SceneTemplates/Standard/ReflectionProbe-0.exr - Importer: ScriptedImporter/UnityEditor.QuickSearchModule:UnityEditor.Search:ASIAI0B' with importer (ScriptedImporter : UnityEditor.QuickSearchModule:UnityEditor.Search:ASIAI0B)
Imported 'GUID: 42c8d975867dbb34299217c9b3a62677' -> (Import Result ID: '2ce02f184096be89dc127c22926e5ba4') in 0.014 seconds [static and dynamic dependencies]. Details - ImportResultOutputID=e27884464cd89b53d249eecf2f512afe DependenciesID=6b1c20cace20c735bbcd1ee119005efa StaticDependenciesID=a5a5f99953593a580de0f300ff409fb2 
Number of updated asset objects reloaded before import = 0
Number of asset objects unloaded after import = 1
========================================================================
Received Import Request.
  Time of request: 2026-09-18T17:31:54.2864127Z
  Time since last request: 0.0045409 seconds.
  importAddress: GUID: 1e2567cd71037a647ad53fc83080600b - Path: Packages/com.unity.render-pipelines.universal/Runtime/2D/Rendergraph/CopyCameraSortingLayerPass.cs - Importer: ScriptedImporter/UnityEditor.QuickSearchModule:UnityEditor.Search:ASIAI0B
Importing 'GUID: 1e2567cd71037a647ad53fc83080600b - Path: Packages/com.unity.render-pipelines.universal/Runtime/2D/Rendergraph/CopyCameraSortingLayerPass.cs - Importer: ScriptedImporter/UnityEditor.QuickSearchModule:UnityEditor.Search:ASIAI0B' with importer (ScriptedImporter : UnityEditor.QuickSearchModule:UnityEditor.Search:ASIAI0B)
Imported 'GUID: 1e2567cd71037a647ad53fc83080600b' -> (Import Result ID: '525333f5febf3e771024a54ece5a5897') in 0.003 seconds [static and dynamic dependencies]. Details - ImportResultOutputID=e65503bffa65d2643ea18c0324986642 DependenciesID=edd8489bfdb1ae6b185d595e60947d58 StaticDependenciesID=0833db8e06e8927291da20ec16f0faf0 
Number of updated asset objects reloaded before import = 0
Number of asset objects unloaded after import = 0
========================================================================
Received Import Request.
  Time of request: 2026-09-18T17:31:54.308474Z
  Time since last request: 0.0005071 seconds.
  importAddress: GUID: 1088471fc1e09ab4cba93811ddb5300c - Path: Packages/com.unity.render-pipelines.universal/Editor/Tools/Project Auditor/InactiveRendererFeaturesAnalyzer.cs - Importer: ScriptedImporter/UnityEditor.QuickSearchModule:UnityEditor.Search:ASIAI0B
Importing 'GUID: 1088471fc1e09ab4cba93811ddb5300c - Path: Packages/com.unity.render-pipelines.universal/Editor/Tools/Project Auditor/InactiveRendererFeaturesAnalyzer.cs - Importer: ScriptedImporter/UnityEditor.QuickSearchModule:UnityEditor.Search:ASIAI0B' with importer (ScriptedImporter : UnityEditor.QuickSearchModule:UnityEditor.Search:ASIAI0B)
Imported 'GUID: 1088471fc1e09ab4cba93811ddb5300c' -> (Import Result ID: '9381e179c6348607c5a248ae08a0e113') in 0.003 seconds [static and dynamic dependencies]. Details - ImportResultOutputID=1bc7acbcf1524658e378aa10f3a0558e DependenciesID=bf74f5939ffdaa628d62a0b823acc5fe StaticDependenciesID=11fc98a37b7718ac6a5c21345d6af12d 
Number of updated asset objects reloaded before import = 0
Number of asset objects unloaded after import = 0
========================================================================
Received Import Request.
  Time of request: 2026-09-18T17:31:54.3305948Z
  Time since last request: 0.0002658 seconds.
  importAddress: GUID: 1cca62a04dbbcc4428357d5bd3335140 - Path: Packages/com.unity.render-pipelines.universal/Editor/Tools/Project Auditor/MissingRendererFeaturesAnalyzer.cs - Importer: ScriptedImporter/UnityEditor.QuickSearchModule:UnityEditor.Search:ASIAI0B
Importing 'GUID: 1cca62a04dbbcc4428357d5bd3335140 - Path: Packages/com.unity.render-pipelines.universal/Editor/Tools/Project Auditor/MissingRendererFeaturesAnalyzer.cs - Importer: ScriptedImporter/UnityEditor.QuickSearchModule:UnityEditor.Search:ASIAI0B' with importer (ScriptedImporter : UnityEditor.QuickSearchModule:UnityEditor.Search:ASIAI0B)
Imported 'GUID: 1cca62a04dbbcc4428357d5bd3335140' -> (Import Result ID: '4c74dd7d20e9f3baf4a1db9538232edf') in 0.003 seconds [static and dynamic dependencies]. Details - ImportResultOutputID=7e4be86cce6507869bfaa92ff7773f52 DependenciesID=e20dc20e282c0328cc3829ce7f0a664f StaticDependenciesID=ef74867184f77543d2b77383219919c3 
Number of updated asset objects reloaded before import = 0
Number of asset objects unloaded after import = 0
========================================================================
Received Import Request.
  Time of request: 2026-09-18T17:31:54.3522943Z
  Time since last request: 0.0003539 seconds.
  importAddress: GUID: 718db304c67a4e7692ab540c060259b2 - Path: Packages/com.unity.render-pipelines.universal/Runtime/2D/Rendergraph/DrawLight2DPass.cs - Importer: ScriptedImporter/UnityEditor.QuickSearchModule:UnityEditor.Search:ASIAI0B
Importing 'GUID: 718db304c67a4e7692ab540c060259b2 - Path: Packages/com.unity.render-pipelines.universal/Runtime/2D/Rendergraph/DrawLight2DPass.cs - Importer: ScriptedImporter/UnityEditor.QuickSearchModule:UnityEditor.Search:ASIAI0B' with importer (ScriptedImporter : UnityEditor.QuickSearchModule:UnityEditor.Search:ASIAI0B)
Imported 'GUID: 718db304c67a4e7692ab540c060259b2' -> (Import Result ID: 'accb033b0863ffe7a21c9d8f26067bf0') in 0.003 seconds [static and dynamic dependencies]. Details - ImportResultOutputID=bb83e05cfb9d365a693595095899549e DependenciesID=5200085740fd9a11e724dc38ef094ebb StaticDependenciesID=605bad4aac6cfe8c7b04969c92c11776 
Number of updated asset objects reloaded before import = 0
Number of asset objects unloaded after import = 0
========================================================================
Received Import Request.
  Time of request: 2026-09-18T17:31:54.3741556Z
  Time since last request: 0.0003207 seconds.
  importAddress: GUID: 2f37f38354ae11b4ba31a324dbabef7d - Path: Packages/com.unity.render-pipelines.universal/Editor/Tools/MaterialUpgrader/MaterialUpgraderProviders.cs - Importer: ScriptedImporter/UnityEditor.QuickSearchModule:UnityEditor.Search:ASIAI0B
Importing 'GUID: 2f37f38354ae11b4ba31a324dbabef7d - Path: Packages/com.unity.render-pipelines.universal/Editor/Tools/MaterialUpgrader/MaterialUpgraderProviders.cs - Importer: ScriptedImporter/UnityEditor.QuickSearchModule:UnityEditor.Search:ASIAI0B' with importer (ScriptedImporter : UnityEditor.QuickSearchModule:UnityEditor.Search:ASIAI0B)
Imported 'GUID: 2f37f38354ae11b4ba31a324dbabef7d' -> (Import Result ID: 'a42cd54023bc3e484f4e87e0df1cbc2a') in 0.002 seconds [static and dynamic dependencies]. Details - ImportResultOutputID=565991cea81a88d21893837495163c49 DependenciesID=48c262ff5a528b791b84d2ea5834a86b StaticDependenciesID=8451009c6ac1b6f3a82701fe980efc35 
Number of updated asset objects reloaded before import = 0
Number of asset objects unloaded after import = 0
========================================================================
Received Import Request.
  Time of request: 2026-09-18T17:31:54.3971399Z
  Time since last request: 0.0009409 seconds.
  importAddress: GUID: 43645433359a9a8488056103f59e201d - Path: Packages/com.unity.render-pipelines.universal/Runtime/2D/RendererFeatures/ScriptableRenderPass2D.cs - Importer: ScriptedImporter/UnityEditor.QuickSearchModule:UnityEditor.Search:ASIAI0B
Importing 'GUID: 43645433359a9a8488056103f59e201d - Path: Packages/com.unity.render-pipelines.universal/Runtime/2D/RendererFeatures/ScriptableRenderPass2D.cs - Importer: ScriptedImporter/UnityEditor.QuickSearchModule:UnityEditor.Search:ASIAI0B' with importer (ScriptedImporter : UnityEditor.QuickSearchModule:UnityEditor.Search:ASIAI0B)
Imported 'GUID: 43645433359a9a8488056103f59e201d' -> (Import Result ID: 'c617419253736d877322ba6394713b40') in 0.003 seconds [static and dynamic dependencies]. Details - ImportResultOutputID=c7041bb0faad453b1c828d84181e626e DependenciesID=8c810884c50f706b3dcfeba328de2a8c StaticDependenciesID=d2f592092be39c566f1cd937ead32d80 
Number of updated asset objects reloaded before import = 0
Number of asset objects unloaded after import = 0
========================================================================
Received Import Request.
  Time of request: 2026-09-18T17:31:54.4237708Z
  Time since last request: 0.0006572 seconds.
  importAddress: GUID: 087c834eb72635d4f9bfedf7a58af4f6 - Path: Packages/com.unity.render-pipelines.universal/Editor/Tools/Converters/BuiltInToURP3DReadonlyMaterialConverter.cs - Importer: ScriptedImporter/UnityEditor.QuickSearchModule:UnityEditor.Search:ASIAI0B
Importing 'GUID: 087c834eb72635d4f9bfedf7a58af4f6 - Path: Packages/com.unity.render-pipelines.universal/Editor/Tools/Converters/BuiltInToURP3DReadonlyMaterialConverter.cs - Importer: ScriptedImporter/UnityEditor.QuickSearchModule:UnityEditor.Search:ASIAI0B' with importer (ScriptedImporter : UnityEditor.QuickSearchModule:UnityEditor.Search:ASIAI0B)
Imported 'GUID: 087c834eb72635d4f9bfedf7a58af4f6' -> (Import Result ID: '06d7c7c11adccf2b60e89c44cc346c92') in 0.003 seconds [static and dynamic dependencies]. Details - ImportResultOutputID=755cd4c2f10b1ffeab997422c1e2078c DependenciesID=3d0f92d07cf80bedba9200753b48a314 StaticDependenciesID=7794b650485a2aa507adf31927cb2a1e 
Number of updated asset objects reloaded before import = 0
Number of asset objects unloaded after import = 0
========================================================================
Received Import Request.
  Time of request: 2026-09-18T17:31:54.4472528Z
  Time since last request: 0.0002689 seconds.
  importAddress: GUID: 6687e5bb66c445b4ab45af224ef4a18c - Path: Packages/com.unity.render-pipelines.universal/Runtime/2D/Rendergraph/CameraRenderingLayerMask.cs - Importer: ScriptedImporter/UnityEditor.QuickSearchModule:UnityEditor.Search:ASIAI0B
Importing 'GUID: 6687e5bb66c445b4ab45af224ef4a18c - Path: Packages/com.unity.render-pipelines.universal/Runtime/2D/Rendergraph/CameraRenderingLayerMask.cs - Importer: ScriptedImporter/UnityEditor.QuickSearchModule:UnityEditor.Search:ASIAI0B' with importer (ScriptedImporter : UnityEditor.QuickSearchModule:UnityEditor.Search:ASIAI0B)
Imported 'GUID: 6687e5bb66c445b4ab45af224ef4a18c' -> (Import Result ID: 'c3c29f9a8dd80ea02e55dfe268cc7dba') in 0.003 seconds [static and dynamic dependencies]. Details - ImportResultOutputID=0b11448358cf0e0f07b42d32bbd08e27 DependenciesID=639b630aace65e180fdcb215a205d25d StaticDependenciesID=86ba4b896f2b527469d6e10cacf4d973 
Number of updated asset objects reloaded before import = 0
Number of asset objects unloaded after import = 0
========================================================================
Received Import Request.
  Time of request: 2026-09-18T17:31:54.471003Z
  Time since last request: 0.000266 seconds.
  importAddress: GUID: 073797afb82c5a1438f328866b10b3f0 - Path: Packages/com.unity.render-pipelines.universal/Runtime/2D/Lights/Light2D.cs - Importer: ScriptedImporter/UnityEditor.QuickSearchModule:UnityEditor.Search:ASIAI0B
Importing 'GUID: 073797afb82c5a1438f328866b10b3f0 - Path: Packages/com.unity.render-pipelines.universal/Runtime/2D/Lights/Light2D.cs - Importer: ScriptedImporter/UnityEditor.QuickSearchModule:UnityEditor.Search:ASIAI0B' with importer (ScriptedImporter : UnityEditor.QuickSearchModule:UnityEditor.Search:ASIAI0B)
Imported 'GUID: 073797afb82c5a1438f328866b10b3f0' -> (Import Result ID: '83e59fdd1d36c11f611e154c3106f62e') in 0.003 seconds [static and dynamic dependencies]. Details - ImportResultOutputID=e1804522bd4e9202b9a1f00e1c1b0467 DependenciesID=9b0bccdf96d9c7ea7568f5eddf4facc3 StaticDependenciesID=cf85330b8518d89ad051cba2e68eb154 
Number of updated asset objects reloaded before import = 0
Number of asset objects unloaded after import = 0
========================================================================
Received Import Request.
  Time of request: 2026-09-18T17:31:54.4931097Z
  Time since last request: 0.0003487 seconds.
  importAddress: GUID: 381d0513472fded4ead64160058a7490 - Path: Packages/com.unity.render-pipelines.universal/Editor/Tools/Project Auditor/ProjectAuditorGraphics.cs - Importer: ScriptedImporter/UnityEditor.QuickSearchModule:UnityEditor.Search:ASIAI0B
Importing 'GUID: 381d0513472fded4ead64160058a7490 - Path: Packages/com.unity.render-pipelines.universal/Editor/Tools/Project Auditor/ProjectAuditorGraphics.cs - Importer: ScriptedImporter/UnityEditor.QuickSearchModule:UnityEditor.Search:ASIAI0B' with importer (ScriptedImporter : UnityEditor.QuickSearchModule:UnityEditor.Search:ASIAI0B)
Imported 'GUID: 381d0513472fded4ead64160058a7490' -> (Import Result ID: '5bf4aa1df4a158f835ff16758730725b') in 0.003 seconds [static and dynamic dependencies]. Details - ImportResultOutputID=245a517a040b84b3ed2de459313780c6 DependenciesID=67bd5346097c56bf49b885b630ec6a38 StaticDependenciesID=b2c3c05d893fc02d60f228dd2f0f991b 
Number of updated asset objects reloaded before import = 0
Number of asset objects unloaded after import = 0
========================================================================
Received Import Request.
  Time of request: 2026-09-18T17:31:54.5153857Z
  Time since last request: 0.0002956 seconds.
  importAddress: GUID: 932911033fe1e934bbc87b0e1d9dd74e - Path: Packages/com.unity.render-pipelines.universal/Editor/Tools/Converters/BuiltInToURP3DRenderSettingsConverter.cs - Importer: ScriptedImporter/UnityEditor.QuickSearchModule:UnityEditor.Search:ASIAI0B
Importing 'GUID: 932911033fe1e934bbc87b0e1d9dd74e - Path: Packages/com.unity.render-pipelines.universal/Editor/Tools/Converters/BuiltInToURP3DRenderSettingsConverter.cs - Importer: ScriptedImporter/UnityEditor.QuickSearchModule:UnityEditor.Search:ASIAI0B' with importer (ScriptedImporter : UnityEditor.QuickSearchModule:UnityEditor.Search:ASIAI0B)
Imported 'GUID: 932911033fe1e934bbc87b0e1d9dd74e' -> (Import Result ID: '25f4583d3f4f6b26afd648971274f01e') in 0.003 seconds [static and dynamic dependencies]. Details - ImportResultOutputID=271dee26815366933b0334d245d4d469 DependenciesID=a1eb0e2f9f23785a161359cdd36ce599 StaticDependenciesID=a2695929d21bba3e1f4304fa62f36088 
Number of updated asset objects reloaded before import = 0
Number of asset objects unloaded after import = 0
========================================================================
Received Import Request.
  Time of request: 2026-09-18T17:31:54.537722Z
  Time since last request: 0.0003403 seconds.
  importAddress: GUID: 37783e313f8379f4eb88183bbd9d2404 - Path: Packages/com.unity.render-pipelines.universal/Editor/Tools/Project Auditor/URPProjectAuditorUtilities.cs - Importer: ScriptedImporter/UnityEditor.QuickSearchModule:UnityEditor.Search:ASIAI0B
Importing 'GUID: 37783e313f8379f4eb88183bbd9d2404 - Path: Packages/com.unity.render-pipelines.universal/Editor/Tools/Project Auditor/URPProjectAuditorUtilities.cs - Importer: ScriptedImporter/UnityEditor.QuickSearchModule:UnityEditor.Search:ASIAI0B' with importer (ScriptedImporter : UnityEditor.QuickSearchModule:UnityEditor.Search:ASIAI0B)
Imported 'GUID: 37783e313f8379f4eb88183bbd9d2404' -> (Import Result ID: '83cfb3b60a2507129d18425c2ce0bc09') in 0.002 seconds [static and dynamic dependencies]. Details - ImportResultOutputID=db38695010015a162842c55b885c0c35 DependenciesID=7c5b33e77d1f9c07b5fd803f73f03129 StaticDependenciesID=5c7868642d797c105e5b07347bf27ba5 
Number of updated asset objects reloaded before import = 0
Number of asset objects unloaded after import = 0
========================================================================
Received Import Request.
  Time of request: 2026-09-18T17:31:54.5595942Z
  Time since last request: 0.0003456 seconds.
  importAddress: GUID: 14716551160f4757bf2332c27a53ec34 - Path: Packages/com.unity.render-pipelines.universal/Runtime/2D/Lights/Light2DAuthoring.cs - Importer: ScriptedImporter/UnityEditor.QuickSearchModule:UnityEditor.Search:ASIAI0B
Importing 'GUID: 14716551160f4757bf2332c27a53ec34 - Path: Packages/com.unity.render-pipelines.universal/Runtime/2D/Lights/Light2DAuthoring.cs - Importer: ScriptedImporter/UnityEditor.QuickSearchModule:UnityEditor.Search:ASIAI0B' with importer (ScriptedImporter : UnityEditor.QuickSearchModule:UnityEditor.Search:ASIAI0B)
Imported 'GUID: 14716551160f4757bf2332c27a53ec34' -> (Import Result ID: 'a9d70cc8a13b07ece495e83fb92a58e2') in 0.003 seconds [static and dynamic dependencies]. Details - ImportResultOutputID=316694f7fc0d3fb2b543a53a319aadd7 DependenciesID=8422589d4efd63ca3788a7d8b6232416 StaticDependenciesID=a0ee2c8d12d1316620e5c0f6a56cf338 
Number of updated asset objects reloaded before import = 0
Number of asset objects unloaded after import = 0
========================================================================
Received Import Request.
  Time of request: 2026-09-18T17:31:54.5813272Z
  Time since last request: 0.000272 seconds.
  importAddress: GUID: b33851187d4324530b9f7abfe14d0137 - Path: Packages/com.unity.render-pipelines.universal/Editor/ShaderGUI/ShadingModels/LitGUI.cs - Importer: ScriptedImporter/UnityEditor.QuickSearchModule:UnityEditor.Search:ASIAI0B
Importing 'GUID: b33851187d4324530b9f7abfe14d0137 - Path: Packages/com.unity.render-pipelines.universal/Editor/ShaderGUI/ShadingModels/LitGUI.cs - Importer: ScriptedImporter/UnityEditor.QuickSearchModule:UnityEditor.Search:ASIAI0B' with importer (ScriptedImporter : UnityEditor.QuickSearchModule:UnityEditor.Search:ASIAI0B)
Imported 'GUID: b33851187d4324530b9f7abfe14d0137' -> (Import Result ID: 'ac8d8f9fc2577f3b583a3792da6da8a1') in 0.002 seconds [static and dynamic dependencies]. Details - ImportResultOutputID=2b1f811b77432655c51ee41cf9d12ffc DependenciesID=877bf56097c1f2a723b62364d2348a58 StaticDependenciesID=25772a171414bd45e4e9769a6b007cba 
Number of updated asset objects reloaded before import = 0
Number of asset objects unloaded after import = 0
========================================================================
Received Import Request.
  Time of request: 2026-09-18T17:31:54.6035477Z
  Time since last request: 0.0003062 seconds.
  importAddress: GUID: 56fd66c66c0d99848be7cc4829d45942 - Path: Packages/com.unity.render-pipelines.universal/Editor/VFXGraph/Shaders/VFXLitVaryings.template - Importer: ScriptedImporter/UnityEditor.QuickSearchModule:UnityEditor.Search:ASIAI0B
Importing 'GUID: 56fd66c66c0d99848be7cc4829d45942 - Path: Packages/com.unity.render-pipelines.universal/Editor/VFXGraph/Shaders/VFXLitVaryings.template - Importer: ScriptedImporter/UnityEditor.QuickSearchModule:UnityEditor.Search:ASIAI0B' with importer (ScriptedImporter : UnityEditor.QuickSearchModule:UnityEditor.Search:ASIAI0B)
Imported 'GUID: 56fd66c66c0d99848be7cc4829d45942' -> (Import Result ID: 'a4dc5790b7c144a11e4de7472de1917b') in 0.003 seconds [static and dynamic dependencies]. Details - ImportResultOutputID=898908826006eb1f58cb43a9bfbbaa65 DependenciesID=f352a6f1c34ea1ea6daf369f4bd7bae5 StaticDependenciesID=952ecb08d7cae7e8d05debddaab02159 
Number of updated asset objects reloaded before import = 0
Number of asset objects unloaded after import = 1
========================================================================
Received Import Request.
  Time of request: 2026-09-18T17:31:54.6258193Z
  Time since last request: 0.0003044 seconds.
  importAddress: GUID: 3c49b0c9c0fdfac469942832f71ce5b1 - Path: Packages/com.unity.render-pipelines.universal/Runtime/2D/Rendergraph/GlobalPropertiesPass.cs - Importer: ScriptedImporter/UnityEditor.QuickSearchModule:UnityEditor.Search:ASIAI0B
Importing 'GUID: 3c49b0c9c0fdfac469942832f71ce5b1 - Path: Packages/com.unity.render-pipelines.universal/Runtime/2D/Rendergraph/GlobalPropertiesPass.cs - Importer: ScriptedImporter/UnityEditor.QuickSearchModule:UnityEditor.Search:ASIAI0B' with importer (ScriptedImporter : UnityEditor.QuickSearchModule:UnityEditor.Search:ASIAI0B)
Imported 'GUID: 3c49b0c9c0fdfac469942832f71ce5b1' -> (Import Result ID: '79febbc50c88724e2be8045a1b454f37') in 0.004 seconds [static and dynamic dependencies]. Details - ImportResultOutputID=c5388695271d8543d7694ac31d61f0cb DependenciesID=b458e4d55f60b6bf9d48ca41a4bd0d69 StaticDependenciesID=14008c955b7e163fb5cc0467bc0ea26a 
Number of updated asset objects reloaded before import = 0
Number of asset objects unloaded after import = 0
========================================================================
Received Import Request.
  Time of request: 2026-09-18T17:31:54.649422Z
  Time since last request: 0.0002223 seconds.
  importAddress: GUID: 47ca7de5076d2e34fbc2e25f05744f10 - Path: Packages/com.unity.render-pipelines.universal/Runtime/2D/RendererFeatures/ScriptableRendererFeature2D.cs - Importer: ScriptedImporter/UnityEditor.QuickSearchModule:UnityEditor.Search:ASIAI0B
Importing 'GUID: 47ca7de5076d2e34fbc2e25f05744f10 - Path: Packages/com.unity.render-pipelines.universal/Runtime/2D/RendererFeatures/ScriptableRendererFeature2D.cs - Importer: ScriptedImporter/UnityEditor.QuickSearchModule:UnityEditor.Search:ASIAI0B' with importer (ScriptedImporter : UnityEditor.QuickSearchModule:UnityEditor.Search:ASIAI0B)
Imported 'GUID: 47ca7de5076d2e34fbc2e25f05744f10' -> (Import Result ID: '5361ec5466112e43f2e782ba89f8cbd4') in 0.003 seconds [static and dynamic dependencies]. Details - ImportResultOutputID=df468cf773d1948177be6c65ebb970a7 DependenciesID=6f58d8e5abb5ef8e8016c75147afb117 StaticDependenciesID=f29fb874cddee15ae54bc7ec4ffcf239 
Number of updated asset objects reloaded before import = 0
Number of asset objects unloaded after import = 0
========================================================================
Received Import Request.
  Time of request: 2026-09-18T17:31:54.6725138Z
  Time since last request: 0.0002871 seconds.
  importAddress: GUID: 38f48a8d66b2adc46887f23a3a88ac01 - Path: Packages/com.unity.render-pipelines.universal/Runtime/2D/Shadows/CompositeShadowCaster2D.cs - Importer: ScriptedImporter/UnityEditor.QuickSearchModule:UnityEditor.Search:ASIAI0B
Importing 'GUID: 38f48a8d66b2adc46887f23a3a88ac01 - Path: Packages/com.unity.render-pipelines.universal/Runtime/2D/Shadows/CompositeShadowCaster2D.cs - Importer: ScriptedImporter/UnityEditor.QuickSearchModule:UnityEditor.Search:ASIAI0B' with importer (ScriptedImporter : UnityEditor.QuickSearchModule:UnityEditor.Search:ASIAI0B)
Imported 'GUID: 38f48a8d66b2adc46887f23a3a88ac01' -> (Import Result ID: '8f3f6ada5a1362801ade084898ad7edd') in 0.003 seconds [static and dynamic dependencies]. Details - ImportResultOutputID=a67286b9148bc61fdfc150446a736ce6 DependenciesID=647ef1a652515728641d3f68e4c0e6b7 StaticDependenciesID=e2427fda99dd914389c9a38ae64e504f 
Number of updated asset objects reloaded before import = 0
Number of asset objects unloaded after import = 0
========================================================================
Received Import Request.
  Time of request: 2026-09-18T17:31:54.6952453Z
  Time since last request: 0.0003152 seconds.
  importAddress: GUID: a699ef0a455ff0440a0fe9b1689ec566 - Path: Packages/com.unity.render-pipelines.universal/Editor/Tools/MaterialUpgrader/UniversalSpeedTree8MaterialUpgrader.cs - Importer: ScriptedImporter/UnityEditor.QuickSearchModule:UnityEditor.Search:ASIAI0B
Importing 'GUID: a699ef0a455ff0440a0fe9b1689ec566 - Path: Packages/com.unity.render-pipelines.universal/Editor/Tools/MaterialUpgrader/UniversalSpeedTree8MaterialUpgrader.cs - Importer: ScriptedImporter/UnityEditor.QuickSearchModule:UnityEditor.Search:ASIAI0B' with importer (ScriptedImporter : UnityEditor.QuickSearchModule:UnityEditor.Search:ASIAI0B)
Imported 'GUID: a699ef0a455ff0440a0fe9b1689ec566' -> (Import Result ID: 'c4bcf10275a5505e5bf64fd33584b8f3') in 0.003 seconds [static and dynamic dependencies]. Details - ImportResultOutputID=f440c5beb1bf71af71702afc81b8c74f DependenciesID=77e6726eddc339f88ee13d84a3505520 StaticDependenciesID=55c92bf05eaa5a3447ec04fada5674c6 
Number of updated asset objects reloaded before import = 0
Number of asset objects unloaded after import = 0
========================================================================
Received Import Request.
  Time of request: 2026-09-18T17:31:54.7192799Z
  Time since last request: 0.0003124 seconds.
  importAddress: GUID: 5f2b965a0132c42a4b52332918ed154a - Path: Packages/com.unity.render-pipelines.universal/Editor/ShaderGUI/ShadingModels/SimpleLitGUI.cs - Importer: ScriptedImporter/UnityEditor.QuickSearchModule:UnityEditor.Search:ASIAI0B
Importing 'GUID: 5f2b965a0132c42a4b52332918ed154a - Path: Packages/com.unity.render-pipelines.universal/Editor/ShaderGUI/ShadingModels/SimpleLitGUI.cs - Importer: ScriptedImporter/UnityEditor.QuickSearchModule:UnityEditor.Search:ASIAI0B' with importer (ScriptedImporter : UnityEditor.QuickSearchModule:UnityEditor.Search:ASIAI0B)
Imported 'GUID: 5f2b965a0132c42a4b52332918ed154a' -> (Import Result ID: 'a7d57c8bd1d4d45334156d896f7aeab9') in 0.003 seconds [static and dynamic dependencies]. Details - ImportResultOutputID=2356f0fd4ceabaeb315ce12da92940be DependenciesID=26fa0112f31f0ef37254a000b8e095c4 StaticDependenciesID=394ae9f8cd4d64bf73cbe0faf8a62047 
Number of updated asset objects reloaded before import = 0
Number of asset objects unloaded after import = 0
========================================================================
Received Import Request.
  Time of request: 2026-09-18T17:31:54.7531631Z
  Time since last request: 0.0113352 seconds.
  importAddress: GUID: d41cfd0a88e7a024797e86c60a0ff961 - Path: Packages/com.unity.render-pipelines.universal/Runtime/2D/Shadows/ShadowRendering.cs - Importer: ScriptedImporter/UnityEditor.QuickSearchModule:UnityEditor.Search:ASIAI0B
Importing 'GUID: d41cfd0a88e7a024797e86c60a0ff961 - Path: Packages/com.unity.render-pipelines.universal/Runtime/2D/Shadows/ShadowRendering.cs - Importer: ScriptedImporter/UnityEditor.QuickSearchModule:UnityEditor.Search:ASIAI0B' with importer (ScriptedImporter : UnityEditor.QuickSearchModule:UnityEditor.Search:ASIAI0B)
Imported 'GUID: d41cfd0a88e7a024797e86c60a0ff961' -> (Import Result ID: '1d4d2eb3b9ff3dc68e482f7081210ae4') in 0.003 seconds [static and dynamic dependencies]. Details - ImportResultOutputID=d02b1d1eb4638ee3c961ae0c696549af DependenciesID=59de88d1e545dd4740f2e39f79efd851 StaticDependenciesID=a849e2ad845a3eb5379709456ee9ccbe 
Number of updated asset objects reloaded before import = 0
Number of asset objects unloaded after import = 0
========================================================================
Received Import Request.
  Time of request: 2026-09-18T17:31:54.7749703Z
  Time since last request: 0.0004537 seconds.
  importAddress: GUID: a2a23360f57994b0d825d87e4ce62755 - Path: Packages/com.unity.render-pipelines.universal/Runtime/Passes/PostProcess/SmaaPostProcessPass.cs - Importer: ScriptedImporter/UnityEditor.QuickSearchModule:UnityEditor.Search:ASIAI0B
Importing 'GUID: a2a23360f57994b0d825d87e4ce62755 - Path: Packages/com.unity.render-pipelines.universal/Runtime/Passes/PostProcess/SmaaPostProcessPass.cs - Importer: ScriptedImporter/UnityEditor.QuickSearchModule:UnityEditor.Search:ASIAI0B' with importer (ScriptedImporter : UnityEditor.QuickSearchModule:UnityEditor.Search:ASIAI0B)
Imported 'GUID: a2a23360f57994b0d825d87e4ce62755' -> (Import Result ID: '9883c4315efb7a4dc27f3f53686d06e0') in 0.003 seconds [static and dynamic dependencies]. Details - ImportResultOutputID=ddc7103cad8ee8fd321e737b7b9c102c DependenciesID=b6ccb3609a3fc010fc4eb98999fc42ab StaticDependenciesID=23c6035635671db19ed0bd25b45104c8 
Number of updated asset objects reloaded before import = 0
Number of asset objects unloaded after import = 0
========================================================================
Received Import Request.
  Time of request: 2026-09-18T17:31:54.7973126Z
  Time since last request: 0.0003175 seconds.
  importAddress: GUID: 81f448cc93783d24fbc04af4b95e8af0 - Path: Packages/com.unity.render-pipelines.universal/Runtime/Decal/Entities/DecalUpdateCullingGroupSystem.cs - Importer: ScriptedImporter/UnityEditor.QuickSearchModule:UnityEditor.Search:ASIAI0B
Importing 'GUID: 81f448cc93783d24fbc04af4b95e8af0 - Path: Packages/com.unity.render-pipelines.universal/Runtime/Decal/Entities/DecalUpdateCullingGroupSystem.cs - Importer: ScriptedImporter/UnityEditor.QuickSearchModule:UnityEditor.Search:ASIAI0B' with importer (ScriptedImporter : UnityEditor.QuickSearchModule:UnityEditor.Search:ASIAI0B)
Imported 'GUID: 81f448cc93783d24fbc04af4b95e8af0' -> (Import Result ID: '2bc960354dc0e59559948b91e3838ad1') in 0.003 seconds [static and dynamic dependencies]. Details - ImportResultOutputID=2f2fbb8d327beaef7014fb1ef7b146d3 DependenciesID=69b9758ac82fbc0ea25295abf10fb2bb StaticDependenciesID=5272e96cd5490fb293e3b922e295cd52 
Number of updated asset objects reloaded before import = 0
Number of asset objects unloaded after import = 0
========================================================================
Received Import Request.
  Time of request: 2026-09-18T17:31:54.8199Z
  Time since last request: 0.0003174 seconds.
  importAddress: GUID: d2bfdb1a6a725194f86f62742dda59d2 - Path: Packages/com.unity.render-pipelines.universal/Runtime/Decal/DBuffer/DBufferRenderPass.cs - Importer: ScriptedImporter/UnityEditor.QuickSearchModule:UnityEditor.Search:ASIAI0B
Importing 'GUID: d2bfdb1a6a725194f86f62742dda59d2 - Path: Packages/com.unity.render-pipelines.universal/Runtime/Decal/DBuffer/DBufferRenderPass.cs - Importer: ScriptedImporter/UnityEditor.QuickSearchModule:UnityEditor.Search:ASIAI0B' with importer (ScriptedImporter : UnityEditor.QuickSearchModule:UnityEditor.Search:ASIAI0B)
Imported 'GUID: d2bfdb1a6a725194f86f62742dda59d2' -> (Import Result ID: 'd1866232bd8196cb8de1796cdfb9d8f2') in 0.003 seconds [static and dynamic dependencies]. Details - ImportResultOutputID=5bf0915012240157cc1e447ee82c9a92 DependenciesID=ba3224de266f3b7b5390c98e68c7bf8e StaticDependenciesID=b84703a8c8ae61dab49cd0d529fb901d 
Number of updated asset objects reloaded before import = 0
Number of asset objects unloaded after import = 0
========================================================================
Received Import Request.
  Time of request: 2026-09-18T17:31:54.8426528Z
  Time since last request: 0.0003655 seconds.
  importAddress: GUID: 44245ab89240f51459a5077d7145c452 - Path: Packages/com.unity.render-pipelines.universal/Runtime/Materials/PhysicalMaterial3DsMax/PhysicalMaterial3DsMax.shadergraph - Importer: ScriptedImporter/UnityEditor.QuickSearchModule:UnityEditor.Search:ASIAI0B
Importing 'GUID: 44245ab89240f51459a5077d7145c452 - Path: Packages/com.unity.render-pipelines.universal/Runtime/Materials/PhysicalMaterial3DsMax/PhysicalMaterial3DsMax.shadergraph - Importer: ScriptedImporter/UnityEditor.QuickSearchModule:UnityEditor.Search:ASIAI0B' with importer (ScriptedImporter : UnityEditor.QuickSearchModule:UnityEditor.Search:ASIAI0B)
Imported 'GUID: 44245ab89240f51459a5077d7145c452' -> (Import Result ID: '158f4e97d0494c34fad1f958d45ad906') in 0.008 seconds [static and dynamic dependencies]. Details - ImportResultOutputID=46184e20ee15c39705ebbdf25a2ed143 DependenciesID=481e93acbe60db24e2deeba631bc92ea StaticDependenciesID=d5d02a0d85236429c9a136281d24c402 
Number of updated asset objects reloaded before import = 0
Number of asset objects unloaded after import = 6
========================================================================
Received Import Request.
  Time of request: 2026-09-18T17:31:54.8709707Z
  Time since last request: 0.0001332 seconds.
  importAddress: GUID: 65a21829bcfc0a7458e8ae05cf1e6291 - Path: Packages/com.unity.render-pipelines.universal/Runtime/2D/Sources/Provider2DKVPair.cs - Importer: ScriptedImporter/UnityEditor.QuickSearchModule:UnityEditor.Search:ASIAI0B
Importing 'GUID: 65a21829bcfc0a7458e8ae05cf1e6291 - Path: Packages/com.unity.render-pipelines.universal/Runtime/2D/Sources/Provider2DKVPair.cs - Importer: ScriptedImporter/UnityEditor.QuickSearchModule:UnityEditor.Search:ASIAI0B' with importer (ScriptedImporter : UnityEditor.QuickSearchModule:UnityEditor.Search:ASIAI0B)
Imported 'GUID: 65a21829bcfc0a7458e8ae05cf1e6291' -> (Import Result ID: '943d15d59e11f835d39675c551e38184') in 0.003 seconds [static and dynamic dependencies]. Details - ImportResultOutputID=0782466a1536dae456091f887c0564ca DependenciesID=32ad88bd6c7b95a6dff0dea15d83fca9 StaticDependenciesID=9f4d61bc40b478debf56a7fc7d548a83 
Number of updated asset objects reloaded before import = 0
Number of asset objects unloaded after import = 0
========================================================================
Received Import Request.
  Time of request: 2026-09-18T17:31:54.8941886Z
  Time since last request: 0.0002746 seconds.
  importAddress: GUID: 389e75599c6f47399ec151a887fef961 - Path: Packages/com.unity.render-pipelines.universal/Runtime/Passes/PostProcess/PostProcessPass.cs - Importer: ScriptedImporter/UnityEditor.QuickSearchModule:UnityEditor.Search:ASIAI0B
Importing 'GUID: 389e75599c6f47399ec151a887fef961 - Path: Packages/com.unity.render-pipelines.universal/Runtime/Passes/PostProcess/PostProcessPass.cs - Importer: ScriptedImporter/UnityEditor.QuickSearchModule:UnityEditor.Search:ASIAI0B' with importer (ScriptedImporter : UnityEditor.QuickSearchModule:UnityEditor.Search:ASIAI0B)
Imported 'GUID: 389e75599c6f47399ec151a887fef961' -> (Import Result ID: 'fcdbbc7145987251829bee09d69f078d') in 0.003 seconds [static and dynamic dependencies]. Details - ImportResultOutputID=94ea20af4185e7959794b8deb009ae61 DependenciesID=1bb95a4177042eebdd63674d6230f9de StaticDependenciesID=823275b9fa867feb7140a602e8a478fd 
Number of updated asset objects reloaded before import = 0
Number of asset objects unloaded after import = 0
========================================================================
Received Import Request.
  Time of request: 2026-09-18T17:31:54.9158281Z
  Time since last request: 0.0002912 seconds.
  importAddress: GUID: 36f159460b6b00648afabd8225abd962 - Path: Packages/com.unity.render-pipelines.universal/Runtime/2D/Sources/Light2DSource_BuiltIn.cs - Importer: ScriptedImporter/UnityEditor.QuickSearchModule:UnityEditor.Search:ASIAI0B
Importing 'GUID: 36f159460b6b00648afabd8225abd962 - Path: Packages/com.unity.render-pipelines.universal/Runtime/2D/Sources/Light2DSource_BuiltIn.cs - Importer: ScriptedImporter/UnityEditor.QuickSearchModule:UnityEditor.Search:ASIAI0B' with importer (ScriptedImporter : UnityEditor.QuickSearchModule:UnityEditor.Search:ASIAI0B)
Imported 'GUID: 36f159460b6b00648afabd8225abd962' -> (Import Result ID: 'c9971b8b9a217f09e0a267f9c6307b9d') in 0.002 seconds [static and dynamic dependencies]. Details - ImportResultOutputID=f7dfed99a6a283102e5731973e64e19b DependenciesID=ca65cf252cb5305d80622adc91524f15 StaticDependenciesID=45f5cc711b6e7b1d97b32b4be57150ab 
Number of updated asset objects reloaded before import = 0
Number of asset objects unloaded after import = 0
========================================================================
Received Import Request.
  Time of request: 2026-09-18T17:31:54.937545Z
  Time since last request: 0.0003023 seconds.
  importAddress: GUID: aef66ab76b8cc4546855b92dfdddeb23 - Path: Packages/com.unity.render-pipelines.universal/Runtime/Passes/PostProcess/FinalPostProcessPass.cs - Importer: ScriptedImporter/UnityEditor.QuickSearchModule:UnityEditor.Search:ASIAI0B
Importing 'GUID: aef66ab76b8cc4546855b92dfdddeb23 - Path: Packages/com.unity.render-pipelines.universal/Runtime/Passes/PostProcess/FinalPostProcessPass.cs - Importer: ScriptedImporter/UnityEditor.QuickSearchModule:UnityEditor.Search:ASIAI0B' with importer (ScriptedImporter : UnityEditor.QuickSearchModule:UnityEditor.Search:ASIAI0B)
Imported 'GUID: aef66ab76b8cc4546855b92dfdddeb23' -> (Import Result ID: '72d826a2755d34a44b8f748647e7d78b') in 0.003 seconds [static and dynamic dependencies]. Details - ImportResultOutputID=b89a8db6b77f01c76632e8c91af27a54 DependenciesID=887f9690e0ab308f20fbf60682ccd80a StaticDependenciesID=fa084d5d69277b0fe161233248f786d6 
Number of updated asset objects reloaded before import = 0
Number of asset objects unloaded after import = 0
========================================================================
Received Import Request.
  Time of request: 2026-09-18T17:31:54.9590019Z
  Time since last request: 0.000287 seconds.
  importAddress: GUID: af110458c684fbf45b1e546360ddf6b4 - Path: Packages/com.unity.render-pipelines.universal/Runtime/Passes/ScreenSpaceAmbientOcclusion/SSAOUtils.cs - Importer: ScriptedImporter/UnityEditor.QuickSearchModule:UnityEditor.Search:ASIAI0B
Importing 'GUID: af110458c684fbf45b1e546360ddf6b4 - Path: Packages/com.unity.render-pipelines.universal/Runtime/Passes/ScreenSpaceAmbientOcclusion/SSAOUtils.cs - Importer: ScriptedImporter/UnityEditor.QuickSearchModule:UnityEditor.Search:ASIAI0B' with importer (ScriptedImporter : UnityEditor.QuickSearchModule:UnityEditor.Search:ASIAI0B)
Imported 'GUID: af110458c684fbf45b1e546360ddf6b4' -> (Import Result ID: '7b64edda2aca626a9cdc01e07f907734') in 0.003 seconds [static and dynamic dependencies]. Details - ImportResultOutputID=aea56696d309fa9fad1d5311a135bef0 DependenciesID=262ca2427ce65520bcc3a6e29928e786 StaticDependenciesID=e7103607e3732ef1164f2b29bcaffa3a 
Number of updated asset objects reloaded before import = 0
Number of asset objects unloaded after import = 0
========================================================================
Received Import Request.
  Time of request: 2026-09-18T17:31:54.9808863Z
  Time since last request: 0.000276 seconds.
  importAddress: GUID: 56d99b71230e8854aa450311b2cc4e85 - Path: Packages/com.unity.render-pipelines.universal/Runtime/2D/Sources/Light2DProviderSources.cs - Importer: ScriptedImporter/UnityEditor.QuickSearchModule:UnityEditor.Search:ASIAI0B
Importing 'GUID: 56d99b71230e8854aa450311b2cc4e85 - Path: Packages/com.unity.render-pipelines.universal/Runtime/2D/Sources/Light2DProviderSources.cs - Importer: ScriptedImporter/UnityEditor.QuickSearchModule:UnityEditor.Search:ASIAI0B' with importer (ScriptedImporter : UnityEditor.QuickSearchModule:UnityEditor.Search:ASIAI0B)
Imported 'GUID: 56d99b71230e8854aa450311b2cc4e85' -> (Import Result ID: '9ea7a3aee7b984afd3c68d97b476be4e') in 0.003 seconds [static and dynamic dependencies]. Details - ImportResultOutputID=85a44301e0c644f7127973b766d67e9e DependenciesID=8efec5699000dade0209d2ecac96aeb0 StaticDependenciesID=a4e8b190a9c10eeb07ee33f6a0c383ba 
Number of updated asset objects reloaded before import = 0
Number of asset objects unloaded after import = 0
========================================================================
Received Import Request.
  Time of request: 2026-09-18T17:31:55.0030614Z
  Time since last request: 0.0002565 seconds.
  importAddress: GUID: 96fe41ee3d39d724e8c066e89c73ee4d - Path: Packages/com.unity.render-pipelines.universal/Runtime/2D/Sources/Provider2DCache.cs - Importer: ScriptedImporter/UnityEditor.QuickSearchModule:UnityEditor.Search:ASIAI0B
Importing 'GUID: 96fe41ee3d39d724e8c066e89c73ee4d - Path: Packages/com.unity.render-pipelines.universal/Runtime/2D/Sources/Provider2DCache.cs - Importer: ScriptedImporter/UnityEditor.QuickSearchModule:UnityEditor.Search:ASIAI0B' with importer (ScriptedImporter : UnityEditor.QuickSearchModule:UnityEditor.Search:ASIAI0B)
Imported 'GUID: 96fe41ee3d39d724e8c066e89c73ee4d' -> (Import Result ID: 'bda0e35680b7d9e7f8d47dddf53eac55') in 0.002 seconds [static and dynamic dependencies]. Details - ImportResultOutputID=102f4c0dd9aec990050e621140fe883a DependenciesID=775434f63cd8c6bb04100ba15c4a30e7 StaticDependenciesID=5bce3cd0a519ab6df542e0157d1224c4 
Number of updated asset objects reloaded before import = 0
Number of asset objects unloaded after import = 0
========================================================================
Received Import Request.
  Time of request: 2026-09-18T17:31:55.0245569Z
  Time since last request: 0.0003562 seconds.
  importAddress: GUID: 6ee6184a87bccad4fae55f17c7456ac3 - Path: Packages/com.unity.render-pipelines.universal/Runtime/2D/Sources/SelectionSource2D.cs - Importer: ScriptedImporter/UnityEditor.QuickSearchModule:UnityEditor.Search:ASIAI0B
Importing 'GUID: 6ee6184a87bccad4fae55f17c7456ac3 - Path: Packages/com.unity.render-pipelines.universal/Runtime/2D/Sources/SelectionSource2D.cs - Importer: ScriptedImporter/UnityEditor.QuickSearchModule:UnityEditor.Search:ASIAI0B' with importer (ScriptedImporter : UnityEditor.QuickSearchModule:UnityEditor.Search:ASIAI0B)
Imported 'GUID: 6ee6184a87bccad4fae55f17c7456ac3' -> (Import Result ID: '4b05911f53791caad424e10d760c5a79') in 0.002 seconds [static and dynamic dependencies]. Details - ImportResultOutputID=b56b50d971210a65138f86cb5508309a DependenciesID=a996185f7aaadfd82096e8bd993c94ff StaticDependenciesID=91be67dbbfa545f4829ac7efbb26e45e 
Number of updated asset objects reloaded before import = 0
Number of asset objects unloaded after import = 0
========================================================================
Received Import Request.
  Time of request: 2026-09-18T17:31:55.0472874Z
  Time since last request: 0.0004778 seconds.
  importAddress: GUID: 3739e562a03fc0b4982d8aa66cc50865 - Path: Packages/com.unity.render-pipelines.universal/Runtime/Materials/ArnoldStandardSurface/ArnoldStandardSurface.shadergraph - Importer: ScriptedImporter/UnityEditor.QuickSearchModule:UnityEditor.Search:ASIAI0B
Importing 'GUID: 3739e562a03fc0b4982d8aa66cc50865 - Path: Packages/com.unity.render-pipelines.universal/Runtime/Materials/ArnoldStandardSurface/ArnoldStandardSurface.shadergraph - Importer: ScriptedImporter/UnityEditor.QuickSearchModule:UnityEditor.Search:ASIAI0B' with importer (ScriptedImporter : UnityEditor.QuickSearchModule:UnityEditor.Search:ASIAI0B)
Imported 'GUID: 3739e562a03fc0b4982d8aa66cc50865' -> (Import Result ID: '815c3f9900161b46aa870e2f62b97fec') in 0.008 seconds [static and dynamic dependencies]. Details - ImportResultOutputID=976fcf1a1d5ab285b68c9fb867ab9452 DependenciesID=c12d3e1fc1cafe135c1479e52057ca04 StaticDependenciesID=87051b4986dcc2f8f041e69a00aa98ac 
Number of updated asset objects reloaded before import = 0
Number of asset objects unloaded after import = 6
========================================================================
Received Import Request.
  Time of request: 2026-09-18T17:31:55.0741521Z
  Time since last request: 0.0000835 seconds.
  importAddress: GUID: 93c9bd87382837c4aab136fa4c0c7bf8 - Path: Packages/com.unity.render-pipelines.universal/Runtime/Decal/DBuffer/DecalForwardEmissivePass.cs - Importer: ScriptedImporter/UnityEditor.QuickSearchModule:UnityEditor.Search:ASIAI0B
Importing 'GUID: 93c9bd87382837c4aab136fa4c0c7bf8 - Path: Packages/com.unity.render-pipelines.universal/Runtime/Decal/DBuffer/DecalForwardEmissivePass.cs - Importer: ScriptedImporter/UnityEditor.QuickSearchModule:UnityEditor.Search:ASIAI0B' with importer (ScriptedImporter : UnityEditor.QuickSearchModule:UnityEditor.Search:ASIAI0B)
Imported 'GUID: 93c9bd87382837c4aab136fa4c0c7bf8' -> (Import Result ID: '3cf6a9c50b39af64faf2fcd902b5ac51') in 0.002 seconds [static and dynamic dependencies]. Details - ImportResultOutputID=6985ca74b04def19f1b6cd22eabf8f57 DependenciesID=a05c3564569fa59ded648873807e5e63 StaticDependenciesID=70ad9b2960c6883dab3ad149d89c33cb 
Number of updated asset objects reloaded before import = 0
Number of asset objects unloaded after import = 0
========================================================================
Received Import Request.
  Time of request: 2026-09-18T17:31:55.0960228Z
  Time since last request: 0.0002454 seconds.
  importAddress: GUID: 90a204702cd44e54cac7ed4fc6e5d86b - Path: Packages/com.unity.render-pipelines.universal/Runtime/MipGen/Shaders/DepthPyramid.compute - Importer: ScriptedImporter/UnityEditor.QuickSearchModule:UnityEditor.Search:ASIAI0B
Importing 'GUID: 90a204702cd44e54cac7ed4fc6e5d86b - Path: Packages/com.unity.render-pipelines.universal/Runtime/MipGen/Shaders/DepthPyramid.compute - Importer: ScriptedImporter/UnityEditor.QuickSearchModule:UnityEditor.Search:ASIAI0B' with importer (ScriptedImporter : UnityEditor.QuickSearchModule:UnityEditor.Search:ASIAI0B)
Imported 'GUID: 90a204702cd44e54cac7ed4fc6e5d86b' -> (Import Result ID: '2a078712ef6d57fdae6a4dae9d128834') in 0.002 seconds [static and dynamic dependencies]. Details - ImportResultOutputID=771634053982e47b841dfbf096623b12 DependenciesID=bb1338840278bd544a928f0cd24a8eba StaticDependenciesID=4afe13bb250d810c0a46c2a776b4a855 
Number of updated asset objects reloaded before import = 0
Number of asset objects unloaded after import = 1
========================================================================
Received Import Request.
  Time of request: 2026-09-18T17:31:55.1175817Z
  Time since last request: 0.0003139 seconds.
  importAddress: GUID: 63b92baba208e314c8fdebe52ca0cc34 - Path: Packages/com.unity.render-pipelines.universal/Runtime/MipGen/Shaders/ColorPyramidPS.shader - Importer: ScriptedImporter/UnityEditor.QuickSearchModule:UnityEditor.Search:ASIAI0B
Importing 'GUID: 63b92baba208e314c8fdebe52ca0cc34 - Path: Packages/com.unity.render-pipelines.universal/Runtime/MipGen/Shaders/ColorPyramidPS.shader - Importer: ScriptedImporter/UnityEditor.QuickSearchModule:UnityEditor.Search:ASIAI0B' with importer (ScriptedImporter : UnityEditor.QuickSearchModule:UnityEditor.Search:ASIAI0B)
Imported 'GUID: 63b92baba208e314c8fdebe52ca0cc34' -> (Import Result ID: 'cb11348e4af4a096a980ef210751afaf') in 0.003 seconds [static and dynamic dependencies]. Details - ImportResultOutputID=3e2a5c9187e2f3d24d03b8dac85921aa DependenciesID=130df1fcbc6f7525ea92ef4bd8e2ed59 StaticDependenciesID=abbe0edfa6457a9cbfe4e44602d6c0d4 
Number of updated asset objects reloaded before import = 0
Number of asset objects unloaded after import = 1
========================================================================
Received Import Request.
  Time of request: 2026-09-18T17:31:55.1399415Z
  Time since last request: 0.0002999 seconds.
  importAddress: GUID: 4d4f645458af4b849672d0ccaae85173 - Path: Packages/com.unity.render-pipelines.universal/Runtime/Passes/PostProcess/BloomPostProcessPass.cs - Importer: ScriptedImporter/UnityEditor.QuickSearchModule:UnityEditor.Search:ASIAI0B
Importing 'GUID: 4d4f645458af4b849672d0ccaae85173 - Path: Packages/com.unity.render-pipelines.universal/Runtime/Passes/PostProcess/BloomPostProcessPass.cs - Importer: ScriptedImporter/UnityEditor.QuickSearchModule:UnityEditor.Search:ASIAI0B' with importer (ScriptedImporter : UnityEditor.QuickSearchModule:UnityEditor.Search:ASIAI0B)
Imported 'GUID: 4d4f645458af4b849672d0ccaae85173' -> (Import Result ID: 'f23ea21287c1de7be0570d3ddd7ea284') in 0.002 seconds [static and dynamic dependencies]. Details - ImportResultOutputID=065608bff4d95c4b544266eca1319972 DependenciesID=ac3e822e89da64ca1d6e6b92352896fa StaticDependenciesID=7438742ff183c387d6772b78d6df9237 
Number of updated asset objects reloaded before import = 0
Number of asset objects unloaded after import = 0
========================================================================
Received Import Request.
  Time of request: 2026-09-18T17:31:55.1617914Z
  Time since last request: 0.0002885 seconds.
  importAddress: GUID: f056d8bd2a1c7e44e9729144b4c70395 - Path: Packages/com.unity.render-pipelines.universal/Runtime/Decal/DBuffer/DBufferClear.shader - Importer: ScriptedImporter/UnityEditor.QuickSearchModule:UnityEditor.Search:ASIAI0B
Importing 'GUID: f056d8bd2a1c7e44e9729144b4c70395 - Path: Packages/com.unity.render-pipelines.universal/Runtime/Decal/DBuffer/DBufferClear.shader - Importer: ScriptedImporter/UnityEditor.QuickSearchModule:UnityEditor.Search:ASIAI0B' with importer (ScriptedImporter : UnityEditor.QuickSearchModule:UnityEditor.Search:ASIAI0B)
Imported 'GUID: f056d8bd2a1c7e44e9729144b4c70395' -> (Import Result ID: '830dc98d41cb18387829215ba224bff9') in 0.003 seconds [static and dynamic dependencies]. Details - ImportResultOutputID=9108ea614cc13670a01be81ba4f4c587 DependenciesID=96aed2c37a7198fa9b844f1401d30f41 StaticDependenciesID=f57d1a5b5f42094de85b005301f11b7b 
Number of updated asset objects reloaded before import = 0
Number of asset objects unloaded after import = 1
========================================================================
Received Import Request.
  Time of request: 2026-09-18T17:31:55.1835634Z
  Time since last request: 0.0002839 seconds.
  importAddress: GUID: 64d01acbbe3ff8d4d9b89e2064405103 - Path: Packages/com.unity.render-pipelines.universal/Runtime/2D/Sources/Provider2DRef.cs - Importer: ScriptedImporter/UnityEditor.QuickSearchModule:UnityEditor.Search:ASIAI0B
Importing 'GUID: 64d01acbbe3ff8d4d9b89e2064405103 - Path: Packages/com.unity.render-pipelines.universal/Runtime/2D/Sources/Provider2DRef.cs - Importer: ScriptedImporter/UnityEditor.QuickSearchModule:UnityEditor.Search:ASIAI0B' with importer (ScriptedImporter : UnityEditor.QuickSearchModule:UnityEditor.Search:ASIAI0B)
Imported 'GUID: 64d01acbbe3ff8d4d9b89e2064405103' -> (Import Result ID: 'd7959f80cf32042574ffa2e8ac75e820') in 0.002 seconds [static and dynamic dependencies]. Details - ImportResultOutputID=9f7f4f2f23e1b89db1df3630a2f0efb5 DependenciesID=e6a43ac59f4866b617dc1e0d17c53544 StaticDependenciesID=164d64324144e14652ef3b1dea317054 
Number of updated asset objects reloaded before import = 0
Number of asset objects unloaded after import = 0
Editor requested this worker to shutdown with reason: Editor is closing down
AcceleratorClientConnectionCallback - disconnected - :0
AssetImportWorker is now disconnected from the server
Process exiting
[ExitDontLaunchBugReporter] Exiting without the bug reporter. Application will exit with return code 0
