[Licensing::Module] Trying to connect to existing licensing client channel...
Built from '6000.6/respin/6000.6.0f1-fa21a270ab12' branch; Version is '6000.6.0f1 (f7f8ed4d1e24) revision 16251117'; Using compiler version '194234433'; Build Type 'Release'
[Licensing::IpcConnector] Successfully connected to: "LicenseClient-kvdgs" at "2026-09-18T17:31:05.7241558Z"
OS: 'Windows 10  (10.0.19044) 64bit IoTEnterpriseS' Language: 'en' Physical Memory: 32553 MB
BatchMode: 1, IsHumanControllingUs: 0, StartBugReporterOnCrash: 0, Is64bit: 1
System  architecture: x64
Process architecture: x64
Date: 2026-09-18T17:31:05Z
[Licensing::Client] Code 10 while verifying Licensing Client signature (process Id: 12156, path: "C:/Program Files/Unity Hub/UnityLicensingClient_V1/Unity.Licensing.Client.exe")
[Licensing::Module] LicensingClient has failed validation; ignoring
[Licensing::Client] Handshaking with LicensingClient:
  Version:                 1.18.3+d7ffd15
  Session Id:              74930659354b4cf189a78f2515b21195
  Correlation Id:          7c121f8b0bc486dd27296ef88e06b2ad
  External correlation Id: 6394982928348347757
  Machine Id:              e92fZFs8pw5YPi8nmDcnF+cruoE=
[Licensing::Module] Successfully connected to LicensingClient on channel: "LicenseClient-kvdgs" (connect: 0.00s, validation: 0.00s, handshake: 0.05s)
[Licensing::IpcConnector] Successfully connected to: "LicenseClient-kvdgs-notifications" at "2026-09-18T17:31:05.7824848Z"
[Licensing::Module] Licensing Background thread has ended after 0.06s

COMMAND LINE ARGUMENTS:
C:\Program Files\Unity\Hub\Editor\6000.6.0f1\Editor\Unity.exe
-adb2
-batchMode
-noUpm
-name
AssetImportWorkerHW0
-projectPath
C:/Users/kvdgs/Ostatni_Peron
-logFile
Logs/AssetImportWorkerHW0.log
-srvPort
58830
-parentPid
15952
-analyticsCloudUserId
anonymous
-analyticsLocalProjectId
6b1046796772a574095b6a545e6623be
-editorAnalyticsEnabled
1
-cbmEditorLicense
6e7a55aee7f79adb812e5e06053d436dac76c8d1
-cbmMachineId
e92fZFs8pw5YPi8nmDcnF+cruoE=
-noDiagnosticSwitchPersistentStore
-job-worker-count
9
-background-job-worker-count
8
-asset-garbage-collectors
1
-force-d3d12
-name
AssetImport
Successfully changed project path to: C:/Users/kvdgs/Ostatni_Peron
C:/Users/kvdgs/Ostatni_Peron
[UnityMemory] Configuration Parameters - Can be set up in boot.config
    "memorysetup-temp-allocator-size-gi-baking-worker=262144"
    "memorysetup-temp-allocator-size-gi-baking-worker=262144"
    "memorysetup-temp-allocator-size-gi-baking-worker=262144"
    "memorysetup-temp-allocator-size-gi-baking-worker=262144"
    "memorysetup-temp-allocator-size-gi-baking-worker=262144"
    "memorysetup-temp-allocator-size-nav-mesh-worker=65536"
    "memorysetup-temp-allocator-size-audio-worker=65536"
    "memorysetup-temp-allocator-size-cloud-worker=32768"
    "memorysetup-temp-allocator-size-gfx=262144"
    "memorysetup-remapper-allocator-initial-capacity=32768"
    "memorysetup-temp-allocator-size-preload-manager=33554432"
    "memorysetup-allocator-temp-initial-block-size-main=262144"
    "memorysetup-allocator-temp-initial-block-size-worker=262144"
    "memorysetup-temp-allocator-size-job-worker=262144"
    "memorysetup-temp-allocator-size-background-worker=32768"
    "memorysetup-bucket-allocator-granularity=16"
    "memorysetup-bucket-allocator-bucket-count=8"
    "memorysetup-bucket-allocator-block-size=33554432"
    "memorysetup-bucket-allocator-block-count=8"
    "memorysetup-main-allocator-block-size=16777216"
    "memorysetup-thread-allocator-block-size=16777216"
    "memorysetup-main-allocator-mimalloc-enabled=1"
    "memorysetup-gfx-main-allocator-block-size=16777216"
    "memorysetup-gfx-thread-allocator-block-size=16777216"
    "memorysetup-cache-allocator-block-size=4194304"
    "memorysetup-typetree-allocator-block-size=2097152"
    "memorysetup-profiler-bucket-allocator-granularity=16"
    "memorysetup-profiler-bucket-allocator-bucket-count=8"
    "memorysetup-profiler-bucket-allocator-block-size=33554432"
    "memorysetup-profiler-bucket-allocator-block-count=8"
    "memorysetup-profiler-allocator-block-size=16777216"
    "memorysetup-profiler-editor-allocator-block-size=1048576"
    "memorysetup-temp-allocator-size-main=16777216"
    "memorysetup-job-temp-allocator-block-size=2097152"
    "memorysetup-job-temp-allocator-block-size-background=1048576"
    "memorysetup-job-temp-allocator-reduction-small-platforms=262144"
Player connection [18328]  Target information:

Player connection [18328]  * "[IP] 192.168.56.1 [Port] 0 [Flags] 2 [Guid] 4117646587 [EditorId] 4117646587 [Version] 1048832 [Id] WindowsEditor(7,DESKTOP-S3V9965) [Debug] 1 [PackageName] WindowsEditor [ProjectName] Editor" 

Player connection [18328]  * "[IP] 192.168.1.76 [Port] 0 [Flags] 2 [Guid] 4117646587 [EditorId] 4117646587 [Version] 1048832 [Id] WindowsEditor(7,DESKTOP-S3V9965) [Debug] 1 [PackageName] WindowsEditor [ProjectName] Editor" 

Player connection [18328] Host joined multi-casting on [225.0.0.222:54997]...
Player connection [18328] Host joined alternative multi-casting on [225.0.0.222:34997]...
JobSystem: Creating JobQueue using job-worker-count value 9
Input System module state changed to: Initialized.
[Physics::Module] Initialized fallback backend.
[Physics::Module] Id: 0xdecafbad
Library Redirect Path: Library/
Initialising UDS system complete:
  - System type: Client
  - Resource namespace: 4422644b660968779b78d57b56671add
  - Shared memory size: 1073741824
  - Command buffer id: 1052576
  - Command buffer size: 8192
  - Hashmap size: 4194304
  - Service connected: true
  - Service working directory: Library/DataStore/
[Physics::Module] Selected backend.
[Physics::Module] Name: PhysX
[Physics::Module] Id: 0xf2b8ea05
[Physics::Module] SDK Version: 4.1.2
[Physics::Module] Integration Version: 1.0.0
[Physics::Module] Threading Mode: Multi-Threaded
Refreshing native plugins compatible for Editor in 12.29 ms, found 5 plugins.
Initialize engine version: 6000.6.0f1 (f7f8ed4d1e24)
[EntityIdStore] init: VM path (explicit commit), pageSize=4096, blockCount=1048576, entitiesPerBlock=256, slots reserved=4294967296 bytes
[Subsystems] Discovering subsystems at path C:/Program Files/Unity/Hub/Editor/6000.6.0f1/Editor/Data/Resources/UnitySubsystems
[Subsystems] Discovering subsystems at path C:/Users/kvdgs/Ostatni_Peron/Assets
Forcing GfxDevice: Direct3D 12
GfxDevice: creating device client; kGfxThreadingModeNonThreaded
d3d12: failed to query info queue interface (0x80004002).
Direct3D:
    Version:         Direct3D 12 [level 12.2]
    Renderer:        AMD Radeon RX 7700 XT (ID=0x747e)
    Vendor:          ATI
    VRAM:            12076 MB
    App VRAM Budget: 11308 MB
    Driver:          31.0.22030.2
Initialize mono
Mono path[0] = 'C:/Program Files/Unity/Hub/Editor/6000.6.0f1/Editor/Data/Managed'
Mono path[1] = 'C:/Program Files/Unity/Hub/Editor/6000.6.0f1/Editor/Data/BCLExtensions/runtime/netstandard2.1'
Mono path[2] = 'C:/Program Files/Unity/Hub/Editor/6000.6.0f1/Editor/Data/MonoBleedingEdge/lib/mono/unityjit-win32'
Mono config path = 'C:/Program Files/Unity/Hub/Editor/6000.6.0f1/Editor/Data/MonoBleedingEdge/etc'
Using monoOptions --debugger-agent=transport=dt_socket,embedding=1,server=y,suspend=n,address=127.0.0.1:56800
CodeReloadManager initialized
Begin MonoManager ReloadAssembly
Registering precompiled unity dll's ...
Register platform support module: C:/Program Files/Unity/Hub/Editor/6000.6.0f1/Editor/Data/PlaybackEngines/WebGLSupport/UnityEditor.WebGL.Extensions.dll
Register platform support module: C:/Program Files/Unity/Hub/Editor/6000.6.0f1/Editor/Data/PlaybackEngines/WindowsStandaloneSupport/UnityEditor.WindowsStandalone.Extensions.dll
Registered in 0.004250 seconds.
Native extension for WindowsStandalone target not found
Native extension for WebGL target not found
Package Manager log level set to [2]
[Package Manager] Failed to launch server process. Reason: Unity was launched with the -noUpm command-line argument
[Package Manager] Unable to send message (not connected to server process).
[Package Manager] Cannot connect to Unity Package Manager local server
ScheduleIndexationOnStartup MainProcess:False IndexOnStartup:False
Scripting: successfully reloaded assembly
- Finished resetting the current domain, in  0.848 seconds
Domain Reload Profiling: 2156ms
	BeginReloadAssembly (389ms)
	RebuildCommonClasses (9ms)
	RebuildNativeTypeToScriptingClass (35ms)
	initialDomainReloadingComplete (159ms)
	LoadAllAssembliesAndSetupDomain (715ms)
		LoadAssemblies (384ms)
		TypeCache.Refresh (509ms)
			TypeCache.ScanAssembly (477ms)
		AnalyzeDomain (1ms)
	FinalizeReload (850ms)
		SetupLoadedEditorAssemblies (0ms)
			LogAssemblyErrors (3ms)
			InitializePlatformSupportModulesInManaged (4ms)
			BeforeProcessingInitializeOnLoad (197ms)
			ProcessInitializeOnLoadAttributes (177ms)
			ProcessInitializeOnLoadMethodAttributes (291ms)
Initializing Unity extensions:
[Licensing::Client] Successfully resolved entitlement details
[Licensing::Module] License group:
  Id: 7972619309565-UnityPersXXXX
  Product: Unity Personal
  Type: Assigned
  Expiration: Unlimited
========================================================================
Worker process is ready to serve import requests
Import Worker Mode flag is 0x00
Begin MonoManager ReloadAssembly
'Packages/com.unity.render-pipelines.core/Editor/Deprecated.cs' contains partial class of Unity.Object, exactly 1 of the partial classes needs to be in a file with the same filename. This is to know the one that can be referenced from ie. GameObjects
'Packages/com.unity.render-pipelines.core/Editor/Deprecated.cs' contains partial class of Unity.Object, exactly 1 of the partial classes needs to be in a file with the same filename. This is to know the one that can be referenced from ie. GameObjects
Refreshing native plugins compatible for Editor in 2.69 ms, found 5 plugins.
Shader 'Hidden/Universal/HDRDebugView': fallback shader 'Hidden/Core/FallbackError' not found
Native extension for WindowsStandalone target not found
Native extension for WebGL target not found
[Package Manager] Failed to launch server process. Reason: Unity was launched with the -noUpm command-line argument
[Package Manager] Unable to send message (not connected to server process).
[Package Manager] Cannot connect to Unity Package Manager local server
[Package Manager] Failed to launch server process. Reason: Unity was launched with the -noUpm command-line argument
[Package Manager] Unable to send message (not connected to server process).
[Package Manager] Cannot connect to Unity Package Manager local server
ScheduleIndexationOnStartup MainProcess:False IndexOnStartup:False
Shader 'Universal Render Pipeline/Autodesk Interactive/AutodeskInteractiveTransparent': fallback shader 'Hidden/Shader Graph/FallbackError' not found
Shader 'Universal Render Pipeline/Autodesk Interactive/AutodeskInteractiveMasked': fallback shader 'Hidden/Shader Graph/FallbackError' not found
Shader 'Universal Render Pipeline/Nature/SpeedTree7': fallback shader 'Hidden/Universal Render Pipeline/FallbackError' not found
Shader 'Universal Render Pipeline/Nature/SpeedTree7': dependency 'BillboardShader' shader 'Universal Render Pipeline/Nature/SpeedTree7 Billboard' not found
Shader 'Universal Render Pipeline/Nature/SpeedTree8_PBRLit': fallback shader 'Hidden/Shader Graph/FallbackError' not found
Shader 'Universal Render Pipeline/Nature/SpeedTree9_URP': fallback shader 'Hidden/Shader Graph/FallbackError' not found
Shader 'Hidden/Universal Render Pipeline/StencilDeferred': fallback shader 'Hidden/Universal Render Pipeline/FallbackError' not found
Shader 'Hidden/Universal Render Pipeline/ClusterDeferred': fallback shader 'Hidden/Universal Render Pipeline/FallbackError' not found
Shader 'Hidden/Universal Render Pipeline/FallbackError': fallback shader 'Hidden/Core/FallbackError' not found
Shader 'Universal Render Pipeline/Lit': fallback shader 'Hidden/Universal Render Pipeline/FallbackError' not found
Shader 'Universal Render Pipeline/Simple Lit': fallback shader 'Hidden/Universal Render Pipeline/FallbackError' not found
Shader 'Universal Render Pipeline/Particles/Unlit': fallback shader 'Hidden/Universal Render Pipeline/FallbackError' not found
Shader 'Universal Render Pipeline/Terrain/Lit': fallback shader 'Hidden/Universal Render Pipeline/FallbackError' not found
Shader 'Universal Render Pipeline/Terrain/Lit': dependency 'AddPassShader' shader 'Hidden/Universal Render Pipeline/Terrain/Lit (Add Pass)' not found
Shader 'Universal Render Pipeline/Terrain/Lit': dependency 'BaseMapShader' shader 'Hidden/Universal Render Pipeline/Terrain/Lit (Base Pass)' not found
Shader 'Universal Render Pipeline/Terrain/Lit': dependency 'BaseMapGenShader' shader 'Hidden/Universal Render Pipeline/Terrain/Lit (Basemap Gen)' not found
Shader 'Shader Graphs/Decal': fallback shader 'Hidden/Shader Graph/FallbackError' not found
Scripting: successfully reloaded assembly
- Finished resetting the current domain, in  1.497 seconds
Domain Reload Profiling: 3168ms
	BeginReloadAssembly (400ms)
		DisableScriptedObjects (15ms)
		CreateAndSetChildDomain (52ms)
	RebuildCommonClasses (15ms)
	RebuildNativeTypeToScriptingClass (33ms)
	initialDomainReloadingComplete (93ms)
	LoadAllAssembliesAndSetupDomain (1129ms)
		LoadAssemblies (577ms)
		TypeCache.Refresh (329ms)
			TypeCache.ScanAssembly (303ms)
		AnalyzeDomain (155ms)
			BuildScriptInfoCaches (144ms)
			ResolveRequiredComponents (8ms)
	FinalizeReload (1499ms)
		SetupLoadedEditorAssemblies (0ms)
			LogAssemblyErrors (3ms)
			InitializePlatformSupportModulesInManaged (3ms)
			BeforeProcessingInitializeOnLoad (209ms)
			ProcessInitializeOnLoadAttributes (515ms)
			ProcessInitializeOnLoadMethodAttributes (404ms)
			AfterProcessingInitializeOnLoad (7ms)
		AwakeInstancesAfterBackupRestoration (13ms)
AcceleratorClientConnectionCallback - disconnected - :0
WARNING: Shader Unsupported: 'Hidden/Universal Render Pipeline/Terrain/Lit (Base Pass)' - All subshaders removed
WARNING: Shader Did you use #pragma only_renderers and omit this platform?
WARNING: Shader If subshaders removal was intentional, you may have forgotten turning Fallback off?
Launched and connected shader compiler UnityShaderCompiler.exe after 0.01 seconds
Unloading 76 Unused Serialized files (Serialized files now loaded: 0)
Unloading 7556 unused Assets / (13.0 MB). Loaded Objects now: 8424.
Memory consumption went from 360.9 MB to 347.9 MB.
Total: 10.336000 ms (FindLiveObjects: 0.676900 ms CreateObjectMapping: 0.298400 ms MarkObjects: 4.973200 ms  DeleteObjects: 4.079700 ms)

========================================================================
Received Prepare
AcceleratorClientConnectionCallback - disconnected - :0
Refreshing native plugins compatible for Editor in 4.02 ms, found 5 plugins.
Unloading 69 Unused Serialized files (Serialized files now loaded: 0)
Unloading 69 unused Assets / (6.2 MB). Loaded Objects now: 8424.
Memory consumption went from 352.3 MB to 346.1 MB.
Total: 12.404200 ms (FindLiveObjects: 1.142300 ms CreateObjectMapping: 0.209600 ms MarkObjects: 8.218100 ms  DeleteObjects: 2.378700 ms)

Prepare: number of updated asset objects reloaded= 1
========================================================================
Received Prepare
AcceleratorClientConnectionCallback - disconnected - :0
Begin MonoManager ReloadAssembly
'Packages/com.unity.render-pipelines.core/Editor/Deprecated.cs' contains partial class of Unity.Object, exactly 1 of the partial classes needs to be in a file with the same filename. This is to know the one that can be referenced from ie. GameObjects
'Packages/com.unity.render-pipelines.core/Editor/Deprecated.cs' contains partial class of Unity.Object, exactly 1 of the partial classes needs to be in a file with the same filename. This is to know the one that can be referenced from ie. GameObjects
Refreshing native plugins compatible for Editor in 2.93 ms, found 5 plugins.
Native extension for WindowsStandalone target not found
Native extension for WebGL target not found
[Package Manager] Failed to launch server process. Reason: Unity was launched with the -noUpm command-line argument
[Package Manager] Unable to send message (not connected to server process).
[Package Manager] Cannot connect to Unity Package Manager local server
[Package Manager] Failed to launch server process. Reason: Unity was launched with the -noUpm command-line argument
[Package Manager] Unable to send message (not connected to server process).
[Package Manager] Cannot connect to Unity Package Manager local server
ScheduleIndexationOnStartup MainProcess:False IndexOnStartup:False
Scripting: successfully reloaded assembly
- Finished resetting the current domain, in  1.335 seconds
Domain Reload Profiling: 2566ms
	BeginReloadAssembly (410ms)
		DisableScriptedObjects (26ms)
		CreateAndSetChildDomain (85ms)
	RebuildCommonClasses (14ms)
	RebuildNativeTypeToScriptingClass (32ms)
	initialDomainReloadingComplete (104ms)
	LoadAllAssembliesAndSetupDomain (669ms)
		LoadAssemblies (554ms)
		TypeCache.Refresh (13ms)
		AnalyzeDomain (14ms)
			ResolveRequiredComponents (9ms)
	FinalizeReload (1336ms)
		SetupLoadedEditorAssemblies (0ms)
			LogAssemblyErrors (3ms)
			InitializePlatformSupportModulesInManaged (4ms)
			BeforeProcessingInitializeOnLoad (197ms)
			ProcessInitializeOnLoadAttributes (479ms)
			ProcessInitializeOnLoadMethodAttributes (184ms)
			AfterProcessingInitializeOnLoad (7ms)
		AwakeInstancesAfterBackupRestoration (42ms)
Refreshing native plugins compatible for Editor in 3.06 ms, found 5 plugins.
Unloading 69 Unused Serialized files (Serialized files now loaded: 0)
Unloading 7553 unused Assets / (12.6 MB). Loaded Objects now: 8435.
Memory consumption went from 351.4 MB to 338.8 MB.
Total: 19.338100 ms (FindLiveObjects: 1.463200 ms CreateObjectMapping: 0.456900 ms MarkObjects: 10.085400 ms  DeleteObjects: 6.667800 ms)

Prepare: number of updated asset objects reloaded= 1
========================================================================
Received Prepare
AcceleratorClientConnectionCallback - disconnected - :0
Refreshing native plugins compatible for Editor in 3.08 ms, found 5 plugins.
Unloading 68 Unused Serialized files (Serialized files now loaded: 0)
Unloading 68 unused Assets / (6.2 MB). Loaded Objects now: 8436.
Memory consumption went from 346.3 MB to 340.0 MB.
Total: 12.812300 ms (FindLiveObjects: 1.176500 ms CreateObjectMapping: 0.227300 ms MarkObjects: 8.431800 ms  DeleteObjects: 2.517700 ms)

Prepare: number of updated asset objects reloaded= 0
========================================================================
Received Import Request.
  Time of request: 2026-09-18T17:31:43.6208539Z
  Time since last request: 14938.40708590000031 seconds.
  importAddress: GUID: aaa0f30bef36d854a9c4918b2bc186e0 - Path: Packages/com.unity.render-pipelines.universal/Editor/PostProcessDataEditor.cs - Importer: ScriptedImporter/UnityEditor.QuickSearchModule:UnityEditor.Search:ASIAI0B
Importing 'GUID: aaa0f30bef36d854a9c4918b2bc186e0 - Path: Packages/com.unity.render-pipelines.universal/Editor/PostProcessDataEditor.cs - Importer: ScriptedImporter/UnityEditor.QuickSearchModule:UnityEditor.Search:ASIAI0B' with importer (ScriptedImporter : UnityEditor.QuickSearchModule:UnityEditor.Search:ASIAI0B)
Imported 'GUID: aaa0f30bef36d854a9c4918b2bc186e0' -> (Import Result ID: '2025d012e00a4021c1861161c3a6921b') in 0.134 seconds [static and dynamic dependencies]. Details - ImportResultOutputID=e1d78017f245e0076667d9ea93f6ef1b DependenciesID=6a71253f87c73ec1c323be245ea36887 StaticDependenciesID=f908417d17e3608d7e328815a9baf684 
Number of updated asset objects reloaded before import = 0
Number of asset objects unloaded after import = 0
========================================================================
Received Import Request.
  Time of request: 2026-09-18T17:31:43.7832468Z
  Time since last request: 0.0058579 seconds.
  importAddress: GUID: 3becb391d378c4f35bea7e2cfd89f1d5 - Path: Assets/Welcome/Welcome2DScript.asset - Importer: ScriptedImporter/UnityEditor.QuickSearchModule:UnityEditor.Search:ASIAI0B
Importing 'GUID: 3becb391d378c4f35bea7e2cfd89f1d5 - Path: Assets/Welcome/Welcome2DScript.asset - Importer: ScriptedImporter/UnityEditor.QuickSearchModule:UnityEditor.Search:ASIAI0B' with importer (ScriptedImporter : UnityEditor.QuickSearchModule:UnityEditor.Search:ASIAI0B)
Imported 'GUID: 3becb391d378c4f35bea7e2cfd89f1d5' -> (Import Result ID: 'f7b13b25b4c2d3396bbfd8a7f3e5d5cf') in 0.013 seconds [static and dynamic dependencies]. Details - ImportResultOutputID=aa1dfe864872ba1ced76dea5df4e456d DependenciesID=3b6d490b2dfd9058dcc40c9ce582121e StaticDependenciesID=06e51e09e54a923f4b2c4cba808df938 
Number of updated asset objects reloaded before import = 0
Number of asset objects unloaded after import = 1
========================================================================
Received Import Request.
  Time of request: 2026-09-18T17:31:43.8139729Z
  Time since last request: 0.0002869 seconds.
  importAddress: GUID: 06368c8598883e74380014e9a7db3e7c - Path: Packages/com.unity.render-pipelines.universal/Runtime/ComponentUtility.cs - Importer: ScriptedImporter/UnityEditor.QuickSearchModule:UnityEditor.Search:ASIAI0B
Importing 'GUID: 06368c8598883e74380014e9a7db3e7c - Path: Packages/com.unity.render-pipelines.universal/Runtime/ComponentUtility.cs - Importer: ScriptedImporter/UnityEditor.QuickSearchModule:UnityEditor.Search:ASIAI0B' with importer (ScriptedImporter : UnityEditor.QuickSearchModule:UnityEditor.Search:ASIAI0B)
Imported 'GUID: 06368c8598883e74380014e9a7db3e7c' -> (Import Result ID: '1d34f7d64ea6aee4573534772087f679') in 0.003 seconds [static and dynamic dependencies]. Details - ImportResultOutputID=b49124b82b147def0fd253252d81eee2 DependenciesID=9cc04d798c53b64cd66d67dc3ceb79fd StaticDependenciesID=b2274537280d6ea9a5605eefa584306c 
Number of updated asset objects reloaded before import = 0
Number of asset objects unloaded after import = 0
========================================================================
Received Import Request.
  Time of request: 2026-09-18T17:31:43.8324896Z
  Time since last request: 0.0003548 seconds.
  importAddress: GUID: 3f7d69b580ef4c288896687cfed86996 - Path: Packages/com.unity.render-pipelines.universal/ValidationConfig.json - Importer: ScriptedImporter/UnityEditor.QuickSearchModule:UnityEditor.Search:ASIAI0B
Importing 'GUID: 3f7d69b580ef4c288896687cfed86996 - Path: Packages/com.unity.render-pipelines.universal/ValidationConfig.json - Importer: ScriptedImporter/UnityEditor.QuickSearchModule:UnityEditor.Search:ASIAI0B' with importer (ScriptedImporter : UnityEditor.QuickSearchModule:UnityEditor.Search:ASIAI0B)
Imported 'GUID: 3f7d69b580ef4c288896687cfed86996' -> (Import Result ID: '6f4b849aa5a1daf3adc0ae3dcf07d318') in 0.002 seconds [static and dynamic dependencies]. Details - ImportResultOutputID=35304df6ef9afc23d40ecf2bd814090f DependenciesID=71528bb9f0b5eae3c482969cd0a7efb4 StaticDependenciesID=389b21bb6852b2514e946c3ea9ae15ca 
Number of updated asset objects reloaded before import = 0
Number of asset objects unloaded after import = 1
========================================================================
Received Import Request.
  Time of request: 2026-09-18T17:31:43.8515621Z
  Time since last request: 0.0003826 seconds.
  importAddress: GUID: b34d70112ee5152438161d88c5f21082 - Path: Packages/com.unity.render-pipelines.universal/Editor/UniversalAdditionalCameraDataEditor.cs - Importer: ScriptedImporter/UnityEditor.QuickSearchModule:UnityEditor.Search:ASIAI0B
Importing 'GUID: b34d70112ee5152438161d88c5f21082 - Path: Packages/com.unity.render-pipelines.universal/Editor/UniversalAdditionalCameraDataEditor.cs - Importer: ScriptedImporter/UnityEditor.QuickSearchModule:UnityEditor.Search:ASIAI0B' with importer (ScriptedImporter : UnityEditor.QuickSearchModule:UnityEditor.Search:ASIAI0B)
Imported 'GUID: b34d70112ee5152438161d88c5f21082' -> (Import Result ID: 'b1fb3215c7e2970a687195ed8729985f') in 0.003 seconds [static and dynamic dependencies]. Details - ImportResultOutputID=9cba162a77863c6857fa98504925a22b DependenciesID=8d195462d8c66c301a07849a30509b0b StaticDependenciesID=57233991fb367706ccf12d27385ac795 
Number of updated asset objects reloaded before import = 0
Number of asset objects unloaded after import = 0
========================================================================
Received Import Request.
  Time of request: 2026-09-18T17:31:43.8700914Z
  Time since last request: 0.0003853 seconds.
  importAddress: GUID: 6da1e646299b347c0895ca5f21f8c47c - Path: Packages/com.unity.render-pipelines.universal/Editor/EditorUtils.cs - Importer: ScriptedImporter/UnityEditor.QuickSearchModule:UnityEditor.Search:ASIAI0B
Importing 'GUID: 6da1e646299b347c0895ca5f21f8c47c - Path: Packages/com.unity.render-pipelines.universal/Editor/EditorUtils.cs - Importer: ScriptedImporter/UnityEditor.QuickSearchModule:UnityEditor.Search:ASIAI0B' with importer (ScriptedImporter : UnityEditor.QuickSearchModule:UnityEditor.Search:ASIAI0B)
Imported 'GUID: 6da1e646299b347c0895ca5f21f8c47c' -> (Import Result ID: 'fd2379ed9d7955589c9249a990050e7d') in 0.002 seconds [static and dynamic dependencies]. Details - ImportResultOutputID=54744933bd6af067ee1fd84563a2df27 DependenciesID=34df00e3a257db35f1f800906503917b StaticDependenciesID=719d95a416c93495414695314fabfb64 
Number of updated asset objects reloaded before import = 0
Number of asset objects unloaded after import = 0
========================================================================
Received Import Request.
  Time of request: 2026-09-18T17:31:43.8895904Z
  Time since last request: 0.0003085 seconds.
  importAddress: GUID: 49312b09b1a7723458d927fbedbd2f76 - Path: Packages/com.unity.render-pipelines.universal/Editor/ContextualMenuDispatcher.cs - Importer: ScriptedImporter/UnityEditor.QuickSearchModule:UnityEditor.Search:ASIAI0B
Importing 'GUID: 49312b09b1a7723458d927fbedbd2f76 - Path: Packages/com.unity.render-pipelines.universal/Editor/ContextualMenuDispatcher.cs - Importer: ScriptedImporter/UnityEditor.QuickSearchModule:UnityEditor.Search:ASIAI0B' with importer (ScriptedImporter : UnityEditor.QuickSearchModule:UnityEditor.Search:ASIAI0B)
Imported 'GUID: 49312b09b1a7723458d927fbedbd2f76' -> (Import Result ID: 'afe97817338213dc98c1239a35ee0c84') in 0.003 seconds [static and dynamic dependencies]. Details - ImportResultOutputID=dbead40ed2338dac8100ff665caae702 DependenciesID=f59b4c86b4f800d52afc5a25fc1eb91f StaticDependenciesID=3f297cd0a2005f1ae14da26a0b9c93e6 
Number of updated asset objects reloaded before import = 0
Number of asset objects unloaded after import = 0
========================================================================
Received Import Request.
  Time of request: 2026-09-18T17:31:43.9094987Z
  Time since last request: 0.0004143 seconds.
  importAddress: GUID: f2a793e0b6312e9449cf44973fd6acb0 - Path: Packages/com.unity.render-pipelines.universal/Runtime/PostProcessUtils.cs - Importer: ScriptedImporter/UnityEditor.QuickSearchModule:UnityEditor.Search:ASIAI0B
Importing 'GUID: f2a793e0b6312e9449cf44973fd6acb0 - Path: Packages/com.unity.render-pipelines.universal/Runtime/PostProcessUtils.cs - Importer: ScriptedImporter/UnityEditor.QuickSearchModule:UnityEditor.Search:ASIAI0B' with importer (ScriptedImporter : UnityEditor.QuickSearchModule:UnityEditor.Search:ASIAI0B)
Imported 'GUID: f2a793e0b6312e9449cf44973fd6acb0' -> (Import Result ID: '0848dd5b2d239179a8fd5633d881f4cd') in 0.003 seconds [static and dynamic dependencies]. Details - ImportResultOutputID=f08cb29a6829dd0c2c6e01a636f82f21 DependenciesID=092b09def233332311821dc4468c3967 StaticDependenciesID=efd56200f95fa4e70a85093d643cfea3 
Number of updated asset objects reloaded before import = 0
Number of asset objects unloaded after import = 0
========================================================================
Received Import Request.
  Time of request: 2026-09-18T17:31:43.9286312Z
  Time since last request: 0.0003628 seconds.
  importAddress: GUID: 81f58d95eba277541b76ad69cb7e3cc7 - Path: Packages/com.unity.render-pipelines.universal/Editor/UniversalRenderPipelineAssetEditor.cs - Importer: ScriptedImporter/UnityEditor.QuickSearchModule:UnityEditor.Search:ASIAI0B
Importing 'GUID: 81f58d95eba277541b76ad69cb7e3cc7 - Path: Packages/com.unity.render-pipelines.universal/Editor/UniversalRenderPipelineAssetEditor.cs - Importer: ScriptedImporter/UnityEditor.QuickSearchModule:UnityEditor.Search:ASIAI0B' with importer (ScriptedImporter : UnityEditor.QuickSearchModule:UnityEditor.Search:ASIAI0B)
Imported 'GUID: 81f58d95eba277541b76ad69cb7e3cc7' -> (Import Result ID: 'badf9a66a8960544d8ebd7b04455cd4e') in 0.003 seconds [static and dynamic dependencies]. Details - ImportResultOutputID=13434dd5b05f9b7e5de6454923f59e48 DependenciesID=dd3f9de946177d34580480f274f34460 StaticDependenciesID=09600a9c0cd6d191fc51bbfa33951ce1 
Number of updated asset objects reloaded before import = 0
Number of asset objects unloaded after import = 0
========================================================================
Received Import Request.
  Time of request: 2026-09-18T17:31:43.9475044Z
  Time since last request: 0.0003108 seconds.
  importAddress: GUID: faf8a17ca9820a74d92f339faeb2abc6 - Path: Packages/com.unity.render-pipelines.universal/Editor/UniversalAnalytics.cs - Importer: ScriptedImporter/UnityEditor.QuickSearchModule:UnityEditor.Search:ASIAI0B
Importing 'GUID: faf8a17ca9820a74d92f339faeb2abc6 - Path: Packages/com.unity.render-pipelines.universal/Editor/UniversalAnalytics.cs - Importer: ScriptedImporter/UnityEditor.QuickSearchModule:UnityEditor.Search:ASIAI0B' with importer (ScriptedImporter : UnityEditor.QuickSearchModule:UnityEditor.Search:ASIAI0B)
Imported 'GUID: faf8a17ca9820a74d92f339faeb2abc6' -> (Import Result ID: '02d50918e544b90dc7ffd8b5a05357e4') in 0.002 seconds [static and dynamic dependencies]. Details - ImportResultOutputID=e8baa39fd0a0c94b7c6a4fd74e94e23f DependenciesID=d6ed17d363b82b051e9894c381b9d3b4 StaticDependenciesID=541485fe1a07d8df4fe72b4f61acc55b 
Number of updated asset objects reloaded before import = 0
Number of asset objects unloaded after import = 0
========================================================================
Received Import Request.
  Time of request: 2026-09-18T17:31:43.966125Z
  Time since last request: 0.0004164 seconds.
  importAddress: GUID: 5e70ebf34d504229b32cd5ca729665a4 - Path: Packages/com.unity.render-pipelines.universal/Editor/UniversalRenderPipelineVolumeComponentEditor.cs - Importer: ScriptedImporter/UnityEditor.QuickSearchModule:UnityEditor.Search:ASIAI0B
Importing 'GUID: 5e70ebf34d504229b32cd5ca729665a4 - Path: Packages/com.unity.render-pipelines.universal/Editor/UniversalRenderPipelineVolumeComponentEditor.cs - Importer: ScriptedImporter/UnityEditor.QuickSearchModule:UnityEditor.Search:ASIAI0B' with importer (ScriptedImporter : UnityEditor.QuickSearchModule:UnityEditor.Search:ASIAI0B)
Imported 'GUID: 5e70ebf34d504229b32cd5ca729665a4' -> (Import Result ID: '6bb692207218fada35244f060fb522a6') in 0.002 seconds [static and dynamic dependencies]. Details - ImportResultOutputID=219bef714d04364b325fcf8344015b4d DependenciesID=4e09b881566c405c91cf8c0e1a9765bb StaticDependenciesID=5a884b534d29bf9d553f2fa93e24dacb 
Number of updated asset objects reloaded before import = 0
Number of asset objects unloaded after import = 0
========================================================================
Received Import Request.
  Time of request: 2026-09-18T17:31:43.9846584Z
  Time since last request: 0.0003112 seconds.
  importAddress: GUID: b3f6a21cd2a544cf8acfee7cf2793670 - Path: Assets/Welcome/TutorialProjectSettings.asset - Importer: ScriptedImporter/UnityEditor.QuickSearchModule:UnityEditor.Search:ASIAI0B
Importing 'GUID: b3f6a21cd2a544cf8acfee7cf2793670 - Path: Assets/Welcome/TutorialProjectSettings.asset - Importer: ScriptedImporter/UnityEditor.QuickSearchModule:UnityEditor.Search:ASIAI0B' with importer (ScriptedImporter : UnityEditor.QuickSearchModule:UnityEditor.Search:ASIAI0B)
Imported 'GUID: b3f6a21cd2a544cf8acfee7cf2793670' -> (Import Result ID: '94188a04929d9cc5e012d51441e5656a') in 0.071 seconds [static and dynamic dependencies]. Details - ImportResultOutputID=ca9eba3893ebc49c57c1d3038e97f8ff DependenciesID=3213194195434aad154d2094170a5f4d StaticDependenciesID=c92849032dffb234aeedae8b58639b3f 
Number of updated asset objects reloaded before import = 0
Number of asset objects unloaded after import = 28
========================================================================
Received Import Request.
  Time of request: 2026-09-18T17:31:44.0721653Z
  Time since last request: 0.0000676 seconds.
  importAddress: GUID: da43e985bfdd6f345a9bf407f697f70b - Path: Packages/com.unity.render-pipelines.universal/Editor/UniversalRendererDataEditor.cs - Importer: ScriptedImporter/UnityEditor.QuickSearchModule:UnityEditor.Search:ASIAI0B
Importing 'GUID: da43e985bfdd6f345a9bf407f697f70b - Path: Packages/com.unity.render-pipelines.universal/Editor/UniversalRendererDataEditor.cs - Importer: ScriptedImporter/UnityEditor.QuickSearchModule:UnityEditor.Search:ASIAI0B' with importer (ScriptedImporter : UnityEditor.QuickSearchModule:UnityEditor.Search:ASIAI0B)
Imported 'GUID: da43e985bfdd6f345a9bf407f697f70b' -> (Import Result ID: 'b0b53119ae0ed2759d3d5f96c68e2111') in 0.003 seconds [static and dynamic dependencies]. Details - ImportResultOutputID=bf9c2a2d94df515c976394798106162b DependenciesID=b12d1f6af4952b0730c3484ed64a4100 StaticDependenciesID=381c5b7647238739647328166d8b11b4 
Number of updated asset objects reloaded before import = 0
Number of asset objects unloaded after import = 0
========================================================================
Received Import Request.
  Time of request: 2026-09-18T17:31:44.0911458Z
  Time since last request: 0.0002965 seconds.
  importAddress: GUID: 8c9cfa26abfee488c85f1582747f6a02 - Path: Assets/Scenes/SampleScene.unity - Importer: ScriptedImporter/UnityEditor.QuickSearchModule:UnityEditor.Search:ASIAI0B
Importing 'GUID: 8c9cfa26abfee488c85f1582747f6a02 - Path: Assets/Scenes/SampleScene.unity - Importer: ScriptedImporter/UnityEditor.QuickSearchModule:UnityEditor.Search:ASIAI0B' with importer (ScriptedImporter : UnityEditor.QuickSearchModule:UnityEditor.Search:ASIAI0B)
Imported 'GUID: 8c9cfa26abfee488c85f1582747f6a02' -> (Import Result ID: 'ab92e24b3ff54217b2ec0e71aa5e9a6b') in 0.003 seconds [static and dynamic dependencies]. Details - ImportResultOutputID=bd1be2cac1e6965aeedd6eb4f4c20cdc DependenciesID=27aac08a4c4ebdbd66757ac7c0b63422 StaticDependenciesID=e0537402a71d3e7167dd713722a60c8d 
Number of updated asset objects reloaded before import = 0
Number of asset objects unloaded after import = 1
========================================================================
Received Import Request.
  Time of request: 2026-09-18T17:31:44.1091546Z
  Time since last request: 0.0003116 seconds.
  importAddress: GUID: eecaac92122b4407f8bf4998e8708aee - Path: Packages/com.unity.render-pipelines.universal/LICENSE.md - Importer: ScriptedImporter/UnityEditor.QuickSearchModule:UnityEditor.Search:ASIAI0B
Importing 'GUID: eecaac92122b4407f8bf4998e8708aee - Path: Packages/com.unity.render-pipelines.universal/LICENSE.md - Importer: ScriptedImporter/UnityEditor.QuickSearchModule:UnityEditor.Search:ASIAI0B' with importer (ScriptedImporter : UnityEditor.QuickSearchModule:UnityEditor.Search:ASIAI0B)
Imported 'GUID: eecaac92122b4407f8bf4998e8708aee' -> (Import Result ID: 'ffd452f58f438d7a6886faf0758a92e2') in 0.003 seconds [static and dynamic dependencies]. Details - ImportResultOutputID=7a91eee02d7220c6e1de5c89d5d65372 DependenciesID=ca47fb78478560f93cf958c11501cc71 StaticDependenciesID=e2e709ed821293516e0417fd3da88b7a 
Number of updated asset objects reloaded before import = 0
Number of asset objects unloaded after import = 1
========================================================================
Received Import Request.
  Time of request: 2026-09-18T17:31:44.1280044Z
  Time since last request: 0.0003218 seconds.
  importAddress: GUID: feee7af7dbba54f55abd26b21ca99071 - Path: Packages/com.unity.render-pipelines.universal/Third Party Notices.md - Importer: ScriptedImporter/UnityEditor.QuickSearchModule:UnityEditor.Search:ASIAI0B
Importing 'GUID: feee7af7dbba54f55abd26b21ca99071 - Path: Packages/com.unity.render-pipelines.universal/Third Party Notices.md - Importer: ScriptedImporter/UnityEditor.QuickSearchModule:UnityEditor.Search:ASIAI0B' with importer (ScriptedImporter : UnityEditor.QuickSearchModule:UnityEditor.Search:ASIAI0B)
Imported 'GUID: feee7af7dbba54f55abd26b21ca99071' -> (Import Result ID: '2ca65d8370bd95972e6be2a0f791d9d4') in 0.003 seconds [static and dynamic dependencies]. Details - ImportResultOutputID=074c90d318441dd5a78ab7fda98333f7 DependenciesID=4e5279936ba0136c17e7668c06329ad2 StaticDependenciesID=3ce40cc0e29ae9a4b6592c0447fdd7da 
Number of updated asset objects reloaded before import = 0
Number of asset objects unloaded after import = 1
========================================================================
Received Import Request.
  Time of request: 2026-09-18T17:31:44.1460038Z
  Time since last request: 0.0003414 seconds.
  importAddress: GUID: 61ba514d93f94d14a8638d884815c8c0 - Path: Packages/com.unity.render-pipelines.universal/Runtime/AssemblyInfo.cs - Importer: ScriptedImporter/UnityEditor.QuickSearchModule:UnityEditor.Search:ASIAI0B
Importing 'GUID: 61ba514d93f94d14a8638d884815c8c0 - Path: Packages/com.unity.render-pipelines.universal/Runtime/AssemblyInfo.cs - Importer: ScriptedImporter/UnityEditor.QuickSearchModule:UnityEditor.Search:ASIAI0B' with importer (ScriptedImporter : UnityEditor.QuickSearchModule:UnityEditor.Search:ASIAI0B)
Imported 'GUID: 61ba514d93f94d14a8638d884815c8c0' -> (Import Result ID: '6fcd0ebeffc20e3f79dff05439c84d84') in 0.002 seconds [static and dynamic dependencies]. Details - ImportResultOutputID=de833dc8a060b165c3df2434fb7b54e0 DependenciesID=25061d82d8116b38bcd7fd68b30f9f9b StaticDependenciesID=678c92f16eba8562365f14f80fd89d2b 
Number of updated asset objects reloaded before import = 0
Number of asset objects unloaded after import = 0
========================================================================
Received Import Request.
  Time of request: 2026-09-18T17:31:44.1645574Z
  Time since last request: 0.0003357 seconds.
  importAddress: GUID: 03e6c5336947d684ebd1fee775550125 - Path: Packages/com.unity.render-pipelines.universal/Editor/ShaderStripTool.cs - Importer: ScriptedImporter/UnityEditor.QuickSearchModule:UnityEditor.Search:ASIAI0B
Importing 'GUID: 03e6c5336947d684ebd1fee775550125 - Path: Packages/com.unity.render-pipelines.universal/Editor/ShaderStripTool.cs - Importer: ScriptedImporter/UnityEditor.QuickSearchModule:UnityEditor.Search:ASIAI0B' with importer (ScriptedImporter : UnityEditor.QuickSearchModule:UnityEditor.Search:ASIAI0B)
Imported 'GUID: 03e6c5336947d684ebd1fee775550125' -> (Import Result ID: 'ecfa41d48d60d72905ce5f6b70682e63') in 0.002 seconds [static and dynamic dependencies]. Details - ImportResultOutputID=f403c43ddccb66f441845d25e98c89fc DependenciesID=40ba9ddf85b057d47dc389d39f9e0d31 StaticDependenciesID=3dd0f425dbe3cef2dbf4eeab92ee95cb 
Number of updated asset objects reloaded before import = 0
Number of asset objects unloaded after import = 0
========================================================================
Received Import Request.
  Time of request: 2026-09-18T17:31:44.1828125Z
  Time since last request: 0.0003365 seconds.
  importAddress: GUID: 24e4e1fbc830f374faaaf6376d26e711 - Path: Packages/com.unity.render-pipelines.universal/Editor/Deprecated.cs - Importer: ScriptedImporter/UnityEditor.QuickSearchModule:UnityEditor.Search:ASIAI0B
Importing 'GUID: 24e4e1fbc830f374faaaf6376d26e711 - Path: Packages/com.unity.render-pipelines.universal/Editor/Deprecated.cs - Importer: ScriptedImporter/UnityEditor.QuickSearchModule:UnityEditor.Search:ASIAI0B' with importer (ScriptedImporter : UnityEditor.QuickSearchModule:UnityEditor.Search:ASIAI0B)
Imported 'GUID: 24e4e1fbc830f374faaaf6376d26e711' -> (Import Result ID: '9cf5f2eda37521e502ee8a842cacb75f') in 0.002 seconds [static and dynamic dependencies]. Details - ImportResultOutputID=e69c99443a73c67b2fb0cdccc9a7d3b5 DependenciesID=38c38347f2012abdd1be4ba12f8d6c93 StaticDependenciesID=7fff9bd26a00779dc34e6847a1cb57ae 
Number of updated asset objects reloaded before import = 0
Number of asset objects unloaded after import = 0
========================================================================
Received Import Request.
  Time of request: 2026-09-18T17:31:44.2014751Z
  Time since last request: 0.0003787 seconds.
  importAddress: GUID: 2bcd2660ca9b64942af0de543d8d7100 - Path: Assets/Settings/InputSystem_Actions.inputactions - Importer: ScriptedImporter/UnityEditor.QuickSearchModule:UnityEditor.Search:ASIAI0B
Importing 'GUID: 2bcd2660ca9b64942af0de543d8d7100 - Path: Assets/Settings/InputSystem_Actions.inputactions - Importer: ScriptedImporter/UnityEditor.QuickSearchModule:UnityEditor.Search:ASIAI0B' with importer (ScriptedImporter : UnityEditor.QuickSearchModule:UnityEditor.Search:ASIAI0B)
Imported 'GUID: 2bcd2660ca9b64942af0de543d8d7100' -> (Import Result ID: 'bfc095ca05b56330929d4885921dd8f7') in 0.031 seconds [static and dynamic dependencies]. Details - ImportResultOutputID=7a460aa6fd9f38085096b7d4b1ae65e0 DependenciesID=3a8d5784da63232c7cb05ff7269bd09e StaticDependenciesID=af556e8f052d5d007adc21817c4d040b 
Number of updated asset objects reloaded before import = 0
Number of asset objects unloaded after import = 22
========================================================================
Received Import Request.
  Time of request: 2026-09-18T17:31:44.2487418Z
  Time since last request: 0.000232 seconds.
  importAddress: GUID: c4e190310040447a0bce900c4ca7e605 - Path: Assets/Welcome/Unity.2D.Welcome.asmdef - Importer: ScriptedImporter/UnityEditor.QuickSearchModule:UnityEditor.Search:ASIAI0B
Importing 'GUID: c4e190310040447a0bce900c4ca7e605 - Path: Assets/Welcome/Unity.2D.Welcome.asmdef - Importer: ScriptedImporter/UnityEditor.QuickSearchModule:UnityEditor.Search:ASIAI0B' with importer (ScriptedImporter : UnityEditor.QuickSearchModule:UnityEditor.Search:ASIAI0B)
Imported 'GUID: c4e190310040447a0bce900c4ca7e605' -> (Import Result ID: 'd1f2d8564ba7a9a6e8319616d2795505') in 0.004 seconds [static and dynamic dependencies]. Details - ImportResultOutputID=ad416b3aa78c4db47d8d75d5d386d0e6 DependenciesID=4eb7bc723be060a3540009a04698dff9 StaticDependenciesID=82e3b62b137efe0b6e10989c5e450db5 
Number of updated asset objects reloaded before import = 0
Number of asset objects unloaded after import = 1
========================================================================
Received Import Request.
  Time of request: 2026-09-18T17:31:44.269182Z
  Time since last request: 0.0002745 seconds.
  importAddress: GUID: 6256da150df6a4df1b68f1258f6c3a48 - Path: Packages/com.unity.render-pipelines.universal/Editor/RenderStateDataEditor.cs - Importer: ScriptedImporter/UnityEditor.QuickSearchModule:UnityEditor.Search:ASIAI0B
Importing 'GUID: 6256da150df6a4df1b68f1258f6c3a48 - Path: Packages/com.unity.render-pipelines.universal/Editor/RenderStateDataEditor.cs - Importer: ScriptedImporter/UnityEditor.QuickSearchModule:UnityEditor.Search:ASIAI0B' with importer (ScriptedImporter : UnityEditor.QuickSearchModule:UnityEditor.Search:ASIAI0B)
Imported 'GUID: 6256da150df6a4df1b68f1258f6c3a48' -> (Import Result ID: 'dd0c7ec5bc8b6cd3dee6d769865d7bed') in 0.002 seconds [static and dynamic dependencies]. Details - ImportResultOutputID=12356c0bf1c6610db3057a6814383d69 DependenciesID=70d3adc8f342ffb9f518c40cfb419912 StaticDependenciesID=ea4b06b99b45a9fa42224f5afcb18b7c 
Number of updated asset objects reloaded before import = 0
Number of asset objects unloaded after import = 0
========================================================================
Received Import Request.
  Time of request: 2026-09-18T17:31:44.2871866Z
  Time since last request: 0.0003123 seconds.
  importAddress: GUID: 2cdbafc04e2383e4ca5c05e7f873e1fa - Path: Packages/com.unity.render-pipelines.universal/Runtime/SampleCount.cs - Importer: ScriptedImporter/UnityEditor.QuickSearchModule:UnityEditor.Search:ASIAI0B
Importing 'GUID: 2cdbafc04e2383e4ca5c05e7f873e1fa - Path: Packages/com.unity.render-pipelines.universal/Runtime/SampleCount.cs - Importer: ScriptedImporter/UnityEditor.QuickSearchModule:UnityEditor.Search:ASIAI0B' with importer (ScriptedImporter : UnityEditor.QuickSearchModule:UnityEditor.Search:ASIAI0B)
Imported 'GUID: 2cdbafc04e2383e4ca5c05e7f873e1fa' -> (Import Result ID: '60880b48aeadb9e67df6d2bfceedee9e') in 0.002 seconds [static and dynamic dependencies]. Details - ImportResultOutputID=8a33d7d75dde0e015ea483eef74685f9 DependenciesID=c8cc0a6c6bab234dee5525b0f810316a StaticDependenciesID=62f760746eccd3b62961e898c4daa8b8 
Number of updated asset objects reloaded before import = 0
Number of asset objects unloaded after import = 0
========================================================================
Received Import Request.
  Time of request: 2026-09-18T17:31:44.3050742Z
  Time since last request: 0.0003403 seconds.
  importAddress: GUID: c3b2a033abc34e08be7ae96070bd4805 - Path: Packages/com.unity.render-pipelines.universal/Runtime/ReflectionProbeManager.cs - Importer: ScriptedImporter/UnityEditor.QuickSearchModule:UnityEditor.Search:ASIAI0B
Importing 'GUID: c3b2a033abc34e08be7ae96070bd4805 - Path: Packages/com.unity.render-pipelines.universal/Runtime/ReflectionProbeManager.cs - Importer: ScriptedImporter/UnityEditor.QuickSearchModule:UnityEditor.Search:ASIAI0B' with importer (ScriptedImporter : UnityEditor.QuickSearchModule:UnityEditor.Search:ASIAI0B)
Imported 'GUID: c3b2a033abc34e08be7ae96070bd4805' -> (Import Result ID: '0489c84330f94b04a9ca5549aa2110eb') in 0.002 seconds [static and dynamic dependencies]. Details - ImportResultOutputID=17e355f4e3ba0bb29165ced90ae5ca25 DependenciesID=f98873ce212e4947a30c54bfad372223 StaticDependenciesID=d7a4fbbdec6a663861dbfe0bdfe126e8 
Number of updated asset objects reloaded before import = 0
Number of asset objects unloaded after import = 0
========================================================================
Received Import Request.
  Time of request: 2026-09-18T17:31:44.3233726Z
  Time since last request: 0.0003279 seconds.
  importAddress: GUID: 474ce57d7c1704418af05d72d996ae5e - Path: Assets/Welcome/2d-template.png - Importer: ScriptedImporter/UnityEditor.QuickSearchModule:UnityEditor.Search:ASIAI0B
Importing 'GUID: 474ce57d7c1704418af05d72d996ae5e - Path: Assets/Welcome/2d-template.png - Importer: ScriptedImporter/UnityEditor.QuickSearchModule:UnityEditor.Search:ASIAI0B' with importer (ScriptedImporter : UnityEditor.QuickSearchModule:UnityEditor.Search:ASIAI0B)
Imported 'GUID: 474ce57d7c1704418af05d72d996ae5e' -> (Import Result ID: 'd5d6525e470ffa10bb5d3ff9850140b6') in 0.064 seconds [static and dynamic dependencies]. Details - ImportResultOutputID=abe4ef42c981ded361bd9a2d24815554 DependenciesID=cd0ace0107110eb22a2c82c6dcab0efb StaticDependenciesID=56310372fa58ed5207f64e9707bc0d24 
Number of updated asset objects reloaded before import = 0
Number of asset objects unloaded after import = 3
========================================================================
Received Import Request.
  Time of request: 2026-09-18T17:31:44.4038147Z
  Time since last request: 0.000323 seconds.
  importAddress: GUID: f77e6c353bf29d043a82a45025bc353a - Path: Packages/com.unity.render-pipelines.universal/Runtime/RTHandleUtils.cs - Importer: ScriptedImporter/UnityEditor.QuickSearchModule:UnityEditor.Search:ASIAI0B
Importing 'GUID: f77e6c353bf29d043a82a45025bc353a - Path: Packages/com.unity.render-pipelines.universal/Runtime/RTHandleUtils.cs - Importer: ScriptedImporter/UnityEditor.QuickSearchModule:UnityEditor.Search:ASIAI0B' with importer (ScriptedImporter : UnityEditor.QuickSearchModule:UnityEditor.Search:ASIAI0B)
Imported 'GUID: f77e6c353bf29d043a82a45025bc353a' -> (Import Result ID: '2c32f9b6bfab8cedb082508697c9041f') in 0.003 seconds [static and dynamic dependencies]. Details - ImportResultOutputID=121e866ad2ed9cd3bfaaa8eaa4129d95 DependenciesID=57b09ad7dea6cb77bb225d541609045f StaticDependenciesID=86c2d9bdf78cd3c6b1cca523d73c306f 
Number of updated asset objects reloaded before import = 0
Number of asset objects unloaded after import = 0
========================================================================
Received Import Request.
  Time of request: 2026-09-18T17:31:44.4226141Z
  Time since last request: 0.0003666 seconds.
  importAddress: GUID: 43ceab247d0646c4dadfa5c0b2c67424 - Path: Packages/com.unity.render-pipelines.universal/Editor/ShaderUtils.cs - Importer: ScriptedImporter/UnityEditor.QuickSearchModule:UnityEditor.Search:ASIAI0B
Importing 'GUID: 43ceab247d0646c4dadfa5c0b2c67424 - Path: Packages/com.unity.render-pipelines.universal/Editor/ShaderUtils.cs - Importer: ScriptedImporter/UnityEditor.QuickSearchModule:UnityEditor.Search:ASIAI0B' with importer (ScriptedImporter : UnityEditor.QuickSearchModule:UnityEditor.Search:ASIAI0B)
Imported 'GUID: 43ceab247d0646c4dadfa5c0b2c67424' -> (Import Result ID: 'fc7f9be9af9707a1505370ded07b34aa') in 0.002 seconds [static and dynamic dependencies]. Details - ImportResultOutputID=9c276a13cafbf1b22450bfe7538d6fbc DependenciesID=b8e9064f94c516e2a1b0fd4477fe66ab StaticDependenciesID=5298e3143c4c1279eaeec38258a56125 
Number of updated asset objects reloaded before import = 0
Number of asset objects unloaded after import = 0
========================================================================
Received Import Request.
  Time of request: 2026-09-18T17:31:44.440986Z
  Time since last request: 0.0002901 seconds.
  importAddress: GUID: b81c1a435d4bc9e40a19e0326117db7c - Path: Packages/com.unity.render-pipelines.universal/Editor/TrackballUIDrawer.cs - Importer: ScriptedImporter/UnityEditor.QuickSearchModule:UnityEditor.Search:ASIAI0B
Importing 'GUID: b81c1a435d4bc9e40a19e0326117db7c - Path: Packages/com.unity.render-pipelines.universal/Editor/TrackballUIDrawer.cs - Importer: ScriptedImporter/UnityEditor.QuickSearchModule:UnityEditor.Search:ASIAI0B' with importer (ScriptedImporter : UnityEditor.QuickSearchModule:UnityEditor.Search:ASIAI0B)
Imported 'GUID: b81c1a435d4bc9e40a19e0326117db7c' -> (Import Result ID: '9792c41b18c2d4053ad9b2d8c4f19e8e') in 0.003 seconds [static and dynamic dependencies]. Details - ImportResultOutputID=f6beb23bc34c2c8aea3405c4f6f3fe48 DependenciesID=df4097821e9325ec99a2b09e021afbf2 StaticDependenciesID=8342cc3c53f88382b98f46ff536e7550 
Number of updated asset objects reloaded before import = 0
Number of asset objects unloaded after import = 0
========================================================================
Received Import Request.
  Time of request: 2026-09-18T17:31:44.459957Z
  Time since last request: 0.0003596 seconds.
  importAddress: GUID: b2edbde2868724290bf284ad89ced590 - Path: Packages/com.unity.render-pipelines.universal/Editor/ScriptableRendererDataEditor.cs - Importer: ScriptedImporter/UnityEditor.QuickSearchModule:UnityEditor.Search:ASIAI0B
Importing 'GUID: b2edbde2868724290bf284ad89ced590 - Path: Packages/com.unity.render-pipelines.universal/Editor/ScriptableRendererDataEditor.cs - Importer: ScriptedImporter/UnityEditor.QuickSearchModule:UnityEditor.Search:ASIAI0B' with importer (ScriptedImporter : UnityEditor.QuickSearchModule:UnityEditor.Search:ASIAI0B)
Imported 'GUID: b2edbde2868724290bf284ad89ced590' -> (Import Result ID: '8c92573f863cc2ace63941d58235c39b') in 0.003 seconds [static and dynamic dependencies]. Details - ImportResultOutputID=f82f0b4b29680a24f889ee43c2ec9cb1 DependenciesID=7a145525d16a0801de8052b2dc096ba7 StaticDependenciesID=89eb4b45e24be58bc1ab0a43948a3949 
Number of updated asset objects reloaded before import = 0
Number of asset objects unloaded after import = 0
========================================================================
Received Import Request.
  Time of request: 2026-09-18T17:31:44.4783854Z
  Time since last request: 0.0003032 seconds.
  importAddress: GUID: 467223c25c01847b6a07059f1b283a20 - Path: Packages/com.unity.render-pipelines.universal/Runtime/IntermediateTextureMode.cs - Importer: ScriptedImporter/UnityEditor.QuickSearchModule:UnityEditor.Search:ASIAI0B
Importing 'GUID: 467223c25c01847b6a07059f1b283a20 - Path: Packages/com.unity.render-pipelines.universal/Runtime/IntermediateTextureMode.cs - Importer: ScriptedImporter/UnityEditor.QuickSearchModule:UnityEditor.Search:ASIAI0B' with importer (ScriptedImporter : UnityEditor.QuickSearchModule:UnityEditor.Search:ASIAI0B)
Imported 'GUID: 467223c25c01847b6a07059f1b283a20' -> (Import Result ID: '5ab16ef447f91421ff2c59d223dc2d0a') in 0.002 seconds [static and dynamic dependencies]. Details - ImportResultOutputID=90d3619b2afe0ae026c9e8e6ce7c3f82 DependenciesID=b821c013ad9481966bb2e4c5d9607762 StaticDependenciesID=f5ab0f714a81858020c82208b0704eaa 
Number of updated asset objects reloaded before import = 0
Number of asset objects unloaded after import = 0
========================================================================
Received Import Request.
  Time of request: 2026-09-18T17:31:44.4967498Z
  Time since last request: 0.0003277 seconds.
  importAddress: GUID: 89a44a55ca94af242b02a0f02edb0ae7 - Path: Packages/com.unity.render-pipelines.universal/Editor/UniversalAdditionalLightDataEditor.cs - Importer: ScriptedImporter/UnityEditor.QuickSearchModule:UnityEditor.Search:ASIAI0B
Importing 'GUID: 89a44a55ca94af242b02a0f02edb0ae7 - Path: Packages/com.unity.render-pipelines.universal/Editor/UniversalAdditionalLightDataEditor.cs - Importer: ScriptedImporter/UnityEditor.QuickSearchModule:UnityEditor.Search:ASIAI0B' with importer (ScriptedImporter : UnityEditor.QuickSearchModule:UnityEditor.Search:ASIAI0B)
Imported 'GUID: 89a44a55ca94af242b02a0f02edb0ae7' -> (Import Result ID: '7a7c17fb571509b82a5af4436b20388c') in 0.002 seconds [static and dynamic dependencies]. Details - ImportResultOutputID=6b94bd3d4fbab660b5343ae66e54dd60 DependenciesID=c7d64f92c9d0dba5dbdb4f8da2e14bf8 StaticDependenciesID=0d95b8c5220d9c7a7e067f172a0da947 
Number of updated asset objects reloaded before import = 0
Number of asset objects unloaded after import = 0
========================================================================
Received Import Request.
  Time of request: 2026-09-18T17:31:44.5150419Z
  Time since last request: 0.0003245 seconds.
  importAddress: GUID: ee81cfba546d646ca9b7a9394f78b66b - Path: Packages/com.unity.render-pipelines.universal/Editor/AssemblyInfo.cs - Importer: ScriptedImporter/UnityEditor.QuickSearchModule:UnityEditor.Search:ASIAI0B
Importing 'GUID: ee81cfba546d646ca9b7a9394f78b66b - Path: Packages/com.unity.render-pipelines.universal/Editor/AssemblyInfo.cs - Importer: ScriptedImporter/UnityEditor.QuickSearchModule:UnityEditor.Search:ASIAI0B' with importer (ScriptedImporter : UnityEditor.QuickSearchModule:UnityEditor.Search:ASIAI0B)
Imported 'GUID: ee81cfba546d646ca9b7a9394f78b66b' -> (Import Result ID: 'fba73f38cd2bb273d16f9d64ad3e0425') in 0.002 seconds [static and dynamic dependencies]. Details - ImportResultOutputID=d05c3297a5785fcce7a5f621da97a1e4 DependenciesID=5066aa0926a5c4aa60dce80fa83d2cea StaticDependenciesID=74633d84a7b83eecd397690766fce4d6 
Number of updated asset objects reloaded before import = 0
Number of asset objects unloaded after import = 0
========================================================================
Received Import Request.
  Time of request: 2026-09-18T17:31:44.5334439Z
  Time since last request: 0.0002871 seconds.
  importAddress: GUID: 2ceaf9622df488b4188ec28a142bdd85 - Path: Packages/com.unity.render-pipelines.universal/Runtime/NormalReconstruction.cs - Importer: ScriptedImporter/UnityEditor.QuickSearchModule:UnityEditor.Search:ASIAI0B
Importing 'GUID: 2ceaf9622df488b4188ec28a142bdd85 - Path: Packages/com.unity.render-pipelines.universal/Runtime/NormalReconstruction.cs - Importer: ScriptedImporter/UnityEditor.QuickSearchModule:UnityEditor.Search:ASIAI0B' with importer (ScriptedImporter : UnityEditor.QuickSearchModule:UnityEditor.Search:ASIAI0B)
Imported 'GUID: 2ceaf9622df488b4188ec28a142bdd85' -> (Import Result ID: '249bbe0b541d4e5e4093db4276ed7d14') in 0.003 seconds [static and dynamic dependencies]. Details - ImportResultOutputID=7f9810f0e72399fe5bab86ade942dcdc DependenciesID=4306a8054a47806e0e446d645832557a StaticDependenciesID=1e0a14f1e0ded57c9ef8158eb5b631cc 
Number of updated asset objects reloaded before import = 0
Number of asset objects unloaded after import = 0
========================================================================
Received Import Request.
  Time of request: 2026-09-18T17:31:44.5521347Z
  Time since last request: 0.0003131 seconds.
  importAddress: GUID: c579267770062bf448e75eb160330b7f - Path: Packages/com.unity.render-pipelines.universal/Editor/Unity.RenderPipelines.Universal.Editor.asmdef - Importer: ScriptedImporter/UnityEditor.QuickSearchModule:UnityEditor.Search:ASIAI0B
Importing 'GUID: c579267770062bf448e75eb160330b7f - Path: Packages/com.unity.render-pipelines.universal/Editor/Unity.RenderPipelines.Universal.Editor.asmdef - Importer: ScriptedImporter/UnityEditor.QuickSearchModule:UnityEditor.Search:ASIAI0B' with importer (ScriptedImporter : UnityEditor.QuickSearchModule:UnityEditor.Search:ASIAI0B)
Imported 'GUID: c579267770062bf448e75eb160330b7f' -> (Import Result ID: '9fd5725bef9e56a6dd57d8ee3e93c85d') in 0.002 seconds [static and dynamic dependencies]. Details - ImportResultOutputID=6f7eadea3d8b953efaf602220d5c5310 DependenciesID=268e4cb9e731babc18555758a47ba504 StaticDependenciesID=5d7df5e0fbd3e194eadd0f254976d060 
Number of updated asset objects reloaded before import = 0
Number of asset objects unloaded after import = 1
========================================================================
Received Import Request.
  Time of request: 2026-09-18T17:31:44.5702796Z
  Time since last request: 0.0003058 seconds.
  importAddress: GUID: 30648b8d550465f4bb77f1e1afd0b37d - Path: Packages/com.unity.render-pipelines.universal/package.json - Importer: ScriptedImporter/UnityEditor.QuickSearchModule:UnityEditor.Search:ASIAI0B
Importing 'GUID: 30648b8d550465f4bb77f1e1afd0b37d - Path: Packages/com.unity.render-pipelines.universal/package.json - Importer: ScriptedImporter/UnityEditor.QuickSearchModule:UnityEditor.Search:ASIAI0B' with importer (ScriptedImporter : UnityEditor.QuickSearchModule:UnityEditor.Search:ASIAI0B)
Imported 'GUID: 30648b8d550465f4bb77f1e1afd0b37d' -> (Import Result ID: 'a98165b009b6a3917c3c6a9a8e42069d') in 0.002 seconds [static and dynamic dependencies]. Details - ImportResultOutputID=5f805f47e8cdbeecd4e60e3bba1a9738 DependenciesID=24166500ed4e4b2df06c396bade1f96e StaticDependenciesID=45a285368159a5cef17cf6a6f3200804 
Number of updated asset objects reloaded before import = 0
Number of asset objects unloaded after import = 1
========================================================================
Received Import Request.
  Time of request: 2026-09-18T17:31:44.5884785Z
  Time since last request: 0.0003199 seconds.
  importAddress: GUID: 16b5d2a7d862f49ffb9453600e8ee776 - Path: Packages/com.unity.render-pipelines.universal/CHANGELOG.md - Importer: ScriptedImporter/UnityEditor.QuickSearchModule:UnityEditor.Search:ASIAI0B
Importing 'GUID: 16b5d2a7d862f49ffb9453600e8ee776 - Path: Packages/com.unity.render-pipelines.universal/CHANGELOG.md - Importer: ScriptedImporter/UnityEditor.QuickSearchModule:UnityEditor.Search:ASIAI0B' with importer (ScriptedImporter : UnityEditor.QuickSearchModule:UnityEditor.Search:ASIAI0B)
Imported 'GUID: 16b5d2a7d862f49ffb9453600e8ee776' -> (Import Result ID: 'a1b5af6e72b3394b5b2ae361fecd3578') in 0.002 seconds [static and dynamic dependencies]. Details - ImportResultOutputID=601d195525f893f464ea2f29bb9c7cc4 DependenciesID=4d53bbd2cac14ba158f063c40a75f035 StaticDependenciesID=4732918bca2f620bc062587241dade72 
Number of updated asset objects reloaded before import = 0
Number of asset objects unloaded after import = 1
========================================================================
Received Import Request.
  Time of request: 2026-09-18T17:31:44.6072977Z
  Time since last request: 0.0003221 seconds.
  importAddress: GUID: 0cc0cb6442378495eb09b7fa31891834 - Path: Packages/com.unity.render-pipelines.universal/Runtime/Deprecated.cs - Importer: ScriptedImporter/UnityEditor.QuickSearchModule:UnityEditor.Search:ASIAI0B
Importing 'GUID: 0cc0cb6442378495eb09b7fa31891834 - Path: Packages/com.unity.render-pipelines.universal/Runtime/Deprecated.cs - Importer: ScriptedImporter/UnityEditor.QuickSearchModule:UnityEditor.Search:ASIAI0B' with importer (ScriptedImporter : UnityEditor.QuickSearchModule:UnityEditor.Search:ASIAI0B)
Imported 'GUID: 0cc0cb6442378495eb09b7fa31891834' -> (Import Result ID: 'e7b338e89c61caf73cd774c696c0ff43') in 0.002 seconds [static and dynamic dependencies]. Details - ImportResultOutputID=d26fffc81ce2fb8ffa88f74ec20cf81e DependenciesID=872451863676cdf02f4db45a8f774408 StaticDependenciesID=658a75048cc6924ca18de38c23182f78 
Number of updated asset objects reloaded before import = 0
Number of asset objects unloaded after import = 0
========================================================================
Received Import Request.
  Time of request: 2026-09-18T17:31:44.6256616Z
  Time since last request: 0.0003305 seconds.
  importAddress: GUID: 82a8d20c41f345e382312ee1050e7ce2 - Path: Assets/Welcome/Welcome2DScript.cs - Importer: ScriptedImporter/UnityEditor.QuickSearchModule:UnityEditor.Search:ASIAI0B
Importing 'GUID: 82a8d20c41f345e382312ee1050e7ce2 - Path: Assets/Welcome/Welcome2DScript.cs - Importer: ScriptedImporter/UnityEditor.QuickSearchModule:UnityEditor.Search:ASIAI0B' with importer (ScriptedImporter : UnityEditor.QuickSearchModule:UnityEditor.Search:ASIAI0B)
Imported 'GUID: 82a8d20c41f345e382312ee1050e7ce2' -> (Import Result ID: '8cc6af9d4bc6b27056c0d3b3b2502ef8') in 0.002 seconds [static and dynamic dependencies]. Details - ImportResultOutputID=dfbfe7b2725d7396d38edd80ed031bcc DependenciesID=56be88e5dcbfc849347fc5caa719243d StaticDependenciesID=927edeb6b67e44559bc3d60352b9f782 
Number of updated asset objects reloaded before import = 0
Number of asset objects unloaded after import = 0
========================================================================
Received Import Request.
  Time of request: 2026-09-18T17:31:44.6441098Z
  Time since last request: 0.0003259 seconds.
  importAddress: GUID: f8a1318f0ebaa394fbc8d104806092b4 - Path: Packages/com.unity.render-pipelines.universal/Runtime/DeferredLights.cs - Importer: ScriptedImporter/UnityEditor.QuickSearchModule:UnityEditor.Search:ASIAI0B
Importing 'GUID: f8a1318f0ebaa394fbc8d104806092b4 - Path: Packages/com.unity.render-pipelines.universal/Runtime/DeferredLights.cs - Importer: ScriptedImporter/UnityEditor.QuickSearchModule:UnityEditor.Search:ASIAI0B' with importer (ScriptedImporter : UnityEditor.QuickSearchModule:UnityEditor.Search:ASIAI0B)
Imported 'GUID: f8a1318f0ebaa394fbc8d104806092b4' -> (Import Result ID: 'd1324210633b7e19b92057711abbf157') in 0.002 seconds [static and dynamic dependencies]. Details - ImportResultOutputID=1324fb221a000938913c03ce24a1da3d DependenciesID=c2325704e4d608d8f1e153ccb6097413 StaticDependenciesID=4dd57fd3b840618086585a47c927d826 
Number of updated asset objects reloaded before import = 0
Number of asset objects unloaded after import = 0
========================================================================
Received Import Request.
  Time of request: 2026-09-18T17:31:44.6624022Z
  Time since last request: 0.0003021 seconds.
  importAddress: GUID: 9970fa110f6e0904eabc7780d79a96ae - Path: Packages/com.unity.render-pipelines.universal/Runtime/RenderingLayerUtils.cs - Importer: ScriptedImporter/UnityEditor.QuickSearchModule:UnityEditor.Search:ASIAI0B
Importing 'GUID: 9970fa110f6e0904eabc7780d79a96ae - Path: Packages/com.unity.render-pipelines.universal/Runtime/RenderingLayerUtils.cs - Importer: ScriptedImporter/UnityEditor.QuickSearchModule:UnityEditor.Search:ASIAI0B' with importer (ScriptedImporter : UnityEditor.QuickSearchModule:UnityEditor.Search:ASIAI0B)
Imported 'GUID: 9970fa110f6e0904eabc7780d79a96ae' -> (Import Result ID: '4623735b6912057cf9ffea491340d2e4') in 0.002 seconds [static and dynamic dependencies]. Details - ImportResultOutputID=7e50a1b013a1300d5e63570e550d9953 DependenciesID=7cb594f7e110621e43ab11d6de00dd44 StaticDependenciesID=db3a0563fee19fb64f9679b46306c49d 
Number of updated asset objects reloaded before import = 0
Number of asset objects unloaded after import = 0
========================================================================
Received Import Request.
  Time of request: 2026-09-18T17:31:44.6806917Z
  Time since last request: 0.0002889 seconds.
  importAddress: GUID: 424799608f7334c24bf367e4bbfa7f9a - Path: Assets/Settings/Renderer2D.asset - Importer: ScriptedImporter/UnityEditor.QuickSearchModule:UnityEditor.Search:ASIAI0B
Importing 'GUID: 424799608f7334c24bf367e4bbfa7f9a - Path: Assets/Settings/Renderer2D.asset - Importer: ScriptedImporter/UnityEditor.QuickSearchModule:UnityEditor.Search:ASIAI0B' with importer (ScriptedImporter : UnityEditor.QuickSearchModule:UnityEditor.Search:ASIAI0B)
Imported 'GUID: 424799608f7334c24bf367e4bbfa7f9a' -> (Import Result ID: '5c46274820cb2315e84cc5ca6225df07') in 0.032 seconds [static and dynamic dependencies]. Details - ImportResultOutputID=354fbe7da69b20b6e78407eb67e1cf78 DependenciesID=5fc7031b8492698f9b59f3d4a6939313 StaticDependenciesID=12472743da1d380f0f1af466b903d4e3 
Number of updated asset objects reloaded before import = 0
Number of asset objects unloaded after import = 1
========================================================================
Received Import Request.
  Time of request: 2026-09-18T17:31:44.7286466Z
  Time since last request: 0.0003609 seconds.
  importAddress: GUID: 49ba57cdb4db34d1098e3104407d91ad - Path: Assets/Welcome/NewWelcomePage.asset - Importer: ScriptedImporter/UnityEditor.QuickSearchModule:UnityEditor.Search:ASIAI0B
Importing 'GUID: 49ba57cdb4db34d1098e3104407d91ad - Path: Assets/Welcome/NewWelcomePage.asset - Importer: ScriptedImporter/UnityEditor.QuickSearchModule:UnityEditor.Search:ASIAI0B' with importer (ScriptedImporter : UnityEditor.QuickSearchModule:UnityEditor.Search:ASIAI0B)
Imported 'GUID: 49ba57cdb4db34d1098e3104407d91ad' -> (Import Result ID: 'e1598a7f50460af3ac6b5fb287ddf217') in 0.012 seconds [static and dynamic dependencies]. Details - ImportResultOutputID=4abc71445b8e64bbbef60854d7880f84 DependenciesID=705e84160a254bbe50d89f85fba68fc1 StaticDependenciesID=387baac26e79e8725587dd984ed68261 
Number of updated asset objects reloaded before import = 0
Number of asset objects unloaded after import = 3
========================================================================
Received Import Request.
  Time of request: 2026-09-18T17:31:44.7566592Z
  Time since last request: 0.0002104 seconds.
  importAddress: GUID: f971995892640ec4f807ef396269e91e - Path: Packages/com.unity.render-pipelines.universal/Runtime/ForwardRendererData.cs - Importer: ScriptedImporter/UnityEditor.QuickSearchModule:UnityEditor.Search:ASIAI0B
Importing 'GUID: f971995892640ec4f807ef396269e91e - Path: Packages/com.unity.render-pipelines.universal/Runtime/ForwardRendererData.cs - Importer: ScriptedImporter/UnityEditor.QuickSearchModule:UnityEditor.Search:ASIAI0B' with importer (ScriptedImporter : UnityEditor.QuickSearchModule:UnityEditor.Search:ASIAI0B)
Imported 'GUID: f971995892640ec4f807ef396269e91e' -> (Import Result ID: 'ab11f35d2f16565dad409e2a04579f6b') in 0.003 seconds [static and dynamic dependencies]. Details - ImportResultOutputID=af2ea52439fc20e988a92f5f6585d04c DependenciesID=7294e916e2d5424433ab6330515226d7 StaticDependenciesID=5d989a0aa97d49ecae61a79d5ee83411 
Number of updated asset objects reloaded before import = 0
Number of asset objects unloaded after import = 0
========================================================================
Received Import Request.
  Time of request: 2026-09-18T17:31:44.7763341Z
  Time since last request: 0.0003149 seconds.
  importAddress: GUID: 448dc5f4526854e869b92bee42a28690 - Path: Packages/com.unity.render-pipelines.universal/Runtime/NoAllocUtils.cs - Importer: ScriptedImporter/UnityEditor.QuickSearchModule:UnityEditor.Search:ASIAI0B
Importing 'GUID: 448dc5f4526854e869b92bee42a28690 - Path: Packages/com.unity.render-pipelines.universal/Runtime/NoAllocUtils.cs - Importer: ScriptedImporter/UnityEditor.QuickSearchModule:UnityEditor.Search:ASIAI0B' with importer (ScriptedImporter : UnityEditor.QuickSearchModule:UnityEditor.Search:ASIAI0B)
Imported 'GUID: 448dc5f4526854e869b92bee42a28690' -> (Import Result ID: '03ac5d44b29b6a710815989b3ad2ca33') in 0.002 seconds [static and dynamic dependencies]. Details - ImportResultOutputID=683fd5a671521aa4ae0827ff349a878b DependenciesID=e46a0a4e74f3544a252eeaab115395a7 StaticDependenciesID=5a6caa1a8a886d477de71ad38b2f9808 
Number of updated asset objects reloaded before import = 0
Number of asset objects unloaded after import = 0
========================================================================
Received Import Request.
  Time of request: 2026-09-18T17:31:44.7946827Z
  Time since last request: 0.0002908 seconds.
  importAddress: GUID: 32be1f4157d401645be84715cb5f8568 - Path: Packages/com.unity.render-pipelines.universal/Editor/ShaderScriptableStripper.cs - Importer: ScriptedImporter/UnityEditor.QuickSearchModule:UnityEditor.Search:ASIAI0B
Importing 'GUID: 32be1f4157d401645be84715cb5f8568 - Path: Packages/com.unity.render-pipelines.universal/Editor/ShaderScriptableStripper.cs - Importer: ScriptedImporter/UnityEditor.QuickSearchModule:UnityEditor.Search:ASIAI0B' with importer (ScriptedImporter : UnityEditor.QuickSearchModule:UnityEditor.Search:ASIAI0B)
Imported 'GUID: 32be1f4157d401645be84715cb5f8568' -> (Import Result ID: 'ee8ad0d9a2ca923c663790384242bae1') in 0.002 seconds [static and dynamic dependencies]. Details - ImportResultOutputID=20ecd5089aac6634312133f4f74a296e DependenciesID=1d00e04e614fe9627df67af2fc110117 StaticDependenciesID=0b3b18db1cc4470b7154cfe5c101b021 
Number of updated asset objects reloaded before import = 0
Number of asset objects unloaded after import = 0
========================================================================
Received Import Request.
  Time of request: 2026-09-18T17:31:44.8130355Z
  Time since last request: 0.0002587 seconds.
  importAddress: GUID: 93b439a37f63240aca3dd4e01d978a9f - Path: Assets/Settings/UniversalRenderPipelineGlobalSettings.asset - Importer: ScriptedImporter/UnityEditor.QuickSearchModule:UnityEditor.Search:ASIAI0B
Importing 'GUID: 93b439a37f63240aca3dd4e01d978a9f - Path: Assets/Settings/UniversalRenderPipelineGlobalSettings.asset - Importer: ScriptedImporter/UnityEditor.QuickSearchModule:UnityEditor.Search:ASIAI0B' with importer (ScriptedImporter : UnityEditor.QuickSearchModule:UnityEditor.Search:ASIAI0B)
Imported 'GUID: 93b439a37f63240aca3dd4e01d978a9f' -> (Import Result ID: '3a3eff4deaeb50ee7d1551198acd39be') in 0.124 seconds [static and dynamic dependencies]. Details - ImportResultOutputID=a5f5021c5b710649e1ac6445abcf8414 DependenciesID=d2c3723ce1dc5c2f1b18dff34c69ecbf StaticDependenciesID=fde1aa9dce2d27c3ecc74f4448392fd0 
Number of updated asset objects reloaded before import = 0
Number of asset objects unloaded after import = 1
========================================================================
Received Import Request.
  Time of request: 2026-09-18T17:31:44.952782Z
  Time since last request: 0.0003093 seconds.
  importAddress: GUID: 681886c5eb7344803b6206f758bf0b1c - Path: Assets/Settings/UniversalRP.asset - Importer: ScriptedImporter/UnityEditor.QuickSearchModule:UnityEditor.Search:ASIAI0B
Importing 'GUID: 681886c5eb7344803b6206f758bf0b1c - Path: Assets/Settings/UniversalRP.asset - Importer: ScriptedImporter/UnityEditor.QuickSearchModule:UnityEditor.Search:ASIAI0B' with importer (ScriptedImporter : UnityEditor.QuickSearchModule:UnityEditor.Search:ASIAI0B)
Imported 'GUID: 681886c5eb7344803b6206f758bf0b1c' -> (Import Result ID: '3c27f049a7fbe277c7067fe7ba974dcd') in 0.055 seconds [static and dynamic dependencies]. Details - ImportResultOutputID=eabeacfe9f691294fb47213e6adf5ee6 DependenciesID=739e96eb02ba29a318426767804c9f10 StaticDependenciesID=fe9fd6e09a93eb24b113011444c9ce48 
Number of updated asset objects reloaded before import = 0
Number of asset objects unloaded after import = 1
========================================================================
Received Import Request.
  Time of request: 2026-09-18T17:31:45.0233274Z
  Time since last request: 0.0003515 seconds.
  importAddress: GUID: 46662bacf9caecb4987e43ba520cc30c - Path: Packages/com.unity.render-pipelines.universal/Runtime/Documentation.cs - Importer: ScriptedImporter/UnityEditor.QuickSearchModule:UnityEditor.Search:ASIAI0B
Importing 'GUID: 46662bacf9caecb4987e43ba520cc30c - Path: Packages/com.unity.render-pipelines.universal/Runtime/Documentation.cs - Importer: ScriptedImporter/UnityEditor.QuickSearchModule:UnityEditor.Search:ASIAI0B' with importer (ScriptedImporter : UnityEditor.QuickSearchModule:UnityEditor.Search:ASIAI0B)
Imported 'GUID: 46662bacf9caecb4987e43ba520cc30c' -> (Import Result ID: '776728ce67ab998e4835a97a3b28d841') in 0.002 seconds [static and dynamic dependencies]. Details - ImportResultOutputID=e927d87e7ad1e81d505a56e62345a348 DependenciesID=9efbb5e5c9236a578ce3cafbe89e7ae2 StaticDependenciesID=30f08e8baebfab2e991da21bfdcfb19c 
Number of updated asset objects reloaded before import = 0
Number of asset objects unloaded after import = 0
========================================================================
Received Import Request.
  Time of request: 2026-09-18T17:31:45.0422892Z
  Time since last request: 0.000311 seconds.
  importAddress: GUID: b2e28cf5a5994852b1f65ee5a9794985 - Path: Packages/com.unity.render-pipelines.universal/Runtime/LightCookieManager.cs - Importer: ScriptedImporter/UnityEditor.QuickSearchModule:UnityEditor.Search:ASIAI0B
Importing 'GUID: b2e28cf5a5994852b1f65ee5a9794985 - Path: Packages/com.unity.render-pipelines.universal/Runtime/LightCookieManager.cs - Importer: ScriptedImporter/UnityEditor.QuickSearchModule:UnityEditor.Search:ASIAI0B' with importer (ScriptedImporter : UnityEditor.QuickSearchModule:UnityEditor.Search:ASIAI0B)
Imported 'GUID: b2e28cf5a5994852b1f65ee5a9794985' -> (Import Result ID: '803d81571898640421f476c900e1e365') in 0.002 seconds [static and dynamic dependencies]. Details - ImportResultOutputID=df79243f84b6f00e2167fcf611e1d01e DependenciesID=5b4c17e52b2eb4eeb673d86ec895bb29 StaticDependenciesID=0a8c6322b74e2196d3ed8ce4ee5e3db8 
Number of updated asset objects reloaded before import = 0
Number of asset objects unloaded after import = 0
========================================================================
Received Import Request.
  Time of request: 2026-09-18T17:31:45.0597133Z
  Time since last request: 0.000298 seconds.
  importAddress: GUID: dc4f14b5fb9db4e99a705e5f81c13cf5 - Path: Packages/com.unity.render-pipelines.universal/Editor/LightExplorer.cs - Importer: ScriptedImporter/UnityEditor.QuickSearchModule:UnityEditor.Search:ASIAI0B
Importing 'GUID: dc4f14b5fb9db4e99a705e5f81c13cf5 - Path: Packages/com.unity.render-pipelines.universal/Editor/LightExplorer.cs - Importer: ScriptedImporter/UnityEditor.QuickSearchModule:UnityEditor.Search:ASIAI0B' with importer (ScriptedImporter : UnityEditor.QuickSearchModule:UnityEditor.Search:ASIAI0B)
Imported 'GUID: dc4f14b5fb9db4e99a705e5f81c13cf5' -> (Import Result ID: '5e5ee5304c3be55ee6640983a6b3c320') in 0.002 seconds [static and dynamic dependencies]. Details - ImportResultOutputID=8679bc1721b4314c181532b5c071c3e7 DependenciesID=9dd337e37c88b2508f15264736149243 StaticDependenciesID=db49b92325d51c0c4ccb1dc5cdc201f5 
Number of updated asset objects reloaded before import = 0
Number of asset objects unloaded after import = 0
========================================================================
Received Import Request.
  Time of request: 2026-09-18T17:31:45.0775432Z
  Time since last request: 0.0002949 seconds.
  importAddress: GUID: 00a88cea6e93342c38794220d3168827 - Path: Packages/com.unity.render-pipelines.universal/Runtime/MotionVectors.cs - Importer: ScriptedImporter/UnityEditor.QuickSearchModule:UnityEditor.Search:ASIAI0B
Importing 'GUID: 00a88cea6e93342c38794220d3168827 - Path: Packages/com.unity.render-pipelines.universal/Runtime/MotionVectors.cs - Importer: ScriptedImporter/UnityEditor.QuickSearchModule:UnityEditor.Search:ASIAI0B' with importer (ScriptedImporter : UnityEditor.QuickSearchModule:UnityEditor.Search:ASIAI0B)
Imported 'GUID: 00a88cea6e93342c38794220d3168827' -> (Import Result ID: '4d81cbee1cc28d0fa4df22c2af24b0f3') in 0.002 seconds [static and dynamic dependencies]. Details - ImportResultOutputID=1e93db5596c9c37aae07bef826dd84f6 DependenciesID=6f78c5122ae5fc83325095a976988e93 StaticDependenciesID=4925de96177322a87f744d9ed858152d 
Number of updated asset objects reloaded before import = 0
Number of asset objects unloaded after import = 0
========================================================================
Received Import Request.
  Time of request: 2026-09-18T17:31:45.0958585Z
  Time since last request: 0.0003735 seconds.
  importAddress: GUID: d7a47b64c248a9448845c28f15c6ca10 - Path: Packages/com.unity.render-pipelines.universal/Runtime/RenderTargetHandle.cs - Importer: ScriptedImporter/UnityEditor.QuickSearchModule:UnityEditor.Search:ASIAI0B
Importing 'GUID: d7a47b64c248a9448845c28f15c6ca10 - Path: Packages/com.unity.render-pipelines.universal/Runtime/RenderTargetHandle.cs - Importer: ScriptedImporter/UnityEditor.QuickSearchModule:UnityEditor.Search:ASIAI0B' with importer (ScriptedImporter : UnityEditor.QuickSearchModule:UnityEditor.Search:ASIAI0B)
Imported 'GUID: d7a47b64c248a9448845c28f15c6ca10' -> (Import Result ID: '452f2e8d7ac10a050cc934b8d9f1fd90') in 0.002 seconds [static and dynamic dependencies]. Details - ImportResultOutputID=6294f8cfa4a38f89d0c46956901409f0 DependenciesID=4592186b65639676845aeef710ee7715 StaticDependenciesID=bc95cb3db5be8c26b2eaa9fd95f24ca6 
Number of updated asset objects reloaded before import = 0
Number of asset objects unloaded after import = 0
========================================================================
Received Import Request.
  Time of request: 2026-09-18T17:31:45.1142884Z
  Time since last request: 0.0002629 seconds.
  importAddress: GUID: 54d9cfe23e3274c689c539ee0ee17dcf - Path: Packages/com.unity.render-pipelines.universal/Runtime/ForwardLights.cs - Importer: ScriptedImporter/UnityEditor.QuickSearchModule:UnityEditor.Search:ASIAI0B
Importing 'GUID: 54d9cfe23e3274c689c539ee0ee17dcf - Path: Packages/com.unity.render-pipelines.universal/Runtime/ForwardLights.cs - Importer: ScriptedImporter/UnityEditor.QuickSearchModule:UnityEditor.Search:ASIAI0B' with importer (ScriptedImporter : UnityEditor.QuickSearchModule:UnityEditor.Search:ASIAI0B)
Imported 'GUID: 54d9cfe23e3274c689c539ee0ee17dcf' -> (Import Result ID: '3493e7b5b5eda2a25ed6da5615905aff') in 0.002 seconds [static and dynamic dependencies]. Details - ImportResultOutputID=6cd31c64a52147ceeffbc73c89f99e13 DependenciesID=b42afcf76e560b420e8c6f2a2a091753 StaticDependenciesID=51aeab216c36cc65e4dc086b40c76cad 
Number of updated asset objects reloaded before import = 0
Number of asset objects unloaded after import = 0
========================================================================
Received Import Request.
  Time of request: 2026-09-18T17:31:45.1328538Z
  Time since last request: 0.0002809 seconds.
  importAddress: GUID: d03ed43fc9d8a4f2e9fa70c1c7916eb9 - Path: Assets/Settings/Lit2DSceneTemplate.scenetemplate - Importer: ScriptedImporter/UnityEditor.QuickSearchModule:UnityEditor.Search:ASIAI0B
Importing 'GUID: d03ed43fc9d8a4f2e9fa70c1c7916eb9 - Path: Assets/Settings/Lit2DSceneTemplate.scenetemplate - Importer: ScriptedImporter/UnityEditor.QuickSearchModule:UnityEditor.Search:ASIAI0B' with importer (ScriptedImporter : UnityEditor.QuickSearchModule:UnityEditor.Search:ASIAI0B)
Imported 'GUID: d03ed43fc9d8a4f2e9fa70c1c7916eb9' -> (Import Result ID: '599ddcf66e47f8c18b154d3759b56fd8') in 0.052 seconds [static and dynamic dependencies]. Details - ImportResultOutputID=3462e0cbc9720eb130ab2e5ee765724e DependenciesID=38ebeb2a400bf0e6941ff43bdbc8e7ad StaticDependenciesID=51ce5ddfe33543a67ea6e0619e6e3ffd 
Number of updated asset objects reloaded before import = 0
Number of asset objects unloaded after import = 3
========================================================================
Received Import Request.
  Time of request: 2026-09-18T17:31:45.2005225Z
  Time since last request: 0.0003375 seconds.
  importAddress: GUID: d0353a89b1f911e48b9e16bdc9f2e058 - Path: Packages/com.unity.render-pipelines.universal/Editor/AssetVersion.cs - Importer: ScriptedImporter/UnityEditor.QuickSearchModule:UnityEditor.Search:ASIAI0B
Importing 'GUID: d0353a89b1f911e48b9e16bdc9f2e058 - Path: Packages/com.unity.render-pipelines.universal/Editor/AssetVersion.cs - Importer: ScriptedImporter/UnityEditor.QuickSearchModule:UnityEditor.Search:ASIAI0B' with importer (ScriptedImporter : UnityEditor.QuickSearchModule:UnityEditor.Search:ASIAI0B)
Imported 'GUID: d0353a89b1f911e48b9e16bdc9f2e058' -> (Import Result ID: '5e0020e1b9fa9c4f64dd5b24f38522f0') in 0.003 seconds [static and dynamic dependencies]. Details - ImportResultOutputID=7a64a043702e53ecefb502afe6404a63 DependenciesID=9751bd22977b6b75a1b9d1970d7cd7c5 StaticDependenciesID=794b11b3ff2ce8f6fa47d4d8b34db3d0 
Number of updated asset objects reloaded before import = 0
Number of asset objects unloaded after import = 0
========================================================================
Received Import Request.
  Time of request: 2026-09-18T17:31:45.2189796Z
  Time since last request: 0.0002831 seconds.
  importAddress: GUID: 7d7d4ecff4c4b59488b97a13efb52739 - Path: Packages/com.unity.render-pipelines.universal/Runtime/PostProcess.cs - Importer: ScriptedImporter/UnityEditor.QuickSearchModule:UnityEditor.Search:ASIAI0B
Importing 'GUID: 7d7d4ecff4c4b59488b97a13efb52739 - Path: Packages/com.unity.render-pipelines.universal/Runtime/PostProcess.cs - Importer: ScriptedImporter/UnityEditor.QuickSearchModule:UnityEditor.Search:ASIAI0B' with importer (ScriptedImporter : UnityEditor.QuickSearchModule:UnityEditor.Search:ASIAI0B)
Imported 'GUID: 7d7d4ecff4c4b59488b97a13efb52739' -> (Import Result ID: '02781d7a5faaa094cd492eab9b5bc7cd') in 0.002 seconds [static and dynamic dependencies]. Details - ImportResultOutputID=2b2b2e33e9b4ae2259c92a0f8ae9c08d DependenciesID=1c43d8e91d5d7384b668691d860fa867 StaticDependenciesID=46b3aa20417259b14c4e84e8e39ac8cf 
Number of updated asset objects reloaded before import = 0
Number of asset objects unloaded after import = 0
========================================================================
Received Import Request.
  Time of request: 2026-09-18T17:31:45.2367534Z
  Time since last request: 0.0002985 seconds.
  importAddress: GUID: aecdbe497ecdc4e498e66886c0b963cd - Path: Packages/com.unity.render-pipelines.universal/Editor/UniversalRenderPipelineLightEditor.cs - Importer: ScriptedImporter/UnityEditor.QuickSearchModule:UnityEditor.Search:ASIAI0B
Importing 'GUID: aecdbe497ecdc4e498e66886c0b963cd - Path: Packages/com.unity.render-pipelines.universal/Editor/UniversalRenderPipelineLightEditor.cs - Importer: ScriptedImporter/UnityEditor.QuickSearchModule:UnityEditor.Search:ASIAI0B' with importer (ScriptedImporter : UnityEditor.QuickSearchModule:UnityEditor.Search:ASIAI0B)
Imported 'GUID: aecdbe497ecdc4e498e66886c0b963cd' -> (Import Result ID: '629adeedeaf03da50c0a772c1b8df78b') in 0.002 seconds [static and dynamic dependencies]. Details - ImportResultOutputID=e6c4da9ede86a7075dfad2c96335863f DependenciesID=f6a962ba28699201ecee3bab97fa616a StaticDependenciesID=93b1533c55f1da7f297d9e619a00bc37 
Number of updated asset objects reloaded before import = 0
Number of asset objects unloaded after import = 0
========================================================================
Received Import Request.
  Time of request: 2026-09-18T17:31:45.2552112Z
  Time since last request: 0.0003214 seconds.
  importAddress: GUID: 2cda990e2423bbf4892e6590ba056729 - Path: Assets/Settings/Scenes/URP2DSceneTemplate.unity - Importer: ScriptedImporter/UnityEditor.QuickSearchModule:UnityEditor.Search:ASIAI0B
Importing 'GUID: 2cda990e2423bbf4892e6590ba056729 - Path: Assets/Settings/Scenes/URP2DSceneTemplate.unity - Importer: ScriptedImporter/UnityEditor.QuickSearchModule:UnityEditor.Search:ASIAI0B' with importer (ScriptedImporter : UnityEditor.QuickSearchModule:UnityEditor.Search:ASIAI0B)
Imported 'GUID: 2cda990e2423bbf4892e6590ba056729' -> (Import Result ID: 'bf3ecd4edf2759c36e8e21ab29820ee6') in 0.003 seconds [static and dynamic dependencies]. Details - ImportResultOutputID=b4feedef1512b943907022bdfa2fb287 DependenciesID=2d2fdb253a5c208f2ee9bd4d90bc23a6 StaticDependenciesID=ecc63ca9ec57e139b807843733c85192 
Number of updated asset objects reloaded before import = 0
Number of asset objects unloaded after import = 1
========================================================================
Received Import Request.
  Time of request: 2026-09-18T17:31:45.2731554Z
  Time since last request: 0.0002805 seconds.
  importAddress: GUID: f334589a3e8ed644fa711158935ddabd - Path: Packages/com.unity.render-pipelines.universal/Editor/SavedParameter.cs - Importer: ScriptedImporter/UnityEditor.QuickSearchModule:UnityEditor.Search:ASIAI0B
Importing 'GUID: f334589a3e8ed644fa711158935ddabd - Path: Packages/com.unity.render-pipelines.universal/Editor/SavedParameter.cs - Importer: ScriptedImporter/UnityEditor.QuickSearchModule:UnityEditor.Search:ASIAI0B' with importer (ScriptedImporter : UnityEditor.QuickSearchModule:UnityEditor.Search:ASIAI0B)
Imported 'GUID: f334589a3e8ed644fa711158935ddabd' -> (Import Result ID: '49f1e77e16830bf9d44976a061580b6d') in 0.002 seconds [static and dynamic dependencies]. Details - ImportResultOutputID=a129562205718667a6a039e628932702 DependenciesID=f45011be678594a54b883a7899237d08 StaticDependenciesID=cd89c1b0613fa7c38993a2ddc64813b1 
Number of updated asset objects reloaded before import = 0
Number of asset objects unloaded after import = 0
========================================================================
Received Import Request.
  Time of request: 2026-09-18T17:31:45.2909709Z
  Time since last request: 0.0003055 seconds.
  importAddress: GUID: 0b6b6a75a79e434b9c417f5164ef991d - Path: Packages/com.unity.render-pipelines.universal/Editor/ScriptableRendererFeatureProvider.cs - Importer: ScriptedImporter/UnityEditor.QuickSearchModule:UnityEditor.Search:ASIAI0B
Importing 'GUID: 0b6b6a75a79e434b9c417f5164ef991d - Path: Packages/com.unity.render-pipelines.universal/Editor/ScriptableRendererFeatureProvider.cs - Importer: ScriptedImporter/UnityEditor.QuickSearchModule:UnityEditor.Search:ASIAI0B' with importer (ScriptedImporter : UnityEditor.QuickSearchModule:UnityEditor.Search:ASIAI0B)
Imported 'GUID: 0b6b6a75a79e434b9c417f5164ef991d' -> (Import Result ID: '7060cd963d62c6e08cd69628e6051f07') in 0.002 seconds [static and dynamic dependencies]. Details - ImportResultOutputID=38867f2cf0c74e0de36dade9c6ad3ef2 DependenciesID=3592500bc73dfcf4021c2911d4b18004 StaticDependenciesID=6fba8f6e83ee5b706879fcdbf09c45e5 
Number of updated asset objects reloaded before import = 0
Number of asset objects unloaded after import = 0
========================================================================
Received Import Request.
  Time of request: 2026-09-18T17:31:45.3094032Z
  Time since last request: 0.0003245 seconds.
  importAddress: GUID: 3f9215ea0144899419cfbc0957140d3f - Path: Assets/Settings/DefaultVolumeProfile.asset - Importer: ScriptedImporter/UnityEditor.QuickSearchModule:UnityEditor.Search:ASIAI0B
Importing 'GUID: 3f9215ea0144899419cfbc0957140d3f - Path: Assets/Settings/DefaultVolumeProfile.asset - Importer: ScriptedImporter/UnityEditor.QuickSearchModule:UnityEditor.Search:ASIAI0B' with importer (ScriptedImporter : UnityEditor.QuickSearchModule:UnityEditor.Search:ASIAI0B)
Imported 'GUID: 3f9215ea0144899419cfbc0957140d3f' -> (Import Result ID: 'e644bbd30ce4df8f2ddeb1e118e9d5c8') in 0.003 seconds [static and dynamic dependencies]. Details - ImportResultOutputID=b56cf5fbdb6e855a77f3db7d7f620da4 DependenciesID=b68ae1603f87c634ad52bf617b1614db StaticDependenciesID=0f89c5d1b896f7d1af9f34ad05b025bf 
Number of updated asset objects reloaded before import = 0
Number of asset objects unloaded after import = 1
========================================================================
Received Import Request.
  Time of request: 2026-09-18T17:31:45.3280554Z
  Time since last request: 0.0002657 seconds.
  importAddress: GUID: 9f7bf504ded5bcb48835f194831914c8 - Path: Packages/com.unity.render-pipelines.universal/Editor/ShaderBuildPreprocessor.cs - Importer: ScriptedImporter/UnityEditor.QuickSearchModule:UnityEditor.Search:ASIAI0B
Importing 'GUID: 9f7bf504ded5bcb48835f194831914c8 - Path: Packages/com.unity.render-pipelines.universal/Editor/ShaderBuildPreprocessor.cs - Importer: ScriptedImporter/UnityEditor.QuickSearchModule:UnityEditor.Search:ASIAI0B' with importer (ScriptedImporter : UnityEditor.QuickSearchModule:UnityEditor.Search:ASIAI0B)
Imported 'GUID: 9f7bf504ded5bcb48835f194831914c8' -> (Import Result ID: '376cd48ba6fb47aa9e34a16c3eaebb69') in 0.002 seconds [static and dynamic dependencies]. Details - ImportResultOutputID=e4ac5e8a96bc99f1dafdba8e26e26685 DependenciesID=5b889a007bf6a47d17525f7a59d63c44 StaticDependenciesID=45702084e4ae48fbc13847ebe200ac12 
Number of updated asset objects reloaded before import = 0
Number of asset objects unloaded after import = 0
========================================================================
Received Import Request.
  Time of request: 2026-09-18T17:31:45.345894Z
  Time since last request: 0.0003169 seconds.
  importAddress: GUID: c8d90eadb510acd44b7884b0be840c4b - Path: Packages/com.unity.render-pipelines.universal/Runtime/RenderingUtils.cs - Importer: ScriptedImporter/UnityEditor.QuickSearchModule:UnityEditor.Search:ASIAI0B
Importing 'GUID: c8d90eadb510acd44b7884b0be840c4b - Path: Packages/com.unity.render-pipelines.universal/Runtime/RenderingUtils.cs - Importer: ScriptedImporter/UnityEditor.QuickSearchModule:UnityEditor.Search:ASIAI0B' with importer (ScriptedImporter : UnityEditor.QuickSearchModule:UnityEditor.Search:ASIAI0B)
Imported 'GUID: c8d90eadb510acd44b7884b0be840c4b' -> (Import Result ID: '81ee63a45d75d1bfc36c6130508a489f') in 0.002 seconds [static and dynamic dependencies]. Details - ImportResultOutputID=98af7e4ba3088cc92d25b45df581a453 DependenciesID=1818a25c5c553166ba870393aace4e37 StaticDependenciesID=ee9e3387ea2f9357b5c3b28643f81c74 
Number of updated asset objects reloaded before import = 0
Number of asset objects unloaded after import = 0
========================================================================
Received Import Request.
  Time of request: 2026-09-18T17:31:45.3636548Z
  Time since last request: 0.0002674 seconds.
  importAddress: GUID: 3afe581e949e3cc489c978bd8e000c4b - Path: Packages/com.unity.render-pipelines.universal/ValidationExceptions.json - Importer: ScriptedImporter/UnityEditor.QuickSearchModule:UnityEditor.Search:ASIAI0B
Importing 'GUID: 3afe581e949e3cc489c978bd8e000c4b - Path: Packages/com.unity.render-pipelines.universal/ValidationExceptions.json - Importer: ScriptedImporter/UnityEditor.QuickSearchModule:UnityEditor.Search:ASIAI0B' with importer (ScriptedImporter : UnityEditor.QuickSearchModule:UnityEditor.Search:ASIAI0B)
Imported 'GUID: 3afe581e949e3cc489c978bd8e000c4b' -> (Import Result ID: '0041f64c0209b7a63712cd189400a477') in 0.002 seconds [static and dynamic dependencies]. Details - ImportResultOutputID=76de23d562cd56024f9c4d9aecddc00a DependenciesID=da6d704537dd4237c3775334d388fa99 StaticDependenciesID=a2492676a48997e4db90af1061919b5b 
Number of updated asset objects reloaded before import = 0
Number of asset objects unloaded after import = 1
========================================================================
Received Import Request.
  Time of request: 2026-09-18T17:31:45.3877361Z
  Time since last request: 0.0061951 seconds.
  importAddress: GUID: c70398529f54bc44ca6a3ed0211e039f - Path: Packages/com.unity.render-pipelines.universal/ShaderLibrary/ParticlesInstancing.hlsl - Importer: ScriptedImporter/UnityEditor.QuickSearchModule:UnityEditor.Search:ASIAI0B
Importing 'GUID: c70398529f54bc44ca6a3ed0211e039f - Path: Packages/com.unity.render-pipelines.universal/ShaderLibrary/ParticlesInstancing.hlsl - Importer: ScriptedImporter/UnityEditor.QuickSearchModule:UnityEditor.Search:ASIAI0B' with importer (ScriptedImporter : UnityEditor.QuickSearchModule:UnityEditor.Search:ASIAI0B)
Imported 'GUID: c70398529f54bc44ca6a3ed0211e039f' -> (Import Result ID: '593febefac0cf903fe3e3b9134eae63f') in 0.002 seconds [static and dynamic dependencies]. Details - ImportResultOutputID=dc74eba76574c0b5e03f052a301645ef DependenciesID=5c4c959eb4255b75117e0d40955b9e6c StaticDependenciesID=30f4188a74f35d99cfb22799fc3a2768 
Number of updated asset objects reloaded before import = 0
Number of asset objects unloaded after import = 1
========================================================================
Received Import Request.
  Time of request: 2026-09-18T17:31:45.4057182Z
  Time since last request: 0.000331 seconds.
  importAddress: GUID: b2555155ead696140913bef1ec93adf0 - Path: Packages/com.unity.render-pipelines.universal/ShaderLibrary/Input.hlsl - Importer: ScriptedImporter/UnityEditor.QuickSearchModule:UnityEditor.Search:ASIAI0B
Importing 'GUID: b2555155ead696140913bef1ec93adf0 - Path: Packages/com.unity.render-pipelines.universal/ShaderLibrary/Input.hlsl - Importer: ScriptedImporter/UnityEditor.QuickSearchModule:UnityEditor.Search:ASIAI0B' with importer (ScriptedImporter : UnityEditor.QuickSearchModule:UnityEditor.Search:ASIAI0B)
Imported 'GUID: b2555155ead696140913bef1ec93adf0' -> (Import Result ID: 'ef3c619a80cdd3e29f86a0477c4939c5') in 0.002 seconds [static and dynamic dependencies]. Details - ImportResultOutputID=a8957ff82087418816848470971681a9 DependenciesID=8e78b5c2e7d0ff6626f0faa35652cbfe StaticDependenciesID=4bad4ab4bfdf0a57d076ce0af4319ab9 
Number of updated asset objects reloaded before import = 0
Number of asset objects unloaded after import = 1
========================================================================
Received Import Request.
  Time of request: 2026-09-18T17:31:45.4237618Z
  Time since last request: 0.0003425 seconds.
  importAddress: GUID: 143998ff65f2ada468f04434bfabf8c5 - Path: Packages/com.unity.render-pipelines.universal/Runtime/UniversalRenderer.cs - Importer: ScriptedImporter/UnityEditor.QuickSearchModule:UnityEditor.Search:ASIAI0B
Importing 'GUID: 143998ff65f2ada468f04434bfabf8c5 - Path: Packages/com.unity.render-pipelines.universal/Runtime/UniversalRenderer.cs - Importer: ScriptedImporter/UnityEditor.QuickSearchModule:UnityEditor.Search:ASIAI0B' with importer (ScriptedImporter : UnityEditor.QuickSearchModule:UnityEditor.Search:ASIAI0B)
Imported 'GUID: 143998ff65f2ada468f04434bfabf8c5' -> (Import Result ID: '4f5671ab125d1a5b02b1e9107df49d72') in 0.002 seconds [static and dynamic dependencies]. Details - ImportResultOutputID=364e1e7ef25fab95e539a950791fe1fe DependenciesID=70e59a9d4620a391be63d1c082094ae5 StaticDependenciesID=d53589eec79c644b1aae7d175327d356 
Number of updated asset objects reloaded before import = 0
Number of asset objects unloaded after import = 0
========================================================================
Received Import Request.
  Time of request: 2026-09-18T17:31:45.441909Z
  Time since last request: 0.0002886 seconds.
  importAddress: GUID: d84e8804a1d7b884fadfe260acd3935c - Path: Packages/com.unity.render-pipelines.universal/ShaderLibrary/Deprecated.cs - Importer: ScriptedImporter/UnityEditor.QuickSearchModule:UnityEditor.Search:ASIAI0B
Importing 'GUID: d84e8804a1d7b884fadfe260acd3935c - Path: Packages/com.unity.render-pipelines.universal/ShaderLibrary/Deprecated.cs - Importer: ScriptedImporter/UnityEditor.QuickSearchModule:UnityEditor.Search:ASIAI0B' with importer (ScriptedImporter : UnityEditor.QuickSearchModule:UnityEditor.Search:ASIAI0B)
Imported 'GUID: d84e8804a1d7b884fadfe260acd3935c' -> (Import Result ID: '0a537ee0c2353675b9be711384e48a0b') in 0.002 seconds [static and dynamic dependencies]. Details - ImportResultOutputID=fda79dea7439000c4e3c1a92c4f85bf7 DependenciesID=b2d950b6f53314926bd3062fc6c62dee StaticDependenciesID=ced05176a5b1bac976ad044d0369c40f 
Number of updated asset objects reloaded before import = 0
Number of asset objects unloaded after import = 0
========================================================================
Received Import Request.
  Time of request: 2026-09-18T17:31:45.460654Z
  Time since last request: 0.0003377 seconds.
  importAddress: GUID: a20568904d9c412459181938be987e12 - Path: Packages/com.unity.render-pipelines.universal/ShaderLibrary/MotionVectorsCommon.hlsl - Importer: ScriptedImporter/UnityEditor.QuickSearchModule:UnityEditor.Search:ASIAI0B
Importing 'GUID: a20568904d9c412459181938be987e12 - Path: Packages/com.unity.render-pipelines.universal/ShaderLibrary/MotionVectorsCommon.hlsl - Importer: ScriptedImporter/UnityEditor.QuickSearchModule:UnityEditor.Search:ASIAI0B' with importer (ScriptedImporter : UnityEditor.QuickSearchModule:UnityEditor.Search:ASIAI0B)
Imported 'GUID: a20568904d9c412459181938be987e12' -> (Import Result ID: '5466edb3ac7b578bb23eb5c7b9a3d2ea') in 0.002 seconds [static and dynamic dependencies]. Details - ImportResultOutputID=6dea138516016e67bf203f1a23f3f101 DependenciesID=91df7362e06f5ac7dd49082ee7a94060 StaticDependenciesID=1ab30f230f1c6625e09c0cfc782232c4 
Number of updated asset objects reloaded before import = 0
Number of asset objects unloaded after import = 1
========================================================================
Received Import Request.
  Time of request: 2026-09-18T17:31:45.4786955Z
  Time since last request: 0.0003418 seconds.
  importAddress: GUID: 58997c4bd657ad848919e91029ee01eb - Path: Packages/com.unity.render-pipelines.universal/ShaderLibrary/Particles.hlsl - Importer: ScriptedImporter/UnityEditor.QuickSearchModule:UnityEditor.Search:ASIAI0B
Importing 'GUID: 58997c4bd657ad848919e91029ee01eb - Path: Packages/com.unity.render-pipelines.universal/ShaderLibrary/Particles.hlsl - Importer: ScriptedImporter/UnityEditor.QuickSearchModule:UnityEditor.Search:ASIAI0B' with importer (ScriptedImporter : UnityEditor.QuickSearchModule:UnityEditor.Search:ASIAI0B)
Imported 'GUID: 58997c4bd657ad848919e91029ee01eb' -> (Import Result ID: 'ca8bf2230f50cabe9b9a5ac9f92409bf') in 0.002 seconds [static and dynamic dependencies]. Details - ImportResultOutputID=9973ffec277fd108d254013749b5cdc3 DependenciesID=934f77635298fea20a3c8dcd6d4d79c1 StaticDependenciesID=f6eb519655502f68736f4497407552ee 
Number of updated asset objects reloaded before import = 0
Number of asset objects unloaded after import = 1
========================================================================
Received Import Request.
  Time of request: 2026-09-18T17:31:45.4961371Z
  Time since last request: 0.000291 seconds.
  importAddress: GUID: 7cb68769fca9417c86969e0d765738c2 - Path: Packages/com.unity.render-pipelines.universal/Runtime/UniversalAdditionalCameraData.deprecated.cs - Importer: ScriptedImporter/UnityEditor.QuickSearchModule:UnityEditor.Search:ASIAI0B
Importing 'GUID: 7cb68769fca9417c86969e0d765738c2 - Path: Packages/com.unity.render-pipelines.universal/Runtime/UniversalAdditionalCameraData.deprecated.cs - Importer: ScriptedImporter/UnityEditor.QuickSearchModule:UnityEditor.Search:ASIAI0B' with importer (ScriptedImporter : UnityEditor.QuickSearchModule:UnityEditor.Search:ASIAI0B)
Imported 'GUID: 7cb68769fca9417c86969e0d765738c2' -> (Import Result ID: 'e8cdbce14a3979ded3400e2ab1164049') in 0.002 seconds [static and dynamic dependencies]. Details - ImportResultOutputID=9e5cd0a18706988873dc7afc51e40d62 DependenciesID=c89874b43d0486a0b2846cd328c53664 StaticDependenciesID=2ba3f3544bbd0515244b2321e3ddab4b 
Number of updated asset objects reloaded before import = 0
Number of asset objects unloaded after import = 0
========================================================================
Received Import Request.
  Time of request: 2026-09-18T17:31:45.5148015Z
  Time since last request: 0.0003326 seconds.
  importAddress: GUID: 4156fde60711cfd4c9cc05a737bd013e - Path: Packages/com.unity.render-pipelines.universal/ShaderLibrary/ProbeVolumeVariants.hlsl - Importer: ScriptedImporter/UnityEditor.QuickSearchModule:UnityEditor.Search:ASIAI0B
Importing 'GUID: 4156fde60711cfd4c9cc05a737bd013e - Path: Packages/com.unity.render-pipelines.universal/ShaderLibrary/ProbeVolumeVariants.hlsl - Importer: ScriptedImporter/UnityEditor.QuickSearchModule:UnityEditor.Search:ASIAI0B' with importer (ScriptedImporter : UnityEditor.QuickSearchModule:UnityEditor.Search:ASIAI0B)
Imported 'GUID: 4156fde60711cfd4c9cc05a737bd013e' -> (Import Result ID: 'ce2a680a9b1566e48acb9ba4ffe6fcb8') in 0.002 seconds [static and dynamic dependencies]. Details - ImportResultOutputID=a42d277781291bf50189d921991797ca DependenciesID=33f007fd60cd15888f4e610059a6722b StaticDependenciesID=7054e9e70f7600b4b3485564f98486f9 
Number of updated asset objects reloaded before import = 0
Number of asset objects unloaded after import = 1
========================================================================
Received Import Request.
  Time of request: 2026-09-18T17:31:45.5330014Z
  Time since last request: 0.0003434 seconds.
  importAddress: GUID: 1be91b057dbe43239a838d9e45a42a32 - Path: Packages/com.unity.render-pipelines.universal/ShaderLibrary/GlobalIllumination.hlsl - Importer: ScriptedImporter/UnityEditor.QuickSearchModule:UnityEditor.Search:ASIAI0B
Importing 'GUID: 1be91b057dbe43239a838d9e45a42a32 - Path: Packages/com.unity.render-pipelines.universal/ShaderLibrary/GlobalIllumination.hlsl - Importer: ScriptedImporter/UnityEditor.QuickSearchModule:UnityEditor.Search:ASIAI0B' with importer (ScriptedImporter : UnityEditor.QuickSearchModule:UnityEditor.Search:ASIAI0B)
Imported 'GUID: 1be91b057dbe43239a838d9e45a42a32' -> (Import Result ID: '66d36693c7838f34ca8997054caf2418') in 0.002 seconds [static and dynamic dependencies]. Details - ImportResultOutputID=eed03a6e6f315197161ffba58a60ecdc DependenciesID=6d3d2bad217e9d109e6be135904e0610 StaticDependenciesID=e11bb779f3dfb140c4fcd9d38f5a9e2a 
Number of updated asset objects reloaded before import = 0
Number of asset objects unloaded after import = 1
========================================================================
Received Import Request.
  Time of request: 2026-09-18T17:31:45.5511934Z
  Time since last request: 0.0003625 seconds.
  importAddress: GUID: 2ec995e51a6e251468d2a3fd8a686257 - Path: Packages/com.unity.render-pipelines.universal/Runtime/UniversalRenderPipelineGlobalSettings.cs - Importer: ScriptedImporter/UnityEditor.QuickSearchModule:UnityEditor.Search:ASIAI0B
Importing 'GUID: 2ec995e51a6e251468d2a3fd8a686257 - Path: Packages/com.unity.render-pipelines.universal/Runtime/UniversalRenderPipelineGlobalSettings.cs - Importer: ScriptedImporter/UnityEditor.QuickSearchModule:UnityEditor.Search:ASIAI0B' with importer (ScriptedImporter : UnityEditor.QuickSearchModule:UnityEditor.Search:ASIAI0B)
Imported 'GUID: 2ec995e51a6e251468d2a3fd8a686257' -> (Import Result ID: '88076cec78a537d19c910cbe9a0f720d') in 0.003 seconds [static and dynamic dependencies]. Details - ImportResultOutputID=314de7eeea815c83fef612690b6fa22a DependenciesID=255b7e825a38706d03059a4c6d181656 StaticDependenciesID=e92eda922b89e357c084f0c4c39c342a 
Number of updated asset objects reloaded before import = 0
Number of asset objects unloaded after import = 0
========================================================================
Received Import Request.
  Time of request: 2026-09-18T17:31:45.5698226Z
  Time since last request: 0.0003659 seconds.
  importAddress: GUID: a59ed397e0917cd4aa1de2bb1495fead - Path: Packages/com.unity.render-pipelines.universal/Runtime/ShaderUtils.cs - Importer: ScriptedImporter/UnityEditor.QuickSearchModule:UnityEditor.Search:ASIAI0B
Importing 'GUID: a59ed397e0917cd4aa1de2bb1495fead - Path: Packages/com.unity.render-pipelines.universal/Runtime/ShaderUtils.cs - Importer: ScriptedImporter/UnityEditor.QuickSearchModule:UnityEditor.Search:ASIAI0B' with importer (ScriptedImporter : UnityEditor.QuickSearchModule:UnityEditor.Search:ASIAI0B)
Imported 'GUID: a59ed397e0917cd4aa1de2bb1495fead' -> (Import Result ID: 'c8c6456965fb6f9ebe8b85d89c0e3584') in 0.002 seconds [static and dynamic dependencies]. Details - ImportResultOutputID=805faf188a78a1e093c7fa21631a62a5 DependenciesID=b7197aab628760db70a8d7e14be4e326 StaticDependenciesID=990033aac25d3b4ba80edd3007662d10 
Number of updated asset objects reloaded before import = 0
Number of asset objects unloaded after import = 0
========================================================================
Received Import Request.
  Time of request: 2026-09-18T17:31:45.5879825Z
  Time since last request: 0.0003341 seconds.
  importAddress: GUID: a79441f348de89743a2939f4d699eac1 - Path: Packages/com.unity.render-pipelines.universal/Runtime/UniversalAdditionalCameraData.cs - Importer: ScriptedImporter/UnityEditor.QuickSearchModule:UnityEditor.Search:ASIAI0B
Importing 'GUID: a79441f348de89743a2939f4d699eac1 - Path: Packages/com.unity.render-pipelines.universal/Runtime/UniversalAdditionalCameraData.cs - Importer: ScriptedImporter/UnityEditor.QuickSearchModule:UnityEditor.Search:ASIAI0B' with importer (ScriptedImporter : UnityEditor.QuickSearchModule:UnityEditor.Search:ASIAI0B)
Imported 'GUID: a79441f348de89743a2939f4d699eac1' -> (Import Result ID: 'c69dadb218d20aca40b3a72ad670ee7a') in 0.002 seconds [static and dynamic dependencies]. Details - ImportResultOutputID=d4350d154c350d23525d2e886842c819 DependenciesID=4b9a32a74c80227ee9284e483bd58d06 StaticDependenciesID=61ea779ee5c6edc378ca3b533943dea9 
Number of updated asset objects reloaded before import = 0
Number of asset objects unloaded after import = 0
========================================================================
Received Import Request.
  Time of request: 2026-09-18T17:31:45.6073507Z
  Time since last request: 0.0003094 seconds.
  importAddress: GUID: 2b30f99b47dd40adaf41fd8e6573daa4 - Path: Packages/com.unity.render-pipelines.universal/ShaderLibrary/GBufferInput.hlsl - Importer: ScriptedImporter/UnityEditor.QuickSearchModule:UnityEditor.Search:ASIAI0B
Importing 'GUID: 2b30f99b47dd40adaf41fd8e6573daa4 - Path: Packages/com.unity.render-pipelines.universal/ShaderLibrary/GBufferInput.hlsl - Importer: ScriptedImporter/UnityEditor.QuickSearchModule:UnityEditor.Search:ASIAI0B' with importer (ScriptedImporter : UnityEditor.QuickSearchModule:UnityEditor.Search:ASIAI0B)
Imported 'GUID: 2b30f99b47dd40adaf41fd8e6573daa4' -> (Import Result ID: '9c9f59fe40965686b3aa56895698135b') in 0.004 seconds [static and dynamic dependencies]. Details - ImportResultOutputID=b0f0be0d8a4a71df021efb095772ab7d DependenciesID=4242d0b2e29a45beeca9a60a7d4bc0c2 StaticDependenciesID=a5724e9fd9a1c193be4f46ca17c8f4e4 
Number of updated asset objects reloaded before import = 0
Number of asset objects unloaded after import = 1
========================================================================
Received Import Request.
  Time of request: 2026-09-18T17:31:45.6272795Z
  Time since last request: 0.0003017 seconds.
  importAddress: GUID: f89f88ac34eb4af48661362f290b68b3 - Path: Packages/com.unity.render-pipelines.universal/Runtime/UniversalAdditionalLightData.deprecated.cs - Importer: ScriptedImporter/UnityEditor.QuickSearchModule:UnityEditor.Search:ASIAI0B
Importing 'GUID: f89f88ac34eb4af48661362f290b68b3 - Path: Packages/com.unity.render-pipelines.universal/Runtime/UniversalAdditionalLightData.deprecated.cs - Importer: ScriptedImporter/UnityEditor.QuickSearchModule:UnityEditor.Search:ASIAI0B' with importer (ScriptedImporter : UnityEditor.QuickSearchModule:UnityEditor.Search:ASIAI0B)
Imported 'GUID: f89f88ac34eb4af48661362f290b68b3' -> (Import Result ID: '4b68ef8c37b43f73990e92b16d76355e') in 0.002 seconds [static and dynamic dependencies]. Details - ImportResultOutputID=a054fba3f9554b6db5363f2c37fff7b0 DependenciesID=596560fcc761939b1a8c99ec58e4c779 StaticDependenciesID=3939ec46319ec0d8507c83a3a1666ac0 
Number of updated asset objects reloaded before import = 0
Number of asset objects unloaded after import = 0
========================================================================
Received Import Request.
  Time of request: 2026-09-18T17:31:45.6455285Z
  Time since last request: 0.0003065 seconds.
  importAddress: GUID: 31a96610f8f1dce418026fb1dec1be06 - Path: Packages/com.unity.render-pipelines.universal/ShaderLibrary/Fog.hlsl - Importer: ScriptedImporter/UnityEditor.QuickSearchModule:UnityEditor.Search:ASIAI0B
Importing 'GUID: 31a96610f8f1dce418026fb1dec1be06 - Path: Packages/com.unity.render-pipelines.universal/ShaderLibrary/Fog.hlsl - Importer: ScriptedImporter/UnityEditor.QuickSearchModule:UnityEditor.Search:ASIAI0B' with importer (ScriptedImporter : UnityEditor.QuickSearchModule:UnityEditor.Search:ASIAI0B)
Imported 'GUID: 31a96610f8f1dce418026fb1dec1be06' -> (Import Result ID: 'a12962956a9e29f0347390ddf65bb27a') in 0.002 seconds [static and dynamic dependencies]. Details - ImportResultOutputID=3fccf27101ed154766fc972a7ad0d5c5 DependenciesID=e92c4b26f7085836af5e32280fd0e744 StaticDependenciesID=37544493ef27d62b3713ff48678b7531 
Number of updated asset objects reloaded before import = 0
Number of asset objects unloaded after import = 1
========================================================================
Received Import Request.
  Time of request: 2026-09-18T17:31:45.6637005Z
  Time since last request: 0.0003441 seconds.
  importAddress: GUID: 6a7ad6ab258a4b36a4dfd36827a8ec9d - Path: Packages/com.unity.render-pipelines.universal/Runtime/UniversalRenderPipelineRenderGraph.cs - Importer: ScriptedImporter/UnityEditor.QuickSearchModule:UnityEditor.Search:ASIAI0B
Importing 'GUID: 6a7ad6ab258a4b36a4dfd36827a8ec9d - Path: Packages/com.unity.render-pipelines.universal/Runtime/UniversalRenderPipelineRenderGraph.cs - Importer: ScriptedImporter/UnityEditor.QuickSearchModule:UnityEditor.Search:ASIAI0B' with importer (ScriptedImporter : UnityEditor.QuickSearchModule:UnityEditor.Search:ASIAI0B)
Imported 'GUID: 6a7ad6ab258a4b36a4dfd36827a8ec9d' -> (Import Result ID: '169dbbd7c64d10b1b6ba5d3346ae82f5') in 0.002 seconds [static and dynamic dependencies]. Details - ImportResultOutputID=e5da0841cc5829b0a3b54d875402ea64 DependenciesID=83d2713178ea9b75b459cced9809171e StaticDependenciesID=6db0b2f9372fb138a4e6b47672a39aaf 
Number of updated asset objects reloaded before import = 0
Number of asset objects unloaded after import = 0
========================================================================
Received Import Request.
  Time of request: 2026-09-18T17:31:45.6818468Z
  Time since last request: 0.0002906 seconds.
  importAddress: GUID: bc7fdf95b149455c88d444108d74601c - Path: Packages/com.unity.render-pipelines.universal/ShaderLibrary/GBufferCommon.hlsl - Importer: ScriptedImporter/UnityEditor.QuickSearchModule:UnityEditor.Search:ASIAI0B
Importing 'GUID: bc7fdf95b149455c88d444108d74601c - Path: Packages/com.unity.render-pipelines.universal/ShaderLibrary/GBufferCommon.hlsl - Importer: ScriptedImporter/UnityEditor.QuickSearchModule:UnityEditor.Search:ASIAI0B' with importer (ScriptedImporter : UnityEditor.QuickSearchModule:UnityEditor.Search:ASIAI0B)
Imported 'GUID: bc7fdf95b149455c88d444108d74601c' -> (Import Result ID: '739c136a24ba2a9e74247066e6f7a3e0') in 0.002 seconds [static and dynamic dependencies]. Details - ImportResultOutputID=9ea293035e7daebe19da12ef3d65894b DependenciesID=aae0e29a798095e1d2e1b70e25b0addb StaticDependenciesID=b258b54dc806425965d25107adf152f1 
Number of updated asset objects reloaded before import = 0
Number of asset objects unloaded after import = 1
========================================================================
Received Import Request.
  Time of request: 2026-09-18T17:31:45.6997031Z
  Time since last request: 0.0003088 seconds.
  importAddress: GUID: 9802e36ef1c38064d9bcd7bf2e01cccb - Path: Packages/com.unity.render-pipelines.universal/ShaderLibrary/Deprecated.hlsl - Importer: ScriptedImporter/UnityEditor.QuickSearchModule:UnityEditor.Search:ASIAI0B
Importing 'GUID: 9802e36ef1c38064d9bcd7bf2e01cccb - Path: Packages/com.unity.render-pipelines.universal/ShaderLibrary/Deprecated.hlsl - Importer: ScriptedImporter/UnityEditor.QuickSearchModule:UnityEditor.Search:ASIAI0B' with importer (ScriptedImporter : UnityEditor.QuickSearchModule:UnityEditor.Search:ASIAI0B)
Imported 'GUID: 9802e36ef1c38064d9bcd7bf2e01cccb' -> (Import Result ID: '148e7fcdbbb1c23c19e099b22deb334d') in 0.002 seconds [static and dynamic dependencies]. Details - ImportResultOutputID=37f67a6540cfd7a5c1b8094eb04279f6 DependenciesID=2b70ccde2caa0da0cfa47f4550ce6d50 StaticDependenciesID=ba5752c9480f82f6f6d3cf56f4586dbf 
Number of updated asset objects reloaded before import = 0
Number of asset objects unloaded after import = 1
========================================================================
Received Import Request.
  Time of request: 2026-09-18T17:31:45.7177094Z
  Time since last request: 0.0003362 seconds.
  importAddress: GUID: ae13646e45aa3634da32df7c7da1c380 - Path: Packages/com.unity.render-pipelines.universal/Runtime/UniversalRenderPipeline.cs - Importer: ScriptedImporter/UnityEditor.QuickSearchModule:UnityEditor.Search:ASIAI0B
Importing 'GUID: ae13646e45aa3634da32df7c7da1c380 - Path: Packages/com.unity.render-pipelines.universal/Runtime/UniversalRenderPipeline.cs - Importer: ScriptedImporter/UnityEditor.QuickSearchModule:UnityEditor.Search:ASIAI0B' with importer (ScriptedImporter : UnityEditor.QuickSearchModule:UnityEditor.Search:ASIAI0B)
Imported 'GUID: ae13646e45aa3634da32df7c7da1c380' -> (Import Result ID: '5ef1aa1c34220c9ef24cc6790c82aa3b') in 0.002 seconds [static and dynamic dependencies]. Details - ImportResultOutputID=45be013a298c465621409d119646e2ce DependenciesID=37f9760a6c1290351c462cb388a60392 StaticDependenciesID=c7f782d0f7de476c6917b4937176c8e9 
Number of updated asset objects reloaded before import = 0
Number of asset objects unloaded after import = 0
========================================================================
Received Import Request.
  Time of request: 2026-09-18T17:31:45.7364561Z
  Time since last request: 0.0003642 seconds.
  importAddress: GUID: cdfd6601120d40acb61c37def5977316 - Path: Packages/com.unity.render-pipelines.universal/Runtime/SpaceFillingCurves.cs - Importer: ScriptedImporter/UnityEditor.QuickSearchModule:UnityEditor.Search:ASIAI0B
Importing 'GUID: cdfd6601120d40acb61c37def5977316 - Path: Packages/com.unity.render-pipelines.universal/Runtime/SpaceFillingCurves.cs - Importer: ScriptedImporter/UnityEditor.QuickSearchModule:UnityEditor.Search:ASIAI0B' with importer (ScriptedImporter : UnityEditor.QuickSearchModule:UnityEditor.Search:ASIAI0B)
Imported 'GUID: cdfd6601120d40acb61c37def5977316' -> (Import Result ID: '78011be7ca323a27126a5ab4dde1d119') in 0.002 seconds [static and dynamic dependencies]. Details - ImportResultOutputID=3bf73919127670e637c43b37259a3116 DependenciesID=48501d05c209e7b7ad6c8e97f6f40271 StaticDependenciesID=686033550a9d24b539827e9c44c9caf2 
Number of updated asset objects reloaded before import = 0
Number of asset objects unloaded after import = 0
========================================================================
Received Import Request.
  Time of request: 2026-09-18T17:31:45.7544524Z
  Time since last request: 0.0003463 seconds.
  importAddress: GUID: ef46fb1e00bf67142ae3548411a562b6 - Path: Packages/com.unity.render-pipelines.universal/ShaderLibrary/LODCrossFade.hlsl - Importer: ScriptedImporter/UnityEditor.QuickSearchModule:UnityEditor.Search:ASIAI0B
Importing 'GUID: ef46fb1e00bf67142ae3548411a562b6 - Path: Packages/com.unity.render-pipelines.universal/ShaderLibrary/LODCrossFade.hlsl - Importer: ScriptedImporter/UnityEditor.QuickSearchModule:UnityEditor.Search:ASIAI0B' with importer (ScriptedImporter : UnityEditor.QuickSearchModule:UnityEditor.Search:ASIAI0B)
Imported 'GUID: ef46fb1e00bf67142ae3548411a562b6' -> (Import Result ID: 'e0ede01803456de5470d7320b7365882') in 0.002 seconds [static and dynamic dependencies]. Details - ImportResultOutputID=9dacfa67c563bd389cfb5080e27b1538 DependenciesID=bc1fd85f5ab05b5c0b7e5219ca1acb30 StaticDependenciesID=0f7f315cbf44bb9f3cb07d73d52f13bd 
Number of updated asset objects reloaded before import = 0
Number of asset objects unloaded after import = 1
========================================================================
Received Import Request.
  Time of request: 2026-09-18T17:31:45.7726844Z
  Time since last request: 0.0003113 seconds.
  importAddress: GUID: de640fe3d0db1804a85f9fc8f5cadab6 - Path: Packages/com.unity.render-pipelines.universal/Runtime/UniversalRendererData.cs - Importer: ScriptedImporter/UnityEditor.QuickSearchModule:UnityEditor.Search:ASIAI0B
Importing 'GUID: de640fe3d0db1804a85f9fc8f5cadab6 - Path: Packages/com.unity.render-pipelines.universal/Runtime/UniversalRendererData.cs - Importer: ScriptedImporter/UnityEditor.QuickSearchModule:UnityEditor.Search:ASIAI0B' with importer (ScriptedImporter : UnityEditor.QuickSearchModule:UnityEditor.Search:ASIAI0B)
Imported 'GUID: de640fe3d0db1804a85f9fc8f5cadab6' -> (Import Result ID: '5fe1b5b5424659301d96d4e377419572') in 0.002 seconds [static and dynamic dependencies]. Details - ImportResultOutputID=79f8600a39613553d181453a31c3203f DependenciesID=72a3c66cf17a43b1e228a82f736cd9e2 StaticDependenciesID=b2270cafd42f45ed6fa46e78caa1a0a4 
Number of updated asset objects reloaded before import = 0
Number of asset objects unloaded after import = 0
========================================================================
Received Import Request.
  Time of request: 2026-09-18T17:31:45.7903023Z
  Time since last request: 0.0003154 seconds.
  importAddress: GUID: 149bb9bb1dd2710499890484f7bacf05 - Path: Packages/com.unity.render-pipelines.universal/Runtime/ValidationHandler.cs - Importer: ScriptedImporter/UnityEditor.QuickSearchModule:UnityEditor.Search:ASIAI0B
Importing 'GUID: 149bb9bb1dd2710499890484f7bacf05 - Path: Packages/com.unity.render-pipelines.universal/Runtime/ValidationHandler.cs - Importer: ScriptedImporter/UnityEditor.QuickSearchModule:UnityEditor.Search:ASIAI0B' with importer (ScriptedImporter : UnityEditor.QuickSearchModule:UnityEditor.Search:ASIAI0B)
Imported 'GUID: 149bb9bb1dd2710499890484f7bacf05' -> (Import Result ID: 'e9941cf1d740df733cbb7dd4aa179bce') in 0.002 seconds [static and dynamic dependencies]. Details - ImportResultOutputID=3f111d5f6060c390c58bf4545cf4f75e DependenciesID=ea12f4a1ee4a535467aaa350037747d9 StaticDependenciesID=ec7cdd653c19bd4fd87075cb99d4ac79 
Number of updated asset objects reloaded before import = 0
Number of asset objects unloaded after import = 0
========================================================================
Received Import Request.
  Time of request: 2026-09-18T17:31:45.8083682Z
  Time since last request: 0.0003118 seconds.
  importAddress: GUID: 7e363e809b854c74b30d5945820534d4 - Path: Packages/com.unity.render-pipelines.universal/ShaderLibrary/ForwardPlusKeyword.deprecated.hlsl - Importer: ScriptedImporter/UnityEditor.QuickSearchModule:UnityEditor.Search:ASIAI0B
Importing 'GUID: 7e363e809b854c74b30d5945820534d4 - Path: Packages/com.unity.render-pipelines.universal/ShaderLibrary/ForwardPlusKeyword.deprecated.hlsl - Importer: ScriptedImporter/UnityEditor.QuickSearchModule:UnityEditor.Search:ASIAI0B' with importer (ScriptedImporter : UnityEditor.QuickSearchModule:UnityEditor.Search:ASIAI0B)
Imported 'GUID: 7e363e809b854c74b30d5945820534d4' -> (Import Result ID: '71808cb07cf53f93ff1fad1728a9a8a8') in 0.002 seconds [static and dynamic dependencies]. Details - ImportResultOutputID=13f288b06c208cc77db09f80d76e4960 DependenciesID=3efbf7b402695f0d47bf3e605a5ac072 StaticDependenciesID=50a926977f69f2a1110a00584634ee43 
Number of updated asset objects reloaded before import = 0
Number of asset objects unloaded after import = 1
========================================================================
Received Import Request.
  Time of request: 2026-09-18T17:31:45.8263201Z
  Time since last request: 0.0003187 seconds.
  importAddress: GUID: 56aa82b8bdef84972bf84cf772d3c550 - Path: Packages/com.unity.render-pipelines.universal/Runtime/ScriptableRendererData.cs - Importer: ScriptedImporter/UnityEditor.QuickSearchModule:UnityEditor.Search:ASIAI0B
Importing 'GUID: 56aa82b8bdef84972bf84cf772d3c550 - Path: Packages/com.unity.render-pipelines.universal/Runtime/ScriptableRendererData.cs - Importer: ScriptedImporter/UnityEditor.QuickSearchModule:UnityEditor.Search:ASIAI0B' with importer (ScriptedImporter : UnityEditor.QuickSearchModule:UnityEditor.Search:ASIAI0B)
Imported 'GUID: 56aa82b8bdef84972bf84cf772d3c550' -> (Import Result ID: '4a5744055b41d1ece1c95bafabf74eef') in 0.003 seconds [static and dynamic dependencies]. Details - ImportResultOutputID=d3f8ac7d4441a5b46188e7d8595ccddf DependenciesID=2605748f14582f6ff0c013daef073b45 StaticDependenciesID=e7910b02eb711f5fba56792bbfefc59d 
Number of updated asset objects reloaded before import = 0
Number of asset objects unloaded after import = 0
========================================================================
Received Import Request.
  Time of request: 2026-09-18T17:31:45.8447245Z
  Time since last request: 0.0003507 seconds.
  importAddress: GUID: 0e5ca08473eaf5a4ba31f382d9f51a4b - Path: Packages/com.unity.render-pipelines.universal/Runtime/StpUtils.cs - Importer: ScriptedImporter/UnityEditor.QuickSearchModule:UnityEditor.Search:ASIAI0B
Importing 'GUID: 0e5ca08473eaf5a4ba31f382d9f51a4b - Path: Packages/com.unity.render-pipelines.universal/Runtime/StpUtils.cs - Importer: ScriptedImporter/UnityEditor.QuickSearchModule:UnityEditor.Search:ASIAI0B' with importer (ScriptedImporter : UnityEditor.QuickSearchModule:UnityEditor.Search:ASIAI0B)
Imported 'GUID: 0e5ca08473eaf5a4ba31f382d9f51a4b' -> (Import Result ID: '9512979ab36ab9979eb7580029b532c2') in 0.002 seconds [static and dynamic dependencies]. Details - ImportResultOutputID=51f9cd9284fb89e59314a67e5cf2c86d DependenciesID=dd8fd49c301c1682dffb6d4b18e35a5a StaticDependenciesID=075c7768bc5fbb041d35e0fab4260a61 
Number of updated asset objects reloaded before import = 0
Number of asset objects unloaded after import = 0
========================================================================
Received Import Request.
  Time of request: 2026-09-18T17:31:45.8622474Z
  Time since last request: 0.0003444 seconds.
  importAddress: GUID: 98c74010f62ed40b280474667ca0005e - Path: Packages/com.unity.render-pipelines.universal/Runtime/ScriptableRendererFeature.cs - Importer: ScriptedImporter/UnityEditor.QuickSearchModule:UnityEditor.Search:ASIAI0B
Importing 'GUID: 98c74010f62ed40b280474667ca0005e - Path: Packages/com.unity.render-pipelines.universal/Runtime/ScriptableRendererFeature.cs - Importer: ScriptedImporter/UnityEditor.QuickSearchModule:UnityEditor.Search:ASIAI0B' with importer (ScriptedImporter : UnityEditor.QuickSearchModule:UnityEditor.Search:ASIAI0B)
Imported 'GUID: 98c74010f62ed40b280474667ca0005e' -> (Import Result ID: 'b5efe783b8f69c680641c5fa22faf686') in 0.002 seconds [static and dynamic dependencies]. Details - ImportResultOutputID=cbd05ed78abb78d3f1eabcf0f4fb8c14 DependenciesID=f10e7878cebdff01b667d284c0fda5b2 StaticDependenciesID=8b849b2a28b9edcd95b0bda692a11a17 
Number of updated asset objects reloaded before import = 0
Number of asset objects unloaded after import = 0
========================================================================
Received Import Request.
  Time of request: 2026-09-18T17:31:45.8804191Z
  Time since last request: 0.0003058 seconds.
  importAddress: GUID: 56aa3dcb7aefc42f293f37ba86ecd745 - Path: Packages/com.unity.render-pipelines.universal/Runtime/UniversalRendererDebug.cs - Importer: ScriptedImporter/UnityEditor.QuickSearchModule:UnityEditor.Search:ASIAI0B
Importing 'GUID: 56aa3dcb7aefc42f293f37ba86ecd745 - Path: Packages/com.unity.render-pipelines.universal/Runtime/UniversalRendererDebug.cs - Importer: ScriptedImporter/UnityEditor.QuickSearchModule:UnityEditor.Search:ASIAI0B' with importer (ScriptedImporter : UnityEditor.QuickSearchModule:UnityEditor.Search:ASIAI0B)
Imported 'GUID: 56aa3dcb7aefc42f293f37ba86ecd745' -> (Import Result ID: 'e75a0a23c2b28acb7dd79639ff862553') in 0.002 seconds [static and dynamic dependencies]. Details - ImportResultOutputID=36e3a07abfe206d846d5d5ed5c5b74db DependenciesID=76b2ea08f9ecc4ad6b82108297ef4ee9 StaticDependenciesID=fbb69b87dd965f9c4d6f82bcd21b39ea 
Number of updated asset objects reloaded before import = 0
Number of asset objects unloaded after import = 0
========================================================================
Received Import Request.
  Time of request: 2026-09-18T17:31:45.8981933Z
  Time since last request: 0.0003156 seconds.
  importAddress: GUID: 6db8433897838284fa5c7571f3088db8 - Path: Packages/com.unity.render-pipelines.universal/ShaderLibrary/DeclareRenderingLayerTexture.hlsl - Importer: ScriptedImporter/UnityEditor.QuickSearchModule:UnityEditor.Search:ASIAI0B
Importing 'GUID: 6db8433897838284fa5c7571f3088db8 - Path: Packages/com.unity.render-pipelines.universal/ShaderLibrary/DeclareRenderingLayerTexture.hlsl - Importer: ScriptedImporter/UnityEditor.QuickSearchModule:UnityEditor.Search:ASIAI0B' with importer (ScriptedImporter : UnityEditor.QuickSearchModule:UnityEditor.Search:ASIAI0B)
Imported 'GUID: 6db8433897838284fa5c7571f3088db8' -> (Import Result ID: '4fc7ebdd803b13613e14f22b71eff848') in 0.002 seconds [static and dynamic dependencies]. Details - ImportResultOutputID=676a641c64fda61bde2d84129567760a DependenciesID=0cb0cfc686dc5844589092a06c9ca97e StaticDependenciesID=b5f4e06ce7d520fc25dbb518779db181 
Number of updated asset objects reloaded before import = 0
Number of asset objects unloaded after import = 1
========================================================================
Received Import Request.
  Time of request: 2026-09-18T17:31:45.9159849Z
  Time since last request: 0.0003075 seconds.
  importAddress: GUID: 4e8e2a4c57cb4eb6bf8653ab88069a9c - Path: Packages/com.unity.render-pipelines.universal/ShaderLibrary/RealtimeLights.hlsl - Importer: ScriptedImporter/UnityEditor.QuickSearchModule:UnityEditor.Search:ASIAI0B
Importing 'GUID: 4e8e2a4c57cb4eb6bf8653ab88069a9c - Path: Packages/com.unity.render-pipelines.universal/ShaderLibrary/RealtimeLights.hlsl - Importer: ScriptedImporter/UnityEditor.QuickSearchModule:UnityEditor.Search:ASIAI0B' with importer (ScriptedImporter : UnityEditor.QuickSearchModule:UnityEditor.Search:ASIAI0B)
Imported 'GUID: 4e8e2a4c57cb4eb6bf8653ab88069a9c' -> (Import Result ID: 'ac769b7d984e7f81d19101a05cca0ce6') in 0.002 seconds [static and dynamic dependencies]. Details - ImportResultOutputID=035ce8c7dd054e9c574e7543585bbe60 DependenciesID=97363d0c27b758b183252f98b85453ef StaticDependenciesID=9cb8aa51ed2cdb47171aa9049c1eebbb 
Number of updated asset objects reloaded before import = 0
Number of asset objects unloaded after import = 1
========================================================================
Received Import Request.
  Time of request: 2026-09-18T17:31:45.9343829Z
  Time since last request: 0.0002971 seconds.
  importAddress: GUID: 857b66e359c9249a6b591ad47b966beb - Path: Packages/com.unity.render-pipelines.universal/Runtime/ShaderBitArray.cs - Importer: ScriptedImporter/UnityEditor.QuickSearchModule:UnityEditor.Search:ASIAI0B
Importing 'GUID: 857b66e359c9249a6b591ad47b966beb - Path: Packages/com.unity.render-pipelines.universal/Runtime/ShaderBitArray.cs - Importer: ScriptedImporter/UnityEditor.QuickSearchModule:UnityEditor.Search:ASIAI0B' with importer (ScriptedImporter : UnityEditor.QuickSearchModule:UnityEditor.Search:ASIAI0B)
Imported 'GUID: 857b66e359c9249a6b591ad47b966beb' -> (Import Result ID: '518744685f26a6d6c6f2e281360b518a') in 0.002 seconds [static and dynamic dependencies]. Details - ImportResultOutputID=838a5e75416f39bdb5b4e675bf3866f5 DependenciesID=f295dbb9352633764c2b76cd8365bfd1 StaticDependenciesID=7cdda5b13c7ce5013404e71ad34d435d 
Number of updated asset objects reloaded before import = 0
Number of asset objects unloaded after import = 0
========================================================================
Received Import Request.
  Time of request: 2026-09-18T17:31:45.9524261Z
  Time since last request: 0.0002994 seconds.
  importAddress: GUID: 42ae0adbb80fbf740bbdd7e42be401ae - Path: Packages/com.unity.render-pipelines.universal/Runtime/URPProfilingSamplers.cs - Importer: ScriptedImporter/UnityEditor.QuickSearchModule:UnityEditor.Search:ASIAI0B
Importing 'GUID: 42ae0adbb80fbf740bbdd7e42be401ae - Path: Packages/com.unity.render-pipelines.universal/Runtime/URPProfilingSamplers.cs - Importer: ScriptedImporter/UnityEditor.QuickSearchModule:UnityEditor.Search:ASIAI0B' with importer (ScriptedImporter : UnityEditor.QuickSearchModule:UnityEditor.Search:ASIAI0B)
Imported 'GUID: 42ae0adbb80fbf740bbdd7e42be401ae' -> (Import Result ID: '9beff4da38657b090010c99d87d66c9b') in 0.002 seconds [static and dynamic dependencies]. Details - ImportResultOutputID=ed4cac2c8941a8a4a95875a1ceed00c8 DependenciesID=8c48f4990a3ab0342a4d4f98843e2b60 StaticDependenciesID=23259d9e896ef72a61381e5b834bbea5 
Number of updated asset objects reloaded before import = 0
Number of asset objects unloaded after import = 0
========================================================================
Received Import Request.
  Time of request: 2026-09-18T17:31:45.9708252Z
  Time since last request: 0.0002883 seconds.
  importAddress: GUID: c2b45f45fef41c945beebda910f58ac3 - Path: Packages/com.unity.render-pipelines.universal/Runtime/SupportedOnRenderer.cs - Importer: ScriptedImporter/UnityEditor.QuickSearchModule:UnityEditor.Search:ASIAI0B
Importing 'GUID: c2b45f45fef41c945beebda910f58ac3 - Path: Packages/com.unity.render-pipelines.universal/Runtime/SupportedOnRenderer.cs - Importer: ScriptedImporter/UnityEditor.QuickSearchModule:UnityEditor.Search:ASIAI0B' with importer (ScriptedImporter : UnityEditor.QuickSearchModule:UnityEditor.Search:ASIAI0B)
Imported 'GUID: c2b45f45fef41c945beebda910f58ac3' -> (Import Result ID: 'b7a33b03327ee241d1e096178c9c9a57') in 0.002 seconds [static and dynamic dependencies]. Details - ImportResultOutputID=cbde4d00f89b142e3b156d0111bd648a DependenciesID=045f8dc001461775ae73307ae2963088 StaticDependenciesID=7840ed0463c85e2ee8925f72617e7787 
Number of updated asset objects reloaded before import = 0
Number of asset objects unloaded after import = 0
========================================================================
Received Import Request.
  Time of request: 2026-09-18T17:31:45.9885807Z
  Time since last request: 0.0003468 seconds.
  importAddress: GUID: d973de1eba2f6934e9c31429e8e40c09 - Path: Packages/com.unity.render-pipelines.universal/Runtime/UniversalRenderPipelineCore.cs - Importer: ScriptedImporter/UnityEditor.QuickSearchModule:UnityEditor.Search:ASIAI0B
Importing 'GUID: d973de1eba2f6934e9c31429e8e40c09 - Path: Packages/com.unity.render-pipelines.universal/Runtime/UniversalRenderPipelineCore.cs - Importer: ScriptedImporter/UnityEditor.QuickSearchModule:UnityEditor.Search:ASIAI0B' with importer (ScriptedImporter : UnityEditor.QuickSearchModule:UnityEditor.Search:ASIAI0B)
Imported 'GUID: d973de1eba2f6934e9c31429e8e40c09' -> (Import Result ID: '6152cb044322557774be9c2f43654ba2') in 0.003 seconds [static and dynamic dependencies]. Details - ImportResultOutputID=2891b007ac98f4d8401ae53b434aa2c0 DependenciesID=aa454f11ef9fe9bb24bf7bb9c6b5b7aa StaticDependenciesID=bf591a78522ba0bd11ec278058da9876 
Number of updated asset objects reloaded before import = 0
Number of asset objects unloaded after import = 0
========================================================================
Received Import Request.
  Time of request: 2026-09-18T17:31:46.0068035Z
  Time since last request: 0.0002395 seconds.
  importAddress: GUID: db51e39af1b3c01449a3e6b1ce782a48 - Path: Packages/com.unity.render-pipelines.universal/ShaderLibrary/GBufferOutput.hlsl - Importer: ScriptedImporter/UnityEditor.QuickSearchModule:UnityEditor.Search:ASIAI0B
Importing 'GUID: db51e39af1b3c01449a3e6b1ce782a48 - Path: Packages/com.unity.render-pipelines.universal/ShaderLibrary/GBufferOutput.hlsl - Importer: ScriptedImporter/UnityEditor.QuickSearchModule:UnityEditor.Search:ASIAI0B' with importer (ScriptedImporter : UnityEditor.QuickSearchModule:UnityEditor.Search:ASIAI0B)
Imported 'GUID: db51e39af1b3c01449a3e6b1ce782a48' -> (Import Result ID: '4cb236a6f2da94a2069146348c10aacd') in 0.002 seconds [static and dynamic dependencies]. Details - ImportResultOutputID=c6c378a2e356157d1fe669f87f69e5d4 DependenciesID=a64f9bbd67f45ceb9dfafe77d9067271 StaticDependenciesID=3f5f7986f1b56d5ef3be4a677236cdf8 
Number of updated asset objects reloaded before import = 0
Number of asset objects unloaded after import = 1
========================================================================
Received Import Request.
  Time of request: 2026-09-18T17:31:46.0246938Z
  Time since last request: 0.0002967 seconds.
  importAddress: GUID: 87322610c9b88a64e8bce40c056d8116 - Path: Packages/com.unity.render-pipelines.universal/ShaderLibrary/GBufferOutputFormat.hlsl - Importer: ScriptedImporter/UnityEditor.QuickSearchModule:UnityEditor.Search:ASIAI0B
Importing 'GUID: 87322610c9b88a64e8bce40c056d8116 - Path: Packages/com.unity.render-pipelines.universal/ShaderLibrary/GBufferOutputFormat.hlsl - Importer: ScriptedImporter/UnityEditor.QuickSearchModule:UnityEditor.Search:ASIAI0B' with importer (ScriptedImporter : UnityEditor.QuickSearchModule:UnityEditor.Search:ASIAI0B)
Imported 'GUID: 87322610c9b88a64e8bce40c056d8116' -> (Import Result ID: 'd38547fa7faaaa9197b84a90d8385cdf') in 0.002 seconds [static and dynamic dependencies]. Details - ImportResultOutputID=d744613ed6477570b1b03475c33c2439 DependenciesID=04c67858d52d4b1fe0c88a2dd014826c StaticDependenciesID=d0f67ccf6e575ea8988c467f0ac704d2 
Number of updated asset objects reloaded before import = 0
Number of asset objects unloaded after import = 1
========================================================================
Received Import Request.
  Time of request: 2026-09-18T17:31:46.0425751Z
  Time since last request: 0.0003163 seconds.
  importAddress: GUID: 3e4be2c2c37a850478a159473b68a63f - Path: Packages/com.unity.render-pipelines.universal/ShaderLibrary/DecalInput.hlsl - Importer: ScriptedImporter/UnityEditor.QuickSearchModule:UnityEditor.Search:ASIAI0B
Importing 'GUID: 3e4be2c2c37a850478a159473b68a63f - Path: Packages/com.unity.render-pipelines.universal/ShaderLibrary/DecalInput.hlsl - Importer: ScriptedImporter/UnityEditor.QuickSearchModule:UnityEditor.Search:ASIAI0B' with importer (ScriptedImporter : UnityEditor.QuickSearchModule:UnityEditor.Search:ASIAI0B)
Imported 'GUID: 3e4be2c2c37a850478a159473b68a63f' -> (Import Result ID: '1144c454f76a00724121bade7d869830') in 0.002 seconds [static and dynamic dependencies]. Details - ImportResultOutputID=e1acc1cf5c8e8a38aae536062acc408b DependenciesID=6dc2097d2c13673e56c93d899a19b184 StaticDependenciesID=b821ef7196daf7b1cf5f98c460a299db 
Number of updated asset objects reloaded before import = 0
Number of asset objects unloaded after import = 1
========================================================================
Received Import Request.
  Time of request: 2026-09-18T17:31:46.0605012Z
  Time since last request: 0.0002929 seconds.
  importAddress: GUID: ff20ba0133cd2904ebf470aedb16e9a2 - Path: Packages/com.unity.render-pipelines.universal/ShaderLibrary/DeclareDepthTexture.hlsl - Importer: ScriptedImporter/UnityEditor.QuickSearchModule:UnityEditor.Search:ASIAI0B
Importing 'GUID: ff20ba0133cd2904ebf470aedb16e9a2 - Path: Packages/com.unity.render-pipelines.universal/ShaderLibrary/DeclareDepthTexture.hlsl - Importer: ScriptedImporter/UnityEditor.QuickSearchModule:UnityEditor.Search:ASIAI0B' with importer (ScriptedImporter : UnityEditor.QuickSearchModule:UnityEditor.Search:ASIAI0B)
Imported 'GUID: ff20ba0133cd2904ebf470aedb16e9a2' -> (Import Result ID: 'eb3b2e41b88896b997a946d288e3f052') in 0.002 seconds [static and dynamic dependencies]. Details - ImportResultOutputID=caac5e32852538b849567c0c3f0c123c DependenciesID=503be4eff595f399d0eab5000214d652 StaticDependenciesID=8eb832df92b2d632a462885de38452ca 
Number of updated asset objects reloaded before import = 0
Number of asset objects unloaded after import = 1
========================================================================
Received Import Request.
  Time of request: 2026-09-18T17:31:46.0785985Z
  Time since last request: 0.0003085 seconds.
  importAddress: GUID: e325eaafb90d419598a94581ba3335a4 - Path: Packages/com.unity.render-pipelines.universal/ShaderLibrary/BRDF.hlsl - Importer: ScriptedImporter/UnityEditor.QuickSearchModule:UnityEditor.Search:ASIAI0B
Importing 'GUID: e325eaafb90d419598a94581ba3335a4 - Path: Packages/com.unity.render-pipelines.universal/ShaderLibrary/BRDF.hlsl - Importer: ScriptedImporter/UnityEditor.QuickSearchModule:UnityEditor.Search:ASIAI0B' with importer (ScriptedImporter : UnityEditor.QuickSearchModule:UnityEditor.Search:ASIAI0B)
Imported 'GUID: e325eaafb90d419598a94581ba3335a4' -> (Import Result ID: 'e8e4d67ed6cc5163fb45bebf2b7582e5') in 0.002 seconds [static and dynamic dependencies]. Details - ImportResultOutputID=63c1cb9263cf5b176e37c0afc7813f3a DependenciesID=f2608a99ac8244b7a8245c003928c0cf StaticDependenciesID=b568780425fe63c60558bdf22a785505 
Number of updated asset objects reloaded before import = 0
Number of asset objects unloaded after import = 1
========================================================================
Received Import Request.
  Time of request: 2026-09-18T17:31:46.0967229Z
  Time since last request: 0.0003063 seconds.
  importAddress: GUID: 3ea3b96bfb18c244d807bea74fe8a9d5 - Path: Packages/com.unity.render-pipelines.universal/ShaderLibrary/ComputeScreenSpaceReflection.hlsl - Importer: ScriptedImporter/UnityEditor.QuickSearchModule:UnityEditor.Search:ASIAI0B
Importing 'GUID: 3ea3b96bfb18c244d807bea74fe8a9d5 - Path: Packages/com.unity.render-pipelines.universal/ShaderLibrary/ComputeScreenSpaceReflection.hlsl - Importer: ScriptedImporter/UnityEditor.QuickSearchModule:UnityEditor.Search:ASIAI0B' with importer (ScriptedImporter : UnityEditor.QuickSearchModule:UnityEditor.Search:ASIAI0B)
Imported 'GUID: 3ea3b96bfb18c244d807bea74fe8a9d5' -> (Import Result ID: 'ee2a8c13e15a6903cd584437fdf303bf') in 0.002 seconds [static and dynamic dependencies]. Details - ImportResultOutputID=d57966d463ae7f934588200a790f4fcc DependenciesID=236da1a91ac02d0a3eca9fa1a162a35f StaticDependenciesID=9bce6795d4dfe29305758e9831d8195b 
Number of updated asset objects reloaded before import = 0
Number of asset objects unloaded after import = 1
========================================================================
Received Import Request.
  Time of request: 2026-09-18T17:31:46.1154324Z
  Time since last request: 0.0004444 seconds.
  importAddress: GUID: 92a8a2733f9d18a44aad998449c6ee51 - Path: Packages/com.unity.render-pipelines.universal/ShaderLibrary/DeclareNormalsTexture.hlsl - Importer: ScriptedImporter/UnityEditor.QuickSearchModule:UnityEditor.Search:ASIAI0B
Importing 'GUID: 92a8a2733f9d18a44aad998449c6ee51 - Path: Packages/com.unity.render-pipelines.universal/ShaderLibrary/DeclareNormalsTexture.hlsl - Importer: ScriptedImporter/UnityEditor.QuickSearchModule:UnityEditor.Search:ASIAI0B' with importer (ScriptedImporter : UnityEditor.QuickSearchModule:UnityEditor.Search:ASIAI0B)
Imported 'GUID: 92a8a2733f9d18a44aad998449c6ee51' -> (Import Result ID: 'c7c62ac835899eb6d4bbfcaddc7dcb0c') in 0.002 seconds [static and dynamic dependencies]. Details - ImportResultOutputID=931f9964e20554a1378c2e4bdc6991f7 DependenciesID=c0d16d2cf92a161040d4fe6f95717260 StaticDependenciesID=5b75de659ccb0bb2039b07c900d76a4f 
Number of updated asset objects reloaded before import = 0
Number of asset objects unloaded after import = 1
========================================================================
Received Import Request.
  Time of request: 2026-09-18T17:31:46.1332223Z
  Time since last request: 0.0003029 seconds.
  importAddress: GUID: 9050ab8b39104cd2950e888654cf80d9 - Path: Packages/com.unity.render-pipelines.universal/Runtime/UniversalCameraHistory.cs - Importer: ScriptedImporter/UnityEditor.QuickSearchModule:UnityEditor.Search:ASIAI0B
Importing 'GUID: 9050ab8b39104cd2950e888654cf80d9 - Path: Packages/com.unity.render-pipelines.universal/Runtime/UniversalCameraHistory.cs - Importer: ScriptedImporter/UnityEditor.QuickSearchModule:UnityEditor.Search:ASIAI0B' with importer (ScriptedImporter : UnityEditor.QuickSearchModule:UnityEditor.Search:ASIAI0B)
Imported 'GUID: 9050ab8b39104cd2950e888654cf80d9' -> (Import Result ID: 'f8b559da82c9c58f8bfa4216898ffe74') in 0.002 seconds [static and dynamic dependencies]. Details - ImportResultOutputID=c7aae82d8c958c420a13144c0d726b13 DependenciesID=524faf118c94fe402379de73a522821d StaticDependenciesID=e6c0fcb041c6e8c989511a14826d5b00 
Number of updated asset objects reloaded before import = 0
Number of asset objects unloaded after import = 0
========================================================================
Received Import Request.
  Time of request: 2026-09-18T17:31:46.1512394Z
  Time since last request: 0.000306 seconds.
  importAddress: GUID: a6c561a6ea5b9c7438624a404f703912 - Path: Packages/com.unity.render-pipelines.universal/Runtime/ShaderData.cs - Importer: ScriptedImporter/UnityEditor.QuickSearchModule:UnityEditor.Search:ASIAI0B
Importing 'GUID: a6c561a6ea5b9c7438624a404f703912 - Path: Packages/com.unity.render-pipelines.universal/Runtime/ShaderData.cs - Importer: ScriptedImporter/UnityEditor.QuickSearchModule:UnityEditor.Search:ASIAI0B' with importer (ScriptedImporter : UnityEditor.QuickSearchModule:UnityEditor.Search:ASIAI0B)
Imported 'GUID: a6c561a6ea5b9c7438624a404f703912' -> (Import Result ID: '40e6d6e7cbc56c25b65daa034ad61ad6') in 0.002 seconds [static and dynamic dependencies]. Details - ImportResultOutputID=443fd5511ddd8f21e0050d6b110266ad DependenciesID=4dc23749e2d29ecd0132f4713e7c307f StaticDependenciesID=2512923a928b39506553b5da29fcc4d3 
Number of updated asset objects reloaded before import = 0
Number of asset objects unloaded after import = 0
========================================================================
Received Import Request.
  Time of request: 2026-09-18T17:31:46.1686203Z
  Time since last request: 0.0003021 seconds.
  importAddress: GUID: a2a66ab07b41a48198c35aa6c99d354f - Path: Packages/com.unity.render-pipelines.universal/Runtime/TemporalAA.cs - Importer: ScriptedImporter/UnityEditor.QuickSearchModule:UnityEditor.Search:ASIAI0B
Importing 'GUID: a2a66ab07b41a48198c35aa6c99d354f - Path: Packages/com.unity.render-pipelines.universal/Runtime/TemporalAA.cs - Importer: ScriptedImporter/UnityEditor.QuickSearchModule:UnityEditor.Search:ASIAI0B' with importer (ScriptedImporter : UnityEditor.QuickSearchModule:UnityEditor.Search:ASIAI0B)
Imported 'GUID: a2a66ab07b41a48198c35aa6c99d354f' -> (Import Result ID: '013344a07784bb68c71e9a61733b918f') in 0.002 seconds [static and dynamic dependencies]. Details - ImportResultOutputID=d350cbc1bba2601a90ac6ae82ef98387 DependenciesID=7cda44158b71c150c799b0515196744f StaticDependenciesID=6e2e98ddc978565388740f722e2a11a7 
Number of updated asset objects reloaded before import = 0
Number of asset objects unloaded after import = 0
========================================================================
Received Import Request.
  Time of request: 2026-09-18T17:31:46.1865772Z
  Time since last request: 0.0003617 seconds.
  importAddress: GUID: 9041fd6e0797cf74a8f08340e6157c0d - Path: Packages/com.unity.render-pipelines.universal/ShaderLibrary/DBuffer.hlsl - Importer: ScriptedImporter/UnityEditor.QuickSearchModule:UnityEditor.Search:ASIAI0B
Importing 'GUID: 9041fd6e0797cf74a8f08340e6157c0d - Path: Packages/com.unity.render-pipelines.universal/ShaderLibrary/DBuffer.hlsl - Importer: ScriptedImporter/UnityEditor.QuickSearchModule:UnityEditor.Search:ASIAI0B' with importer (ScriptedImporter : UnityEditor.QuickSearchModule:UnityEditor.Search:ASIAI0B)
Imported 'GUID: 9041fd6e0797cf74a8f08340e6157c0d' -> (Import Result ID: '63972957a0b89c794261d29282f71a67') in 0.002 seconds [static and dynamic dependencies]. Details - ImportResultOutputID=c337575cd4ebdfa8ceb05a4c95112486 DependenciesID=0acbc0ad0a77a71b16cdeb27b3f9baeb StaticDependenciesID=62e81af8e83fabe5e5bb5ccd82cbb508 
Number of updated asset objects reloaded before import = 0
Number of asset objects unloaded after import = 1
========================================================================
Received Import Request.
  Time of request: 2026-09-18T17:31:46.2041937Z
  Time since last request: 0.0003106 seconds.
  importAddress: GUID: 6f6f9cae14ad81c44ba88bd7a667b0b6 - Path: Packages/com.unity.render-pipelines.universal/Runtime/ShadowUtils.cs - Importer: ScriptedImporter/UnityEditor.QuickSearchModule:UnityEditor.Search:ASIAI0B
Importing 'GUID: 6f6f9cae14ad81c44ba88bd7a667b0b6 - Path: Packages/com.unity.render-pipelines.universal/Runtime/ShadowUtils.cs - Importer: ScriptedImporter/UnityEditor.QuickSearchModule:UnityEditor.Search:ASIAI0B' with importer (ScriptedImporter : UnityEditor.QuickSearchModule:UnityEditor.Search:ASIAI0B)
Imported 'GUID: 6f6f9cae14ad81c44ba88bd7a667b0b6' -> (Import Result ID: 'd62e2fc43cf473b00059f6115f790a32') in 0.002 seconds [static and dynamic dependencies]. Details - ImportResultOutputID=7506ac22618c0790c340ab1a72f3c9c8 DependenciesID=d66fd1efa338e3b7299dfe18b5244cf0 StaticDependenciesID=de22ba43d328085fe1e200c2f91c2da8 
Number of updated asset objects reloaded before import = 0
Number of asset objects unloaded after import = 0
========================================================================
Received Import Request.
  Time of request: 2026-09-18T17:31:46.2221325Z
  Time since last request: 0.0003648 seconds.
  importAddress: GUID: 6c9c9877e9a3dff4fbc73fd447c653d8 - Path: Packages/com.unity.render-pipelines.universal/ShaderLibrary/MetaInput.hlsl - Importer: ScriptedImporter/UnityEditor.QuickSearchModule:UnityEditor.Search:ASIAI0B
Importing 'GUID: 6c9c9877e9a3dff4fbc73fd447c653d8 - Path: Packages/com.unity.render-pipelines.universal/ShaderLibrary/MetaInput.hlsl - Importer: ScriptedImporter/UnityEditor.QuickSearchModule:UnityEditor.Search:ASIAI0B' with importer (ScriptedImporter : UnityEditor.QuickSearchModule:UnityEditor.Search:ASIAI0B)
Imported 'GUID: 6c9c9877e9a3dff4fbc73fd447c653d8' -> (Import Result ID: 'e5ddd417ef8c8d56d4cdc5b8b8b484ac') in 0.002 seconds [static and dynamic dependencies]. Details - ImportResultOutputID=fe3d02ae033e49a985ea8abad44f4f3a DependenciesID=80da9684015d5ac74b1816d435103ada StaticDependenciesID=a7ac40205657fa9560ab9449b052feb5 
Number of updated asset objects reloaded before import = 0
Number of asset objects unloaded after import = 1
========================================================================
Received Import Request.
  Time of request: 2026-09-18T17:31:46.241011Z
  Time since last request: 0.0002897 seconds.
  importAddress: GUID: 762f0a4829f44584ba01e2f0661150d9 - Path: Packages/com.unity.render-pipelines.universal/ShaderLibrary/Lighting.hlsl - Importer: ScriptedImporter/UnityEditor.QuickSearchModule:UnityEditor.Search:ASIAI0B
Importing 'GUID: 762f0a4829f44584ba01e2f0661150d9 - Path: Packages/com.unity.render-pipelines.universal/ShaderLibrary/Lighting.hlsl - Importer: ScriptedImporter/UnityEditor.QuickSearchModule:UnityEditor.Search:ASIAI0B' with importer (ScriptedImporter : UnityEditor.QuickSearchModule:UnityEditor.Search:ASIAI0B)
Imported 'GUID: 762f0a4829f44584ba01e2f0661150d9' -> (Import Result ID: '5c2ba878ef0dc03f80398f07684b468a') in 0.002 seconds [static and dynamic dependencies]. Details - ImportResultOutputID=32c4e0795e2b7fe51f61f21dfc6dc2b0 DependenciesID=2c6de9b678c9912555b2957048f939a1 StaticDependenciesID=68e7be23d213774a4eebc171e532ccd6 
Number of updated asset objects reloaded before import = 0
Number of asset objects unloaded after import = 1
========================================================================
Received Import Request.
  Time of request: 2026-09-18T17:31:46.2590894Z
  Time since last request: 0.0003026 seconds.
  importAddress: GUID: eee4ea194fc90544da81a52823403b23 - Path: Packages/com.unity.render-pipelines.universal/Runtime/VolumeRequiresRendererFeatures.cs - Importer: ScriptedImporter/UnityEditor.QuickSearchModule:UnityEditor.Search:ASIAI0B
Importing 'GUID: eee4ea194fc90544da81a52823403b23 - Path: Packages/com.unity.render-pipelines.universal/Runtime/VolumeRequiresRendererFeatures.cs - Importer: ScriptedImporter/UnityEditor.QuickSearchModule:UnityEditor.Search:ASIAI0B' with importer (ScriptedImporter : UnityEditor.QuickSearchModule:UnityEditor.Search:ASIAI0B)
Imported 'GUID: eee4ea194fc90544da81a52823403b23' -> (Import Result ID: '40ef40ee9c3c9f8034c57c604bbe4f43') in 0.003 seconds [static and dynamic dependencies]. Details - ImportResultOutputID=f3f164fed3d32a13afb45dd82cc94992 DependenciesID=b77cd639fb79ac261547d48d228ac1ef StaticDependenciesID=a3a38e2a86979ea8c8eb7ac0db872448 
Number of updated asset objects reloaded before import = 0
Number of asset objects unloaded after import = 0
========================================================================
Received Import Request.
  Time of request: 2026-09-18T17:31:46.2778789Z
  Time since last request: 0.0003071 seconds.
  importAddress: GUID: 71338c4661f9c40249e1fdb27df62e92 - Path: Packages/com.unity.render-pipelines.universal/ShaderLibrary/DOTS.hlsl - Importer: ScriptedImporter/UnityEditor.QuickSearchModule:UnityEditor.Search:ASIAI0B
Importing 'GUID: 71338c4661f9c40249e1fdb27df62e92 - Path: Packages/com.unity.render-pipelines.universal/ShaderLibrary/DOTS.hlsl - Importer: ScriptedImporter/UnityEditor.QuickSearchModule:UnityEditor.Search:ASIAI0B' with importer (ScriptedImporter : UnityEditor.QuickSearchModule:UnityEditor.Search:ASIAI0B)
Imported 'GUID: 71338c4661f9c40249e1fdb27df62e92' -> (Import Result ID: 'b79486049883deca4c95a08760acde35') in 0.002 seconds [static and dynamic dependencies]. Details - ImportResultOutputID=da999720cf8a4253877b419b5353440f DependenciesID=44470597f605022009e14e44760abc0f StaticDependenciesID=d1555d1c2b95cfc4582f8ae832bd5fe8 
Number of updated asset objects reloaded before import = 0
Number of asset objects unloaded after import = 1
========================================================================
Received Import Request.
  Time of request: 2026-09-18T17:31:46.2960575Z
  Time since last request: 0.0003601 seconds.
  importAddress: GUID: 650505b0a35f6314a8a49c1f2fccaeaa - Path: Packages/com.unity.render-pipelines.universal/Runtime/StencilUsage.cs - Importer: ScriptedImporter/UnityEditor.QuickSearchModule:UnityEditor.Search:ASIAI0B
Importing 'GUID: 650505b0a35f6314a8a49c1f2fccaeaa - Path: Packages/com.unity.render-pipelines.universal/Runtime/StencilUsage.cs - Importer: ScriptedImporter/UnityEditor.QuickSearchModule:UnityEditor.Search:ASIAI0B' with importer (ScriptedImporter : UnityEditor.QuickSearchModule:UnityEditor.Search:ASIAI0B)
Imported 'GUID: 650505b0a35f6314a8a49c1f2fccaeaa' -> (Import Result ID: 'e1c3f00f848cc7f2f8ac0863436667ec') in 0.002 seconds [static and dynamic dependencies]. Details - ImportResultOutputID=717d48fae1991556174664db49a18e12 DependenciesID=a94b4078da5d42e252a3ec789c34070a StaticDependenciesID=b4f3bcdffa4d59805f29ec011f775239 
Number of updated asset objects reloaded before import = 0
Number of asset objects unloaded after import = 0
========================================================================
Received Import Request.
  Time of request: 2026-09-18T17:31:46.31446Z
  Time since last request: 0.0003056 seconds.
  importAddress: GUID: 53686bf58189656459fca4c6ab04ebe5 - Path: Packages/com.unity.render-pipelines.universal/ShaderLibrary/Core.hlsl - Importer: ScriptedImporter/UnityEditor.QuickSearchModule:UnityEditor.Search:ASIAI0B
Importing 'GUID: 53686bf58189656459fca4c6ab04ebe5 - Path: Packages/com.unity.render-pipelines.universal/ShaderLibrary/Core.hlsl - Importer: ScriptedImporter/UnityEditor.QuickSearchModule:UnityEditor.Search:ASIAI0B' with importer (ScriptedImporter : UnityEditor.QuickSearchModule:UnityEditor.Search:ASIAI0B)
Imported 'GUID: 53686bf58189656459fca4c6ab04ebe5' -> (Import Result ID: '87a1612d15d9f45eb639f994d23d5975') in 0.002 seconds [static and dynamic dependencies]. Details - ImportResultOutputID=9611055724c9714c8a11d7d1465ec838 DependenciesID=ce7e8104b8c368203fb41981fef8b624 StaticDependenciesID=924216e5eb4f1f7719ddf8674b657923 
Number of updated asset objects reloaded before import = 0
Number of asset objects unloaded after import = 1
========================================================================
Received Import Request.
  Time of request: 2026-09-18T17:31:46.3337201Z
  Time since last request: 0.0002993 seconds.
  importAddress: GUID: 29619926ce55c944aa978fe5e07cc3db - Path: Packages/com.unity.render-pipelines.universal/ShaderLibrary/DeclareOpaqueTexture.hlsl - Importer: ScriptedImporter/UnityEditor.QuickSearchModule:UnityEditor.Search:ASIAI0B
Importing 'GUID: 29619926ce55c944aa978fe5e07cc3db - Path: Packages/com.unity.render-pipelines.universal/ShaderLibrary/DeclareOpaqueTexture.hlsl - Importer: ScriptedImporter/UnityEditor.QuickSearchModule:UnityEditor.Search:ASIAI0B' with importer (ScriptedImporter : UnityEditor.QuickSearchModule:UnityEditor.Search:ASIAI0B)
Imported 'GUID: 29619926ce55c944aa978fe5e07cc3db' -> (Import Result ID: 'cf7e1fcdd80b5b72961a4d57515d1432') in 0.002 seconds [static and dynamic dependencies]. Details - ImportResultOutputID=a6dc8a1f322b0dac3da6356423219b5e DependenciesID=b67edbaa5d33af793b67b0b78bea54fa StaticDependenciesID=0ab20afd391edb70f1462ccddbdd675d 
Number of updated asset objects reloaded before import = 0
Number of asset objects unloaded after import = 1
========================================================================
Received Import Request.
  Time of request: 2026-09-18T17:31:46.3523607Z
  Time since last request: 0.0002918 seconds.
  importAddress: GUID: d7255bed85944a04fa68dd4d1d28022a - Path: Packages/com.unity.render-pipelines.universal/Runtime/SceneViewDrawMode.cs - Importer: ScriptedImporter/UnityEditor.QuickSearchModule:UnityEditor.Search:ASIAI0B
Importing 'GUID: d7255bed85944a04fa68dd4d1d28022a - Path: Packages/com.unity.render-pipelines.universal/Runtime/SceneViewDrawMode.cs - Importer: ScriptedImporter/UnityEditor.QuickSearchModule:UnityEditor.Search:ASIAI0B' with importer (ScriptedImporter : UnityEditor.QuickSearchModule:UnityEditor.Search:ASIAI0B)
Imported 'GUID: d7255bed85944a04fa68dd4d1d28022a' -> (Import Result ID: 'd4b49e2216f9ac791edf7e66ff655d07') in 0.003 seconds [static and dynamic dependencies]. Details - ImportResultOutputID=2ab3f228146ef9236a10a9cb7e7acde4 DependenciesID=0d2ce99bb835108189e89a90ebf52fa4 StaticDependenciesID=a2f774a134a429d63bc05df2d4205c11 
Number of updated asset objects reloaded before import = 0
Number of asset objects unloaded after import = 0
========================================================================
Received Import Request.
  Time of request: 2026-09-18T17:31:46.3710024Z
  Time since last request: 0.0003009 seconds.
  importAddress: GUID: 474bcb49853aa07438625e644c072ee6 - Path: Packages/com.unity.render-pipelines.universal/Runtime/UniversalAdditionalLightData.cs - Importer: ScriptedImporter/UnityEditor.QuickSearchModule:UnityEditor.Search:ASIAI0B
Importing 'GUID: 474bcb49853aa07438625e644c072ee6 - Path: Packages/com.unity.render-pipelines.universal/Runtime/UniversalAdditionalLightData.cs - Importer: ScriptedImporter/UnityEditor.QuickSearchModule:UnityEditor.Search:ASIAI0B' with importer (ScriptedImporter : UnityEditor.QuickSearchModule:UnityEditor.Search:ASIAI0B)
Imported 'GUID: 474bcb49853aa07438625e644c072ee6' -> (Import Result ID: 'f8a867e846af90700493d6d21b928fa3') in 0.002 seconds [static and dynamic dependencies]. Details - ImportResultOutputID=5fbad029f96932a1acea4a44ad1944b3 DependenciesID=a68d2adfea3c7adbe39a83cc4bd591ad StaticDependenciesID=c7b30aa9696048e92420dfafb2c9ad6e 
Number of updated asset objects reloaded before import = 0
Number of asset objects unloaded after import = 0
========================================================================
Received Import Request.
  Time of request: 2026-09-18T17:31:46.3898595Z
  Time since last request: 0.0002985 seconds.
  importAddress: GUID: 20013f01a8cbaef4c9545926c27b8d73 - Path: Packages/com.unity.render-pipelines.universal/ShaderLibrary/NormalReconstruction.hlsl - Importer: ScriptedImporter/UnityEditor.QuickSearchModule:UnityEditor.Search:ASIAI0B
Importing 'GUID: 20013f01a8cbaef4c9545926c27b8d73 - Path: Packages/com.unity.render-pipelines.universal/ShaderLibrary/NormalReconstruction.hlsl - Importer: ScriptedImporter/UnityEditor.QuickSearchModule:UnityEditor.Search:ASIAI0B' with importer (ScriptedImporter : UnityEditor.QuickSearchModule:UnityEditor.Search:ASIAI0B)
Imported 'GUID: 20013f01a8cbaef4c9545926c27b8d73' -> (Import Result ID: '47c283167a5c8c4c262ba107a628bd74') in 0.002 seconds [static and dynamic dependencies]. Details - ImportResultOutputID=c5b9fb7bc94dcfc0c3d5477637359b07 DependenciesID=27035c8868aac2df48d87bbbfe7dab30 StaticDependenciesID=de91781de8f563d7578091dccb1c9f8e 
Number of updated asset objects reloaded before import = 0
Number of asset objects unloaded after import = 1
========================================================================
Received Import Request.
  Time of request: 2026-09-18T17:31:46.4079287Z
  Time since last request: 0.0002891 seconds.
  importAddress: GUID: 632a8cfdfaac24d5f99ef36578edd4ed - Path: Packages/com.unity.render-pipelines.universal/Runtime/ScriptableRenderer.cs - Importer: ScriptedImporter/UnityEditor.QuickSearchModule:UnityEditor.Search:ASIAI0B
Importing 'GUID: 632a8cfdfaac24d5f99ef36578edd4ed - Path: Packages/com.unity.render-pipelines.universal/Runtime/ScriptableRenderer.cs - Importer: ScriptedImporter/UnityEditor.QuickSearchModule:UnityEditor.Search:ASIAI0B' with importer (ScriptedImporter : UnityEditor.QuickSearchModule:UnityEditor.Search:ASIAI0B)
Imported 'GUID: 632a8cfdfaac24d5f99ef36578edd4ed' -> (Import Result ID: '678b9a3abebf03ffaf6a191d711f4ffd') in 0.003 seconds [static and dynamic dependencies]. Details - ImportResultOutputID=e2d26d048dc973ce9735b8c922ed33aa DependenciesID=2bdf6cf19857cdd19a5b3714583b7e01 StaticDependenciesID=846605d31193977760a3c8322eeb92a1 
Number of updated asset objects reloaded before import = 0
Number of asset objects unloaded after import = 0
========================================================================
Received Import Request.
  Time of request: 2026-09-18T17:31:46.4297062Z
  Time since last request: 0.002092 seconds.
  importAddress: GUID: 6d239a0044031854a817ab72a66ce766 - Path: Packages/com.unity.render-pipelines.universal/ShaderLibrary/ObjectMotionVectors.hlsl - Importer: ScriptedImporter/UnityEditor.QuickSearchModule:UnityEditor.Search:ASIAI0B
Importing 'GUID: 6d239a0044031854a817ab72a66ce766 - Path: Packages/com.unity.render-pipelines.universal/ShaderLibrary/ObjectMotionVectors.hlsl - Importer: ScriptedImporter/UnityEditor.QuickSearchModule:UnityEditor.Search:ASIAI0B' with importer (ScriptedImporter : UnityEditor.QuickSearchModule:UnityEditor.Search:ASIAI0B)
Imported 'GUID: 6d239a0044031854a817ab72a66ce766' -> (Import Result ID: '881ea8cadc294777fc7f076aab7cb2c3') in 0.002 seconds [static and dynamic dependencies]. Details - ImportResultOutputID=3fc57e868fba9b28781fb983a2dc45dd DependenciesID=022ae393f9657caa7f96d77e1b19b2ac StaticDependenciesID=395a919f540c0a5d2a2181f6c0ee7a40 
Number of updated asset objects reloaded before import = 0
Number of asset objects unloaded after import = 1
========================================================================
Received Import Request.
  Time of request: 2026-09-18T17:31:46.4501909Z
  Time since last request: 0.0002591 seconds.
  importAddress: GUID: fdbc62973f374ebf9304713c48941c1f - Path: Packages/com.unity.render-pipelines.universal/Runtime/UniversalRendererRenderGraph.cs - Importer: ScriptedImporter/UnityEditor.QuickSearchModule:UnityEditor.Search:ASIAI0B
Importing 'GUID: fdbc62973f374ebf9304713c48941c1f - Path: Packages/com.unity.render-pipelines.universal/Runtime/UniversalRendererRenderGraph.cs - Importer: ScriptedImporter/UnityEditor.QuickSearchModule:UnityEditor.Search:ASIAI0B' with importer (ScriptedImporter : UnityEditor.QuickSearchModule:UnityEditor.Search:ASIAI0B)
Imported 'GUID: fdbc62973f374ebf9304713c48941c1f' -> (Import Result ID: '9caf732f442a408475b4adfde80c6943') in 0.004 seconds [static and dynamic dependencies]. Details - ImportResultOutputID=d982269704ab95c93f0318da1fd75b50 DependenciesID=7eec95042e55adbab3cbdb16e3a8c6f6 StaticDependenciesID=94b30f2bc269d231d5c33d588107c224 
Number of updated asset objects reloaded before import = 0
Number of asset objects unloaded after import = 0
========================================================================
Received Import Request.
  Time of request: 2026-09-18T17:31:46.4697646Z
  Time since last request: 0.0002636 seconds.
  importAddress: GUID: 5c52f3d26791c415b9e887442bfc817c - Path: Packages/com.unity.render-pipelines.universal/ShaderLibrary/Clustering.hlsl - Importer: ScriptedImporter/UnityEditor.QuickSearchModule:UnityEditor.Search:ASIAI0B
Importing 'GUID: 5c52f3d26791c415b9e887442bfc817c - Path: Packages/com.unity.render-pipelines.universal/ShaderLibrary/Clustering.hlsl - Importer: ScriptedImporter/UnityEditor.QuickSearchModule:UnityEditor.Search:ASIAI0B' with importer (ScriptedImporter : UnityEditor.QuickSearchModule:UnityEditor.Search:ASIAI0B)
Imported 'GUID: 5c52f3d26791c415b9e887442bfc817c' -> (Import Result ID: 'c476a1d849d5a031ab5443d8966022ef') in 0.002 seconds [static and dynamic dependencies]. Details - ImportResultOutputID=b84ecae3f369e417028868a3af49471b DependenciesID=655194915c01c2de6d7dd60f848015eb StaticDependenciesID=88b7eff5260d5b2e93407ec825671fd5 
Number of updated asset objects reloaded before import = 0
Number of asset objects unloaded after import = 1
========================================================================
Received Import Request.
  Time of request: 2026-09-18T17:31:46.4879944Z
  Time since last request: 0.0003199 seconds.
  importAddress: GUID: bcd650cf6823f4f7fb62fe0eccae07b0 - Path: Packages/com.unity.render-pipelines.universal/ShaderLibrary/RenderingLayers.hlsl - Importer: ScriptedImporter/UnityEditor.QuickSearchModule:UnityEditor.Search:ASIAI0B
Importing 'GUID: bcd650cf6823f4f7fb62fe0eccae07b0 - Path: Packages/com.unity.render-pipelines.universal/ShaderLibrary/RenderingLayers.hlsl - Importer: ScriptedImporter/UnityEditor.QuickSearchModule:UnityEditor.Search:ASIAI0B' with importer (ScriptedImporter : UnityEditor.QuickSearchModule:UnityEditor.Search:ASIAI0B)
Imported 'GUID: bcd650cf6823f4f7fb62fe0eccae07b0' -> (Import Result ID: '1a939a808ac6f2c403272c35ace5b022') in 0.002 seconds [static and dynamic dependencies]. Details - ImportResultOutputID=d071c3000116142781f45c389eb6396a DependenciesID=ce7fb120850427cae52a190bb5d8f0d6 StaticDependenciesID=866b08c777abea73cb2b8a07d708175b 
Number of updated asset objects reloaded before import = 0
Number of asset objects unloaded after import = 1
========================================================================
Received Import Request.
  Time of request: 2026-09-18T17:31:46.5063904Z
  Time since last request: 0.0003215 seconds.
  importAddress: GUID: a67c0bc2587298b44bc7bee9f923e8da - Path: Packages/com.unity.render-pipelines.universal/Runtime/ShadowCulling.cs - Importer: ScriptedImporter/UnityEditor.QuickSearchModule:UnityEditor.Search:ASIAI0B
Importing 'GUID: a67c0bc2587298b44bc7bee9f923e8da - Path: Packages/com.unity.render-pipelines.universal/Runtime/ShadowCulling.cs - Importer: ScriptedImporter/UnityEditor.QuickSearchModule:UnityEditor.Search:ASIAI0B' with importer (ScriptedImporter : UnityEditor.QuickSearchModule:UnityEditor.Search:ASIAI0B)
Imported 'GUID: a67c0bc2587298b44bc7bee9f923e8da' -> (Import Result ID: '5040205449c7c796dc759d0165c47fc8') in 0.002 seconds [static and dynamic dependencies]. Details - ImportResultOutputID=27e6e5abb9282e214f427ace3e1e25e1 DependenciesID=d90892a8e52668553ee281909819e2e8 StaticDependenciesID=d58374643ba9cb313f74ab5fe7e5b5af 
Number of updated asset objects reloaded before import = 0
Number of asset objects unloaded after import = 0
========================================================================
Received Import Request.
  Time of request: 2026-09-18T17:31:46.5243669Z
  Time since last request: 0.0002658 seconds.
  importAddress: GUID: 1c0cb2353d9a4debbc61e650002843f4 - Path: Packages/com.unity.render-pipelines.universal/ShaderLibrary/AmbientOcclusion.hlsl - Importer: ScriptedImporter/UnityEditor.QuickSearchModule:UnityEditor.Search:ASIAI0B
Importing 'GUID: 1c0cb2353d9a4debbc61e650002843f4 - Path: Packages/com.unity.render-pipelines.universal/ShaderLibrary/AmbientOcclusion.hlsl - Importer: ScriptedImporter/UnityEditor.QuickSearchModule:UnityEditor.Search:ASIAI0B' with importer (ScriptedImporter : UnityEditor.QuickSearchModule:UnityEditor.Search:ASIAI0B)
Imported 'GUID: 1c0cb2353d9a4debbc61e650002843f4' -> (Import Result ID: 'dcdfc4d3a67651de67a9fae556c3b642') in 0.002 seconds [static and dynamic dependencies]. Details - ImportResultOutputID=d0d39bf429e6f6ff563f8601e5e0f776 DependenciesID=f20a931b45606cfb3d12e7c781ed7852 StaticDependenciesID=a097e96eb2834477c122221ef6fe09d8 
Number of updated asset objects reloaded before import = 0
Number of asset objects unloaded after import = 1
========================================================================
Received Import Request.
  Time of request: 2026-09-18T17:31:46.5424556Z
  Time since last request: 0.0002932 seconds.
  importAddress: GUID: 15fc0a57446b3144c949da3e2b9737a9 - Path: Packages/com.unity.render-pipelines.universal/Runtime/Unity.RenderPipelines.Universal.Runtime.asmdef - Importer: ScriptedImporter/UnityEditor.QuickSearchModule:UnityEditor.Search:ASIAI0B
Importing 'GUID: 15fc0a57446b3144c949da3e2b9737a9 - Path: Packages/com.unity.render-pipelines.universal/Runtime/Unity.RenderPipelines.Universal.Runtime.asmdef - Importer: ScriptedImporter/UnityEditor.QuickSearchModule:UnityEditor.Search:ASIAI0B' with importer (ScriptedImporter : UnityEditor.QuickSearchModule:UnityEditor.Search:ASIAI0B)
Imported 'GUID: 15fc0a57446b3144c949da3e2b9737a9' -> (Import Result ID: '0704da8b5efcb65f6a01468f6384e753') in 0.002 seconds [static and dynamic dependencies]. Details - ImportResultOutputID=909976a5bf89af3d6f5b7703a0b2f2b8 DependenciesID=71ec29d72bcb76e8fa7247d173874c8c StaticDependenciesID=22ee83f763a8c7a90147f77d35fb235b 
Number of updated asset objects reloaded before import = 0
Number of asset objects unloaded after import = 1
========================================================================
Received Import Request.
  Time of request: 2026-09-18T17:31:46.5666886Z
  Time since last request: 0.0063731 seconds.
  importAddress: GUID: 28fcbf208a4c04495b93bb6d554908e0 - Path: Packages/com.unity.render-pipelines.universal/Shaders/UnlitGBufferPass.hlsl - Importer: ScriptedImporter/UnityEditor.QuickSearchModule:UnityEditor.Search:ASIAI0B
Importing 'GUID: 28fcbf208a4c04495b93bb6d554908e0 - Path: Packages/com.unity.render-pipelines.universal/Shaders/UnlitGBufferPass.hlsl - Importer: ScriptedImporter/UnityEditor.QuickSearchModule:UnityEditor.Search:ASIAI0B' with importer (ScriptedImporter : UnityEditor.QuickSearchModule:UnityEditor.Search:ASIAI0B)
Imported 'GUID: 28fcbf208a4c04495b93bb6d554908e0' -> (Import Result ID: '15283bd4f16cf2cedb4209b83aaadd16') in 0.003 seconds [static and dynamic dependencies]. Details - ImportResultOutputID=6d1970f016312da070c366802b6c8c3e DependenciesID=ab007d3096fc1f44146fa683eb81f65f StaticDependenciesID=646a003befedda3011940624645fc289 
Number of updated asset objects reloaded before import = 0
Number of asset objects unloaded after import = 1
========================================================================
Received Import Request.
  Time of request: 2026-09-18T17:31:46.5876477Z
  Time since last request: 0.0024598 seconds.
  importAddress: GUID: 8d0dd75f99f9243d584a08489c8498b8 - Path: Packages/com.unity.render-pipelines.universal/ShaderLibrary/UnityTypes.hlsl - Importer: ScriptedImporter/UnityEditor.QuickSearchModule:UnityEditor.Search:ASIAI0B
Importing 'GUID: 8d0dd75f99f9243d584a08489c8498b8 - Path: Packages/com.unity.render-pipelines.universal/ShaderLibrary/UnityTypes.hlsl - Importer: ScriptedImporter/UnityEditor.QuickSearchModule:UnityEditor.Search:ASIAI0B' with importer (ScriptedImporter : UnityEditor.QuickSearchModule:UnityEditor.Search:ASIAI0B)
Imported 'GUID: 8d0dd75f99f9243d584a08489c8498b8' -> (Import Result ID: '17b06a59e84178ce29b18384bc11e5ac') in 0.002 seconds [static and dynamic dependencies]. Details - ImportResultOutputID=51602918ab3a9f1077fa88cdcdc98db0 DependenciesID=fa76a4df6e70a01555fbceb6f4ca78c1 StaticDependenciesID=79ec117df544720b379f3587cd397740 
Number of updated asset objects reloaded before import = 0
Number of asset objects unloaded after import = 1
========================================================================
Received Import Request.
  Time of request: 2026-09-18T17:31:46.6077622Z
  Time since last request: 0.0004097 seconds.
  importAddress: GUID: 574332cc54d34b3b96cd214f5febe833 - Path: Packages/com.unity.render-pipelines.universal/Shaders/UnlitForwardPass.hlsl - Importer: ScriptedImporter/UnityEditor.QuickSearchModule:UnityEditor.Search:ASIAI0B
Importing 'GUID: 574332cc54d34b3b96cd214f5febe833 - Path: Packages/com.unity.render-pipelines.universal/Shaders/UnlitForwardPass.hlsl - Importer: ScriptedImporter/UnityEditor.QuickSearchModule:UnityEditor.Search:ASIAI0B' with importer (ScriptedImporter : UnityEditor.QuickSearchModule:UnityEditor.Search:ASIAI0B)
Imported 'GUID: 574332cc54d34b3b96cd214f5febe833' -> (Import Result ID: '935128d6fd5975e5c459eda778ce00eb') in 0.002 seconds [static and dynamic dependencies]. Details - ImportResultOutputID=459179b7fc40ce1a112fd83263203c02 DependenciesID=49f9d140869c43f9b5e362aa443fc6bf StaticDependenciesID=9c3738cf435e0755abba46a93be141f2 
Number of updated asset objects reloaded before import = 0
Number of asset objects unloaded after import = 1
========================================================================
Received Import Request.
  Time of request: 2026-09-18T17:31:46.6269869Z
  Time since last request: 0.0003496 seconds.
  importAddress: GUID: ee447e65526c7db45a978c16b28827a9 - Path: Packages/com.unity.render-pipelines.universal/Shaders/SimpleLitForwardPass.hlsl - Importer: ScriptedImporter/UnityEditor.QuickSearchModule:UnityEditor.Search:ASIAI0B
Importing 'GUID: ee447e65526c7db45a978c16b28827a9 - Path: Packages/com.unity.render-pipelines.universal/Shaders/SimpleLitForwardPass.hlsl - Importer: ScriptedImporter/UnityEditor.QuickSearchModule:UnityEditor.Search:ASIAI0B' with importer (ScriptedImporter : UnityEditor.QuickSearchModule:UnityEditor.Search:ASIAI0B)
Imported 'GUID: ee447e65526c7db45a978c16b28827a9' -> (Import Result ID: '036536c461e06b95388f4a9a5e3f8a8b') in 0.002 seconds [static and dynamic dependencies]. Details - ImportResultOutputID=23b8af5df76c26fe133435d78d3ddee9 DependenciesID=2f211bf738e3d6107a006d5f30355c0b StaticDependenciesID=becb7922cf4cc90e079ca6aa3ac2f424 
Number of updated asset objects reloaded before import = 0
Number of asset objects unloaded after import = 1
========================================================================
Received Import Request.
  Time of request: 2026-09-18T17:31:46.6455862Z
  Time since last request: 0.0003114 seconds.
  importAddress: GUID: 51fae96488b3f402a8abcda4217b37e1 - Path: Packages/com.unity.render-pipelines.universal/ShaderLibrary/Shadows.deprecated.hlsl - Importer: ScriptedImporter/UnityEditor.QuickSearchModule:UnityEditor.Search:ASIAI0B
Importing 'GUID: 51fae96488b3f402a8abcda4217b37e1 - Path: Packages/com.unity.render-pipelines.universal/ShaderLibrary/Shadows.deprecated.hlsl - Importer: ScriptedImporter/UnityEditor.QuickSearchModule:UnityEditor.Search:ASIAI0B' with importer (ScriptedImporter : UnityEditor.QuickSearchModule:UnityEditor.Search:ASIAI0B)
Imported 'GUID: 51fae96488b3f402a8abcda4217b37e1' -> (Import Result ID: '88fb887cd9f61c8d9fe1b36cebbedb7e') in 0.002 seconds [static and dynamic dependencies]. Details - ImportResultOutputID=d696a12b5c31260cce1fa6188745d8de DependenciesID=91f45af5f0786f0235df3d3c21eeedcf StaticDependenciesID=fb335c703a39cc7007cf190006ff64cf 
Number of updated asset objects reloaded before import = 0
Number of asset objects unloaded after import = 1
========================================================================
Received Import Request.
  Time of request: 2026-09-18T17:31:46.663535Z
  Time since last request: 0.0003853 seconds.
  importAddress: GUID: f31bf343921b848fa8e5cde15f1dbaab - Path: Packages/com.unity.render-pipelines.universal/Shaders/BakedLitMetaPass.hlsl - Importer: ScriptedImporter/UnityEditor.QuickSearchModule:UnityEditor.Search:ASIAI0B
Importing 'GUID: f31bf343921b848fa8e5cde15f1dbaab - Path: Packages/com.unity.render-pipelines.universal/Shaders/BakedLitMetaPass.hlsl - Importer: ScriptedImporter/UnityEditor.QuickSearchModule:UnityEditor.Search:ASIAI0B' with importer (ScriptedImporter : UnityEditor.QuickSearchModule:UnityEditor.Search:ASIAI0B)
Imported 'GUID: f31bf343921b848fa8e5cde15f1dbaab' -> (Import Result ID: '134db5c7984880c29a02975b9cf8af24') in 0.002 seconds [static and dynamic dependencies]. Details - ImportResultOutputID=96bed2209fead340663291e9a22ce96d DependenciesID=a21c2f42567ed667d2eece149266cc36 StaticDependenciesID=ca68375fb463372c4009a3a327a22385 
Number of updated asset objects reloaded before import = 0
Number of asset objects unloaded after import = 1
========================================================================
Received Import Request.
  Time of request: 2026-09-18T17:31:46.6818266Z
  Time since last request: 0.0003036 seconds.
  importAddress: GUID: a63ccbef6bed14464a35b8a62ee9b775 - Path: Packages/com.unity.render-pipelines.universal/Shaders/SimpleLitDepthNormalsPass.hlsl - Importer: ScriptedImporter/UnityEditor.QuickSearchModule:UnityEditor.Search:ASIAI0B
Importing 'GUID: a63ccbef6bed14464a35b8a62ee9b775 - Path: Packages/com.unity.render-pipelines.universal/Shaders/SimpleLitDepthNormalsPass.hlsl - Importer: ScriptedImporter/UnityEditor.QuickSearchModule:UnityEditor.Search:ASIAI0B' with importer (ScriptedImporter : UnityEditor.QuickSearchModule:UnityEditor.Search:ASIAI0B)
Imported 'GUID: a63ccbef6bed14464a35b8a62ee9b775' -> (Import Result ID: '624ad668e20ab6fdf057623595962ec3') in 0.002 seconds [static and dynamic dependencies]. Details - ImportResultOutputID=daae10220a306e90c61fb1fa125e4740 DependenciesID=402d50a6982aae1f8a74d48f53327644 StaticDependenciesID=2fac92f447372b3f390a64e7e576b6c2 
Number of updated asset objects reloaded before import = 0
Number of asset objects unloaded after import = 1
========================================================================
Received Import Request.
  Time of request: 2026-09-18T17:31:46.7001151Z
  Time since last request: 0.000307 seconds.
  importAddress: GUID: 573710bd101f2514f932ace958059d6a - Path: Packages/com.unity.render-pipelines.universal/Shaders/Shaders.cs - Importer: ScriptedImporter/UnityEditor.QuickSearchModule:UnityEditor.Search:ASIAI0B
Importing 'GUID: 573710bd101f2514f932ace958059d6a - Path: Packages/com.unity.render-pipelines.universal/Shaders/Shaders.cs - Importer: ScriptedImporter/UnityEditor.QuickSearchModule:UnityEditor.Search:ASIAI0B' with importer (ScriptedImporter : UnityEditor.QuickSearchModule:UnityEditor.Search:ASIAI0B)
Imported 'GUID: 573710bd101f2514f932ace958059d6a' -> (Import Result ID: 'd4af1c35f725866f713a996b35cfd54c') in 0.002 seconds [static and dynamic dependencies]. Details - ImportResultOutputID=039ae42dd8383122243cfd889aa7cb67 DependenciesID=e481d8731d283eb8229e81d789489c38 StaticDependenciesID=332c6cecba1be3a966ebed8ead0a98af 
Number of updated asset objects reloaded before import = 0
Number of asset objects unloaded after import = 0
========================================================================
Received Import Request.
  Time of request: 2026-09-18T17:31:46.7180613Z
  Time since last request: 0.0003251 seconds.
  importAddress: GUID: 9b4e681081e2b4c469111bb649e2f7ee - Path: Packages/com.unity.render-pipelines.universal/Shaders/Decal.shadergraph - Importer: ScriptedImporter/UnityEditor.QuickSearchModule:UnityEditor.Search:ASIAI0B
Importing 'GUID: 9b4e681081e2b4c469111bb649e2f7ee - Path: Packages/com.unity.render-pipelines.universal/Shaders/Decal.shadergraph - Importer: ScriptedImporter/UnityEditor.QuickSearchModule:UnityEditor.Search:ASIAI0B' with importer (ScriptedImporter : UnityEditor.QuickSearchModule:UnityEditor.Search:ASIAI0B)
Imported 'GUID: 9b4e681081e2b4c469111bb649e2f7ee' -> (Import Result ID: 'e65ac7520d67e3ea41d2cb3e1183a045') in 0.034 seconds [static and dynamic dependencies]. Details - ImportResultOutputID=3770b4da09cd923fbc1264ac9c53b7a5 DependenciesID=9af08011a1db0bd050df97a3d23a84fe StaticDependenciesID=cdb63df7456b6bad9cb83135fd84fd17 
Number of updated asset objects reloaded before import = 0
Number of asset objects unloaded after import = 4
========================================================================
Received Import Request.
  Time of request: 2026-09-18T17:31:46.7680379Z
  Time since last request: 0.0002642 seconds.
  importAddress: GUID: 0ca6dca7396eb48e5849247ffd444914 - Path: Packages/com.unity.render-pipelines.universal/Shaders/BakedLit.shader - Importer: ScriptedImporter/UnityEditor.QuickSearchModule:UnityEditor.Search:ASIAI0B
Importing 'GUID: 0ca6dca7396eb48e5849247ffd444914 - Path: Packages/com.unity.render-pipelines.universal/Shaders/BakedLit.shader - Importer: ScriptedImporter/UnityEditor.QuickSearchModule:UnityEditor.Search:ASIAI0B' with importer (ScriptedImporter : UnityEditor.QuickSearchModule:UnityEditor.Search:ASIAI0B)
Imported 'GUID: 0ca6dca7396eb48e5849247ffd444914' -> (Import Result ID: 'fa582ed8f48d415302767a941436ec5d') in 0.008 seconds [static and dynamic dependencies]. Details - ImportResultOutputID=7c086891b39322611729f99b0357a28f DependenciesID=9f01860f485913cdfce064d2a0d6425e StaticDependenciesID=95a198148b1239a36ce44d9b6b9c5f7d 
Number of updated asset objects reloaded before import = 0
Number of asset objects unloaded after import = 2
========================================================================
Received Import Request.
  Time of request: 2026-09-18T17:31:46.7925575Z
  Time since last request: 0.0001701 seconds.
  importAddress: GUID: ce8b43269e26f4263ac0da53665264b9 - Path: Packages/com.unity.render-pipelines.universal/Shaders/UnlitDepthNormalsPass.hlsl - Importer: ScriptedImporter/UnityEditor.QuickSearchModule:UnityEditor.Search:ASIAI0B
Importing 'GUID: ce8b43269e26f4263ac0da53665264b9 - Path: Packages/com.unity.render-pipelines.universal/Shaders/UnlitDepthNormalsPass.hlsl - Importer: ScriptedImporter/UnityEditor.QuickSearchModule:UnityEditor.Search:ASIAI0B' with importer (ScriptedImporter : UnityEditor.QuickSearchModule:UnityEditor.Search:ASIAI0B)
Imported 'GUID: ce8b43269e26f4263ac0da53665264b9' -> (Import Result ID: '4955c4b4e0c69d84b4ac9663ecdfc303') in 0.002 seconds [static and dynamic dependencies]. Details - ImportResultOutputID=1c8a73bac0372316853fe6796896888a DependenciesID=85e04cca6fbe590f165a6e6ad65994f0 StaticDependenciesID=9e4c76a873b8bb66e8c7fded62b2e7cf 
Number of updated asset objects reloaded before import = 0
Number of asset objects unloaded after import = 1
========================================================================
Received Import Request.
  Time of request: 2026-09-18T17:31:46.8102874Z
  Time since last request: 0.0002879 seconds.
  importAddress: GUID: 688ed6f8ef8246529e7fdd721e43d639 - Path: Packages/com.unity.render-pipelines.universal/ShaderLibrary/UnityGBuffer.hlsl - Importer: ScriptedImporter/UnityEditor.QuickSearchModule:UnityEditor.Search:ASIAI0B
Importing 'GUID: 688ed6f8ef8246529e7fdd721e43d639 - Path: Packages/com.unity.render-pipelines.universal/ShaderLibrary/UnityGBuffer.hlsl - Importer: ScriptedImporter/UnityEditor.QuickSearchModule:UnityEditor.Search:ASIAI0B' with importer (ScriptedImporter : UnityEditor.QuickSearchModule:UnityEditor.Search:ASIAI0B)
Imported 'GUID: 688ed6f8ef8246529e7fdd721e43d639' -> (Import Result ID: 'f4c4563a1defe8acf21254ae12c3ade8') in 0.002 seconds [static and dynamic dependencies]. Details - ImportResultOutputID=1d224bd61ea577d415d7ca2779466300 DependenciesID=721de57bfe666d9efac90f0f6d5d05a9 StaticDependenciesID=6ae112daad27c450cc9729f9c1ea4f45 
Number of updated asset objects reloaded before import = 0
Number of asset objects unloaded after import = 1
========================================================================
Received Import Request.
  Time of request: 2026-09-18T17:31:46.8277712Z
  Time since last request: 0.0003427 seconds.
  importAddress: GUID: e8b802ac01d87144b91f12f40c1f2659 - Path: Packages/com.unity.render-pipelines.universal/Shaders/SpatialMappingWireframe.shader - Importer: ScriptedImporter/UnityEditor.QuickSearchModule:UnityEditor.Search:ASIAI0B
Importing 'GUID: e8b802ac01d87144b91f12f40c1f2659 - Path: Packages/com.unity.render-pipelines.universal/Shaders/SpatialMappingWireframe.shader - Importer: ScriptedImporter/UnityEditor.QuickSearchModule:UnityEditor.Search:ASIAI0B' with importer (ScriptedImporter : UnityEditor.QuickSearchModule:UnityEditor.Search:ASIAI0B)
Imported 'GUID: e8b802ac01d87144b91f12f40c1f2659' -> (Import Result ID: '8cbe371d864054a67778bfc8d3f2c17f') in 0.004 seconds [static and dynamic dependencies]. Details - ImportResultOutputID=523dcd03f94733c9470366f0e7f1455d DependenciesID=bc636f412b13f0e176a22476f101b168 StaticDependenciesID=301791cd4b5652e50b9269cb054eebda 
Number of updated asset objects reloaded before import = 0
Number of asset objects unloaded after import = 1
========================================================================
Received Import Request.
  Time of request: 2026-09-18T17:31:46.8474707Z
  Time since last request: 0.0003027 seconds.
  importAddress: GUID: ad863d097888f42c6bcf419efb2946c5 - Path: Packages/com.unity.render-pipelines.universal/Shaders/SimpleLitInput.hlsl - Importer: ScriptedImporter/UnityEditor.QuickSearchModule:UnityEditor.Search:ASIAI0B
Importing 'GUID: ad863d097888f42c6bcf419efb2946c5 - Path: Packages/com.unity.render-pipelines.universal/Shaders/SimpleLitInput.hlsl - Importer: ScriptedImporter/UnityEditor.QuickSearchModule:UnityEditor.Search:ASIAI0B' with importer (ScriptedImporter : UnityEditor.QuickSearchModule:UnityEditor.Search:ASIAI0B)
Imported 'GUID: ad863d097888f42c6bcf419efb2946c5' -> (Import Result ID: 'd337e976825015febbcee9eab8937a2d') in 0.002 seconds [static and dynamic dependencies]. Details - ImportResultOutputID=ede2836c332dff5453552fc00c518e19 DependenciesID=7fca2636b95d4235cd4bb71083b7e7d1 StaticDependenciesID=4be3296b13e551aea545328d536932b5 
Number of updated asset objects reloaded before import = 0
Number of asset objects unloaded after import = 1
========================================================================
Received Import Request.
  Time of request: 2026-09-18T17:31:46.8653124Z
  Time since last request: 0.000302 seconds.
  importAddress: GUID: b76d45ea333b2a049bc45c5328ef3e7c - Path: Packages/com.unity.render-pipelines.universal/Shaders/DepthNormalsPass.hlsl - Importer: ScriptedImporter/UnityEditor.QuickSearchModule:UnityEditor.Search:ASIAI0B
Importing 'GUID: b76d45ea333b2a049bc45c5328ef3e7c - Path: Packages/com.unity.render-pipelines.universal/Shaders/DepthNormalsPass.hlsl - Importer: ScriptedImporter/UnityEditor.QuickSearchModule:UnityEditor.Search:ASIAI0B' with importer (ScriptedImporter : UnityEditor.QuickSearchModule:UnityEditor.Search:ASIAI0B)
Imported 'GUID: b76d45ea333b2a049bc45c5328ef3e7c' -> (Import Result ID: '6b496f7fad9d495af94ba2cfe4bc54b5') in 0.002 seconds [static and dynamic dependencies]. Details - ImportResultOutputID=4c01e8aab2a89f06418f94d121a826b8 DependenciesID=37186334afaec0aebf8d4337c841598f StaticDependenciesID=8831ef64156004e8e7516cd16883ad92 
Number of updated asset objects reloaded before import = 0
Number of asset objects unloaded after import = 1
========================================================================
Received Import Request.
  Time of request: 2026-09-18T17:31:46.8835467Z
  Time since last request: 0.0003018 seconds.
  importAddress: GUID: 3624eb79d3c1a4742a2737c755e4ee51 - Path: Packages/com.unity.render-pipelines.universal/Shaders/BakedLitGBufferPass.hlsl - Importer: ScriptedImporter/UnityEditor.QuickSearchModule:UnityEditor.Search:ASIAI0B
Importing 'GUID: 3624eb79d3c1a4742a2737c755e4ee51 - Path: Packages/com.unity.render-pipelines.universal/Shaders/BakedLitGBufferPass.hlsl - Importer: ScriptedImporter/UnityEditor.QuickSearchModule:UnityEditor.Search:ASIAI0B' with importer (ScriptedImporter : UnityEditor.QuickSearchModule:UnityEditor.Search:ASIAI0B)
Imported 'GUID: 3624eb79d3c1a4742a2737c755e4ee51' -> (Import Result ID: 'c4b75f0df3eee4c66df58cd2b996a503') in 0.002 seconds [static and dynamic dependencies]. Details - ImportResultOutputID=3efddd940b5e8575c5473763ec7182b7 DependenciesID=6f85b448463e8e1909498fba1e814869 StaticDependenciesID=6d92a0a8f4d44066748e111196dc4aa9 
Number of updated asset objects reloaded before import = 0
Number of asset objects unloaded after import = 1
========================================================================
Received Import Request.
  Time of request: 2026-09-18T17:31:46.9017784Z
  Time since last request: 0.0003376 seconds.
  importAddress: GUID: b4517ec124862cb4bb3b8b27d72843a6 - Path: Packages/com.unity.render-pipelines.universal/Shaders/Unity.RenderPipelines.Universal.Shaders.asmdef - Importer: ScriptedImporter/UnityEditor.QuickSearchModule:UnityEditor.Search:ASIAI0B
Importing 'GUID: b4517ec124862cb4bb3b8b27d72843a6 - Path: Packages/com.unity.render-pipelines.universal/Shaders/Unity.RenderPipelines.Universal.Shaders.asmdef - Importer: ScriptedImporter/UnityEditor.QuickSearchModule:UnityEditor.Search:ASIAI0B' with importer (ScriptedImporter : UnityEditor.QuickSearchModule:UnityEditor.Search:ASIAI0B)
Imported 'GUID: b4517ec124862cb4bb3b8b27d72843a6' -> (Import Result ID: '627da00f057dc7788465d67bcd3a5d8b') in 0.002 seconds [static and dynamic dependencies]. Details - ImportResultOutputID=3b98b07e8dbcd6093556e6dea15cb25c DependenciesID=e3e3cf3c585bc69253daf76d8e29e8c1 StaticDependenciesID=e1453ba3fd90f2300156969ddfb3be74 
Number of updated asset objects reloaded before import = 0
Number of asset objects unloaded after import = 1
========================================================================
Received Import Request.
  Time of request: 2026-09-18T17:31:46.9196553Z
  Time since last request: 0.0003057 seconds.
  importAddress: GUID: 823e07282e194f119e8032f1555676ee - Path: Packages/com.unity.render-pipelines.universal/ShaderLibrary/Unlit.hlsl - Importer: ScriptedImporter/UnityEditor.QuickSearchModule:UnityEditor.Search:ASIAI0B
Importing 'GUID: 823e07282e194f119e8032f1555676ee - Path: Packages/com.unity.render-pipelines.universal/ShaderLibrary/Unlit.hlsl - Importer: ScriptedImporter/UnityEditor.QuickSearchModule:UnityEditor.Search:ASIAI0B' with importer (ScriptedImporter : UnityEditor.QuickSearchModule:UnityEditor.Search:ASIAI0B)
Imported 'GUID: 823e07282e194f119e8032f1555676ee' -> (Import Result ID: '75b9abd9c8411f781b76fa6f5c2458d0') in 0.002 seconds [static and dynamic dependencies]. Details - ImportResultOutputID=dded23f8f8a8b00e81753d7fc5d76238 DependenciesID=6174db9d06ca5a4127d0e36be808d413 StaticDependenciesID=aba5bf34f26c265f9a178762d44fb540 
Number of updated asset objects reloaded before import = 0
Number of asset objects unloaded after import = 1
========================================================================
Received Import Request.
  Time of request: 2026-09-18T17:31:46.9377136Z
  Time since last request: 0.000334 seconds.
  importAddress: GUID: f82f912becb8b444f8f6c886f823bea6 - Path: Packages/com.unity.render-pipelines.universal/ShaderLibrary/ShaderTypes.cs - Importer: ScriptedImporter/UnityEditor.QuickSearchModule:UnityEditor.Search:ASIAI0B
Importing 'GUID: f82f912becb8b444f8f6c886f823bea6 - Path: Packages/com.unity.render-pipelines.universal/ShaderLibrary/ShaderTypes.cs - Importer: ScriptedImporter/UnityEditor.QuickSearchModule:UnityEditor.Search:ASIAI0B' with importer (ScriptedImporter : UnityEditor.QuickSearchModule:UnityEditor.Search:ASIAI0B)
Imported 'GUID: f82f912becb8b444f8f6c886f823bea6' -> (Import Result ID: '8fca94424051779cd1b2c0b21fbbbe65') in 0.002 seconds [static and dynamic dependencies]. Details - ImportResultOutputID=b8f335feb6aef1e104ff5a300e5e95ff DependenciesID=d1c8ffc50589e3e484407c23d0acf0e8 StaticDependenciesID=f38908cfc11f6eff2b5b27487c2466e1 
Number of updated asset objects reloaded before import = 0
Number of asset objects unloaded after import = 0
========================================================================
Received Import Request.
  Time of request: 2026-09-18T17:31:46.9557944Z
  Time since last request: 0.0003546 seconds.
  importAddress: GUID: 3fccaa742ce23c84d99d542d72ccbc74 - Path: Packages/com.unity.render-pipelines.universal/Editor/2D/CinemachineUniversalPixelPerfectEditor.cs - Importer: ScriptedImporter/UnityEditor.QuickSearchModule:UnityEditor.Search:ASIAI0B
Importing 'GUID: 3fccaa742ce23c84d99d542d72ccbc74 - Path: Packages/com.unity.render-pipelines.universal/Editor/2D/CinemachineUniversalPixelPerfectEditor.cs - Importer: ScriptedImporter/UnityEditor.QuickSearchModule:UnityEditor.Search:ASIAI0B' with importer (ScriptedImporter : UnityEditor.QuickSearchModule:UnityEditor.Search:ASIAI0B)
Imported 'GUID: 3fccaa742ce23c84d99d542d72ccbc74' -> (Import Result ID: '02dfc57b48b80e458c182551295eaeee') in 0.002 seconds [static and dynamic dependencies]. Details - ImportResultOutputID=283861b8a4a40accdbd398809f04f508 DependenciesID=e38e16f5b11cb57b05a15158eabb9bfd StaticDependenciesID=383af60cfb85ee2f06cd4de7a59c89d3 
Number of updated asset objects reloaded before import = 0
Number of asset objects unloaded after import = 0
========================================================================
Received Import Request.
  Time of request: 2026-09-18T17:31:46.9738243Z
  Time since last request: 0.0003191 seconds.
  importAddress: GUID: 138efaf7fb432134da44d5a4981a62ad - Path: Packages/com.unity.render-pipelines.universal/Shaders/UnlitMetaPass.hlsl - Importer: ScriptedImporter/UnityEditor.QuickSearchModule:UnityEditor.Search:ASIAI0B
Importing 'GUID: 138efaf7fb432134da44d5a4981a62ad - Path: Packages/com.unity.render-pipelines.universal/Shaders/UnlitMetaPass.hlsl - Importer: ScriptedImporter/UnityEditor.QuickSearchModule:UnityEditor.Search:ASIAI0B' with importer (ScriptedImporter : UnityEditor.QuickSearchModule:UnityEditor.Search:ASIAI0B)
Imported 'GUID: 138efaf7fb432134da44d5a4981a62ad' -> (Import Result ID: 'c5ea301345dfb6dc812089b37c2a5fb3') in 0.002 seconds [static and dynamic dependencies]. Details - ImportResultOutputID=42b876140514d9171c68bcc960b1dee7 DependenciesID=656d631141d50788718b19178d7f7820 StaticDependenciesID=bc1f3d5009271c9154f841539384eb17 
Number of updated asset objects reloaded before import = 0
Number of asset objects unloaded after import = 1
========================================================================
Received Import Request.
  Time of request: 2026-09-18T17:31:46.9920685Z
  Time since last request: 0.0002737 seconds.
  importAddress: GUID: 9a48a2987a0e11645adf07fe4a8d5ec9 - Path: Packages/com.unity.render-pipelines.universal/Shaders/ShadowCasterPass.hlsl - Importer: ScriptedImporter/UnityEditor.QuickSearchModule:UnityEditor.Search:ASIAI0B
Importing 'GUID: 9a48a2987a0e11645adf07fe4a8d5ec9 - Path: Packages/com.unity.render-pipelines.universal/Shaders/ShadowCasterPass.hlsl - Importer: ScriptedImporter/UnityEditor.QuickSearchModule:UnityEditor.Search:ASIAI0B' with importer (ScriptedImporter : UnityEditor.QuickSearchModule:UnityEditor.Search:ASIAI0B)
Imported 'GUID: 9a48a2987a0e11645adf07fe4a8d5ec9' -> (Import Result ID: 'd21e670fc5ecfbf2f0ba274b98d7eb0d') in 0.002 seconds [static and dynamic dependencies]. Details - ImportResultOutputID=3d9f1aa4c38dc0b9aef023f53f23a3d5 DependenciesID=ad5560b200f293416991aea473ab7f3a StaticDependenciesID=22ece745a875f70934c88e72bd83b0fa 
Number of updated asset objects reloaded before import = 0
Number of asset objects unloaded after import = 1
========================================================================
Received Import Request.
  Time of request: 2026-09-18T17:31:47.0104074Z
  Time since last request: 0.0003562 seconds.
  importAddress: GUID: 41a9ae1971520f84c89225b0e84299ec - Path: Packages/com.unity.render-pipelines.universal/ShaderLibrary/VisualEffectVertex.hlsl - Importer: ScriptedImporter/UnityEditor.QuickSearchModule:UnityEditor.Search:ASIAI0B
Importing 'GUID: 41a9ae1971520f84c89225b0e84299ec - Path: Packages/com.unity.render-pipelines.universal/ShaderLibrary/VisualEffectVertex.hlsl - Importer: ScriptedImporter/UnityEditor.QuickSearchModule:UnityEditor.Search:ASIAI0B' with importer (ScriptedImporter : UnityEditor.QuickSearchModule:UnityEditor.Search:ASIAI0B)
Imported 'GUID: 41a9ae1971520f84c89225b0e84299ec' -> (Import Result ID: 'd17ec9ddd7f21d811c8ca1ffa7302d57') in 0.002 seconds [static and dynamic dependencies]. Details - ImportResultOutputID=39c17ebbf0e0c3c006be4c0ab6ab2401 DependenciesID=566889dca4078487dc1cdad5d219fa08 StaticDependenciesID=3240316cf51b915edfa8c157284b027f 
Number of updated asset objects reloaded before import = 0
Number of asset objects unloaded after import = 1
========================================================================
Received Import Request.
  Time of request: 2026-09-18T17:31:47.0286918Z
  Time since last request: 0.000296 seconds.
  importAddress: GUID: c46f85bf266d7496d9b3659acfbdc711 - Path: Packages/com.unity.render-pipelines.universal/Shaders/LitInput.hlsl - Importer: ScriptedImporter/UnityEditor.QuickSearchModule:UnityEditor.Search:ASIAI0B
Importing 'GUID: c46f85bf266d7496d9b3659acfbdc711 - Path: Packages/com.unity.render-pipelines.universal/Shaders/LitInput.hlsl - Importer: ScriptedImporter/UnityEditor.QuickSearchModule:UnityEditor.Search:ASIAI0B' with importer (ScriptedImporter : UnityEditor.QuickSearchModule:UnityEditor.Search:ASIAI0B)
Imported 'GUID: c46f85bf266d7496d9b3659acfbdc711' -> (Import Result ID: 'cde3d8e02a06e105151313c81ebdff48') in 0.002 seconds [static and dynamic dependencies]. Details - ImportResultOutputID=ab737d5cd15fd347c814884157e3b22a DependenciesID=0dfa74c28bc8d5f03162edcd6d398855 StaticDependenciesID=bc445dd7e1561fde00582f0eb2bbc4ab 
Number of updated asset objects reloaded before import = 0
Number of asset objects unloaded after import = 1
========================================================================
Received Import Request.
  Time of request: 2026-09-18T17:31:47.0471106Z
  Time since last request: 0.000318 seconds.
  importAddress: GUID: d5c9d8a733254102b894def0429c24c4 - Path: Packages/com.unity.render-pipelines.universal/ShaderLibrary/SixWayLighting.hlsl - Importer: ScriptedImporter/UnityEditor.QuickSearchModule:UnityEditor.Search:ASIAI0B
Importing 'GUID: d5c9d8a733254102b894def0429c24c4 - Path: Packages/com.unity.render-pipelines.universal/ShaderLibrary/SixWayLighting.hlsl - Importer: ScriptedImporter/UnityEditor.QuickSearchModule:UnityEditor.Search:ASIAI0B' with importer (ScriptedImporter : UnityEditor.QuickSearchModule:UnityEditor.Search:ASIAI0B)
Imported 'GUID: d5c9d8a733254102b894def0429c24c4' -> (Import Result ID: '2bc21ab44d1824e03a92e0e18982a50f') in 0.002 seconds [static and dynamic dependencies]. Details - ImportResultOutputID=0e09ecb4cf526c7dc8ee2ff666ba23ff DependenciesID=28d8c8ccbbff9b8d27353cb86f435aec StaticDependenciesID=76dabdfbffc2cbde288286fd4153a6ce 
Number of updated asset objects reloaded before import = 0
Number of asset objects unloaded after import = 1
========================================================================
Received Import Request.
  Time of request: 2026-09-18T17:31:47.0648641Z
  Time since last request: 0.0003339 seconds.
  importAddress: GUID: 7b3ede40266cd49a395def176e1bc486 - Path: Packages/com.unity.render-pipelines.universal/Shaders/ObjectMotionVectorFallback.shader - Importer: ScriptedImporter/UnityEditor.QuickSearchModule:UnityEditor.Search:ASIAI0B
Importing 'GUID: 7b3ede40266cd49a395def176e1bc486 - Path: Packages/com.unity.render-pipelines.universal/Shaders/ObjectMotionVectorFallback.shader - Importer: ScriptedImporter/UnityEditor.QuickSearchModule:UnityEditor.Search:ASIAI0B' with importer (ScriptedImporter : UnityEditor.QuickSearchModule:UnityEditor.Search:ASIAI0B)
Imported 'GUID: 7b3ede40266cd49a395def176e1bc486' -> (Import Result ID: '58d5f23a95491597923cdb88f1ff8154') in 0.003 seconds [static and dynamic dependencies]. Details - ImportResultOutputID=8c719f935b9b4f50320543ef79b8733b DependenciesID=ed354ece62f36e1e1b38e45304cb1177 StaticDependenciesID=6c4c54b6cc3d00d816162b748e4e22a7 
Number of updated asset objects reloaded before import = 0
Number of asset objects unloaded after import = 1
========================================================================
Received Import Request.
  Time of request: 2026-09-18T17:31:47.0837831Z
  Time since last request: 0.0003522 seconds.
  importAddress: GUID: 933532a4fcc9baf4fa0491de14d08ed7 - Path: Packages/com.unity.render-pipelines.universal/Shaders/Lit.shader - Importer: ScriptedImporter/UnityEditor.QuickSearchModule:UnityEditor.Search:ASIAI0B
Importing 'GUID: 933532a4fcc9baf4fa0491de14d08ed7 - Path: Packages/com.unity.render-pipelines.universal/Shaders/Lit.shader - Importer: ScriptedImporter/UnityEditor.QuickSearchModule:UnityEditor.Search:ASIAI0B' with importer (ScriptedImporter : UnityEditor.QuickSearchModule:UnityEditor.Search:ASIAI0B)
Imported 'GUID: 933532a4fcc9baf4fa0491de14d08ed7' -> (Import Result ID: '7fbb313fd3bfa8496e781310fe6a5928') in 0.004 seconds [static and dynamic dependencies]. Details - ImportResultOutputID=4e7929d2f31ca538486cfdc7cbb4363e DependenciesID=3211d348513762f4e17bd7c04505aa84 StaticDependenciesID=a81f4bb9deda83380a4f925ff916e482 
Number of updated asset objects reloaded before import = 0
Number of asset objects unloaded after import = 1
========================================================================
Received Import Request.
  Time of request: 2026-09-18T17:31:47.1033062Z
  Time since last request: 0.0003754 seconds.
  importAddress: GUID: 5f8cea4f4fce7414ab78bcbf51dca71c - Path: Packages/com.unity.render-pipelines.universal/Shaders/SimpleLitGBufferPass.hlsl - Importer: ScriptedImporter/UnityEditor.QuickSearchModule:UnityEditor.Search:ASIAI0B
Importing 'GUID: 5f8cea4f4fce7414ab78bcbf51dca71c - Path: Packages/com.unity.render-pipelines.universal/Shaders/SimpleLitGBufferPass.hlsl - Importer: ScriptedImporter/UnityEditor.QuickSearchModule:UnityEditor.Search:ASIAI0B' with importer (ScriptedImporter : UnityEditor.QuickSearchModule:UnityEditor.Search:ASIAI0B)
Imported 'GUID: 5f8cea4f4fce7414ab78bcbf51dca71c' -> (Import Result ID: '46a910e34b456ada85b64b94e5719d7e') in 0.002 seconds [static and dynamic dependencies]. Details - ImportResultOutputID=fd9c50e7accd3203459f3c3b79d27a03 DependenciesID=201acec714b345854ab01bc08b10574e StaticDependenciesID=f8427a7b37d3ef79d0c78849de972896 
Number of updated asset objects reloaded before import = 0
Number of asset objects unloaded after import = 1
========================================================================
Received Import Request.
  Time of request: 2026-09-18T17:31:47.1214068Z
  Time since last request: 0.0003626 seconds.
  importAddress: GUID: 116bd973269b9f741b7177c8523b9e50 - Path: Packages/com.unity.render-pipelines.universal/Shaders/LitForwardPass.hlsl - Importer: ScriptedImporter/UnityEditor.QuickSearchModule:UnityEditor.Search:ASIAI0B
Importing 'GUID: 116bd973269b9f741b7177c8523b9e50 - Path: Packages/com.unity.render-pipelines.universal/Shaders/LitForwardPass.hlsl - Importer: ScriptedImporter/UnityEditor.QuickSearchModule:UnityEditor.Search:ASIAI0B' with importer (ScriptedImporter : UnityEditor.QuickSearchModule:UnityEditor.Search:ASIAI0B)
Imported 'GUID: 116bd973269b9f741b7177c8523b9e50' -> (Import Result ID: 'e193dd2bf3e928adfa2459586b99d54e') in 0.002 seconds [static and dynamic dependencies]. Details - ImportResultOutputID=4ed7999e0366879c6e65c343b5df38d7 DependenciesID=8524e2e02560548e5a7cd6ae2a87ae97 StaticDependenciesID=f16bb63c4074dcd8ca3e13a36ad4b288 
Number of updated asset objects reloaded before import = 0
Number of asset objects unloaded after import = 1
========================================================================
Received Import Request.
  Time of request: 2026-09-18T17:31:47.1392381Z
  Time since last request: 0.0003054 seconds.
  importAddress: GUID: 6564342aa7c6ca44a86b97323a311d74 - Path: Packages/com.unity.render-pipelines.universal/ShaderLibrary/UnityInput.hlsl - Importer: ScriptedImporter/UnityEditor.QuickSearchModule:UnityEditor.Search:ASIAI0B
Importing 'GUID: 6564342aa7c6ca44a86b97323a311d74 - Path: Packages/com.unity.render-pipelines.universal/ShaderLibrary/UnityInput.hlsl - Importer: ScriptedImporter/UnityEditor.QuickSearchModule:UnityEditor.Search:ASIAI0B' with importer (ScriptedImporter : UnityEditor.QuickSearchModule:UnityEditor.Search:ASIAI0B)
Imported 'GUID: 6564342aa7c6ca44a86b97323a311d74' -> (Import Result ID: 'c2ce92ea1eec934e87c664e1aa128f76') in 0.002 seconds [static and dynamic dependencies]. Details - ImportResultOutputID=a74185a564c9ded0597c5b953411fa02 DependenciesID=7b997978f9b9bf2032ea29ac4097b864 StaticDependenciesID=c3f8d974f454da79d8d02e08a8b11ff4 
Number of updated asset objects reloaded before import = 0
Number of asset objects unloaded after import = 1
========================================================================
Received Import Request.
  Time of request: 2026-09-18T17:31:47.1573467Z
  Time since last request: 0.0003202 seconds.
  importAddress: GUID: effce4cba4eecea489c4b17e1eb3825e - Path: Packages/com.unity.render-pipelines.universal/ShaderLibrary/SSAOCommon.hlsl - Importer: ScriptedImporter/UnityEditor.QuickSearchModule:UnityEditor.Search:ASIAI0B
Importing 'GUID: effce4cba4eecea489c4b17e1eb3825e - Path: Packages/com.unity.render-pipelines.universal/ShaderLibrary/SSAOCommon.hlsl - Importer: ScriptedImporter/UnityEditor.QuickSearchModule:UnityEditor.Search:ASIAI0B' with importer (ScriptedImporter : UnityEditor.QuickSearchModule:UnityEditor.Search:ASIAI0B)
Imported 'GUID: effce4cba4eecea489c4b17e1eb3825e' -> (Import Result ID: '7dfe01af926244df956e2b84b4eab18e') in 0.002 seconds [static and dynamic dependencies]. Details - ImportResultOutputID=9ea19585140f4d593368ee2f5b233e02 DependenciesID=4802b5309787a2e6411cd7cc5a5e5e9c StaticDependenciesID=5eaaa0c4d59555babbce16b9fa3a860d 
Number of updated asset objects reloaded before import = 0
Number of asset objects unloaded after import = 1
========================================================================
Received Import Request.
  Time of request: 2026-09-18T17:31:47.1752614Z
  Time since last request: 0.0003497 seconds.
  importAddress: GUID: 930a5f40803cb414b84db9a1889f890c - Path: Packages/com.unity.render-pipelines.universal/ShaderLibrary/SSAO.hlsl - Importer: ScriptedImporter/UnityEditor.QuickSearchModule:UnityEditor.Search:ASIAI0B
Importing 'GUID: 930a5f40803cb414b84db9a1889f890c - Path: Packages/com.unity.render-pipelines.universal/ShaderLibrary/SSAO.hlsl - Importer: ScriptedImporter/UnityEditor.QuickSearchModule:UnityEditor.Search:ASIAI0B' with importer (ScriptedImporter : UnityEditor.QuickSearchModule:UnityEditor.Search:ASIAI0B)
Imported 'GUID: 930a5f40803cb414b84db9a1889f890c' -> (Import Result ID: '5c2e6a7862173f11535e9dbd7d1dbf2a') in 0.002 seconds [static and dynamic dependencies]. Details - ImportResultOutputID=4138efc5449ae664de318b971346ee00 DependenciesID=327503439af4c81b3d8f347565d60c28 StaticDependenciesID=51623513b5790bad59007b97900de129 
Number of updated asset objects reloaded before import = 0
Number of asset objects unloaded after import = 1
========================================================================
Received Import Request.
  Time of request: 2026-09-18T17:31:47.1929493Z
  Time since last request: 0.000323 seconds.
  importAddress: GUID: d6641dcdedd1f422aa58ffec746e5342 - Path: Packages/com.unity.render-pipelines.universal/Shaders/LitDepthNormalsPass.hlsl - Importer: ScriptedImporter/UnityEditor.QuickSearchModule:UnityEditor.Search:ASIAI0B
Importing 'GUID: d6641dcdedd1f422aa58ffec746e5342 - Path: Packages/com.unity.render-pipelines.universal/Shaders/LitDepthNormalsPass.hlsl - Importer: ScriptedImporter/UnityEditor.QuickSearchModule:UnityEditor.Search:ASIAI0B' with importer (ScriptedImporter : UnityEditor.QuickSearchModule:UnityEditor.Search:ASIAI0B)
Imported 'GUID: d6641dcdedd1f422aa58ffec746e5342' -> (Import Result ID: '22d4e70790c93050bc24faffe9ca4d19') in 0.002 seconds [static and dynamic dependencies]. Details - ImportResultOutputID=e5e29c975340c22b8d8804309c980cd3 DependenciesID=478e3174775b0421b8206e8d92c409c8 StaticDependenciesID=ba41e74c25056d9e9a44391188482303 
Number of updated asset objects reloaded before import = 0
Number of asset objects unloaded after import = 1
========================================================================
Received Import Request.
  Time of request: 2026-09-18T17:31:47.2109343Z
  Time since last request: 0.0003096 seconds.
  importAddress: GUID: 9adc879d74aec4400bbdce89ff664a05 - Path: Packages/com.unity.render-pipelines.universal/ShaderLibrary/ShaderGraphFunctions.hlsl - Importer: ScriptedImporter/UnityEditor.QuickSearchModule:UnityEditor.Search:ASIAI0B
Importing 'GUID: 9adc879d74aec4400bbdce89ff664a05 - Path: Packages/com.unity.render-pipelines.universal/ShaderLibrary/ShaderGraphFunctions.hlsl - Importer: ScriptedImporter/UnityEditor.QuickSearchModule:UnityEditor.Search:ASIAI0B' with importer (ScriptedImporter : UnityEditor.QuickSearchModule:UnityEditor.Search:ASIAI0B)
Imported 'GUID: 9adc879d74aec4400bbdce89ff664a05' -> (Import Result ID: '8150fed750dffdeb1b8411bcf82b9598') in 0.002 seconds [static and dynamic dependencies]. Details - ImportResultOutputID=1b4a5beddadc71daac08797eb202bd12 DependenciesID=813122aed41e789b4311637a833e893e StaticDependenciesID=3586718cf331ff92b74255d92f5fe72b 
Number of updated asset objects reloaded before import = 0
Number of asset objects unloaded after import = 1
========================================================================
Received Import Request.
  Time of request: 2026-09-18T17:31:47.2287066Z
  Time since last request: 0.0003484 seconds.
  importAddress: GUID: 229e2e6b5e442024a819f1a5bc578442 - Path: Packages/com.unity.render-pipelines.universal/ShaderLibrary/SampleScreenSpaceReflection.hlsl - Importer: ScriptedImporter/UnityEditor.QuickSearchModule:UnityEditor.Search:ASIAI0B
Importing 'GUID: 229e2e6b5e442024a819f1a5bc578442 - Path: Packages/com.unity.render-pipelines.universal/ShaderLibrary/SampleScreenSpaceReflection.hlsl - Importer: ScriptedImporter/UnityEditor.QuickSearchModule:UnityEditor.Search:ASIAI0B' with importer (ScriptedImporter : UnityEditor.QuickSearchModule:UnityEditor.Search:ASIAI0B)
Imported 'GUID: 229e2e6b5e442024a819f1a5bc578442' -> (Import Result ID: '210227b399871d3d84ac00167ef7fde9') in 0.002 seconds [static and dynamic dependencies]. Details - ImportResultOutputID=f288ecc6389e7a28dcfa8a4fdbe97883 DependenciesID=ad5fe17588e64fdd25826bf4bfd3fabb StaticDependenciesID=999eefd3890f32066e7500c376ef0d16 
Number of updated asset objects reloaded before import = 0
Number of asset objects unloaded after import = 1
========================================================================
Received Import Request.
  Time of request: 2026-09-18T17:31:47.2466532Z
  Time since last request: 0.0002964 seconds.
  importAddress: GUID: 573542356fb54fe4583ff78639189cf8 - Path: Packages/com.unity.render-pipelines.universal/ShaderLibrary/UniversalMetaPass.hlsl - Importer: ScriptedImporter/UnityEditor.QuickSearchModule:UnityEditor.Search:ASIAI0B
Importing 'GUID: 573542356fb54fe4583ff78639189cf8 - Path: Packages/com.unity.render-pipelines.universal/ShaderLibrary/UniversalMetaPass.hlsl - Importer: ScriptedImporter/UnityEditor.QuickSearchModule:UnityEditor.Search:ASIAI0B' with importer (ScriptedImporter : UnityEditor.QuickSearchModule:UnityEditor.Search:ASIAI0B)
Imported 'GUID: 573542356fb54fe4583ff78639189cf8' -> (Import Result ID: 'ab68047fc0716574ace2c2490689a63e') in 0.002 seconds [static and dynamic dependencies]. Details - ImportResultOutputID=1651ec8b061260464a55663ce45879ab DependenciesID=9ac47cb77691e14d29e72aaaef1e377b StaticDependenciesID=0a2139d5e89ec1d8a26c658ac9893ea6 
Number of updated asset objects reloaded before import = 0
Number of asset objects unloaded after import = 1
========================================================================
Received Import Request.
  Time of request: 2026-09-18T17:31:47.2653741Z
  Time since last request: 0.0002864 seconds.
  importAddress: GUID: 2bf17b1d7445af843ad939d7527d8938 - Path: Packages/com.unity.render-pipelines.universal/Shaders/FullscreenInvertColorsTemplate.png - Importer: ScriptedImporter/UnityEditor.QuickSearchModule:UnityEditor.Search:ASIAI0B
Importing 'GUID: 2bf17b1d7445af843ad939d7527d8938 - Path: Packages/com.unity.render-pipelines.universal/Shaders/FullscreenInvertColorsTemplate.png - Importer: ScriptedImporter/UnityEditor.QuickSearchModule:UnityEditor.Search:ASIAI0B' with importer (ScriptedImporter : UnityEditor.QuickSearchModule:UnityEditor.Search:ASIAI0B)
Imported 'GUID: 2bf17b1d7445af843ad939d7527d8938' -> (Import Result ID: '91ecab3df9812979118f8e0285b49113') in 0.011 seconds [static and dynamic dependencies]. Details - ImportResultOutputID=fbaf3e5dc97396214f03913f34fd846c DependenciesID=2464f5808d62e05f0964feda0b9b4677 StaticDependenciesID=24e13bb57ac384413e892022e3d5c7ec 
Number of updated asset objects reloaded before import = 0
Number of asset objects unloaded after import = 1
========================================================================
Received Import Request.
  Time of request: 2026-09-18T17:31:47.2920553Z
  Time since last request: 0.0002422 seconds.
  importAddress: GUID: c56b7e0d4c7cb484e959caeeedae9bbf - Path: Packages/com.unity.render-pipelines.universal/Shaders/CameraMotionVectors.shader - Importer: ScriptedImporter/UnityEditor.QuickSearchModule:UnityEditor.Search:ASIAI0B
Importing 'GUID: c56b7e0d4c7cb484e959caeeedae9bbf - Path: Packages/com.unity.render-pipelines.universal/Shaders/CameraMotionVectors.shader - Importer: ScriptedImporter/UnityEditor.QuickSearchModule:UnityEditor.Search:ASIAI0B' with importer (ScriptedImporter : UnityEditor.QuickSearchModule:UnityEditor.Search:ASIAI0B)
Imported 'GUID: c56b7e0d4c7cb484e959caeeedae9bbf' -> (Import Result ID: 'f1414ae405a7c0f940a7b22b815822e4') in 0.003 seconds [static and dynamic dependencies]. Details - ImportResultOutputID=499e367ec87c179e2a5fee44adcc6bd7 DependenciesID=d43d00f777d8010fd228ad80c97da7a2 StaticDependenciesID=42fe4bf716d49cd74473df8d42111353 
Number of updated asset objects reloaded before import = 0
Number of asset objects unloaded after import = 1
========================================================================
Received Import Request.
  Time of request: 2026-09-18T17:31:47.3105733Z
  Time since last request: 0.000279 seconds.
  importAddress: GUID: 181b211e2007bd4478d853b8964457ab - Path: Packages/com.unity.render-pipelines.universal/ShaderLibrary/SurfaceData.hlsl - Importer: ScriptedImporter/UnityEditor.QuickSearchModule:UnityEditor.Search:ASIAI0B
Importing 'GUID: 181b211e2007bd4478d853b8964457ab - Path: Packages/com.unity.render-pipelines.universal/ShaderLibrary/SurfaceData.hlsl - Importer: ScriptedImporter/UnityEditor.QuickSearchModule:UnityEditor.Search:ASIAI0B' with importer (ScriptedImporter : UnityEditor.QuickSearchModule:UnityEditor.Search:ASIAI0B)
Imported 'GUID: 181b211e2007bd4478d853b8964457ab' -> (Import Result ID: 'eb6be8e3b7223bfc85c7bd328588f06d') in 0.003 seconds [static and dynamic dependencies]. Details - ImportResultOutputID=615b61cdb49f72373ea8fa4d60d09f35 DependenciesID=2bc70d783bb8d443f9ab5b8b8e9480b8 StaticDependenciesID=2851ef76b6630ef7387dad6882873696 
Number of updated asset objects reloaded before import = 0
Number of asset objects unloaded after import = 1
========================================================================
Received Import Request.
  Time of request: 2026-09-18T17:31:47.3286963Z
  Time since last request: 0.0002849 seconds.
  importAddress: GUID: 92673cbb58cac8e4d8b5d044ce912dd8 - Path: Packages/com.unity.render-pipelines.universal/Shaders/LitGBufferPass.hlsl - Importer: ScriptedImporter/UnityEditor.QuickSearchModule:UnityEditor.Search:ASIAI0B
Importing 'GUID: 92673cbb58cac8e4d8b5d044ce912dd8 - Path: Packages/com.unity.render-pipelines.universal/Shaders/LitGBufferPass.hlsl - Importer: ScriptedImporter/UnityEditor.QuickSearchModule:UnityEditor.Search:ASIAI0B' with importer (ScriptedImporter : UnityEditor.QuickSearchModule:UnityEditor.Search:ASIAI0B)
Imported 'GUID: 92673cbb58cac8e4d8b5d044ce912dd8' -> (Import Result ID: '6e87a9ae08833db9ec584a3cee14882c') in 0.002 seconds [static and dynamic dependencies]. Details - ImportResultOutputID=e04204df50b76262d764ab5767f84e14 DependenciesID=c13672de19299960daf7bf641a568d55 StaticDependenciesID=307f578388aa6de166e4cd6a2f75e519 
Number of updated asset objects reloaded before import = 0
Number of asset objects unloaded after import = 1
========================================================================
Received Import Request.
  Time of request: 2026-09-18T17:31:47.3466897Z
  Time since last request: 0.0003465 seconds.
  importAddress: GUID: 77a6d2810aa974e0bad8b56aec6e87f4 - Path: Packages/com.unity.render-pipelines.universal/ShaderLibrary/ShaderVariablesFunctions.deprecated.hlsl - Importer: ScriptedImporter/UnityEditor.QuickSearchModule:UnityEditor.Search:ASIAI0B
Importing 'GUID: 77a6d2810aa974e0bad8b56aec6e87f4 - Path: Packages/com.unity.render-pipelines.universal/ShaderLibrary/ShaderVariablesFunctions.deprecated.hlsl - Importer: ScriptedImporter/UnityEditor.QuickSearchModule:UnityEditor.Search:ASIAI0B' with importer (ScriptedImporter : UnityEditor.QuickSearchModule:UnityEditor.Search:ASIAI0B)
Imported 'GUID: 77a6d2810aa974e0bad8b56aec6e87f4' -> (Import Result ID: 'f8428c34a52ec2557632642a7eb17742') in 0.002 seconds [static and dynamic dependencies]. Details - ImportResultOutputID=e82751d2ee973d9c15fbe25425c938cf DependenciesID=d5299a4b466367859c6f0669a63fde9d StaticDependenciesID=4be53d1f7273c389a4931b46d4d20da6 
Number of updated asset objects reloaded before import = 0
Number of asset objects unloaded after import = 1
========================================================================
Received Import Request.
  Time of request: 2026-09-18T17:31:47.3650754Z
  Time since last request: 0.0002885 seconds.
  importAddress: GUID: 60e10855641b4d84da68ec72e6f6eeb8 - Path: Packages/com.unity.render-pipelines.universal/Shaders/SpatialMappingOcclusion.shader - Importer: ScriptedImporter/UnityEditor.QuickSearchModule:UnityEditor.Search:ASIAI0B
Importing 'GUID: 60e10855641b4d84da68ec72e6f6eeb8 - Path: Packages/com.unity.render-pipelines.universal/Shaders/SpatialMappingOcclusion.shader - Importer: ScriptedImporter/UnityEditor.QuickSearchModule:UnityEditor.Search:ASIAI0B' with importer (ScriptedImporter : UnityEditor.QuickSearchModule:UnityEditor.Search:ASIAI0B)
Imported 'GUID: 60e10855641b4d84da68ec72e6f6eeb8' -> (Import Result ID: 'c3fa7fae359973de0cc7b6c5ba212694') in 0.003 seconds [static and dynamic dependencies]. Details - ImportResultOutputID=e29ba2a94385e5f8c52d08c7d4ae3b26 DependenciesID=ca2708293239d832bc7c9d150dbe788d StaticDependenciesID=fbd3f12535a42922369a98852efbef17 
Number of updated asset objects reloaded before import = 0
Number of asset objects unloaded after import = 1
========================================================================
Received Import Request.
  Time of request: 2026-09-18T17:31:47.3847364Z
  Time since last request: 0.0002978 seconds.
  importAddress: GUID: 463a8185744c2459f8e621f4e4eb74d3 - Path: Packages/com.unity.render-pipelines.universal/Shaders/BakedLitInput.hlsl - Importer: ScriptedImporter/UnityEditor.QuickSearchModule:UnityEditor.Search:ASIAI0B
Importing 'GUID: 463a8185744c2459f8e621f4e4eb74d3 - Path: Packages/com.unity.render-pipelines.universal/Shaders/BakedLitInput.hlsl - Importer: ScriptedImporter/UnityEditor.QuickSearchModule:UnityEditor.Search:ASIAI0B' with importer (ScriptedImporter : UnityEditor.QuickSearchModule:UnityEditor.Search:ASIAI0B)
Imported 'GUID: 463a8185744c2459f8e621f4e4eb74d3' -> (Import Result ID: 'da838a7c724e10e31ef87036a3cacb47') in 0.003 seconds [static and dynamic dependencies]. Details - ImportResultOutputID=3fc102ab2af63a71a91e9f9146ec4330 DependenciesID=b95b62cf1c3f8d32998f48329e340865 StaticDependenciesID=f96bc5328bd3364c3f67b89d9246197e 
Number of updated asset objects reloaded before import = 0
Number of asset objects unloaded after import = 1
========================================================================
Received Import Request.
  Time of request: 2026-09-18T17:31:47.4040849Z
  Time since last request: 0.0003032 seconds.
  importAddress: GUID: d39ce33cadd344129a28bf89a1b8e4e4 - Path: Packages/com.unity.render-pipelines.universal/ShaderLibrary/ScreenSpaceReflectionCommon.hlsl - Importer: ScriptedImporter/UnityEditor.QuickSearchModule:UnityEditor.Search:ASIAI0B
Importing 'GUID: d39ce33cadd344129a28bf89a1b8e4e4 - Path: Packages/com.unity.render-pipelines.universal/ShaderLibrary/ScreenSpaceReflectionCommon.hlsl - Importer: ScriptedImporter/UnityEditor.QuickSearchModule:UnityEditor.Search:ASIAI0B' with importer (ScriptedImporter : UnityEditor.QuickSearchModule:UnityEditor.Search:ASIAI0B)
Imported 'GUID: d39ce33cadd344129a28bf89a1b8e4e4' -> (Import Result ID: '78d9bbe16bcf409e111e8ace73d43b9f') in 0.002 seconds [static and dynamic dependencies]. Details - ImportResultOutputID=b9420567ad8d95f3966705a6952c36a0 DependenciesID=af301e921badb47013fe93fe2ed0c80c StaticDependenciesID=9c66205a753af3b854d8c6ec41e4320a 
Number of updated asset objects reloaded before import = 0
Number of asset objects unloaded after import = 1
========================================================================
Received Import Request.
  Time of request: 2026-09-18T17:31:47.4227768Z
  Time since last request: 0.0003199 seconds.
  importAddress: GUID: e7ba75cc852b14b7f934978b5697bf1b - Path: Packages/com.unity.render-pipelines.universal/Shaders/UnlitInput.hlsl - Importer: ScriptedImporter/UnityEditor.QuickSearchModule:UnityEditor.Search:ASIAI0B
Importing 'GUID: e7ba75cc852b14b7f934978b5697bf1b - Path: Packages/com.unity.render-pipelines.universal/Shaders/UnlitInput.hlsl - Importer: ScriptedImporter/UnityEditor.QuickSearchModule:UnityEditor.Search:ASIAI0B' with importer (ScriptedImporter : UnityEditor.QuickSearchModule:UnityEditor.Search:ASIAI0B)
Imported 'GUID: e7ba75cc852b14b7f934978b5697bf1b' -> (Import Result ID: '3dbc9684e38a7ba7da77bdb77b7403c5') in 0.002 seconds [static and dynamic dependencies]. Details - ImportResultOutputID=44a2290690cf3e19e4242f7853b3947e DependenciesID=cba0ee66ac4ea9d3f1d04086a40b0aa6 StaticDependenciesID=ee6ebf625a4f4ec87809b1ace46bcd34 
Number of updated asset objects reloaded before import = 0
Number of asset objects unloaded after import = 1
========================================================================
Received Import Request.
  Time of request: 2026-09-18T17:31:47.4426106Z
  Time since last request: 0.0002767 seconds.
  importAddress: GUID: 26a413214480ef144b2915d6ff4d0beb - Path: Packages/com.unity.render-pipelines.universal/Textures/DebugFont.tga - Importer: ScriptedImporter/UnityEditor.QuickSearchModule:UnityEditor.Search:ASIAI0B
Importing 'GUID: 26a413214480ef144b2915d6ff4d0beb - Path: Packages/com.unity.render-pipelines.universal/Textures/DebugFont.tga - Importer: ScriptedImporter/UnityEditor.QuickSearchModule:UnityEditor.Search:ASIAI0B' with importer (ScriptedImporter : UnityEditor.QuickSearchModule:UnityEditor.Search:ASIAI0B)
Imported 'GUID: 26a413214480ef144b2915d6ff4d0beb' -> (Import Result ID: 'e0aea248e616ece5a9dbf75b740a4f89') in 0.007 seconds [static and dynamic dependencies]. Details - ImportResultOutputID=39e9a295fcf952cec3ca852113bbcc91 DependenciesID=6a4de752943412952e3f4bc3425593bb StaticDependenciesID=dd5f25e7098f4ed60de4ae5665417e06 
Number of updated asset objects reloaded before import = 0
Number of asset objects unloaded after import = 1
========================================================================
Received Import Request.
  Time of request: 2026-09-18T17:31:47.4658739Z
  Time since last request: 0.0003083 seconds.
  importAddress: GUID: 546b9685ee7cc0941afd734baa08db2a - Path: Packages/com.unity.render-pipelines.universal/ShaderLibrary/SurfaceInput.hlsl - Importer: ScriptedImporter/UnityEditor.QuickSearchModule:UnityEditor.Search:ASIAI0B
Importing 'GUID: 546b9685ee7cc0941afd734baa08db2a - Path: Packages/com.unity.render-pipelines.universal/ShaderLibrary/SurfaceInput.hlsl - Importer: ScriptedImporter/UnityEditor.QuickSearchModule:UnityEditor.Search:ASIAI0B' with importer (ScriptedImporter : UnityEditor.QuickSearchModule:UnityEditor.Search:ASIAI0B)
Imported 'GUID: 546b9685ee7cc0941afd734baa08db2a' -> (Import Result ID: '0767d52f1762226519a31e4cc9ada707') in 0.002 seconds [static and dynamic dependencies]. Details - ImportResultOutputID=d66081128fa892b7d4a680bb464f8544 DependenciesID=ae51594dd8c09899513a739dcf84503d StaticDependenciesID=be2cc03a2d8156d004c27c9690ab7bd6 
Number of updated asset objects reloaded before import = 0
Number of asset objects unloaded after import = 1
========================================================================
Received Import Request.
  Time of request: 2026-09-18T17:31:47.4840863Z
  Time since last request: 0.0002649 seconds.
  importAddress: GUID: 6be8cfeb6b34eca43b000cb7bad7255e - Path: Packages/com.unity.render-pipelines.universal/ShaderLibrary/ShaderTypes.cs.hlsl - Importer: ScriptedImporter/UnityEditor.QuickSearchModule:UnityEditor.Search:ASIAI0B
Importing 'GUID: 6be8cfeb6b34eca43b000cb7bad7255e - Path: Packages/com.unity.render-pipelines.universal/ShaderLibrary/ShaderTypes.cs.hlsl - Importer: ScriptedImporter/UnityEditor.QuickSearchModule:UnityEditor.Search:ASIAI0B' with importer (ScriptedImporter : UnityEditor.QuickSearchModule:UnityEditor.Search:ASIAI0B)
Imported 'GUID: 6be8cfeb6b34eca43b000cb7bad7255e' -> (Import Result ID: '43051b13ee419a0ee83dbb192df00247') in 0.003 seconds [static and dynamic dependencies]. Details - ImportResultOutputID=ccab106a1de3d1757ae615d5dc01353c DependenciesID=805afbd5ff0bce5bbacbefe77239604d StaticDependenciesID=e0425110b72789a9750263ec38cc44c4 
Number of updated asset objects reloaded before import = 0
Number of asset objects unloaded after import = 1
========================================================================
Received Import Request.
  Time of request: 2026-09-18T17:31:47.5024761Z
  Time since last request: 0.0003568 seconds.
  importAddress: GUID: 9604e389528d04ae39fe05a7b4212172 - Path: Packages/com.unity.render-pipelines.universal/Shaders/BakedLitDepthNormalsPass.hlsl - Importer: ScriptedImporter/UnityEditor.QuickSearchModule:UnityEditor.Search:ASIAI0B
Importing 'GUID: 9604e389528d04ae39fe05a7b4212172 - Path: Packages/com.unity.render-pipelines.universal/Shaders/BakedLitDepthNormalsPass.hlsl - Importer: ScriptedImporter/UnityEditor.QuickSearchModule:UnityEditor.Search:ASIAI0B' with importer (ScriptedImporter : UnityEditor.QuickSearchModule:UnityEditor.Search:ASIAI0B)
Imported 'GUID: 9604e389528d04ae39fe05a7b4212172' -> (Import Result ID: '6e87c8abf31541f850d36e4b30e5726f') in 0.002 seconds [static and dynamic dependencies]. Details - ImportResultOutputID=8900a53c9622cbb49f076e5a137c4d97 DependenciesID=ec073309b90f4b08017c149b11739c23 StaticDependenciesID=360e7d30526bf9661113fa22efb1c5f1 
Number of updated asset objects reloaded before import = 0
Number of asset objects unloaded after import = 1
========================================================================
Received Import Request.
  Time of request: 2026-09-18T17:31:47.5212716Z
  Time since last request: 0.0002958 seconds.
  importAddress: GUID: 5cb845b7decdb4db6a7fcc676b127b6d - Path: Packages/com.unity.render-pipelines.universal/ShaderLibrary/Shadows.hlsl - Importer: ScriptedImporter/UnityEditor.QuickSearchModule:UnityEditor.Search:ASIAI0B
Importing 'GUID: 5cb845b7decdb4db6a7fcc676b127b6d - Path: Packages/com.unity.render-pipelines.universal/ShaderLibrary/Shadows.hlsl - Importer: ScriptedImporter/UnityEditor.QuickSearchModule:UnityEditor.Search:ASIAI0B' with importer (ScriptedImporter : UnityEditor.QuickSearchModule:UnityEditor.Search:ASIAI0B)
Imported 'GUID: 5cb845b7decdb4db6a7fcc676b127b6d' -> (Import Result ID: '1d042c3e9874e8d6160b56a013747d4d') in 0.002 seconds [static and dynamic dependencies]. Details - ImportResultOutputID=827bee6ab1b4b1685d5d6cd48eebd3e8 DependenciesID=bf3079c0606289e8ccababf04c24a5d0 StaticDependenciesID=1c7d678634e0803afaa072067491e64a 
Number of updated asset objects reloaded before import = 0
Number of asset objects unloaded after import = 1
========================================================================
Received Import Request.
  Time of request: 2026-09-18T17:31:47.5398616Z
  Time since last request: 0.0002691 seconds.
  importAddress: GUID: 8d2bb70cbf9db8d4da26e15b26e74248 - Path: Packages/com.unity.render-pipelines.universal/Shaders/SimpleLit.shader - Importer: ScriptedImporter/UnityEditor.QuickSearchModule:UnityEditor.Search:ASIAI0B
Importing 'GUID: 8d2bb70cbf9db8d4da26e15b26e74248 - Path: Packages/com.unity.render-pipelines.universal/Shaders/SimpleLit.shader - Importer: ScriptedImporter/UnityEditor.QuickSearchModule:UnityEditor.Search:ASIAI0B' with importer (ScriptedImporter : UnityEditor.QuickSearchModule:UnityEditor.Search:ASIAI0B)
Imported 'GUID: 8d2bb70cbf9db8d4da26e15b26e74248' -> (Import Result ID: 'dab2f62f4d428e37cab85013ccc956f7') in 0.004 seconds [static and dynamic dependencies]. Details - ImportResultOutputID=8f82e764e167a20d9818290f3b1ff204 DependenciesID=5bdbc34022c474c2e85524d0e8511460 StaticDependenciesID=648faa002e9b2348ea21e9e63bd5883b 
Number of updated asset objects reloaded before import = 0
Number of asset objects unloaded after import = 1
========================================================================
Received Import Request.
  Time of request: 2026-09-18T17:31:47.5616794Z
  Time since last request: 0.0002753 seconds.
  importAddress: GUID: 91bd1404255c4cb28a6c81f20300308f - Path: Packages/com.unity.render-pipelines.universal/ShaderLibrary/UniversalDOTSInstancing.hlsl - Importer: ScriptedImporter/UnityEditor.QuickSearchModule:UnityEditor.Search:ASIAI0B
Importing 'GUID: 91bd1404255c4cb28a6c81f20300308f - Path: Packages/com.unity.render-pipelines.universal/ShaderLibrary/UniversalDOTSInstancing.hlsl - Importer: ScriptedImporter/UnityEditor.QuickSearchModule:UnityEditor.Search:ASIAI0B' with importer (ScriptedImporter : UnityEditor.QuickSearchModule:UnityEditor.Search:ASIAI0B)
Imported 'GUID: 91bd1404255c4cb28a6c81f20300308f' -> (Import Result ID: 'f375b6c5a6e9379a98f7bc714dd6660d') in 0.003 seconds [static and dynamic dependencies]. Details - ImportResultOutputID=6b22b16000acb56852dfb97fcc4d9ab6 DependenciesID=f6239aa7abd663dfc9ca5fe77f2c1e97 StaticDependenciesID=83903f3b1dfa032b2ce6ca964dabef8b 
Number of updated asset objects reloaded before import = 0
Number of asset objects unloaded after import = 1
========================================================================
Received Import Request.
  Time of request: 2026-09-18T17:31:47.5805097Z
  Time since last request: 0.0002677 seconds.
  importAddress: GUID: f9ee4ed84c1d10c49aabb9b210b0fc44 - Path: Packages/com.unity.render-pipelines.universal/Textures/BayerMatrix.png - Importer: ScriptedImporter/UnityEditor.QuickSearchModule:UnityEditor.Search:ASIAI0B
Importing 'GUID: f9ee4ed84c1d10c49aabb9b210b0fc44 - Path: Packages/com.unity.render-pipelines.universal/Textures/BayerMatrix.png - Importer: ScriptedImporter/UnityEditor.QuickSearchModule:UnityEditor.Search:ASIAI0B' with importer (ScriptedImporter : UnityEditor.QuickSearchModule:UnityEditor.Search:ASIAI0B)
Imported 'GUID: f9ee4ed84c1d10c49aabb9b210b0fc44' -> (Import Result ID: 'd9a4064667563ba0f3301b26468607dc') in 0.007 seconds [static and dynamic dependencies]. Details - ImportResultOutputID=e6ff17ec2a1bddb5e7afdbd0ccb88505 DependenciesID=71490bcf9e8ed1910e649792ba4907c2 StaticDependenciesID=dd1896ce28305d1fbafa21f9abefe5a5 
Number of updated asset objects reloaded before import = 0
Number of asset objects unloaded after import = 1
========================================================================
Received Import Request.
  Time of request: 2026-09-18T17:31:47.6048069Z
  Time since last request: 0.0003035 seconds.
  importAddress: GUID: dcf4e762d48204e33b575f8007e3d563 - Path: Packages/com.unity.render-pipelines.universal/Shaders/LitMetaPass.hlsl - Importer: ScriptedImporter/UnityEditor.QuickSearchModule:UnityEditor.Search:ASIAI0B
Importing 'GUID: dcf4e762d48204e33b575f8007e3d563 - Path: Packages/com.unity.render-pipelines.universal/Shaders/LitMetaPass.hlsl - Importer: ScriptedImporter/UnityEditor.QuickSearchModule:UnityEditor.Search:ASIAI0B' with importer (ScriptedImporter : UnityEditor.QuickSearchModule:UnityEditor.Search:ASIAI0B)
Imported 'GUID: dcf4e762d48204e33b575f8007e3d563' -> (Import Result ID: '3d789aac118d4bf394c84d17c3c479da') in 0.002 seconds [static and dynamic dependencies]. Details - ImportResultOutputID=922cd1504593feb5c6d346297767389e DependenciesID=03f0217cb49064b8211d6cabe8afad0a StaticDependenciesID=84c0a88a4a0f326512eab571ef735aa4 
Number of updated asset objects reloaded before import = 0
Number of asset objects unloaded after import = 1
========================================================================
Received Import Request.
  Time of request: 2026-09-18T17:31:47.6233948Z
  Time since last request: 0.0003017 seconds.
  importAddress: GUID: 650dd9526735d5b46b79224bc6e94025 - Path: Packages/com.unity.render-pipelines.universal/Shaders/Unlit.shader - Importer: ScriptedImporter/UnityEditor.QuickSearchModule:UnityEditor.Search:ASIAI0B
Importing 'GUID: 650dd9526735d5b46b79224bc6e94025 - Path: Packages/com.unity.render-pipelines.universal/Shaders/Unlit.shader - Importer: ScriptedImporter/UnityEditor.QuickSearchModule:UnityEditor.Search:ASIAI0B' with importer (ScriptedImporter : UnityEditor.QuickSearchModule:UnityEditor.Search:ASIAI0B)
Imported 'GUID: 650dd9526735d5b46b79224bc6e94025' -> (Import Result ID: 'aae9cbc24d0417afe0d1861d5fe88171') in 0.005 seconds [static and dynamic dependencies]. Details - ImportResultOutputID=f241fa4b28df03bfa9c11cf1836d1559 DependenciesID=5ccb8966ac1029396f2e45cddd6fadd4 StaticDependenciesID=28ba5b77fbfc34c882f649c3f3d7f017 
Number of updated asset objects reloaded before import = 0
Number of asset objects unloaded after import = 1
========================================================================
Received Import Request.
  Time of request: 2026-09-18T17:31:47.6438481Z
  Time since last request: 0.0002769 seconds.
  importAddress: GUID: 0acd4fdbcf0cf654a9cdf3e9ccc2edce - Path: Packages/com.unity.render-pipelines.universal/Shaders/DepthOnlyPass.hlsl - Importer: ScriptedImporter/UnityEditor.QuickSearchModule:UnityEditor.Search:ASIAI0B
Importing 'GUID: 0acd4fdbcf0cf654a9cdf3e9ccc2edce - Path: Packages/com.unity.render-pipelines.universal/Shaders/DepthOnlyPass.hlsl - Importer: ScriptedImporter/UnityEditor.QuickSearchModule:UnityEditor.Search:ASIAI0B' with importer (ScriptedImporter : UnityEditor.QuickSearchModule:UnityEditor.Search:ASIAI0B)
Imported 'GUID: 0acd4fdbcf0cf654a9cdf3e9ccc2edce' -> (Import Result ID: '6a15c3c2ec7fbfcb5a1dbfacc0e97e55') in 0.002 seconds [static and dynamic dependencies]. Details - ImportResultOutputID=71a25d9e97033c84761d865e1bf02682 DependenciesID=cfd4ba8172cd1337405a44f932439986 StaticDependenciesID=a4c73ba01e651a02291120d357ce57e7 
Number of updated asset objects reloaded before import = 0
Number of asset objects unloaded after import = 1
========================================================================
Received Import Request.
  Time of request: 2026-09-18T17:31:47.6631844Z
  Time since last request: 0.0003033 seconds.
  importAddress: GUID: a8db2eae5ac4548a683f17e8c528c05c - Path: Packages/com.unity.render-pipelines.universal/ShaderLibrary/ShaderVariablesFunctions.hlsl - Importer: ScriptedImporter/UnityEditor.QuickSearchModule:UnityEditor.Search:ASIAI0B
Importing 'GUID: a8db2eae5ac4548a683f17e8c528c05c - Path: Packages/com.unity.render-pipelines.universal/ShaderLibrary/ShaderVariablesFunctions.hlsl - Importer: ScriptedImporter/UnityEditor.QuickSearchModule:UnityEditor.Search:ASIAI0B' with importer (ScriptedImporter : UnityEditor.QuickSearchModule:UnityEditor.Search:ASIAI0B)
Imported 'GUID: a8db2eae5ac4548a683f17e8c528c05c' -> (Import Result ID: '89e9b5ac1e9f53602008e58521593e35') in 0.002 seconds [static and dynamic dependencies]. Details - ImportResultOutputID=c8d33bd2647cada0504e91a8218d1b6b DependenciesID=68da22a8398a935b02db465e26cafa9f StaticDependenciesID=6e81418935729bf7cdd6d7d69c03ead5 
Number of updated asset objects reloaded before import = 0
Number of asset objects unloaded after import = 1
========================================================================
Received Import Request.
  Time of request: 2026-09-18T17:31:47.6816597Z
  Time since last request: 0.0002698 seconds.
  importAddress: GUID: ab67fb10353d84448ac887a7367cbda8 - Path: Packages/com.unity.render-pipelines.universal/ShaderLibrary/Unity.RenderPipelines.Universal.ShaderLibrary.asmdef - Importer: ScriptedImporter/UnityEditor.QuickSearchModule:UnityEditor.Search:ASIAI0B
Importing 'GUID: ab67fb10353d84448ac887a7367cbda8 - Path: Packages/com.unity.render-pipelines.universal/ShaderLibrary/Unity.RenderPipelines.Universal.ShaderLibrary.asmdef - Importer: ScriptedImporter/UnityEditor.QuickSearchModule:UnityEditor.Search:ASIAI0B' with importer (ScriptedImporter : UnityEditor.QuickSearchModule:UnityEditor.Search:ASIAI0B)
Imported 'GUID: ab67fb10353d84448ac887a7367cbda8' -> (Import Result ID: '9c37c1f21a9e77364395698c951e770a') in 0.004 seconds [static and dynamic dependencies]. Details - ImportResultOutputID=6fcc21e5d7824da55ebdf34bdc4e0053 DependenciesID=c7d6ec7760596bd946c16163c3a2f941 StaticDependenciesID=0e3b4c04ab7db9e7d0f747cb073bd066 
Number of updated asset objects reloaded before import = 0
Number of asset objects unloaded after import = 1
========================================================================
Received Import Request.
  Time of request: 2026-09-18T17:31:47.7014411Z
  Time since last request: 0.0002826 seconds.
  importAddress: GUID: ffc632d1e38ef4682807a89afb2b966f - Path: Packages/com.unity.render-pipelines.universal/Shaders/SimpleLitMetaPass.hlsl - Importer: ScriptedImporter/UnityEditor.QuickSearchModule:UnityEditor.Search:ASIAI0B
Importing 'GUID: ffc632d1e38ef4682807a89afb2b966f - Path: Packages/com.unity.render-pipelines.universal/Shaders/SimpleLitMetaPass.hlsl - Importer: ScriptedImporter/UnityEditor.QuickSearchModule:UnityEditor.Search:ASIAI0B' with importer (ScriptedImporter : UnityEditor.QuickSearchModule:UnityEditor.Search:ASIAI0B)
Imported 'GUID: ffc632d1e38ef4682807a89afb2b966f' -> (Import Result ID: '8c688806aad1971fea793c330985ba17') in 0.002 seconds [static and dynamic dependencies]. Details - ImportResultOutputID=aa28018e15dc7a025dd1b47c3cc17797 DependenciesID=c60a55a47b70e9743dcdf21b985d9cdd StaticDependenciesID=873c3d6445c3e14d169ad11fd97aba95 
Number of updated asset objects reloaded before import = 0
Number of asset objects unloaded after import = 1
========================================================================
Received Import Request.
  Time of request: 2026-09-18T17:31:47.7208531Z
  Time since last request: 0.0003075 seconds.
  importAddress: GUID: 70003ec87ea6481a920369a377c1b623 - Path: Packages/com.unity.render-pipelines.universal/Shaders/BakedLitForwardPass.hlsl - Importer: ScriptedImporter/UnityEditor.QuickSearchModule:UnityEditor.Search:ASIAI0B
Importing 'GUID: 70003ec87ea6481a920369a377c1b623 - Path: Packages/com.unity.render-pipelines.universal/Shaders/BakedLitForwardPass.hlsl - Importer: ScriptedImporter/UnityEditor.QuickSearchModule:UnityEditor.Search:ASIAI0B' with importer (ScriptedImporter : UnityEditor.QuickSearchModule:UnityEditor.Search:ASIAI0B)
Imported 'GUID: 70003ec87ea6481a920369a377c1b623' -> (Import Result ID: '531b76e5ac1ce877aebefa53211581d2') in 0.002 seconds [static and dynamic dependencies]. Details - ImportResultOutputID=4d86b626a86422a8d3c8cf438c328a0d DependenciesID=8ae4a63fbc96451bf295fcfc8bae2476 StaticDependenciesID=558d8fd27d930392abf25548a459a9ae 
Number of updated asset objects reloaded before import = 0
Number of asset objects unloaded after import = 1
========================================================================
Received Import Request.
  Time of request: 2026-09-18T17:31:47.7384907Z
  Time since last request: 0.000269 seconds.
  importAddress: GUID: ee7e4c9a5f6364b688a332c67fc32cca - Path: Packages/com.unity.render-pipelines.universal/Shaders/ComplexLit.shader - Importer: ScriptedImporter/UnityEditor.QuickSearchModule:UnityEditor.Search:ASIAI0B
Importing 'GUID: ee7e4c9a5f6364b688a332c67fc32cca - Path: Packages/com.unity.render-pipelines.universal/Shaders/ComplexLit.shader - Importer: ScriptedImporter/UnityEditor.QuickSearchModule:UnityEditor.Search:ASIAI0B' with importer (ScriptedImporter : UnityEditor.QuickSearchModule:UnityEditor.Search:ASIAI0B)
Imported 'GUID: ee7e4c9a5f6364b688a332c67fc32cca' -> (Import Result ID: '7931e881368434b27cc3008d359d24c2') in 0.005 seconds [static and dynamic dependencies]. Details - ImportResultOutputID=20fc9f991b868493e2d5b3ce62e3fb35 DependenciesID=dbceae487c2c09af0c71bb6bff0ec174 StaticDependenciesID=681f0f71d4a2833d4448fcd9073faf60 
Number of updated asset objects reloaded before import = 0
Number of asset objects unloaded after import = 1
========================================================================
Received Import Request.
  Time of request: 2026-09-18T17:31:47.7591781Z
  Time since last request: 0.00031 seconds.
  importAddress: GUID: fb6390f650ca44a5ba3246d8dda47927 - Path: Packages/com.unity.render-pipelines.universal/Shaders/FullscreenInvertColors.shadergraph - Importer: ScriptedImporter/UnityEditor.QuickSearchModule:UnityEditor.Search:ASIAI0B
Importing 'GUID: fb6390f650ca44a5ba3246d8dda47927 - Path: Packages/com.unity.render-pipelines.universal/Shaders/FullscreenInvertColors.shadergraph - Importer: ScriptedImporter/UnityEditor.QuickSearchModule:UnityEditor.Search:ASIAI0B' with importer (ScriptedImporter : UnityEditor.QuickSearchModule:UnityEditor.Search:ASIAI0B)
Imported 'GUID: fb6390f650ca44a5ba3246d8dda47927' -> (Import Result ID: '46b9bdee1a04cf534aca593919390f1c') in 0.010 seconds [static and dynamic dependencies]. Details - ImportResultOutputID=a7c32afe0ed7c893843c749d9cebcd3c DependenciesID=58f7120fef227882ed08d16c3388d016 StaticDependenciesID=fa3631406cc31c86619167a46fa795b4 
Number of updated asset objects reloaded before import = 0
Number of asset objects unloaded after import = 5
========================================================================
Received Import Request.
  Time of request: 2026-09-18T17:31:47.7851354Z
  Time since last request: 0.000209 seconds.
  importAddress: GUID: 726f208616c14aa6a29cfa28e9f028dd - Path: Packages/com.unity.render-pipelines.universal/ShaderLibrary/UnityGBuffer.deprecated.hlsl - Importer: ScriptedImporter/UnityEditor.QuickSearchModule:UnityEditor.Search:ASIAI0B
Importing 'GUID: 726f208616c14aa6a29cfa28e9f028dd - Path: Packages/com.unity.render-pipelines.universal/ShaderLibrary/UnityGBuffer.deprecated.hlsl - Importer: ScriptedImporter/UnityEditor.QuickSearchModule:UnityEditor.Search:ASIAI0B' with importer (ScriptedImporter : UnityEditor.QuickSearchModule:UnityEditor.Search:ASIAI0B)
Imported 'GUID: 726f208616c14aa6a29cfa28e9f028dd' -> (Import Result ID: 'db6ffdf191f976890e685ec8275297e9') in 0.006 seconds [static and dynamic dependencies]. Details - ImportResultOutputID=97986b1455457060ebd99ad08b38e095 DependenciesID=b758b10681d9e9d4aedbc5e9ba20ba59 StaticDependenciesID=afa44fa654610b1f2ed3377882e1d170 
Number of updated asset objects reloaded before import = 0
Number of asset objects unloaded after import = 1
========================================================================
Received Import Request.
  Time of request: 2026-09-18T17:31:47.8070044Z
  Time since last request: 0.0002694 seconds.
  importAddress: GUID: 74b1585886a85614aa34e2c8e303c77a - Path: Packages/com.unity.render-pipelines.universal/Shaders/BRGPicking.shader - Importer: ScriptedImporter/UnityEditor.QuickSearchModule:UnityEditor.Search:ASIAI0B
Importing 'GUID: 74b1585886a85614aa34e2c8e303c77a - Path: Packages/com.unity.render-pipelines.universal/Shaders/BRGPicking.shader - Importer: ScriptedImporter/UnityEditor.QuickSearchModule:UnityEditor.Search:ASIAI0B' with importer (ScriptedImporter : UnityEditor.QuickSearchModule:UnityEditor.Search:ASIAI0B)
Imported 'GUID: 74b1585886a85614aa34e2c8e303c77a' -> (Import Result ID: '9e8d93f17c4d827ed3da212287b4e8c2') in 0.004 seconds [static and dynamic dependencies]. Details - ImportResultOutputID=14dd32a7d7049f458a8adc651796eaf8 DependenciesID=35d38bbb29e75c72681683b0ba90f48c StaticDependenciesID=e868dbbea7722042c0e4748775656a7c 
Number of updated asset objects reloaded before import = 0
Number of asset objects unloaded after import = 1
========================================================================
Received Import Request.
  Time of request: 2026-09-18T17:31:47.8329954Z
  Time since last request: 0.00665 seconds.
  importAddress: GUID: de8dba0dc20209d4086c0dd93ddf0dd4 - Path: Packages/com.unity.render-pipelines.universal/Editor/Gizmos/Camera_Overlay.png - Importer: ScriptedImporter/UnityEditor.QuickSearchModule:UnityEditor.Search:ASIAI0B
Importing 'GUID: de8dba0dc20209d4086c0dd93ddf0dd4 - Path: Packages/com.unity.render-pipelines.universal/Editor/Gizmos/Camera_Overlay.png - Importer: ScriptedImporter/UnityEditor.QuickSearchModule:UnityEditor.Search:ASIAI0B' with importer (ScriptedImporter : UnityEditor.QuickSearchModule:UnityEditor.Search:ASIAI0B)
Imported 'GUID: de8dba0dc20209d4086c0dd93ddf0dd4' -> (Import Result ID: '62e3f3825f363dbb4cde23aec99750c7') in 0.008 seconds [static and dynamic dependencies]. Details - ImportResultOutputID=bb7fc03fc21ce784304065b21c8d87a4 DependenciesID=7c7289c98a839d628083f624b030ff7b StaticDependenciesID=b77f22436977774afe4112e81be4649b 
Number of updated asset objects reloaded before import = 0
Number of asset objects unloaded after import = 1
========================================================================
Received Import Request.
  Time of request: 2026-09-18T17:31:47.8567263Z
  Time since last request: 0.0003594 seconds.
  importAddress: GUID: 471d118113469fd45ba63677546e2020 - Path: Packages/com.unity.render-pipelines.universal/Editor/Overrides/ColorCurvesEditor.cs - Importer: ScriptedImporter/UnityEditor.QuickSearchModule:UnityEditor.Search:ASIAI0B
Importing 'GUID: 471d118113469fd45ba63677546e2020 - Path: Packages/com.unity.render-pipelines.universal/Editor/Overrides/ColorCurvesEditor.cs - Importer: ScriptedImporter/UnityEditor.QuickSearchModule:UnityEditor.Search:ASIAI0B' with importer (ScriptedImporter : UnityEditor.QuickSearchModule:UnityEditor.Search:ASIAI0B)
Imported 'GUID: 471d118113469fd45ba63677546e2020' -> (Import Result ID: 'c02034bfdeca57c5ffd9e92234317488') in 0.002 seconds [static and dynamic dependencies]. Details - ImportResultOutputID=52621c0383acf9a6e9f4b3ded26480d3 DependenciesID=acba87dae19c9f3e433035fff7bed570 StaticDependenciesID=02ceedcebd5682769b95f6caf61ad23d 
Number of updated asset objects reloaded before import = 0
Number of asset objects unloaded after import = 0
========================================================================
Received Import Request.
  Time of request: 2026-09-18T17:31:47.8754176Z
  Time since last request: 0.0003641 seconds.
  importAddress: GUID: 0e89e471cecba0d41a66b54909f947cc - Path: Packages/com.unity.render-pipelines.universal/Editor/Camera/UniversalRenderPipelineCameraUI.Rendering.Skin.cs - Importer: ScriptedImporter/UnityEditor.QuickSearchModule:UnityEditor.Search:ASIAI0B
Importing 'GUID: 0e89e471cecba0d41a66b54909f947cc - Path: Packages/com.unity.render-pipelines.universal/Editor/Camera/UniversalRenderPipelineCameraUI.Rendering.Skin.cs - Importer: ScriptedImporter/UnityEditor.QuickSearchModule:UnityEditor.Search:ASIAI0B' with importer (ScriptedImporter : UnityEditor.QuickSearchModule:UnityEditor.Search:ASIAI0B)
Imported 'GUID: 0e89e471cecba0d41a66b54909f947cc' -> (Import Result ID: '0b45f1a802a6d3bb7ec5f07bd5ef531a') in 0.003 seconds [static and dynamic dependencies]. Details - ImportResultOutputID=d30b878fc1d6cdfaab89e80cbeef7fc4 DependenciesID=b1d91da810fd96bf11308d94ae25f5b1 StaticDependenciesID=61a1ddcc1853a12365ee13b08099ff93 
Number of updated asset objects reloaded before import = 0
Number of asset objects unloaded after import = 0
========================================================================
Received Import Request.
  Time of request: 2026-09-18T17:31:47.8939745Z
  Time since last request: 0.0003686 seconds.
  importAddress: GUID: 00fb6a10a5e37ea478b701ae3a51736e - Path: Packages/com.unity.render-pipelines.universal/Editor/Camera/UniversalRenderPipelineCameraUI.PresetInspector.cs - Importer: ScriptedImporter/UnityEditor.QuickSearchModule:UnityEditor.Search:ASIAI0B
Importing 'GUID: 00fb6a10a5e37ea478b701ae3a51736e - Path: Packages/com.unity.render-pipelines.universal/Editor/Camera/UniversalRenderPipelineCameraUI.PresetInspector.cs - Importer: ScriptedImporter/UnityEditor.QuickSearchModule:UnityEditor.Search:ASIAI0B' with importer (ScriptedImporter : UnityEditor.QuickSearchModule:UnityEditor.Search:ASIAI0B)
Imported 'GUID: 00fb6a10a5e37ea478b701ae3a51736e' -> (Import Result ID: '778ff47b096155f6759bc094d347e95c') in 0.002 seconds [static and dynamic dependencies]. Details - ImportResultOutputID=880f40250597812aa744d73371a03c38 DependenciesID=0d17e155eaeb1d92d73e28aab6219618 StaticDependenciesID=43cc29fa875dcd777b5e3a387875a381 
Number of updated asset objects reloaded before import = 0
Number of asset objects unloaded after import = 0
========================================================================
Received Import Request.
  Time of request: 2026-09-18T17:31:47.9120004Z
  Time since last request: 0.0002827 seconds.
  importAddress: GUID: c2fe41a21634ebe40a7786f6472b3cac - Path: Packages/com.unity.render-pipelines.universal/Editor/2D/Renderer2DDataEditor.cs - Importer: ScriptedImporter/UnityEditor.QuickSearchModule:UnityEditor.Search:ASIAI0B
Importing 'GUID: c2fe41a21634ebe40a7786f6472b3cac - Path: Packages/com.unity.render-pipelines.universal/Editor/2D/Renderer2DDataEditor.cs - Importer: ScriptedImporter/UnityEditor.QuickSearchModule:UnityEditor.Search:ASIAI0B' with importer (ScriptedImporter : UnityEditor.QuickSearchModule:UnityEditor.Search:ASIAI0B)
Imported 'GUID: c2fe41a21634ebe40a7786f6472b3cac' -> (Import Result ID: 'a9b2f2f6ac4c946deed09dd076e3a679') in 0.002 seconds [static and dynamic dependencies]. Details - ImportResultOutputID=6c68b39c80cb87e37500c3aa57f8cb08 DependenciesID=4515617007e62faa1cf7d7950576905a StaticDependenciesID=870c2c3048174dd553d78b439230754d 
Number of updated asset objects reloaded before import = 0
Number of asset objects unloaded after import = 0
========================================================================
Received Import Request.
  Time of request: 2026-09-18T17:31:47.930168Z
  Time since last request: 0.0003464 seconds.
  importAddress: GUID: 42eb65042d6a95942a0e667ce8fcd209 - Path: Packages/com.unity.render-pipelines.universal/Editor/AssetPostProcessors/SketchupMaterialDescriptionPostprocessor.cs - Importer: ScriptedImporter/UnityEditor.QuickSearchModule:UnityEditor.Search:ASIAI0B
Importing 'GUID: 42eb65042d6a95942a0e667ce8fcd209 - Path: Packages/com.unity.render-pipelines.universal/Editor/AssetPostProcessors/SketchupMaterialDescriptionPostprocessor.cs - Importer: ScriptedImporter/UnityEditor.QuickSearchModule:UnityEditor.Search:ASIAI0B' with importer (ScriptedImporter : UnityEditor.QuickSearchModule:UnityEditor.Search:ASIAI0B)
Imported 'GUID: 42eb65042d6a95942a0e667ce8fcd209' -> (Import Result ID: 'da3c53969458ff8a281279978932174a') in 0.002 seconds [static and dynamic dependencies]. Details - ImportResultOutputID=a8ab5019e6ea9156b036e9afa52cc178 DependenciesID=aa5ac2509ac6ea819b35662e63d2ce6b StaticDependenciesID=08cbda66605bc063a48d1c2e4d491e30 
Number of updated asset objects reloaded before import = 0
Number of asset objects unloaded after import = 0
========================================================================
Received Import Request.
  Time of request: 2026-09-18T17:31:47.9482963Z
  Time since last request: 0.0003566 seconds.
  importAddress: GUID: e95fca79248379e42bece9300ebf44ab - Path: Packages/com.unity.render-pipelines.universal/Editor/Decal/DecalProjectorEditor.cs - Importer: ScriptedImporter/UnityEditor.QuickSearchModule:UnityEditor.Search:ASIAI0B
Importing 'GUID: e95fca79248379e42bece9300ebf44ab - Path: Packages/com.unity.render-pipelines.universal/Editor/Decal/DecalProjectorEditor.cs - Importer: ScriptedImporter/UnityEditor.QuickSearchModule:UnityEditor.Search:ASIAI0B' with importer (ScriptedImporter : UnityEditor.QuickSearchModule:UnityEditor.Search:ASIAI0B)
Imported 'GUID: e95fca79248379e42bece9300ebf44ab' -> (Import Result ID: '7f7abd06dc970e51c565f75be4c1b654') in 0.002 seconds [static and dynamic dependencies]. Details - ImportResultOutputID=e9e615ed5bc9561685144ca322603569 DependenciesID=60e2db702d6de615d7c31563440307d4 StaticDependenciesID=610bc1a3750cee84a768d19db6ecbb16 
Number of updated asset objects reloaded before import = 0
Number of asset objects unloaded after import = 0
========================================================================
Received Import Request.
  Time of request: 2026-09-18T17:31:47.9665672Z
  Time since last request: 0.0003417 seconds.
  importAddress: GUID: 351a090b57ba63848bc96f8dcde61a72 - Path: Packages/com.unity.render-pipelines.universal/Editor/Camera/UniversalRenderPipelineCameraUI.Drawers.cs - Importer: ScriptedImporter/UnityEditor.QuickSearchModule:UnityEditor.Search:ASIAI0B
Importing 'GUID: 351a090b57ba63848bc96f8dcde61a72 - Path: Packages/com.unity.render-pipelines.universal/Editor/Camera/UniversalRenderPipelineCameraUI.Drawers.cs - Importer: ScriptedImporter/UnityEditor.QuickSearchModule:UnityEditor.Search:ASIAI0B' with importer (ScriptedImporter : UnityEditor.QuickSearchModule:UnityEditor.Search:ASIAI0B)
Imported 'GUID: 351a090b57ba63848bc96f8dcde61a72' -> (Import Result ID: '0586ce3f4d7903ef284b3fa546055ed3') in 0.002 seconds [static and dynamic dependencies]. Details - ImportResultOutputID=954fd71b1565de1fa9df516ee1f86882 DependenciesID=22ef5483edb4e8c127e514a02639d1e9 StaticDependenciesID=808eb518b83883e8ace6eb59c826347d 
Number of updated asset objects reloaded before import = 0
Number of asset objects unloaded after import = 0
========================================================================
Received Import Request.
  Time of request: 2026-09-18T17:31:47.9846492Z
  Time since last request: 0.000386 seconds.
  importAddress: GUID: ed534566ab68d00408f22fdba23b0848 - Path: Packages/com.unity.render-pipelines.universal/Editor/Decal/DisplacableRectHandles.cs - Importer: ScriptedImporter/UnityEditor.QuickSearchModule:UnityEditor.Search:ASIAI0B
Importing 'GUID: ed534566ab68d00408f22fdba23b0848 - Path: Packages/com.unity.render-pipelines.universal/Editor/Decal/DisplacableRectHandles.cs - Importer: ScriptedImporter/UnityEditor.QuickSearchModule:UnityEditor.Search:ASIAI0B' with importer (ScriptedImporter : UnityEditor.QuickSearchModule:UnityEditor.Search:ASIAI0B)
Imported 'GUID: ed534566ab68d00408f22fdba23b0848' -> (Import Result ID: 'a63ff3fb4aa7b1930889c6fbfc84ae85') in 0.002 seconds [static and dynamic dependencies]. Details - ImportResultOutputID=64c84ae1cf19c346d6b6268b39156fc1 DependenciesID=0c4fa6e814529bf02a19ff42339211e7 StaticDependenciesID=cd555623969ee049f89159f911803bd5 
Number of updated asset objects reloaded before import = 0
Number of asset objects unloaded after import = 0
========================================================================
Received Import Request.
  Time of request: 2026-09-18T17:31:48.0027478Z
  Time since last request: 0.0003321 seconds.
  importAddress: GUID: 5eb1c80a4ef86db4aa019371e819c08f - Path: Packages/com.unity.render-pipelines.universal/Editor/Lighting/UniversalRenderPipelineLightUI.PresetInspector.cs - Importer: ScriptedImporter/UnityEditor.QuickSearchModule:UnityEditor.Search:ASIAI0B
Importing 'GUID: 5eb1c80a4ef86db4aa019371e819c08f - Path: Packages/com.unity.render-pipelines.universal/Editor/Lighting/UniversalRenderPipelineLightUI.PresetInspector.cs - Importer: ScriptedImporter/UnityEditor.QuickSearchModule:UnityEditor.Search:ASIAI0B' with importer (ScriptedImporter : UnityEditor.QuickSearchModule:UnityEditor.Search:ASIAI0B)
Imported 'GUID: 5eb1c80a4ef86db4aa019371e819c08f' -> (Import Result ID: 'ba4ed6dc13628f1f142d11f2da87620d') in 0.002 seconds [static and dynamic dependencies]. Details - ImportResultOutputID=6efc010d896956209bf03de5f718e339 DependenciesID=123a92cc5183618636f2d3eb36ecabbb StaticDependenciesID=82f39ba28316670d065cf5af612588f0 
Number of updated asset objects reloaded before import = 0
Number of asset objects unloaded after import = 0
========================================================================
Received Import Request.
  Time of request: 2026-09-18T17:31:48.0208651Z
  Time since last request: 0.0004061 seconds.
  importAddress: GUID: 99c1f1ec31ff9924e9a75aff82e6b986 - Path: Packages/com.unity.render-pipelines.universal/Editor/Gizmos/Camera_Offscreen.png - Importer: ScriptedImporter/UnityEditor.QuickSearchModule:UnityEditor.Search:ASIAI0B
Importing 'GUID: 99c1f1ec31ff9924e9a75aff82e6b986 - Path: Packages/com.unity.render-pipelines.universal/Editor/Gizmos/Camera_Offscreen.png - Importer: ScriptedImporter/UnityEditor.QuickSearchModule:UnityEditor.Search:ASIAI0B' with importer (ScriptedImporter : UnityEditor.QuickSearchModule:UnityEditor.Search:ASIAI0B)
Imported 'GUID: 99c1f1ec31ff9924e9a75aff82e6b986' -> (Import Result ID: '9d29230d491b55c6807a6ee59630fa20') in 0.008 seconds [static and dynamic dependencies]. Details - ImportResultOutputID=6c080a7ad156f1ceec6802637d10b58a DependenciesID=8f0b07bb6816d09d6f81cebef91e9079 StaticDependenciesID=3e3b08e51eedf8035dd31005b98f399a 
Number of updated asset objects reloaded before import = 0
Number of asset objects unloaded after import = 1
========================================================================
Received Import Request.
  Time of request: 2026-09-18T17:31:48.044554Z
  Time since last request: 0.0003497 seconds.
  importAddress: GUID: d86ec93edbc4d5240ab4d8a8be938142 - Path: Packages/com.unity.render-pipelines.universal/Editor/Camera/UniversalRenderPipelineCameraUI.Skin.cs - Importer: ScriptedImporter/UnityEditor.QuickSearchModule:UnityEditor.Search:ASIAI0B
Importing 'GUID: d86ec93edbc4d5240ab4d8a8be938142 - Path: Packages/com.unity.render-pipelines.universal/Editor/Camera/UniversalRenderPipelineCameraUI.Skin.cs - Importer: ScriptedImporter/UnityEditor.QuickSearchModule:UnityEditor.Search:ASIAI0B' with importer (ScriptedImporter : UnityEditor.QuickSearchModule:UnityEditor.Search:ASIAI0B)
Imported 'GUID: d86ec93edbc4d5240ab4d8a8be938142' -> (Import Result ID: '34f3defbf219fd88d7678a4632c6e829') in 0.002 seconds [static and dynamic dependencies]. Details - ImportResultOutputID=155a7a30118c69f880497bd9884d0f8d DependenciesID=348950b75b21dce0d88cf5f60826ca05 StaticDependenciesID=1c1f157e29700ee2940a5358f50107ec 
Number of updated asset objects reloaded before import = 0
Number of asset objects unloaded after import = 0
========================================================================
Received Import Request.
  Time of request: 2026-09-18T17:31:48.062688Z
  Time since last request: 0.000341 seconds.
  importAddress: GUID: 38f8c5e5ea2961a43b1bb65bf161393c - Path: Packages/com.unity.render-pipelines.universal/Editor/Overrides/FilmGrainEditor.cs - Importer: ScriptedImporter/UnityEditor.QuickSearchModule:UnityEditor.Search:ASIAI0B
Importing 'GUID: 38f8c5e5ea2961a43b1bb65bf161393c - Path: Packages/com.unity.render-pipelines.universal/Editor/Overrides/FilmGrainEditor.cs - Importer: ScriptedImporter/UnityEditor.QuickSearchModule:UnityEditor.Search:ASIAI0B' with importer (ScriptedImporter : UnityEditor.QuickSearchModule:UnityEditor.Search:ASIAI0B)
Imported 'GUID: 38f8c5e5ea2961a43b1bb65bf161393c' -> (Import Result ID: '8b58f4d3a94de870024dbd4852bff239') in 0.002 seconds [static and dynamic dependencies]. Details - ImportResultOutputID=ce04873ffba3afab6091da84649816af DependenciesID=d19db94b1dbf86d9a647bc3463468867 StaticDependenciesID=7fa2a0a2c75b7f8f31db0ad70bb6baa1 
Number of updated asset objects reloaded before import = 0
Number of asset objects unloaded after import = 0
========================================================================
Received Import Request.
  Time of request: 2026-09-18T17:31:48.0806366Z
  Time since last request: 0.0003329 seconds.
  importAddress: GUID: e3c6759aa8004ae458959d7fe48d6a74 - Path: Packages/com.unity.render-pipelines.universal/Editor/Gizmos/Camera_UI.png - Importer: ScriptedImporter/UnityEditor.QuickSearchModule:UnityEditor.Search:ASIAI0B
Importing 'GUID: e3c6759aa8004ae458959d7fe48d6a74 - Path: Packages/com.unity.render-pipelines.universal/Editor/Gizmos/Camera_UI.png - Importer: ScriptedImporter/UnityEditor.QuickSearchModule:UnityEditor.Search:ASIAI0B' with importer (ScriptedImporter : UnityEditor.QuickSearchModule:UnityEditor.Search:ASIAI0B)
Imported 'GUID: e3c6759aa8004ae458959d7fe48d6a74' -> (Import Result ID: 'bb199fbcf65736396c6ccdc28533aead') in 0.007 seconds [static and dynamic dependencies]. Details - ImportResultOutputID=416d464ed694647f80cf8807e044f222 DependenciesID=98e2253a37f1a92971a9584176b7bf9d StaticDependenciesID=f1fecf855902c17f96f8a4789809702c 
Number of updated asset objects reloaded before import = 0
Number of asset objects unloaded after import = 1
========================================================================
Received Import Request.
  Time of request: 2026-09-18T17:31:48.1033253Z
  Time since last request: 0.0004547 seconds.
  importAddress: GUID: 5d970c86e29d2c5438cc8c146e9805cd - Path: Packages/com.unity.render-pipelines.universal/Editor/AssetPostProcessors/MaterialPostprocessor.cs - Importer: ScriptedImporter/UnityEditor.QuickSearchModule:UnityEditor.Search:ASIAI0B
Importing 'GUID: 5d970c86e29d2c5438cc8c146e9805cd - Path: Packages/com.unity.render-pipelines.universal/Editor/AssetPostProcessors/MaterialPostprocessor.cs - Importer: ScriptedImporter/UnityEditor.QuickSearchModule:UnityEditor.Search:ASIAI0B' with importer (ScriptedImporter : UnityEditor.QuickSearchModule:UnityEditor.Search:ASIAI0B)
Imported 'GUID: 5d970c86e29d2c5438cc8c146e9805cd' -> (Import Result ID: 'd4de300a496dae40fc43da3925451b80') in 0.003 seconds [static and dynamic dependencies]. Details - ImportResultOutputID=5120d4b4ecff6c76b00d17e1fa7be2ed DependenciesID=1e696b17d2fff20934b5c8016cedff35 StaticDependenciesID=cf70543b273d8e6947dc494ee95f8b62 
Number of updated asset objects reloaded before import = 0
Number of asset objects unloaded after import = 0
========================================================================
Received Import Request.
  Time of request: 2026-09-18T17:31:48.1216223Z
  Time since last request: 0.0003943 seconds.
  importAddress: GUID: c22659d508770e94b9278d8f089e40b8 - Path: Packages/com.unity.render-pipelines.universal/Editor/AssetPostProcessors/ModelPostProcessor.cs - Importer: ScriptedImporter/UnityEditor.QuickSearchModule:UnityEditor.Search:ASIAI0B
Importing 'GUID: c22659d508770e94b9278d8f089e40b8 - Path: Packages/com.unity.render-pipelines.universal/Editor/AssetPostProcessors/ModelPostProcessor.cs - Importer: ScriptedImporter/UnityEditor.QuickSearchModule:UnityEditor.Search:ASIAI0B' with importer (ScriptedImporter : UnityEditor.QuickSearchModule:UnityEditor.Search:ASIAI0B)
Imported 'GUID: c22659d508770e94b9278d8f089e40b8' -> (Import Result ID: 'e3be081bc3906d4cf8e062111ac7484a') in 0.002 seconds [static and dynamic dependencies]. Details - ImportResultOutputID=fdf444a30cddf4f2858f4b9ef2af7f0d DependenciesID=d66ce50ec1dc4aaa7532b53ce37b5ccb StaticDependenciesID=78e897533d52f8ad9c5987a7fcc96437 
Number of updated asset objects reloaded before import = 0
Number of asset objects unloaded after import = 0
========================================================================
Received Import Request.
  Time of request: 2026-09-18T17:31:48.1390975Z
  Time since last request: 0.0003271 seconds.
  importAddress: GUID: fc48c81d1dba94248b35e9384c12bc77 - Path: Packages/com.unity.render-pipelines.universal/Editor/Overrides/ChannelMixerEditor.cs - Importer: ScriptedImporter/UnityEditor.QuickSearchModule:UnityEditor.Search:ASIAI0B
Importing 'GUID: fc48c81d1dba94248b35e9384c12bc77 - Path: Packages/com.unity.render-pipelines.universal/Editor/Overrides/ChannelMixerEditor.cs - Importer: ScriptedImporter/UnityEditor.QuickSearchModule:UnityEditor.Search:ASIAI0B' with importer (ScriptedImporter : UnityEditor.QuickSearchModule:UnityEditor.Search:ASIAI0B)
Imported 'GUID: fc48c81d1dba94248b35e9384c12bc77' -> (Import Result ID: '4c708de745649157bbcf9ea869214efb') in 0.002 seconds [static and dynamic dependencies]. Details - ImportResultOutputID=766283124380467ca912d02408be1166 DependenciesID=672a389d29552434c295b250c60f7749 StaticDependenciesID=9eba463d35fe34ad4c7103821f225fa5 
Number of updated asset objects reloaded before import = 0
Number of asset objects unloaded after import = 0
========================================================================
Received Import Request.
  Time of request: 2026-09-18T17:31:48.1568369Z
  Time since last request: 0.0003634 seconds.
  importAddress: GUID: f5d95b75d9613694da53d274b0ea27c0 - Path: Packages/com.unity.render-pipelines.universal/Editor/Camera/UniversalRenderPipelineSerializedCamera.cs - Importer: ScriptedImporter/UnityEditor.QuickSearchModule:UnityEditor.Search:ASIAI0B
Importing 'GUID: f5d95b75d9613694da53d274b0ea27c0 - Path: Packages/com.unity.render-pipelines.universal/Editor/Camera/UniversalRenderPipelineSerializedCamera.cs - Importer: ScriptedImporter/UnityEditor.QuickSearchModule:UnityEditor.Search:ASIAI0B' with importer (ScriptedImporter : UnityEditor.QuickSearchModule:UnityEditor.Search:ASIAI0B)
Imported 'GUID: f5d95b75d9613694da53d274b0ea27c0' -> (Import Result ID: 'b6c578b2d4baf0b896d1a1d2e0726ef3') in 0.002 seconds [static and dynamic dependencies]. Details - ImportResultOutputID=4aa0cf30da248392b2fb9e8c114687ad DependenciesID=2a9066287e91509ed72ba0321e73747e StaticDependenciesID=4f9cdeaa5041115282ca6433fca24c54 
Number of updated asset objects reloaded before import = 0
Number of asset objects unloaded after import = 0
========================================================================
Received Import Request.
  Time of request: 2026-09-18T17:31:48.1748238Z
  Time since last request: 0.0003777 seconds.
  importAddress: GUID: 11a1c63a9dcda4740920a8e98e4ee672 - Path: Packages/com.unity.render-pipelines.universal/Editor/Decal/ProjectedTransform.cs - Importer: ScriptedImporter/UnityEditor.QuickSearchModule:UnityEditor.Search:ASIAI0B
Importing 'GUID: 11a1c63a9dcda4740920a8e98e4ee672 - Path: Packages/com.unity.render-pipelines.universal/Editor/Decal/ProjectedTransform.cs - Importer: ScriptedImporter/UnityEditor.QuickSearchModule:UnityEditor.Search:ASIAI0B' with importer (ScriptedImporter : UnityEditor.QuickSearchModule:UnityEditor.Search:ASIAI0B)
Imported 'GUID: 11a1c63a9dcda4740920a8e98e4ee672' -> (Import Result ID: 'cabd5c945a95c2ff9254af73add56cb5') in 0.004 seconds [static and dynamic dependencies]. Details - ImportResultOutputID=9115f72f24ae30143c5dc631d7c7aa4f DependenciesID=896d070c26995d151f8830cbadb30496 StaticDependenciesID=78b4d20b526c4a2b343ca484e5f2d752 
Number of updated asset objects reloaded before import = 0
Number of asset objects unloaded after import = 0
========================================================================
Received Import Request.
  Time of request: 2026-09-18T17:31:48.1950308Z
  Time since last request: 0.0003657 seconds.
  importAddress: GUID: 394142e3bac6ced4e9a0455ad99650fc - Path: Packages/com.unity.render-pipelines.universal/Editor/AssetPostProcessors/PhysicalMaterial3DsMaxPreprocessor.cs - Importer: ScriptedImporter/UnityEditor.QuickSearchModule:UnityEditor.Search:ASIAI0B
Importing 'GUID: 394142e3bac6ced4e9a0455ad99650fc - Path: Packages/com.unity.render-pipelines.universal/Editor/AssetPostProcessors/PhysicalMaterial3DsMaxPreprocessor.cs - Importer: ScriptedImporter/UnityEditor.QuickSearchModule:UnityEditor.Search:ASIAI0B' with importer (ScriptedImporter : UnityEditor.QuickSearchModule:UnityEditor.Search:ASIAI0B)
Imported 'GUID: 394142e3bac6ced4e9a0455ad99650fc' -> (Import Result ID: '15b38d388e2e4b45d7fc88e1c88d1231') in 0.003 seconds [static and dynamic dependencies]. Details - ImportResultOutputID=26d34a55e46c837def36cde4a1682d30 DependenciesID=8ac23e4db529b65b798105cdc00e5a21 StaticDependenciesID=1f1c924fc8095ef6868247b814c293d0 
Number of updated asset objects reloaded before import = 0
Number of asset objects unloaded after import = 0
========================================================================
Received Import Request.
  Time of request: 2026-09-18T17:31:48.2135402Z
  Time since last request: 0.0003432 seconds.
  importAddress: GUID: 5ed11570e89eec24f9021d93325db0d5 - Path: Packages/com.unity.render-pipelines.universal/Editor/Lighting/UniversalRenderPipelineSerializedLight.cs - Importer: ScriptedImporter/UnityEditor.QuickSearchModule:UnityEditor.Search:ASIAI0B
Importing 'GUID: 5ed11570e89eec24f9021d93325db0d5 - Path: Packages/com.unity.render-pipelines.universal/Editor/Lighting/UniversalRenderPipelineSerializedLight.cs - Importer: ScriptedImporter/UnityEditor.QuickSearchModule:UnityEditor.Search:ASIAI0B' with importer (ScriptedImporter : UnityEditor.QuickSearchModule:UnityEditor.Search:ASIAI0B)
Imported 'GUID: 5ed11570e89eec24f9021d93325db0d5' -> (Import Result ID: 'b841a929542152920e2953b3f848750d') in 0.002 seconds [static and dynamic dependencies]. Details - ImportResultOutputID=a3f29dd58ab77037e49d113171085789 DependenciesID=3ffe3d15632d2cfcfc10ea22e83038d4 StaticDependenciesID=bd83a38719b6c2575aa9715432a7dcbc 
Number of updated asset objects reloaded before import = 0
Number of asset objects unloaded after import = 0
========================================================================
Received Import Request.
  Time of request: 2026-09-18T17:31:48.2312887Z
  Time since last request: 0.0003884 seconds.
  importAddress: GUID: 247994e1f5a72c2419c26a37e9334c01 - Path: Packages/com.unity.render-pipelines.universal/Editor/DefaultScene/UniversalProjectSettings.cs - Importer: ScriptedImporter/UnityEditor.QuickSearchModule:UnityEditor.Search:ASIAI0B
Importing 'GUID: 247994e1f5a72c2419c26a37e9334c01 - Path: Packages/com.unity.render-pipelines.universal/Editor/DefaultScene/UniversalProjectSettings.cs - Importer: ScriptedImporter/UnityEditor.QuickSearchModule:UnityEditor.Search:ASIAI0B' with importer (ScriptedImporter : UnityEditor.QuickSearchModule:UnityEditor.Search:ASIAI0B)
Imported 'GUID: 247994e1f5a72c2419c26a37e9334c01' -> (Import Result ID: 'ce837920ff2ba1ad60556da3327fc025') in 0.002 seconds [static and dynamic dependencies]. Details - ImportResultOutputID=dbbdfaa27d0b0d33fe99dbf1dff01057 DependenciesID=cb9620d79ebd9325ea176dbbcb69da63 StaticDependenciesID=cc25b40602473eaa6329755a83d633d8 
Number of updated asset objects reloaded before import = 0
Number of asset objects unloaded after import = 0
========================================================================
Received Import Request.
  Time of request: 2026-09-18T17:31:48.2491143Z
  Time since last request: 0.0003246 seconds.
  importAddress: GUID: 1c4da76b9d8087f4f99ecdfc238a4d2e - Path: Packages/com.unity.render-pipelines.universal/Editor/BuildProcessors/URPBuildDataValidator.cs - Importer: ScriptedImporter/UnityEditor.QuickSearchModule:UnityEditor.Search:ASIAI0B
Importing 'GUID: 1c4da76b9d8087f4f99ecdfc238a4d2e - Path: Packages/com.unity.render-pipelines.universal/Editor/BuildProcessors/URPBuildDataValidator.cs - Importer: ScriptedImporter/UnityEditor.QuickSearchModule:UnityEditor.Search:ASIAI0B' with importer (ScriptedImporter : UnityEditor.QuickSearchModule:UnityEditor.Search:ASIAI0B)
Imported 'GUID: 1c4da76b9d8087f4f99ecdfc238a4d2e' -> (Import Result ID: '896f20e7c90e2ca017a567005a93e9e6') in 0.002 seconds [static and dynamic dependencies]. Details - ImportResultOutputID=c03b32d5b1877f95c5358b2ed716b489 DependenciesID=a3dd8db35310c4245cee433fbf721414 StaticDependenciesID=71b274d95919d3499e595dcc0606c54e 
Number of updated asset objects reloaded before import = 0
Number of asset objects unloaded after import = 0
========================================================================
Received Import Request.
  Time of request: 2026-09-18T17:31:48.2669338Z
  Time since last request: 0.0002751 seconds.
  importAddress: GUID: 7b3a8c4d2f9e4b66a1d4c7e0f1b9a823 - Path: Packages/com.unity.render-pipelines.universal/Editor/2D/Light2DPrefilteringAnalysis.cs - Importer: ScriptedImporter/UnityEditor.QuickSearchModule:UnityEditor.Search:ASIAI0B
Importing 'GUID: 7b3a8c4d2f9e4b66a1d4c7e0f1b9a823 - Path: Packages/com.unity.render-pipelines.universal/Editor/2D/Light2DPrefilteringAnalysis.cs - Importer: ScriptedImporter/UnityEditor.QuickSearchModule:UnityEditor.Search:ASIAI0B' with importer (ScriptedImporter : UnityEditor.QuickSearchModule:UnityEditor.Search:ASIAI0B)
Imported 'GUID: 7b3a8c4d2f9e4b66a1d4c7e0f1b9a823' -> (Import Result ID: '952342537c3bcfdd2d7fae88136e23a6') in 0.002 seconds [static and dynamic dependencies]. Details - ImportResultOutputID=5a7772aae9da39d99574c5c5e970f45a DependenciesID=9d4a531d5737463c4b979f4186d1dbdf StaticDependenciesID=1a9e68683a99778d61aa939c1d02d431 
Number of updated asset objects reloaded before import = 0
Number of asset objects unloaded after import = 0
========================================================================
Received Import Request.
  Time of request: 2026-09-18T17:31:48.2845731Z
  Time since last request: 0.0003002 seconds.
  importAddress: GUID: f0d43cb9fde29bd4cb1e030ee98868ff - Path: Packages/com.unity.render-pipelines.universal/Editor/AssetPostProcessors/ThreeDSMaterialDescriptionPostprocessor.cs - Importer: ScriptedImporter/UnityEditor.QuickSearchModule:UnityEditor.Search:ASIAI0B
Importing 'GUID: f0d43cb9fde29bd4cb1e030ee98868ff - Path: Packages/com.unity.render-pipelines.universal/Editor/AssetPostProcessors/ThreeDSMaterialDescriptionPostprocessor.cs - Importer: ScriptedImporter/UnityEditor.QuickSearchModule:UnityEditor.Search:ASIAI0B' with importer (ScriptedImporter : UnityEditor.QuickSearchModule:UnityEditor.Search:ASIAI0B)
Imported 'GUID: f0d43cb9fde29bd4cb1e030ee98868ff' -> (Import Result ID: 'cd1a6ceda50a6f4c623c0fdcf88a89db') in 0.002 seconds [static and dynamic dependencies]. Details - ImportResultOutputID=d973d750342b2c00a8f1eece556cfbe6 DependenciesID=3adeb230493e0a51866a2ab3d4fcbf79 StaticDependenciesID=bc3ccfbcf9175bdb7f7480e7faa36393 
Number of updated asset objects reloaded before import = 0
Number of asset objects unloaded after import = 0
========================================================================
Received Import Request.
  Time of request: 2026-09-18T17:31:48.302115Z
  Time since last request: 0.00031 seconds.
  importAddress: GUID: 0db64c12471d19e4fb66ecb17a2edd90 - Path: Packages/com.unity.render-pipelines.universal/Editor/2D/Renderer2DAnalytics.cs - Importer: ScriptedImporter/UnityEditor.QuickSearchModule:UnityEditor.Search:ASIAI0B
Importing 'GUID: 0db64c12471d19e4fb66ecb17a2edd90 - Path: Packages/com.unity.render-pipelines.universal/Editor/2D/Renderer2DAnalytics.cs - Importer: ScriptedImporter/UnityEditor.QuickSearchModule:UnityEditor.Search:ASIAI0B' with importer (ScriptedImporter : UnityEditor.QuickSearchModule:UnityEditor.Search:ASIAI0B)
Imported 'GUID: 0db64c12471d19e4fb66ecb17a2edd90' -> (Import Result ID: '6abfca2d3e1ce288817a874ea8c56c58') in 0.002 seconds [static and dynamic dependencies]. Details - ImportResultOutputID=50b19cbcc72d18bf0b041912f14b772b DependenciesID=0c7473f8dbc035cbc0d7d3fe4504c0a2 StaticDependenciesID=499e08a48b5183e1bcd90cb4b6cc27e0 
Number of updated asset objects reloaded before import = 0
Number of asset objects unloaded after import = 0
========================================================================
Received Import Request.
  Time of request: 2026-09-18T17:31:48.3197495Z
  Time since last request: 0.0003586 seconds.
  importAddress: GUID: 2a4aae3b1d854784897c1039b8168a08 - Path: Packages/com.unity.render-pipelines.universal/Editor/Camera/UniversalRenderPipelineCameraUI.Environment.Skin.cs - Importer: ScriptedImporter/UnityEditor.QuickSearchModule:UnityEditor.Search:ASIAI0B
Importing 'GUID: 2a4aae3b1d854784897c1039b8168a08 - Path: Packages/com.unity.render-pipelines.universal/Editor/Camera/UniversalRenderPipelineCameraUI.Environment.Skin.cs - Importer: ScriptedImporter/UnityEditor.QuickSearchModule:UnityEditor.Search:ASIAI0B' with importer (ScriptedImporter : UnityEditor.QuickSearchModule:UnityEditor.Search:ASIAI0B)
Imported 'GUID: 2a4aae3b1d854784897c1039b8168a08' -> (Import Result ID: '6e068ae1018e79e8970933d0e740f054') in 0.003 seconds [static and dynamic dependencies]. Details - ImportResultOutputID=b77182b91184fe2abc32260b422217fa DependenciesID=a34d06bc6c5c40b63ecd32c09785001f StaticDependenciesID=b088d0cf31fb7e0884d968a30b9f7395 
Number of updated asset objects reloaded before import = 0
Number of asset objects unloaded after import = 0
========================================================================
Received Import Request.
  Time of request: 2026-09-18T17:31:48.3372935Z
  Time since last request: 0.0002947 seconds.
  importAddress: GUID: 5a6bc694ac42d3343b113dd49606145c - Path: Packages/com.unity.render-pipelines.universal/Editor/Camera/UniversalRenderPipelineCameraUI.Output.Drawers.cs - Importer: ScriptedImporter/UnityEditor.QuickSearchModule:UnityEditor.Search:ASIAI0B
Importing 'GUID: 5a6bc694ac42d3343b113dd49606145c - Path: Packages/com.unity.render-pipelines.universal/Editor/Camera/UniversalRenderPipelineCameraUI.Output.Drawers.cs - Importer: ScriptedImporter/UnityEditor.QuickSearchModule:UnityEditor.Search:ASIAI0B' with importer (ScriptedImporter : UnityEditor.QuickSearchModule:UnityEditor.Search:ASIAI0B)
Imported 'GUID: 5a6bc694ac42d3343b113dd49606145c' -> (Import Result ID: '6405787ffcdb7b0d70f16f93a1f14771') in 0.003 seconds [static and dynamic dependencies]. Details - ImportResultOutputID=5c59028ca5c1bb8e64c2c8aa01b93eb7 DependenciesID=eac418e50fa03d0f4c9fcd8f64559d2d StaticDependenciesID=8a4fa1408ffca138bc98343f32255415 
Number of updated asset objects reloaded before import = 0
Number of asset objects unloaded after import = 0
========================================================================
Received Import Request.
  Time of request: 2026-09-18T17:31:48.3556634Z
  Time since last request: 0.0003165 seconds.
  importAddress: GUID: 24b1fe14c2b41d6489a7e7819483df6b - Path: Packages/com.unity.render-pipelines.universal/Editor/Gizmos/Camera_Base.png - Importer: ScriptedImporter/UnityEditor.QuickSearchModule:UnityEditor.Search:ASIAI0B
Importing 'GUID: 24b1fe14c2b41d6489a7e7819483df6b - Path: Packages/com.unity.render-pipelines.universal/Editor/Gizmos/Camera_Base.png - Importer: ScriptedImporter/UnityEditor.QuickSearchModule:UnityEditor.Search:ASIAI0B' with importer (ScriptedImporter : UnityEditor.QuickSearchModule:UnityEditor.Search:ASIAI0B)
Imported 'GUID: 24b1fe14c2b41d6489a7e7819483df6b' -> (Import Result ID: '52304174130e758af83203f236b3bbfc') in 0.008 seconds [static and dynamic dependencies]. Details - ImportResultOutputID=2d4256da5d83ff5f71ef95d497551b58 DependenciesID=4dfe02dfcab2cd0ef960c2c5ad461aa3 StaticDependenciesID=b8976a0321a8f135a5f2c4eda603492e 
Number of updated asset objects reloaded before import = 0
Number of asset objects unloaded after import = 1
========================================================================
Received Import Request.
  Time of request: 2026-09-18T17:31:48.379029Z
  Time since last request: 0.0002999 seconds.
  importAddress: GUID: dc50d6b320d6d4445898e5f4c7635be2 - Path: Packages/com.unity.render-pipelines.universal/Editor/2D/Renderer2DMenus.cs - Importer: ScriptedImporter/UnityEditor.QuickSearchModule:UnityEditor.Search:ASIAI0B
Importing 'GUID: dc50d6b320d6d4445898e5f4c7635be2 - Path: Packages/com.unity.render-pipelines.universal/Editor/2D/Renderer2DMenus.cs - Importer: ScriptedImporter/UnityEditor.QuickSearchModule:UnityEditor.Search:ASIAI0B' with importer (ScriptedImporter : UnityEditor.QuickSearchModule:UnityEditor.Search:ASIAI0B)
Imported 'GUID: dc50d6b320d6d4445898e5f4c7635be2' -> (Import Result ID: 'd574338368509d5a5a29cb17c733a84b') in 0.002 seconds [static and dynamic dependencies]. Details - ImportResultOutputID=4cb69b585b5df866c180cb21a29fdddc DependenciesID=4c4ca32b5dd2dad7e7d2d03355710d2d StaticDependenciesID=7e651dad5377f264af40310bfed59f2f 
Number of updated asset objects reloaded before import = 0
Number of asset objects unloaded after import = 0
========================================================================
Received Import Request.
  Time of request: 2026-09-18T17:31:48.3967249Z
  Time since last request: 0.0002926 seconds.
  importAddress: GUID: b68aaae4e9af09d4d965e4cc2f6c8fcd - Path: Packages/com.unity.render-pipelines.universal/Editor/Camera/UniversalRenderPipelineCameraUI.Environment.Drawers.cs - Importer: ScriptedImporter/UnityEditor.QuickSearchModule:UnityEditor.Search:ASIAI0B
Importing 'GUID: b68aaae4e9af09d4d965e4cc2f6c8fcd - Path: Packages/com.unity.render-pipelines.universal/Editor/Camera/UniversalRenderPipelineCameraUI.Environment.Drawers.cs - Importer: ScriptedImporter/UnityEditor.QuickSearchModule:UnityEditor.Search:ASIAI0B' with importer (ScriptedImporter : UnityEditor.QuickSearchModule:UnityEditor.Search:ASIAI0B)
Imported 'GUID: b68aaae4e9af09d4d965e4cc2f6c8fcd' -> (Import Result ID: '9e5c464de05a5d12ff67dc83cf78acf5') in 0.003 seconds [static and dynamic dependencies]. Details - ImportResultOutputID=cf269216a161305785c676dc4e7394b7 DependenciesID=5e9acffda769efbe0ed3715c90f912d1 StaticDependenciesID=912d808561904b91d17831a73b3fae6e 
Number of updated asset objects reloaded before import = 0
Number of asset objects unloaded after import = 0
========================================================================
Received Import Request.
  Time of request: 2026-09-18T17:31:48.4149764Z
  Time since last request: 0.0003164 seconds.
  importAddress: GUID: dcc213569e3849641896accd4ad61e24 - Path: Packages/com.unity.render-pipelines.universal/Editor/Camera/UniversalRenderPipelineCameraUI.Output.Skin.cs - Importer: ScriptedImporter/UnityEditor.QuickSearchModule:UnityEditor.Search:ASIAI0B
Importing 'GUID: dcc213569e3849641896accd4ad61e24 - Path: Packages/com.unity.render-pipelines.universal/Editor/Camera/UniversalRenderPipelineCameraUI.Output.Skin.cs - Importer: ScriptedImporter/UnityEditor.QuickSearchModule:UnityEditor.Search:ASIAI0B' with importer (ScriptedImporter : UnityEditor.QuickSearchModule:UnityEditor.Search:ASIAI0B)
Imported 'GUID: dcc213569e3849641896accd4ad61e24' -> (Import Result ID: '23defa4503eb45ac084f15a4773dc4cf') in 0.002 seconds [static and dynamic dependencies]. Details - ImportResultOutputID=ce3c15f6531d664f9c66f22917b7852f DependenciesID=998a7b7bd68e2968bd3da718fccc761a StaticDependenciesID=1bd7bb10e0dfcdf9936146c5bdc5e840 
Number of updated asset objects reloaded before import = 0
Number of asset objects unloaded after import = 0
========================================================================
Received Import Request.
  Time of request: 2026-09-18T17:31:48.4332795Z
  Time since last request: 0.0002934 seconds.
  importAddress: GUID: 09cca3e7fbb9d25469cfb2bb082201d4 - Path: Packages/com.unity.render-pipelines.universal/Editor/Analytics/PostProcessDataAnalytics.cs - Importer: ScriptedImporter/UnityEditor.QuickSearchModule:UnityEditor.Search:ASIAI0B
Importing 'GUID: 09cca3e7fbb9d25469cfb2bb082201d4 - Path: Packages/com.unity.render-pipelines.universal/Editor/Analytics/PostProcessDataAnalytics.cs - Importer: ScriptedImporter/UnityEditor.QuickSearchModule:UnityEditor.Search:ASIAI0B' with importer (ScriptedImporter : UnityEditor.QuickSearchModule:UnityEditor.Search:ASIAI0B)
Imported 'GUID: 09cca3e7fbb9d25469cfb2bb082201d4' -> (Import Result ID: 'd5b02b10f6444008774f8514ff1685b7') in 0.002 seconds [static and dynamic dependencies]. Details - ImportResultOutputID=7bb78458209eff883664ffd3fc0d87f7 DependenciesID=1b7f1fbe8a03bb2ac06e3aa287336e21 StaticDependenciesID=57b75c081217e1bae3a7e6dd19401836 
Number of updated asset objects reloaded before import = 0
Number of asset objects unloaded after import = 0
========================================================================
Received Import Request.
  Time of request: 2026-09-18T17:31:48.4516824Z
  Time since last request: 0.0003063 seconds.
  importAddress: GUID: ad710d4eb795c9e45a2dc60a0001e99b - Path: Packages/com.unity.render-pipelines.universal/Editor/Overrides/DepthOfFieldEditor.cs - Importer: ScriptedImporter/UnityEditor.QuickSearchModule:UnityEditor.Search:ASIAI0B
Importing 'GUID: ad710d4eb795c9e45a2dc60a0001e99b - Path: Packages/com.unity.render-pipelines.universal/Editor/Overrides/DepthOfFieldEditor.cs - Importer: ScriptedImporter/UnityEditor.QuickSearchModule:UnityEditor.Search:ASIAI0B' with importer (ScriptedImporter : UnityEditor.QuickSearchModule:UnityEditor.Search:ASIAI0B)
Imported 'GUID: ad710d4eb795c9e45a2dc60a0001e99b' -> (Import Result ID: '549d113d29863e358b7ecca2afb583c3') in 0.002 seconds [static and dynamic dependencies]. Details - ImportResultOutputID=b4960f73799b41efc67b2f918008efbb DependenciesID=480178e14cd5c0a0ea69ab536541040a StaticDependenciesID=d5c835d36f983abcc371e53015aca364 
Number of updated asset objects reloaded before import = 0
Number of asset objects unloaded after import = 0
========================================================================
Received Import Request.
  Time of request: 2026-09-18T17:31:48.4698256Z
  Time since last request: 0.0002773 seconds.
  importAddress: GUID: 122ed720f49f925479817132b614f11a - Path: Packages/com.unity.render-pipelines.universal/Editor/BuildProcessors/URPBuildData.cs - Importer: ScriptedImporter/UnityEditor.QuickSearchModule:UnityEditor.Search:ASIAI0B
Importing 'GUID: 122ed720f49f925479817132b614f11a - Path: Packages/com.unity.render-pipelines.universal/Editor/BuildProcessors/URPBuildData.cs - Importer: ScriptedImporter/UnityEditor.QuickSearchModule:UnityEditor.Search:ASIAI0B' with importer (ScriptedImporter : UnityEditor.QuickSearchModule:UnityEditor.Search:ASIAI0B)
Imported 'GUID: 122ed720f49f925479817132b614f11a' -> (Import Result ID: '590aac017dc44438b698ec3473e6f49e') in 0.002 seconds [static and dynamic dependencies]. Details - ImportResultOutputID=d62c6f350c5990560e8f9efc3df5c3ef DependenciesID=9c4ee82d0be2df36af17cb574e7b021e StaticDependenciesID=078d29a36a9222dee75125566cd5e161 
Number of updated asset objects reloaded before import = 0
Number of asset objects unloaded after import = 0
========================================================================
Received Import Request.
  Time of request: 2026-09-18T17:31:48.4875896Z
  Time since last request: 0.0003314 seconds.
  importAddress: GUID: 210f441e9bc1d0c4888c4369d2c0859f - Path: Packages/com.unity.render-pipelines.universal/Editor/2D/PixelPerfectCameraEditor.cs - Importer: ScriptedImporter/UnityEditor.QuickSearchModule:UnityEditor.Search:ASIAI0B
Importing 'GUID: 210f441e9bc1d0c4888c4369d2c0859f - Path: Packages/com.unity.render-pipelines.universal/Editor/2D/PixelPerfectCameraEditor.cs - Importer: ScriptedImporter/UnityEditor.QuickSearchModule:UnityEditor.Search:ASIAI0B' with importer (ScriptedImporter : UnityEditor.QuickSearchModule:UnityEditor.Search:ASIAI0B)
Imported 'GUID: 210f441e9bc1d0c4888c4369d2c0859f' -> (Import Result ID: '48f780852de89b1f5ea0bad47c71862c') in 0.002 seconds [static and dynamic dependencies]. Details - ImportResultOutputID=051c27dbb1a7e989e3459d77850befc3 DependenciesID=51169188bbb659b5eace13db3de10f96 StaticDependenciesID=38212ca369ef728af1e0ce01086e89c2 
Number of updated asset objects reloaded before import = 0
Number of asset objects unloaded after import = 0
========================================================================
Received Import Request.
  Time of request: 2026-09-18T17:31:48.5058336Z
  Time since last request: 0.0003388 seconds.
  importAddress: GUID: fce2d726a9fb304408cfa649e000006f - Path: Packages/com.unity.render-pipelines.universal/Editor/BuildProcessors/URPProcessScene.cs - Importer: ScriptedImporter/UnityEditor.QuickSearchModule:UnityEditor.Search:ASIAI0B
Importing 'GUID: fce2d726a9fb304408cfa649e000006f - Path: Packages/com.unity.render-pipelines.universal/Editor/BuildProcessors/URPProcessScene.cs - Importer: ScriptedImporter/UnityEditor.QuickSearchModule:UnityEditor.Search:ASIAI0B' with importer (ScriptedImporter : UnityEditor.QuickSearchModule:UnityEditor.Search:ASIAI0B)
Imported 'GUID: fce2d726a9fb304408cfa649e000006f' -> (Import Result ID: '218ba5895069c4556ffa593ffdf495a1') in 0.002 seconds [static and dynamic dependencies]. Details - ImportResultOutputID=41b43134b2bd4037caf6e6be9a5ce337 DependenciesID=48c0d7e738725c7bc942201d5cc96130 StaticDependenciesID=edc04ddb30a31c1313029fc8e0bb63ec 
Number of updated asset objects reloaded before import = 0
Number of asset objects unloaded after import = 0
========================================================================
Received Import Request.
  Time of request: 2026-09-18T17:31:48.5240567Z
  Time since last request: 0.0003265 seconds.
  importAddress: GUID: 143025245ea41d74586c764898ec5ed9 - Path: Packages/com.unity.render-pipelines.universal/Editor/AssetPostProcessors/UniversalRenderPipelineGlobalSettingsPostprocessor.cs - Importer: ScriptedImporter/UnityEditor.QuickSearchModule:UnityEditor.Search:ASIAI0B
Importing 'GUID: 143025245ea41d74586c764898ec5ed9 - Path: Packages/com.unity.render-pipelines.universal/Editor/AssetPostProcessors/UniversalRenderPipelineGlobalSettingsPostprocessor.cs - Importer: ScriptedImporter/UnityEditor.QuickSearchModule:UnityEditor.Search:ASIAI0B' with importer (ScriptedImporter : UnityEditor.QuickSearchModule:UnityEditor.Search:ASIAI0B)
Imported 'GUID: 143025245ea41d74586c764898ec5ed9' -> (Import Result ID: 'e3a229a8070afdf419fa0cecb62cc3e0') in 0.002 seconds [static and dynamic dependencies]. Details - ImportResultOutputID=d23ae6e4630461d3ad49c504412d2245 DependenciesID=d49473c156c7f0dbf528093d748cf041 StaticDependenciesID=363e3b9d8472057673c91240bb0d37e6 
Number of updated asset objects reloaded before import = 0
Number of asset objects unloaded after import = 0
========================================================================
Received Import Request.
  Time of request: 2026-09-18T17:31:48.5422541Z
  Time since last request: 0.0003169 seconds.
  importAddress: GUID: 14ecd35dd3ee4504c84e850f72cac9b4 - Path: Packages/com.unity.render-pipelines.universal/Editor/Camera/UniversalRenderPipelineCameraUI.PhysicalCamera.Drawers.cs - Importer: ScriptedImporter/UnityEditor.QuickSearchModule:UnityEditor.Search:ASIAI0B
Importing 'GUID: 14ecd35dd3ee4504c84e850f72cac9b4 - Path: Packages/com.unity.render-pipelines.universal/Editor/Camera/UniversalRenderPipelineCameraUI.PhysicalCamera.Drawers.cs - Importer: ScriptedImporter/UnityEditor.QuickSearchModule:UnityEditor.Search:ASIAI0B' with importer (ScriptedImporter : UnityEditor.QuickSearchModule:UnityEditor.Search:ASIAI0B)
Imported 'GUID: 14ecd35dd3ee4504c84e850f72cac9b4' -> (Import Result ID: 'c34ddf16e1846b9bd7e3a40d4f26eb29') in 0.002 seconds [static and dynamic dependencies]. Details - ImportResultOutputID=067cbcbafcece90dd22956a2313d4c16 DependenciesID=f6f04ff537c8a8bd4973256f334f2330 StaticDependenciesID=a10b6be4b8f52b7d713edd4c9270c2fe 
Number of updated asset objects reloaded before import = 0
Number of asset objects unloaded after import = 0
========================================================================
Received Import Request.
  Time of request: 2026-09-18T17:31:48.560473Z
  Time since last request: 0.0003234 seconds.
  importAddress: GUID: 258887e488db43041a92d45ddb4f2a4d - Path: Packages/com.unity.render-pipelines.universal/Editor/2D/FreeformPathPresets.cs - Importer: ScriptedImporter/UnityEditor.QuickSearchModule:UnityEditor.Search:ASIAI0B
Importing 'GUID: 258887e488db43041a92d45ddb4f2a4d - Path: Packages/com.unity.render-pipelines.universal/Editor/2D/FreeformPathPresets.cs - Importer: ScriptedImporter/UnityEditor.QuickSearchModule:UnityEditor.Search:ASIAI0B' with importer (ScriptedImporter : UnityEditor.QuickSearchModule:UnityEditor.Search:ASIAI0B)
Imported 'GUID: 258887e488db43041a92d45ddb4f2a4d' -> (Import Result ID: '40097b4897fccea886bfc093716c78b9') in 0.002 seconds [static and dynamic dependencies]. Details - ImportResultOutputID=fb9a4b993621f1d5d4cba9dd29c6c276 DependenciesID=9da4be2a90ba09412ddb0bb8a372da84 StaticDependenciesID=931ec88600023961fa900db54ae86d90 
Number of updated asset objects reloaded before import = 0
Number of asset objects unloaded after import = 0
========================================================================
Received Import Request.
  Time of request: 2026-09-18T17:31:48.5785915Z
  Time since last request: 0.0002976 seconds.
  importAddress: GUID: ab5f850e3c753a74eb7b4c1cc5ebaa0f - Path: Packages/com.unity.render-pipelines.universal/Editor/BuildProcessors/URPPreprocessBuild.cs - Importer: ScriptedImporter/UnityEditor.QuickSearchModule:UnityEditor.Search:ASIAI0B
Importing 'GUID: ab5f850e3c753a74eb7b4c1cc5ebaa0f - Path: Packages/com.unity.render-pipelines.universal/Editor/BuildProcessors/URPPreprocessBuild.cs - Importer: ScriptedImporter/UnityEditor.QuickSearchModule:UnityEditor.Search:ASIAI0B' with importer (ScriptedImporter : UnityEditor.QuickSearchModule:UnityEditor.Search:ASIAI0B)
Imported 'GUID: ab5f850e3c753a74eb7b4c1cc5ebaa0f' -> (Import Result ID: '68a03389a465b7f7525f7bea5dce5788') in 0.002 seconds [static and dynamic dependencies]. Details - ImportResultOutputID=14e5f545ca8fe62cc4a8a12a5f49b6b5 DependenciesID=28a3be4bdf1003f15d119e54d0d0d042 StaticDependenciesID=e22431162676ee7f257c6b2cbb4325ca 
Number of updated asset objects reloaded before import = 0
Number of asset objects unloaded after import = 0
========================================================================
Received Import Request.
  Time of request: 2026-09-18T17:31:48.5967813Z
  Time since last request: 0.0003334 seconds.
  importAddress: GUID: c91e96badf0e2d4439afbed8e4befceb - Path: Packages/com.unity.render-pipelines.universal/Editor/Decal/DecalProjectorEditor.Skin.cs - Importer: ScriptedImporter/UnityEditor.QuickSearchModule:UnityEditor.Search:ASIAI0B
Importing 'GUID: c91e96badf0e2d4439afbed8e4befceb - Path: Packages/com.unity.render-pipelines.universal/Editor/Decal/DecalProjectorEditor.Skin.cs - Importer: ScriptedImporter/UnityEditor.QuickSearchModule:UnityEditor.Search:ASIAI0B' with importer (ScriptedImporter : UnityEditor.QuickSearchModule:UnityEditor.Search:ASIAI0B)
Imported 'GUID: c91e96badf0e2d4439afbed8e4befceb' -> (Import Result ID: 'f7b1d893cccce747645c28ee42d5cb85') in 0.003 seconds [static and dynamic dependencies]. Details - ImportResultOutputID=982e8ade60daab9c2f42df12b2423cb8 DependenciesID=e13a396486c3727143f3cd0f966fd43e StaticDependenciesID=8a8a7c6167c5b4d7e58c9878a7a37d78 
Number of updated asset objects reloaded before import = 0
Number of asset objects unloaded after import = 0
========================================================================
Received Import Request.
  Time of request: 2026-09-18T17:31:48.6148539Z
  Time since last request: 0.0003299 seconds.
  importAddress: GUID: 35e51b3cab2b88440b5791f70c01c09c - Path: Packages/com.unity.render-pipelines.universal/Editor/2D/SortingLayerDropDown.cs - Importer: ScriptedImporter/UnityEditor.QuickSearchModule:UnityEditor.Search:ASIAI0B
Importing 'GUID: 35e51b3cab2b88440b5791f70c01c09c - Path: Packages/com.unity.render-pipelines.universal/Editor/2D/SortingLayerDropDown.cs - Importer: ScriptedImporter/UnityEditor.QuickSearchModule:UnityEditor.Search:ASIAI0B' with importer (ScriptedImporter : UnityEditor.QuickSearchModule:UnityEditor.Search:ASIAI0B)
Imported 'GUID: 35e51b3cab2b88440b5791f70c01c09c' -> (Import Result ID: 'ca169afd8332559c011818c9055b3095') in 0.002 seconds [static and dynamic dependencies]. Details - ImportResultOutputID=cc092db89655c8d94f92a49ca53a1cda DependenciesID=df5faa2141b6c80b193c0b692c7b36f5 StaticDependenciesID=b2b4f22e26a2f652ead991d6e5a709f6 
Number of updated asset objects reloaded before import = 0
Number of asset objects unloaded after import = 0
========================================================================
Received Import Request.
  Time of request: 2026-09-18T17:31:48.6348441Z
  Time since last request: 0.0003011 seconds.
  importAddress: GUID: 7db8784515f96cf459209aeab8ad7ce3 - Path: Packages/com.unity.render-pipelines.universal/Editor/Decal/CreateDecalShaderGraph.cs - Importer: ScriptedImporter/UnityEditor.QuickSearchModule:UnityEditor.Search:ASIAI0B
Importing 'GUID: 7db8784515f96cf459209aeab8ad7ce3 - Path: Packages/com.unity.render-pipelines.universal/Editor/Decal/CreateDecalShaderGraph.cs - Importer: ScriptedImporter/UnityEditor.QuickSearchModule:UnityEditor.Search:ASIAI0B' with importer (ScriptedImporter : UnityEditor.QuickSearchModule:UnityEditor.Search:ASIAI0B)
Imported 'GUID: 7db8784515f96cf459209aeab8ad7ce3' -> (Import Result ID: 'fe86dee3135b9be5464072a908719965') in 0.002 seconds [static and dynamic dependencies]. Details - ImportResultOutputID=961b004ce62f5efe7e75ab2dd3b48976 DependenciesID=1e0f548373108aa71b678d605a839ee7 StaticDependenciesID=be8c40f24f1429051e3b048e2c217b79 
Number of updated asset objects reloaded before import = 0
Number of asset objects unloaded after import = 0
========================================================================
Received Import Request.
  Time of request: 2026-09-18T17:31:48.6529801Z
  Time since last request: 0.0002894 seconds.
  importAddress: GUID: fa9bd1f1c8ee9a146bdfb156e304bd33 - Path: Packages/com.unity.render-pipelines.universal/Editor/AssetPostProcessors/FBXArnoldSurfaceMaterialDescriptionPreprocessor.cs - Importer: ScriptedImporter/UnityEditor.QuickSearchModule:UnityEditor.Search:ASIAI0B
Importing 'GUID: fa9bd1f1c8ee9a146bdfb156e304bd33 - Path: Packages/com.unity.render-pipelines.universal/Editor/AssetPostProcessors/FBXArnoldSurfaceMaterialDescriptionPreprocessor.cs - Importer: ScriptedImporter/UnityEditor.QuickSearchModule:UnityEditor.Search:ASIAI0B' with importer (ScriptedImporter : UnityEditor.QuickSearchModule:UnityEditor.Search:ASIAI0B)
Imported 'GUID: fa9bd1f1c8ee9a146bdfb156e304bd33' -> (Import Result ID: 'f6bc3fcdf2bb4ef24b78ce0b03aa2545') in 0.002 seconds [static and dynamic dependencies]. Details - ImportResultOutputID=1dabb07f2c00bd617bb6ef15b3e45a5a DependenciesID=ba3628b5963bec7cfee40741b34d9217 StaticDependenciesID=6b94a00f912f8d1ab4d58b96be57a746 
Number of updated asset objects reloaded before import = 0
Number of asset objects unloaded after import = 0
========================================================================
Received Import Request.
  Time of request: 2026-09-18T17:31:48.6717045Z
  Time since last request: 0.0003596 seconds.
  importAddress: GUID: abcad45687bfae74da54b83b9ac8b9e5 - Path: Packages/com.unity.render-pipelines.universal/Editor/Camera/UniversalAdditionalSceneViewSettings.cs - Importer: ScriptedImporter/UnityEditor.QuickSearchModule:UnityEditor.Search:ASIAI0B
Importing 'GUID: abcad45687bfae74da54b83b9ac8b9e5 - Path: Packages/com.unity.render-pipelines.universal/Editor/Camera/UniversalAdditionalSceneViewSettings.cs - Importer: ScriptedImporter/UnityEditor.QuickSearchModule:UnityEditor.Search:ASIAI0B' with importer (ScriptedImporter : UnityEditor.QuickSearchModule:UnityEditor.Search:ASIAI0B)
Imported 'GUID: abcad45687bfae74da54b83b9ac8b9e5' -> (Import Result ID: 'ce4f9351835cab87bc4c4dabf9338500') in 0.002 seconds [static and dynamic dependencies]. Details - ImportResultOutputID=ab7c7cdcd49712d44966a21311ae114d DependenciesID=93e1f0c91e281c4c21c2e6789cb67476 StaticDependenciesID=222a82800ef0e82c9943adcf8f9d5236 
Number of updated asset objects reloaded before import = 0
Number of asset objects unloaded after import = 0
========================================================================
Received Import Request.
  Time of request: 2026-09-18T17:31:48.6896992Z
  Time since last request: 0.0002891 seconds.
  importAddress: GUID: 2f447f3361e81db4cb24d35be94da7c6 - Path: Packages/com.unity.render-pipelines.universal/Editor/Lighting/UniversalRenderPipelineLightUI.Skin.cs - Importer: ScriptedImporter/UnityEditor.QuickSearchModule:UnityEditor.Search:ASIAI0B
Importing 'GUID: 2f447f3361e81db4cb24d35be94da7c6 - Path: Packages/com.unity.render-pipelines.universal/Editor/Lighting/UniversalRenderPipelineLightUI.Skin.cs - Importer: ScriptedImporter/UnityEditor.QuickSearchModule:UnityEditor.Search:ASIAI0B' with importer (ScriptedImporter : UnityEditor.QuickSearchModule:UnityEditor.Search:ASIAI0B)
Imported 'GUID: 2f447f3361e81db4cb24d35be94da7c6' -> (Import Result ID: '2f9cfdb3412ac0441a33645e1b04ab82') in 0.003 seconds [static and dynamic dependencies]. Details - ImportResultOutputID=b106491b92a72cda70b57b8dec7c7187 DependenciesID=7fdf066a1d4aae90dcf68f73084ef1c0 StaticDependenciesID=f8cf8ed9458296bb13bd3a28b2591f06 
Number of updated asset objects reloaded before import = 0
Number of asset objects unloaded after import = 0
========================================================================
Received Import Request.
  Time of request: 2026-09-18T17:31:48.7081951Z
  Time since last request: 0.0003181 seconds.
  importAddress: GUID: 17ea29e638a319a48b6ec0f98c462d7e - Path: Packages/com.unity.render-pipelines.universal/Editor/AssetPostProcessors/FBXMaterialDescriptionPreprocessor.cs - Importer: ScriptedImporter/UnityEditor.QuickSearchModule:UnityEditor.Search:ASIAI0B
Importing 'GUID: 17ea29e638a319a48b6ec0f98c462d7e - Path: Packages/com.unity.render-pipelines.universal/Editor/AssetPostProcessors/FBXMaterialDescriptionPreprocessor.cs - Importer: ScriptedImporter/UnityEditor.QuickSearchModule:UnityEditor.Search:ASIAI0B' with importer (ScriptedImporter : UnityEditor.QuickSearchModule:UnityEditor.Search:ASIAI0B)
Imported 'GUID: 17ea29e638a319a48b6ec0f98c462d7e' -> (Import Result ID: 'cf1fc7c9a628bc00a6a28b8cfded5a38') in 0.003 seconds [static and dynamic dependencies]. Details - ImportResultOutputID=88abcfecc7cac0c050e238b46d163ed6 DependenciesID=b25fde38d7b376f98e10fc0991bcc0f2 StaticDependenciesID=ea9efe072d685377c6e2721e5af2c0b5 
Number of updated asset objects reloaded before import = 0
Number of asset objects unloaded after import = 0
========================================================================
Received Import Request.
  Time of request: 2026-09-18T17:31:48.7266403Z
  Time since last request: 0.0002866 seconds.
  importAddress: GUID: 8fa338645a1097d4a8fbcbb438c289ca - Path: Packages/com.unity.render-pipelines.universal/Editor/AssetPostProcessors/ShaderGraphMaterialsUpdater.cs - Importer: ScriptedImporter/UnityEditor.QuickSearchModule:UnityEditor.Search:ASIAI0B
Importing 'GUID: 8fa338645a1097d4a8fbcbb438c289ca - Path: Packages/com.unity.render-pipelines.universal/Editor/AssetPostProcessors/ShaderGraphMaterialsUpdater.cs - Importer: ScriptedImporter/UnityEditor.QuickSearchModule:UnityEditor.Search:ASIAI0B' with importer (ScriptedImporter : UnityEditor.QuickSearchModule:UnityEditor.Search:ASIAI0B)
Imported 'GUID: 8fa338645a1097d4a8fbcbb438c289ca' -> (Import Result ID: '4e57c8eeeba54486f5a3be3295c44796') in 0.003 seconds [static and dynamic dependencies]. Details - ImportResultOutputID=fad3b600a7364f552e95d787ea348319 DependenciesID=e3f1b22522169bbe6a14b980605989eb StaticDependenciesID=c75362c13f20ff5970d06d4d444dd042 
Number of updated asset objects reloaded before import = 0
Number of asset objects unloaded after import = 0
========================================================================
Received Import Request.
  Time of request: 2026-09-18T17:31:48.745029Z
  Time since last request: 0.0002653 seconds.
  importAddress: GUID: c9bd9b1710724164c8a601affb56d19d - Path: Packages/com.unity.render-pipelines.universal/Editor/Camera/UniversalRenderPipelineCameraUI.Rendering.Drawers.cs - Importer: ScriptedImporter/UnityEditor.QuickSearchModule:UnityEditor.Search:ASIAI0B
Importing 'GUID: c9bd9b1710724164c8a601affb56d19d - Path: Packages/com.unity.render-pipelines.universal/Editor/Camera/UniversalRenderPipelineCameraUI.Rendering.Drawers.cs - Importer: ScriptedImporter/UnityEditor.QuickSearchModule:UnityEditor.Search:ASIAI0B' with importer (ScriptedImporter : UnityEditor.QuickSearchModule:UnityEditor.Search:ASIAI0B)
Imported 'GUID: c9bd9b1710724164c8a601affb56d19d' -> (Import Result ID: '020bbf8f18991a63307f61115a763d3f') in 0.003 seconds [static and dynamic dependencies]. Details - ImportResultOutputID=d80a4ec862515fabeb05074aed347e7d DependenciesID=207ac0223b49ba57efcd11d2b2b13404 StaticDependenciesID=318a10746f0a8c949031e9a45d285d14 
Number of updated asset objects reloaded before import = 0
Number of asset objects unloaded after import = 0
========================================================================
Received Import Request.
  Time of request: 2026-09-18T17:31:48.7640783Z
  Time since last request: 0.0003082 seconds.
  importAddress: GUID: c127048d39dbf5f4b849798e17e03862 - Path: Packages/com.unity.render-pipelines.universal/Editor/AssetPostProcessors/AutodeskInteractiveMaterialImport.cs - Importer: ScriptedImporter/UnityEditor.QuickSearchModule:UnityEditor.Search:ASIAI0B
Importing 'GUID: c127048d39dbf5f4b849798e17e03862 - Path: Packages/com.unity.render-pipelines.universal/Editor/AssetPostProcessors/AutodeskInteractiveMaterialImport.cs - Importer: ScriptedImporter/UnityEditor.QuickSearchModule:UnityEditor.Search:ASIAI0B' with importer (ScriptedImporter : UnityEditor.QuickSearchModule:UnityEditor.Search:ASIAI0B)
Imported 'GUID: c127048d39dbf5f4b849798e17e03862' -> (Import Result ID: '389fece0cd3cafaf02de7578c87d0ac3') in 0.003 seconds [static and dynamic dependencies]. Details - ImportResultOutputID=db6ee51f98bfcb883b49fc3a521d28d2 DependenciesID=e996b3676a620f5062905f9e87e489c0 StaticDependenciesID=c1a0bcf2e03922d59375791c9f1cf2c9 
Number of updated asset objects reloaded before import = 0
Number of asset objects unloaded after import = 0
========================================================================
Received Import Request.
  Time of request: 2026-09-18T17:31:48.7827619Z
  Time since last request: 0.0003029 seconds.
  importAddress: GUID: 1a8cdd2e9d2eeaf4e956e5592d5d0278 - Path: Packages/com.unity.render-pipelines.universal/Editor/Lighting/UniversalRenderPipelineLightUI.Drawers.cs - Importer: ScriptedImporter/UnityEditor.QuickSearchModule:UnityEditor.Search:ASIAI0B
Importing 'GUID: 1a8cdd2e9d2eeaf4e956e5592d5d0278 - Path: Packages/com.unity.render-pipelines.universal/Editor/Lighting/UniversalRenderPipelineLightUI.Drawers.cs - Importer: ScriptedImporter/UnityEditor.QuickSearchModule:UnityEditor.Search:ASIAI0B' with importer (ScriptedImporter : UnityEditor.QuickSearchModule:UnityEditor.Search:ASIAI0B)
Imported 'GUID: 1a8cdd2e9d2eeaf4e956e5592d5d0278' -> (Import Result ID: 'fb6c304039f27e01c8ea76022af60931') in 0.005 seconds [static and dynamic dependencies]. Details - ImportResultOutputID=22391134bc57e7ecc0af7e3f1196fc83 DependenciesID=2e805bd03ad120d88c617f3721ce5b63 StaticDependenciesID=340961005a3baae1881c532eb13c0832 
Number of updated asset objects reloaded before import = 0
Number of asset objects unloaded after import = 0
========================================================================
Received Import Request.
  Time of request: 2026-09-18T17:31:48.8033586Z
  Time since last request: 0.0002803 seconds.
  importAddress: GUID: 0bc972c43bf3a8347aee5ba065c03157 - Path: Packages/com.unity.render-pipelines.universal/Editor/2D/CompositeShadowCaster2DEditor.cs - Importer: ScriptedImporter/UnityEditor.QuickSearchModule:UnityEditor.Search:ASIAI0B
Importing 'GUID: 0bc972c43bf3a8347aee5ba065c03157 - Path: Packages/com.unity.render-pipelines.universal/Editor/2D/CompositeShadowCaster2DEditor.cs - Importer: ScriptedImporter/UnityEditor.QuickSearchModule:UnityEditor.Search:ASIAI0B' with importer (ScriptedImporter : UnityEditor.QuickSearchModule:UnityEditor.Search:ASIAI0B)
Imported 'GUID: 0bc972c43bf3a8347aee5ba065c03157' -> (Import Result ID: 'f5ccae9f435a0ab5854e1f78ad9ce8d3') in 0.003 seconds [static and dynamic dependencies]. Details - ImportResultOutputID=5f5b3b802da13e736b8d5b55acdfaf4a DependenciesID=22093962196fb3fa173b21b6332df15d StaticDependenciesID=25edfd8a1040c9c919be3337368522a7 
Number of updated asset objects reloaded before import = 0
Number of asset objects unloaded after import = 0
========================================================================
Received Import Request.
  Time of request: 2026-09-18T17:31:48.8217198Z
  Time since last request: 0.0003055 seconds.
  importAddress: GUID: d569aa2a3d2a1a74aaf68c388f2e0798 - Path: Packages/com.unity.render-pipelines.universal/Editor/Camera/UniversalRenderPipelineCameraEditor.cs - Importer: ScriptedImporter/UnityEditor.QuickSearchModule:UnityEditor.Search:ASIAI0B
Importing 'GUID: d569aa2a3d2a1a74aaf68c388f2e0798 - Path: Packages/com.unity.render-pipelines.universal/Editor/Camera/UniversalRenderPipelineCameraEditor.cs - Importer: ScriptedImporter/UnityEditor.QuickSearchModule:UnityEditor.Search:ASIAI0B' with importer (ScriptedImporter : UnityEditor.QuickSearchModule:UnityEditor.Search:ASIAI0B)
Imported 'GUID: d569aa2a3d2a1a74aaf68c388f2e0798' -> (Import Result ID: '2ddf5250c8b3611e179044f88e05d590') in 0.003 seconds [static and dynamic dependencies]. Details - ImportResultOutputID=6f4deb0c51151538d87252952d4b0fbb DependenciesID=37be4e670a3a4a7974b32cc11289f7dc StaticDependenciesID=a7eb6784d266051c3330b4c9ad3cee0b 
Number of updated asset objects reloaded before import = 0
Number of asset objects unloaded after import = 0
========================================================================
Received Import Request.
  Time of request: 2026-09-18T17:31:48.8401201Z
  Time since last request: 0.0002993 seconds.
  importAddress: GUID: 62e1d3960d9dba84780a633cbb9f63c2 - Path: Packages/com.unity.render-pipelines.universal/Editor/2D/Light2DEditorUtility.cs - Importer: ScriptedImporter/UnityEditor.QuickSearchModule:UnityEditor.Search:ASIAI0B
Importing 'GUID: 62e1d3960d9dba84780a633cbb9f63c2 - Path: Packages/com.unity.render-pipelines.universal/Editor/2D/Light2DEditorUtility.cs - Importer: ScriptedImporter/UnityEditor.QuickSearchModule:UnityEditor.Search:ASIAI0B' with importer (ScriptedImporter : UnityEditor.QuickSearchModule:UnityEditor.Search:ASIAI0B)
Imported 'GUID: 62e1d3960d9dba84780a633cbb9f63c2' -> (Import Result ID: '5fc46ef5cffd325113711ff8c03d609b') in 0.002 seconds [static and dynamic dependencies]. Details - ImportResultOutputID=f75ce59825e8e903d742aac6541fac8d DependenciesID=71085d0191cc6dc2a148f3b69b3c549f StaticDependenciesID=c388d20bc407529e67e142c628ab3c1f 
Number of updated asset objects reloaded before import = 0
Number of asset objects unloaded after import = 0
========================================================================
Received Import Request.
  Time of request: 2026-09-18T17:31:48.8582088Z
  Time since last request: 0.0003006 seconds.
  importAddress: GUID: 5421f26576fd37c4c8a2389698c6a276 - Path: Packages/com.unity.render-pipelines.universal/Editor/Overrides/ColorLookupEditor.cs - Importer: ScriptedImporter/UnityEditor.QuickSearchModule:UnityEditor.Search:ASIAI0B
Importing 'GUID: 5421f26576fd37c4c8a2389698c6a276 - Path: Packages/com.unity.render-pipelines.universal/Editor/Overrides/ColorLookupEditor.cs - Importer: ScriptedImporter/UnityEditor.QuickSearchModule:UnityEditor.Search:ASIAI0B' with importer (ScriptedImporter : UnityEditor.QuickSearchModule:UnityEditor.Search:ASIAI0B)
Imported 'GUID: 5421f26576fd37c4c8a2389698c6a276' -> (Import Result ID: 'a2cdbae8af5feff23ddd7c857647dcef') in 0.002 seconds [static and dynamic dependencies]. Details - ImportResultOutputID=135b0f74f30e1182bf86d04477528c5d DependenciesID=f467ba8e7c7e65cdd50829a1cff18bf9 StaticDependenciesID=f2a8cdca9d2334f69753df29cd205688 
Number of updated asset objects reloaded before import = 0
Number of asset objects unloaded after import = 0
========================================================================
Received Import Request.
  Time of request: 2026-09-18T17:31:48.87669Z
  Time since last request: 0.0002929 seconds.
  importAddress: GUID: e6b197b525ca7a545aa2c6a4d0cd6190 - Path: Packages/com.unity.render-pipelines.universal/Editor/Analytics/AssetReimporterAnalytic.cs - Importer: ScriptedImporter/UnityEditor.QuickSearchModule:UnityEditor.Search:ASIAI0B
Importing 'GUID: e6b197b525ca7a545aa2c6a4d0cd6190 - Path: Packages/com.unity.render-pipelines.universal/Editor/Analytics/AssetReimporterAnalytic.cs - Importer: ScriptedImporter/UnityEditor.QuickSearchModule:UnityEditor.Search:ASIAI0B' with importer (ScriptedImporter : UnityEditor.QuickSearchModule:UnityEditor.Search:ASIAI0B)
Imported 'GUID: e6b197b525ca7a545aa2c6a4d0cd6190' -> (Import Result ID: '11f0185308a296bb20774a5815d33c91') in 0.002 seconds [static and dynamic dependencies]. Details - ImportResultOutputID=04cfdf79b7b1f543ad3be76b8ff65231 DependenciesID=4da88802fa86e9155d43f6f658cce8b1 StaticDependenciesID=e9903afdb8850d6c3fc8ea5364f501ab 
Number of updated asset objects reloaded before import = 0
Number of asset objects unloaded after import = 0
========================================================================
Received Import Request.
  Time of request: 2026-09-18T17:31:48.894856Z
  Time since last request: 0.0003039 seconds.
  importAddress: GUID: c2bef50bb856f744080489123f6b3f84 - Path: Packages/com.unity.render-pipelines.universal/Editor/2D/Light2DEditor.cs - Importer: ScriptedImporter/UnityEditor.QuickSearchModule:UnityEditor.Search:ASIAI0B
Importing 'GUID: c2bef50bb856f744080489123f6b3f84 - Path: Packages/com.unity.render-pipelines.universal/Editor/2D/Light2DEditor.cs - Importer: ScriptedImporter/UnityEditor.QuickSearchModule:UnityEditor.Search:ASIAI0B' with importer (ScriptedImporter : UnityEditor.QuickSearchModule:UnityEditor.Search:ASIAI0B)
Imported 'GUID: c2bef50bb856f744080489123f6b3f84' -> (Import Result ID: 'c92d605e27c0182e280051c7c8c722c1') in 0.002 seconds [static and dynamic dependencies]. Details - ImportResultOutputID=e3222dc54af7feaa041cab6d1dcb017b DependenciesID=a16497070157533d05abf80a7ff8e554 StaticDependenciesID=77f7003ac89f14be080d1d7f3cd479d7 
Number of updated asset objects reloaded before import = 0
Number of asset objects unloaded after import = 0
========================================================================
Received Import Request.
  Time of request: 2026-09-18T17:31:48.9131554Z
  Time since last request: 0.0003422 seconds.
  importAddress: GUID: 9c7e18910396a06418ff835346f291c9 - Path: Packages/com.unity.render-pipelines.universal/Editor/Overrides/BloomEditor.cs - Importer: ScriptedImporter/UnityEditor.QuickSearchModule:UnityEditor.Search:ASIAI0B
Importing 'GUID: 9c7e18910396a06418ff835346f291c9 - Path: Packages/com.unity.render-pipelines.universal/Editor/Overrides/BloomEditor.cs - Importer: ScriptedImporter/UnityEditor.QuickSearchModule:UnityEditor.Search:ASIAI0B' with importer (ScriptedImporter : UnityEditor.QuickSearchModule:UnityEditor.Search:ASIAI0B)
Imported 'GUID: 9c7e18910396a06418ff835346f291c9' -> (Import Result ID: '5f133e3f913ae3c035fe195779d349ca') in 0.002 seconds [static and dynamic dependencies]. Details - ImportResultOutputID=300e2f51cdbe7c8785c32e3137c336bc DependenciesID=9138850fbd0b0d80d9968f8f2e9aefd0 StaticDependenciesID=4d32e5189c7ccbb85dbb1a353b202a41 
Number of updated asset objects reloaded before import = 0
Number of asset objects unloaded after import = 0
========================================================================
Received Import Request.
  Time of request: 2026-09-18T17:31:48.9315689Z
  Time since last request: 0.0002878 seconds.
  importAddress: GUID: 916f43e9d8e15c448a2c8a5d30b26dbd - Path: Packages/com.unity.render-pipelines.universal/Editor/Gizmos/Camera_PostProcessing.png - Importer: ScriptedImporter/UnityEditor.QuickSearchModule:UnityEditor.Search:ASIAI0B
Importing 'GUID: 916f43e9d8e15c448a2c8a5d30b26dbd - Path: Packages/com.unity.render-pipelines.universal/Editor/Gizmos/Camera_PostProcessing.png - Importer: ScriptedImporter/UnityEditor.QuickSearchModule:UnityEditor.Search:ASIAI0B' with importer (ScriptedImporter : UnityEditor.QuickSearchModule:UnityEditor.Search:ASIAI0B)
Imported 'GUID: 916f43e9d8e15c448a2c8a5d30b26dbd' -> (Import Result ID: '6bb192d29414a94a0bb09dcfcaec4eeb') in 0.008 seconds [static and dynamic dependencies]. Details - ImportResultOutputID=2333fa76c1f0eef33b156482b40a4b98 DependenciesID=39841606cfd407351230b81bcc534d54 StaticDependenciesID=6369b67e6f452a6ffa10870677ea39ab 
Number of updated asset objects reloaded before import = 0
Number of asset objects unloaded after import = 1
========================================================================
Received Import Request.
  Time of request: 2026-09-18T17:31:48.9551736Z
  Time since last request: 0.0002888 seconds.
  importAddress: GUID: 39262bb9f1f65f040aefacd75fbd0e47 - Path: Packages/com.unity.render-pipelines.universal/Editor/Decal/DecalPass.template - Importer: ScriptedImporter/UnityEditor.QuickSearchModule:UnityEditor.Search:ASIAI0B
Importing 'GUID: 39262bb9f1f65f040aefacd75fbd0e47 - Path: Packages/com.unity.render-pipelines.universal/Editor/Decal/DecalPass.template - Importer: ScriptedImporter/UnityEditor.QuickSearchModule:UnityEditor.Search:ASIAI0B' with importer (ScriptedImporter : UnityEditor.QuickSearchModule:UnityEditor.Search:ASIAI0B)
Imported 'GUID: 39262bb9f1f65f040aefacd75fbd0e47' -> (Import Result ID: '1e38fe172fdc1b90efb3f7fd09e44649') in 0.002 seconds [static and dynamic dependencies]. Details - ImportResultOutputID=b8b8c10562b8bc3a55240684b5241b62 DependenciesID=5a1baea16e4318e48b0ae1dc4a07f3a8 StaticDependenciesID=d6b3a48161c16ec4448d10fd024b79c2 
Number of updated asset objects reloaded before import = 0
Number of asset objects unloaded after import = 1
========================================================================
Received Import Request.
  Time of request: 2026-09-18T17:31:48.9733524Z
  Time since last request: 0.0002911 seconds.
  importAddress: GUID: e4470a4bb8b24974a828f392bdcd4d0d - Path: Packages/com.unity.render-pipelines.universal/Editor/Decal/DecalShaderGraphGUI.cs - Importer: ScriptedImporter/UnityEditor.QuickSearchModule:UnityEditor.Search:ASIAI0B
Importing 'GUID: e4470a4bb8b24974a828f392bdcd4d0d - Path: Packages/com.unity.render-pipelines.universal/Editor/Decal/DecalShaderGraphGUI.cs - Importer: ScriptedImporter/UnityEditor.QuickSearchModule:UnityEditor.Search:ASIAI0B' with importer (ScriptedImporter : UnityEditor.QuickSearchModule:UnityEditor.Search:ASIAI0B)
Imported 'GUID: e4470a4bb8b24974a828f392bdcd4d0d' -> (Import Result ID: '7902c79782769555868637cbc454a74d') in 0.003 seconds [static and dynamic dependencies]. Details - ImportResultOutputID=c40dfb700486d841b60b19cc9757b351 DependenciesID=df08815cd5d31205fdaec381852c0e5f StaticDependenciesID=c0d082bf7991bc1350120319b53a37bb 
Number of updated asset objects reloaded before import = 0
Number of asset objects unloaded after import = 0
========================================================================
Received Import Request.
  Time of request: 2026-09-18T17:31:48.9914752Z
  Time since last request: 0.0002865 seconds.
  importAddress: GUID: 9b18b0fc0f8fa024bad93dc11774b8f4 - Path: Packages/com.unity.render-pipelines.universal/Editor/Decal/CreateDecalProjector.cs - Importer: ScriptedImporter/UnityEditor.QuickSearchModule:UnityEditor.Search:ASIAI0B
Importing 'GUID: 9b18b0fc0f8fa024bad93dc11774b8f4 - Path: Packages/com.unity.render-pipelines.universal/Editor/Decal/CreateDecalProjector.cs - Importer: ScriptedImporter/UnityEditor.QuickSearchModule:UnityEditor.Search:ASIAI0B' with importer (ScriptedImporter : UnityEditor.QuickSearchModule:UnityEditor.Search:ASIAI0B)
Imported 'GUID: 9b18b0fc0f8fa024bad93dc11774b8f4' -> (Import Result ID: 'f7e6ce05c2a341e4312f6a92a0fb4ab2') in 0.002 seconds [static and dynamic dependencies]. Details - ImportResultOutputID=8a1aea3c916e414b2eaa839cc2fca103 DependenciesID=43011f6e12acc200d7f8d454fa07618f StaticDependenciesID=7c7d5a6a070945e753de2afea7973adb 
Number of updated asset objects reloaded before import = 0
Number of asset objects unloaded after import = 0
========================================================================
Received Import Request.
  Time of request: 2026-09-18T17:31:49.0092982Z
  Time since last request: 0.0003011 seconds.
  importAddress: GUID: b080c5c57a34e6e4584e1e2c3e96a0c5 - Path: Packages/com.unity.render-pipelines.universal/Editor/2D/GameObjectCreation.cs - Importer: ScriptedImporter/UnityEditor.QuickSearchModule:UnityEditor.Search:ASIAI0B
Importing 'GUID: b080c5c57a34e6e4584e1e2c3e96a0c5 - Path: Packages/com.unity.render-pipelines.universal/Editor/2D/GameObjectCreation.cs - Importer: ScriptedImporter/UnityEditor.QuickSearchModule:UnityEditor.Search:ASIAI0B' with importer (ScriptedImporter : UnityEditor.QuickSearchModule:UnityEditor.Search:ASIAI0B)
Imported 'GUID: b080c5c57a34e6e4584e1e2c3e96a0c5' -> (Import Result ID: 'fda903737a888d0caaf71d5a07dfeadd') in 0.002 seconds [static and dynamic dependencies]. Details - ImportResultOutputID=08492ac3a9f0b0a1c6286a6f8e53bad2 DependenciesID=4471c9d22fd78edbd1e13c1d7ad3671e StaticDependenciesID=b17075a941c7fdded47dab1810f2f813 
Number of updated asset objects reloaded before import = 0
Number of asset objects unloaded after import = 0
========================================================================
Received Import Request.
  Time of request: 2026-09-18T17:31:49.0360397Z
  Time since last request: 0.0090433 seconds.
  importAddress: GUID: 08f4bc71ad275bc4b90168fda29f36b5 - Path: Packages/com.unity.render-pipelines.universal/Editor/Terrain/TerrainPassUtils.hlsl - Importer: ScriptedImporter/UnityEditor.QuickSearchModule:UnityEditor.Search:ASIAI0B
Importing 'GUID: 08f4bc71ad275bc4b90168fda29f36b5 - Path: Packages/com.unity.render-pipelines.universal/Editor/Terrain/TerrainPassUtils.hlsl - Importer: ScriptedImporter/UnityEditor.QuickSearchModule:UnityEditor.Search:ASIAI0B' with importer (ScriptedImporter : UnityEditor.QuickSearchModule:UnityEditor.Search:ASIAI0B)
Imported 'GUID: 08f4bc71ad275bc4b90168fda29f36b5' -> (Import Result ID: '26f062659d632a57280a88c066111927') in 0.002 seconds [static and dynamic dependencies]. Details - ImportResultOutputID=4ecee24efafd6ef06902f8166bf3cc49 DependenciesID=0cad40d23d3ab01c90cd262ddc8c2c3c StaticDependenciesID=e7b044cc94ecd67350d09d17ca9daf91 
Number of updated asset objects reloaded before import = 0
Number of asset objects unloaded after import = 1
========================================================================
Received Import Request.
  Time of request: 2026-09-18T17:31:49.0540264Z
  Time since last request: 0.0003451 seconds.
  importAddress: GUID: 429f93c4cd082064ca7756102c7359ea - Path: Packages/com.unity.render-pipelines.universal/Editor/Overrides/TonemappingEditor.cs - Importer: ScriptedImporter/UnityEditor.QuickSearchModule:UnityEditor.Search:ASIAI0B
Importing 'GUID: 429f93c4cd082064ca7756102c7359ea - Path: Packages/com.unity.render-pipelines.universal/Editor/Overrides/TonemappingEditor.cs - Importer: ScriptedImporter/UnityEditor.QuickSearchModule:UnityEditor.Search:ASIAI0B' with importer (ScriptedImporter : UnityEditor.QuickSearchModule:UnityEditor.Search:ASIAI0B)
Imported 'GUID: 429f93c4cd082064ca7756102c7359ea' -> (Import Result ID: '01d40aad17c9efee5583707e5e6a4f01') in 0.002 seconds [static and dynamic dependencies]. Details - ImportResultOutputID=94005bbc8b54ededf4652a19b357e69d DependenciesID=11b8c9a7e245b3bb53e84f0aa48b1d77 StaticDependenciesID=1c63a6a64680d4ffe08526d1fbc4c0f7 
Number of updated asset objects reloaded before import = 0
Number of asset objects unloaded after import = 0
========================================================================
Received Import Request.
  Time of request: 2026-09-18T17:31:49.0720278Z
  Time since last request: 0.0003323 seconds.
  importAddress: GUID: 4796721ff66d641078403679f98f5dbb - Path: Packages/com.unity.render-pipelines.universal/Editor/ScriptTemplates/UnlitURP.txt - Importer: ScriptedImporter/UnityEditor.QuickSearchModule:UnityEditor.Search:ASIAI0B
Importing 'GUID: 4796721ff66d641078403679f98f5dbb - Path: Packages/com.unity.render-pipelines.universal/Editor/ScriptTemplates/UnlitURP.txt - Importer: ScriptedImporter/UnityEditor.QuickSearchModule:UnityEditor.Search:ASIAI0B' with importer (ScriptedImporter : UnityEditor.QuickSearchModule:UnityEditor.Search:ASIAI0B)
Imported 'GUID: 4796721ff66d641078403679f98f5dbb' -> (Import Result ID: '72a5a4d8985dab26f69acae88701c709') in 0.002 seconds [static and dynamic dependencies]. Details - ImportResultOutputID=0f3c34bb196eb7277fd267f8d6f307aa DependenciesID=f31cc5400313bcbabacd605c7ba5908d StaticDependenciesID=82756c16f9a8be4e915fae3328fe7424 
Number of updated asset objects reloaded before import = 0
Number of asset objects unloaded after import = 1
========================================================================
Received Import Request.
  Time of request: 2026-09-18T17:31:49.0907509Z
  Time since last request: 0.000359 seconds.
  importAddress: GUID: 478c8ec8473e14f4597a729050dc56f3 - Path: Packages/com.unity.render-pipelines.universal/Editor/ShaderGUI/ShadergraphSpriteGUI.cs - Importer: ScriptedImporter/UnityEditor.QuickSearchModule:UnityEditor.Search:ASIAI0B
Importing 'GUID: 478c8ec8473e14f4597a729050dc56f3 - Path: Packages/com.unity.render-pipelines.universal/Editor/ShaderGUI/ShadergraphSpriteGUI.cs - Importer: ScriptedImporter/UnityEditor.QuickSearchModule:UnityEditor.Search:ASIAI0B' with importer (ScriptedImporter : UnityEditor.QuickSearchModule:UnityEditor.Search:ASIAI0B)
Imported 'GUID: 478c8ec8473e14f4597a729050dc56f3' -> (Import Result ID: 'feefa188530b4b452b00db61650bbd59') in 0.002 seconds [static and dynamic dependencies]. Details - ImportResultOutputID=cf090f1f782f882aa9e2e2df5ab7a43c DependenciesID=464476d46546c729621ba02a5cfab48e StaticDependenciesID=87250c6d7f0f73ee771677f87a1275db 
Number of updated asset objects reloaded before import = 0
Number of asset objects unloaded after import = 0
========================================================================
Received Import Request.
  Time of request: 2026-09-18T17:31:49.1090717Z
  Time since last request: 0.0003293 seconds.
  importAddress: GUID: 4288d0244223deb429fef72cf614023d - Path: Packages/com.unity.render-pipelines.universal/Editor/Terrain/TerrainBaseMapGenPass.template - Importer: ScriptedImporter/UnityEditor.QuickSearchModule:UnityEditor.Search:ASIAI0B
Importing 'GUID: 4288d0244223deb429fef72cf614023d - Path: Packages/com.unity.render-pipelines.universal/Editor/Terrain/TerrainBaseMapGenPass.template - Importer: ScriptedImporter/UnityEditor.QuickSearchModule:UnityEditor.Search:ASIAI0B' with importer (ScriptedImporter : UnityEditor.QuickSearchModule:UnityEditor.Search:ASIAI0B)
Imported 'GUID: 4288d0244223deb429fef72cf614023d' -> (Import Result ID: 'f4069c68a9c71a60f62be5f4da3a4796') in 0.002 seconds [static and dynamic dependencies]. Details - ImportResultOutputID=278f42def88b9f9f668c72274d1e35de DependenciesID=556a0fb11d82084a5863289912d648ee StaticDependenciesID=0cb93c4df77350f3917deffe4ec7a39d 
Number of updated asset objects reloaded before import = 0
Number of asset objects unloaded after import = 1
========================================================================
Received Import Request.
  Time of request: 2026-09-18T17:31:49.1269813Z
  Time since last request: 0.0003063 seconds.
  importAddress: GUID: 388ad3b1dc9c6ae45b630f914fab638f - Path: Packages/com.unity.render-pipelines.universal/Editor/VFXGraph/VFXURPSubOutput.cs - Importer: ScriptedImporter/UnityEditor.QuickSearchModule:UnityEditor.Search:ASIAI0B
Importing 'GUID: 388ad3b1dc9c6ae45b630f914fab638f - Path: Packages/com.unity.render-pipelines.universal/Editor/VFXGraph/VFXURPSubOutput.cs - Importer: ScriptedImporter/UnityEditor.QuickSearchModule:UnityEditor.Search:ASIAI0B' with importer (ScriptedImporter : UnityEditor.QuickSearchModule:UnityEditor.Search:ASIAI0B)
Imported 'GUID: 388ad3b1dc9c6ae45b630f914fab638f' -> (Import Result ID: '05a44bd15fa0d095d607374b987b5d2c') in 0.002 seconds [static and dynamic dependencies]. Details - ImportResultOutputID=5544b365cb81ee4616e35a0d2ede0134 DependenciesID=9b97f890883183b34661f2b6e3e8c75b StaticDependenciesID=4a632fdb3e5d6865f1c0879e8cdcd875 
Number of updated asset objects reloaded before import = 0
Number of asset objects unloaded after import = 0
========================================================================
Received Import Request.
  Time of request: 2026-09-18T17:31:49.1451158Z
  Time since last request: 0.0003345 seconds.
  importAddress: GUID: a1f945299a132004b958edeb1e9441dd - Path: Packages/com.unity.render-pipelines.universal/Editor/RendererFeatures/NewPostProcessTemplateDropdownItems.cs - Importer: ScriptedImporter/UnityEditor.QuickSearchModule:UnityEditor.Search:ASIAI0B
Importing 'GUID: a1f945299a132004b958edeb1e9441dd - Path: Packages/com.unity.render-pipelines.universal/Editor/RendererFeatures/NewPostProcessTemplateDropdownItems.cs - Importer: ScriptedImporter/UnityEditor.QuickSearchModule:UnityEditor.Search:ASIAI0B' with importer (ScriptedImporter : UnityEditor.QuickSearchModule:UnityEditor.Search:ASIAI0B)
Imported 'GUID: a1f945299a132004b958edeb1e9441dd' -> (Import Result ID: '931d792f0385ada384608f88e05640b7') in 0.002 seconds [static and dynamic dependencies]. Details - ImportResultOutputID=0efc816f393b7319eeea83d5c7179cbd DependenciesID=598ae31374a17b361a8c17003ee6cc88 StaticDependenciesID=aee3bd4fb65b869519f34045c91cd866 
Number of updated asset objects reloaded before import = 0
Number of asset objects unloaded after import = 0
========================================================================
Received Import Request.
  Time of request: 2026-09-18T17:31:49.1629466Z
  Time since last request: 0.0003504 seconds.
  importAddress: GUID: f2216b7cb5772784daf9ad851edda832 - Path: Packages/com.unity.render-pipelines.universal/Editor/ShaderGUI/TerrainLitShaderGUI.cs - Importer: ScriptedImporter/UnityEditor.QuickSearchModule:UnityEditor.Search:ASIAI0B
Importing 'GUID: f2216b7cb5772784daf9ad851edda832 - Path: Packages/com.unity.render-pipelines.universal/Editor/ShaderGUI/TerrainLitShaderGUI.cs - Importer: ScriptedImporter/UnityEditor.QuickSearchModule:UnityEditor.Search:ASIAI0B' with importer (ScriptedImporter : UnityEditor.QuickSearchModule:UnityEditor.Search:ASIAI0B)
Imported 'GUID: f2216b7cb5772784daf9ad851edda832' -> (Import Result ID: '9f45b6fd6a82c3cc0430f2a26f28681e') in 0.002 seconds [static and dynamic dependencies]. Details - ImportResultOutputID=2136bcc7acc34c6d3bf18d5c439e7d0f DependenciesID=7b43f57d95eb995a51a50bbdc4d9f673 StaticDependenciesID=e48ce0420131e30d1ff765839cba3833 
Number of updated asset objects reloaded before import = 0
Number of asset objects unloaded after import = 0
========================================================================
Received Import Request.
  Time of request: 2026-09-18T17:31:49.1806431Z
  Time since last request: 0.0003118 seconds.
  importAddress: GUID: eb5fc605d29533f408188a3955e8c926 - Path: Packages/com.unity.render-pipelines.universal/Editor/VFXGraph/VFXURPLitPlanarPrimitiveOutput.cs - Importer: ScriptedImporter/UnityEditor.QuickSearchModule:UnityEditor.Search:ASIAI0B
Importing 'GUID: eb5fc605d29533f408188a3955e8c926 - Path: Packages/com.unity.render-pipelines.universal/Editor/VFXGraph/VFXURPLitPlanarPrimitiveOutput.cs - Importer: ScriptedImporter/UnityEditor.QuickSearchModule:UnityEditor.Search:ASIAI0B' with importer (ScriptedImporter : UnityEditor.QuickSearchModule:UnityEditor.Search:ASIAI0B)
Imported 'GUID: eb5fc605d29533f408188a3955e8c926' -> (Import Result ID: '658d9e1783f50c55898c260036913f93') in 0.002 seconds [static and dynamic dependencies]. Details - ImportResultOutputID=055f66eeefec4432bc2b5add8d0d6890 DependenciesID=12dbd36b44ee7fac613472c739f396aa StaticDependenciesID=dd14d90f4ec2994ff999b4b5cd31567a 
Number of updated asset objects reloaded before import = 0
Number of asset objects unloaded after import = 0
========================================================================
Received Import Request.
  Time of request: 2026-09-18T17:31:49.1988439Z
  Time since last request: 0.000308 seconds.
  importAddress: GUID: 03e97e85a392e23469cd704039e21501 - Path: Packages/com.unity.render-pipelines.universal/Editor/RendererFeatures/NewPostProcessRendererFeature.cs.txt - Importer: ScriptedImporter/UnityEditor.QuickSearchModule:UnityEditor.Search:ASIAI0B
Importing 'GUID: 03e97e85a392e23469cd704039e21501 - Path: Packages/com.unity.render-pipelines.universal/Editor/RendererFeatures/NewPostProcessRendererFeature.cs.txt - Importer: ScriptedImporter/UnityEditor.QuickSearchModule:UnityEditor.Search:ASIAI0B' with importer (ScriptedImporter : UnityEditor.QuickSearchModule:UnityEditor.Search:ASIAI0B)
Imported 'GUID: 03e97e85a392e23469cd704039e21501' -> (Import Result ID: '1b2fc8312397880f9da6fba8fffdaf34') in 0.002 seconds [static and dynamic dependencies]. Details - ImportResultOutputID=4124dc0e4ad1a285acb68aa95be62abf DependenciesID=4dd44be90acf865a554df09432e3266b StaticDependenciesID=82fe403f84ccb506519241bd97194978 
Number of updated asset objects reloaded before import = 0
Number of asset objects unloaded after import = 1
========================================================================
Received Import Request.
  Time of request: 2026-09-18T17:31:49.2165347Z
  Time since last request: 0.0003288 seconds.
  importAddress: GUID: 5cae0d87369a2405eaa962b8d920b947 - Path: Packages/com.unity.render-pipelines.universal/Editor/SceneTemplates/Standard.unity - Importer: ScriptedImporter/UnityEditor.QuickSearchModule:UnityEditor.Search:ASIAI0B
Importing 'GUID: 5cae0d87369a2405eaa962b8d920b947 - Path: Packages/com.unity.render-pipelines.universal/Editor/SceneTemplates/Standard.unity - Importer: ScriptedImporter/UnityEditor.QuickSearchModule:UnityEditor.Search:ASIAI0B' with importer (ScriptedImporter : UnityEditor.QuickSearchModule:UnityEditor.Search:ASIAI0B)
Imported 'GUID: 5cae0d87369a2405eaa962b8d920b947' -> (Import Result ID: '60d046137d11f22b0cf91340f2f1a95a') in 0.003 seconds [static and dynamic dependencies]. Details - ImportResultOutputID=7279fe22ef467972a28a937dbd9ec66b DependenciesID=60d689ed66e283c42408424a9598d3ab StaticDependenciesID=42fd54ba64af2169518cf4b0cfb60017 
Number of updated asset objects reloaded before import = 0
Number of asset objects unloaded after import = 1
========================================================================
Received Import Request.
  Time of request: 2026-09-18T17:31:49.2351585Z
  Time since last request: 0.0003477 seconds.
  importAddress: GUID: fefa3225845aff645942c8eba16d5977 - Path: Packages/com.unity.render-pipelines.universal/Editor/Overrides/ScreenSpaceAmbientOcclusionVolumeEditor.cs - Importer: ScriptedImporter/UnityEditor.QuickSearchModule:UnityEditor.Search:ASIAI0B
Importing 'GUID: fefa3225845aff645942c8eba16d5977 - Path: Packages/com.unity.render-pipelines.universal/Editor/Overrides/ScreenSpaceAmbientOcclusionVolumeEditor.cs - Importer: ScriptedImporter/UnityEditor.QuickSearchModule:UnityEditor.Search:ASIAI0B' with importer (ScriptedImporter : UnityEditor.QuickSearchModule:UnityEditor.Search:ASIAI0B)
Imported 'GUID: fefa3225845aff645942c8eba16d5977' -> (Import Result ID: '7f5936828c234967b7d1ca12106d641c') in 0.003 seconds [static and dynamic dependencies]. Details - ImportResultOutputID=4b704ebd42aa6dee365f26540f9c4c9a DependenciesID=10a3ca30a54d499c1b3fd4d3df681314 StaticDependenciesID=7d4c0b0a0b15d9bb1b12004c87b671d0 
Number of updated asset objects reloaded before import = 0
Number of asset objects unloaded after import = 0
========================================================================
Received Import Request.
  Time of request: 2026-09-18T17:31:49.2530608Z
  Time since last request: 0.0003291 seconds.
  importAddress: GUID: d5f6a7ce5f9e41eb8f3b1910acaacd49 - Path: Packages/com.unity.render-pipelines.universal/Editor/RendererFeatures/SurfaceCacheGIEditor.cs - Importer: ScriptedImporter/UnityEditor.QuickSearchModule:UnityEditor.Search:ASIAI0B
Importing 'GUID: d5f6a7ce5f9e41eb8f3b1910acaacd49 - Path: Packages/com.unity.render-pipelines.universal/Editor/RendererFeatures/SurfaceCacheGIEditor.cs - Importer: ScriptedImporter/UnityEditor.QuickSearchModule:UnityEditor.Search:ASIAI0B' with importer (ScriptedImporter : UnityEditor.QuickSearchModule:UnityEditor.Search:ASIAI0B)
Imported 'GUID: d5f6a7ce5f9e41eb8f3b1910acaacd49' -> (Import Result ID: '3a878956f4ed2f2c401edfd0dc10494f') in 0.003 seconds [static and dynamic dependencies]. Details - ImportResultOutputID=f9fdd12672daedc933ed8aa18bd23086 DependenciesID=5b3d21ae62187db62cdb1d27bd17a0bf StaticDependenciesID=2187246c58f9bfe88373b8d6666dfad3 
Number of updated asset objects reloaded before import = 0
Number of asset objects unloaded after import = 0
========================================================================
Received Import Request.
  Time of request: 2026-09-18T17:31:49.274231Z
  Time since last request: 0.0003927 seconds.
  importAddress: GUID: d2654ad3c17ab8a4ebb9fd0719795d21 - Path: Packages/com.unity.render-pipelines.universal/Editor/ShaderGraph/UniversalMetadata.cs - Importer: ScriptedImporter/UnityEditor.QuickSearchModule:UnityEditor.Search:ASIAI0B
Importing 'GUID: d2654ad3c17ab8a4ebb9fd0719795d21 - Path: Packages/com.unity.render-pipelines.universal/Editor/ShaderGraph/UniversalMetadata.cs - Importer: ScriptedImporter/UnityEditor.QuickSearchModule:UnityEditor.Search:ASIAI0B' with importer (ScriptedImporter : UnityEditor.QuickSearchModule:UnityEditor.Search:ASIAI0B)
Imported 'GUID: d2654ad3c17ab8a4ebb9fd0719795d21' -> (Import Result ID: '4c84127830e69c5a4e316e285ba1b643') in 0.003 seconds [static and dynamic dependencies]. Details - ImportResultOutputID=7deb125fb4c2c412ad9ac71f331a3a75 DependenciesID=834a494cf57beab8c66a29dd2299f26c StaticDependenciesID=e1fb7b86c1747d31895dbe1ac12b9131 
Number of updated asset objects reloaded before import = 0
Number of asset objects unloaded after import = 0
========================================================================
Received Import Request.
  Time of request: 2026-09-18T17:31:49.2941891Z
  Time since last request: 0.0003465 seconds.
  importAddress: GUID: 19860e28f507465db66c1b9c82b7bc41 - Path: Packages/com.unity.render-pipelines.universal/Editor/VFXGraph/VFXShaderGraphGUI.cs - Importer: ScriptedImporter/UnityEditor.QuickSearchModule:UnityEditor.Search:ASIAI0B
Importing 'GUID: 19860e28f507465db66c1b9c82b7bc41 - Path: Packages/com.unity.render-pipelines.universal/Editor/VFXGraph/VFXShaderGraphGUI.cs - Importer: ScriptedImporter/UnityEditor.QuickSearchModule:UnityEditor.Search:ASIAI0B' with importer (ScriptedImporter : UnityEditor.QuickSearchModule:UnityEditor.Search:ASIAI0B)
Imported 'GUID: 19860e28f507465db66c1b9c82b7bc41' -> (Import Result ID: '394eabc87b8c470d6e2bdcc095f23c0c') in 0.002 seconds [static and dynamic dependencies]. Details - ImportResultOutputID=1c740d0996a05036f3c66a423710bcb3 DependenciesID=c84eb2cc77c7721f581910133451a309 StaticDependenciesID=59f092515a6cbe007d2e3989469c32ab 
Number of updated asset objects reloaded before import = 0
Number of asset objects unloaded after import = 0
========================================================================
Received Import Request.
  Time of request: 2026-09-18T17:31:49.3125262Z
  Time since last request: 0.0003353 seconds.
  importAddress: GUID: 7f7a196c2fc0e28498f906f9af84b44f - Path: Packages/com.unity.render-pipelines.universal/Editor/VFXGraph/VFXURPLitMeshOutput.cs - Importer: ScriptedImporter/UnityEditor.QuickSearchModule:UnityEditor.Search:ASIAI0B
Importing 'GUID: 7f7a196c2fc0e28498f906f9af84b44f - Path: Packages/com.unity.render-pipelines.universal/Editor/VFXGraph/VFXURPLitMeshOutput.cs - Importer: ScriptedImporter/UnityEditor.QuickSearchModule:UnityEditor.Search:ASIAI0B' with importer (ScriptedImporter : UnityEditor.QuickSearchModule:UnityEditor.Search:ASIAI0B)
Imported 'GUID: 7f7a196c2fc0e28498f906f9af84b44f' -> (Import Result ID: '75a36cb29e46ff384c91a6962adba976') in 0.002 seconds [static and dynamic dependencies]. Details - ImportResultOutputID=353653f83ab72910eaebb31f289c38b8 DependenciesID=9de38b5bbfd14c33e1e0bb52716e4d5b StaticDependenciesID=e0898f8ab0cd1b9cbcd804cb9b9abaf0 
Number of updated asset objects reloaded before import = 0
Number of asset objects unloaded after import = 0
========================================================================
Received Import Request.
  Time of request: 2026-09-18T17:31:49.330527Z
  Time since last request: 0.0003127 seconds.
  importAddress: GUID: aa9836a839ff4ee89489b215f0dd4062 - Path: Packages/com.unity.render-pipelines.universal/Editor/UniversalRenderPipelineAsset/UniversalRenderPipelineBatchingWarning.cs - Importer: ScriptedImporter/UnityEditor.QuickSearchModule:UnityEditor.Search:ASIAI0B
Importing 'GUID: aa9836a839ff4ee89489b215f0dd4062 - Path: Packages/com.unity.render-pipelines.universal/Editor/UniversalRenderPipelineAsset/UniversalRenderPipelineBatchingWarning.cs - Importer: ScriptedImporter/UnityEditor.QuickSearchModule:UnityEditor.Search:ASIAI0B' with importer (ScriptedImporter : UnityEditor.QuickSearchModule:UnityEditor.Search:ASIAI0B)
Imported 'GUID: aa9836a839ff4ee89489b215f0dd4062' -> (Import Result ID: '728a91795f083d318eef4bab144298c6') in 0.002 seconds [static and dynamic dependencies]. Details - ImportResultOutputID=6403fecf1f5572d2ed938d558754bad0 DependenciesID=f672a2fce4a7d8ee3c234f93381bf9a1 StaticDependenciesID=b1937df6091094e267bcd903782987d7 
Number of updated asset objects reloaded before import = 0
Number of asset objects unloaded after import = 0
========================================================================
Received Import Request.
  Time of request: 2026-09-18T17:31:49.3484496Z
  Time since last request: 0.0003056 seconds.
  importAddress: GUID: 51493ed8d97d3c24b94c6cffe834630b - Path: Packages/com.unity.render-pipelines.universal/Editor/ScriptTemplates/ScriptableRendererFeature.txt - Importer: ScriptedImporter/UnityEditor.QuickSearchModule:UnityEditor.Search:ASIAI0B
Importing 'GUID: 51493ed8d97d3c24b94c6cffe834630b - Path: Packages/com.unity.render-pipelines.universal/Editor/ScriptTemplates/ScriptableRendererFeature.txt - Importer: ScriptedImporter/UnityEditor.QuickSearchModule:UnityEditor.Search:ASIAI0B' with importer (ScriptedImporter : UnityEditor.QuickSearchModule:UnityEditor.Search:ASIAI0B)
Imported 'GUID: 51493ed8d97d3c24b94c6cffe834630b' -> (Import Result ID: '70dcb83b13905f3969b32f07fbecb7ae') in 0.002 seconds [static and dynamic dependencies]. Details - ImportResultOutputID=4dfdf026ca3c9fcf83262b7dfc20bcc9 DependenciesID=562d58fb96b2c28c1e92ed7f99e6e371 StaticDependenciesID=9a7f90a50878bdf4678fa237202a13f4 
Number of updated asset objects reloaded before import = 0
Number of asset objects unloaded after import = 1
========================================================================
Received Import Request.
  Time of request: 2026-09-18T17:31:49.3668829Z
  Time since last request: 0.0003254 seconds.
  importAddress: GUID: 95d59ef6d24484ca08922525945ef2ef - Path: Packages/com.unity.render-pipelines.universal/Editor/ShaderGraph/UniversalFields.cs - Importer: ScriptedImporter/UnityEditor.QuickSearchModule:UnityEditor.Search:ASIAI0B
Importing 'GUID: 95d59ef6d24484ca08922525945ef2ef - Path: Packages/com.unity.render-pipelines.universal/Editor/ShaderGraph/UniversalFields.cs - Importer: ScriptedImporter/UnityEditor.QuickSearchModule:UnityEditor.Search:ASIAI0B' with importer (ScriptedImporter : UnityEditor.QuickSearchModule:UnityEditor.Search:ASIAI0B)
Imported 'GUID: 95d59ef6d24484ca08922525945ef2ef' -> (Import Result ID: 'b3e64eaf51ad6b9d7e1a5fbb13e2cad1') in 0.002 seconds [static and dynamic dependencies]. Details - ImportResultOutputID=e20752a9da5d833d094bd5d00e92e962 DependenciesID=1175f086cde5efc02dc1ac57914d623a StaticDependenciesID=e12c9bfa9022c227f57e9a57a45548d1 
Number of updated asset objects reloaded before import = 0
Number of asset objects unloaded after import = 0
========================================================================
Received Import Request.
  Time of request: 2026-09-18T17:31:49.384505Z
  Time since last request: 0.0003297 seconds.
  importAddress: GUID: 2b54c0ca113574ce495f3b706648b6d0 - Path: Packages/com.unity.render-pipelines.universal/Editor/ShaderGUI/ParticleGUI.cs - Importer: ScriptedImporter/UnityEditor.QuickSearchModule:UnityEditor.Search:ASIAI0B
Importing 'GUID: 2b54c0ca113574ce495f3b706648b6d0 - Path: Packages/com.unity.render-pipelines.universal/Editor/ShaderGUI/ParticleGUI.cs - Importer: ScriptedImporter/UnityEditor.QuickSearchModule:UnityEditor.Search:ASIAI0B' with importer (ScriptedImporter : UnityEditor.QuickSearchModule:UnityEditor.Search:ASIAI0B)
Imported 'GUID: 2b54c0ca113574ce495f3b706648b6d0' -> (Import Result ID: 'a6d98cfd86ebb0bcaa20e8344db1fd69') in 0.002 seconds [static and dynamic dependencies]. Details - ImportResultOutputID=a9f8e19bcc65bbcac81574ffa01c6c80 DependenciesID=0f2864d894b1a9f8ef3b7a5884ec0c4d StaticDependenciesID=d9073aaa2308d509ccd0c01fe11a0158 
Number of updated asset objects reloaded before import = 0
Number of asset objects unloaded after import = 0
========================================================================
Received Import Request.
  Time of request: 2026-09-18T17:31:49.4024017Z
  Time since last request: 0.0002949 seconds.
  importAddress: GUID: e353ed204c92da941bcf3116819f9b91 - Path: Packages/com.unity.render-pipelines.universal/Editor/SceneTemplates/URPBasicScenePipeline.cs - Importer: ScriptedImporter/UnityEditor.QuickSearchModule:UnityEditor.Search:ASIAI0B
Importing 'GUID: e353ed204c92da941bcf3116819f9b91 - Path: Packages/com.unity.render-pipelines.universal/Editor/SceneTemplates/URPBasicScenePipeline.cs - Importer: ScriptedImporter/UnityEditor.QuickSearchModule:UnityEditor.Search:ASIAI0B' with importer (ScriptedImporter : UnityEditor.QuickSearchModule:UnityEditor.Search:ASIAI0B)
Imported 'GUID: e353ed204c92da941bcf3116819f9b91' -> (Import Result ID: '49e3cbacc8053d1d3385a6c7efcfc5f6') in 0.002 seconds [static and dynamic dependencies]. Details - ImportResultOutputID=1af32e730b9a292a20cd93581fa51bda DependenciesID=a08e2aaad8c6f5adeaae648676920bd8 StaticDependenciesID=211e4393a0ec3fe75fe55405b234a024 
Number of updated asset objects reloaded before import = 0
Number of asset objects unloaded after import = 0
========================================================================
Received Import Request.
  Time of request: 2026-09-18T17:31:49.4204799Z
  Time since last request: 0.0003083 seconds.
  importAddress: GUID: bc8495f05d06f4f4e925ef3dcbdd8175 - Path: Packages/com.unity.render-pipelines.universal/Editor/RendererFeatures/DecalRendererFeatureEditor.cs - Importer: ScriptedImporter/UnityEditor.QuickSearchModule:UnityEditor.Search:ASIAI0B
Importing 'GUID: bc8495f05d06f4f4e925ef3dcbdd8175 - Path: Packages/com.unity.render-pipelines.universal/Editor/RendererFeatures/DecalRendererFeatureEditor.cs - Importer: ScriptedImporter/UnityEditor.QuickSearchModule:UnityEditor.Search:ASIAI0B' with importer (ScriptedImporter : UnityEditor.QuickSearchModule:UnityEditor.Search:ASIAI0B)
Imported 'GUID: bc8495f05d06f4f4e925ef3dcbdd8175' -> (Import Result ID: '2266844800d5bbf42bd8b317b7d5fc9e') in 0.003 seconds [static and dynamic dependencies]. Details - ImportResultOutputID=e3a6369cc42fbdecbfc0b360c73f8da8 DependenciesID=53b61fa82999473fceb5d5f0279d7945 StaticDependenciesID=1174ada3c6d7daa410f309dd81195155 
Number of updated asset objects reloaded before import = 0
Number of asset objects unloaded after import = 0
========================================================================
Received Import Request.
  Time of request: 2026-09-18T17:31:49.4389802Z
  Time since last request: 0.0002978 seconds.
  importAddress: GUID: 2102cc5328fff429ab79b384a6ba51b2 - Path: Packages/com.unity.render-pipelines.universal/Editor/ShaderGraph/UniversalBlockFields.cs - Importer: ScriptedImporter/UnityEditor.QuickSearchModule:UnityEditor.Search:ASIAI0B
Importing 'GUID: 2102cc5328fff429ab79b384a6ba51b2 - Path: Packages/com.unity.render-pipelines.universal/Editor/ShaderGraph/UniversalBlockFields.cs - Importer: ScriptedImporter/UnityEditor.QuickSearchModule:UnityEditor.Search:ASIAI0B' with importer (ScriptedImporter : UnityEditor.QuickSearchModule:UnityEditor.Search:ASIAI0B)
Imported 'GUID: 2102cc5328fff429ab79b384a6ba51b2' -> (Import Result ID: 'f5a0e9bc22a0605b0a9b0d1db8b99812') in 0.004 seconds [static and dynamic dependencies]. Details - ImportResultOutputID=61446d0c1e239aa691b6d82206a3ee85 DependenciesID=1b412490e7869b6483a5dca32687a6fa StaticDependenciesID=2a76ee857375ab650489ff0c54dcf5bb 
Number of updated asset objects reloaded before import = 0
Number of asset objects unloaded after import = 0
========================================================================
Received Import Request.
  Time of request: 2026-09-18T17:31:49.4592779Z
  Time since last request: 0.0003368 seconds.
  importAddress: GUID: a48458ea708872f44bf79d4c9e33ff07 - Path: Packages/com.unity.render-pipelines.universal/Editor/ShaderGUI/ShaderGraphTerrainLitGUI.cs - Importer: ScriptedImporter/UnityEditor.QuickSearchModule:UnityEditor.Search:ASIAI0B
Importing 'GUID: a48458ea708872f44bf79d4c9e33ff07 - Path: Packages/com.unity.render-pipelines.universal/Editor/ShaderGUI/ShaderGraphTerrainLitGUI.cs - Importer: ScriptedImporter/UnityEditor.QuickSearchModule:UnityEditor.Search:ASIAI0B' with importer (ScriptedImporter : UnityEditor.QuickSearchModule:UnityEditor.Search:ASIAI0B)
Imported 'GUID: a48458ea708872f44bf79d4c9e33ff07' -> (Import Result ID: '4d5606169a43bffc738e985e44f32450') in 0.002 seconds [static and dynamic dependencies]. Details - ImportResultOutputID=22bc45691d551d2f482cc6c74dfaffe1 DependenciesID=2fc36783552186497036e2d07d4d28ce StaticDependenciesID=ac19ef72989580f60c809388b77e15cd 
Number of updated asset objects reloaded before import = 0
Number of asset objects unloaded after import = 0
========================================================================
Received Import Request.
  Time of request: 2026-09-18T17:31:49.4773451Z
  Time since last request: 0.000302 seconds.
  importAddress: GUID: 038de1c4d210733429acda9d6f95d183 - Path: Packages/com.unity.render-pipelines.universal/Editor/Terrain/TerrainBaseMapGenPass.hlsl - Importer: ScriptedImporter/UnityEditor.QuickSearchModule:UnityEditor.Search:ASIAI0B
Importing 'GUID: 038de1c4d210733429acda9d6f95d183 - Path: Packages/com.unity.render-pipelines.universal/Editor/Terrain/TerrainBaseMapGenPass.hlsl - Importer: ScriptedImporter/UnityEditor.QuickSearchModule:UnityEditor.Search:ASIAI0B' with importer (ScriptedImporter : UnityEditor.QuickSearchModule:UnityEditor.Search:ASIAI0B)
Imported 'GUID: 038de1c4d210733429acda9d6f95d183' -> (Import Result ID: '4301d2f349455067a7ad6e48bbaeebfa') in 0.002 seconds [static and dynamic dependencies]. Details - ImportResultOutputID=b49f5091bd954c8106872b23fbf4b4ba DependenciesID=d7b8ff516935ba56a03c4001e926073b StaticDependenciesID=ea5d001abc103ca43961e979b69fe83b 
Number of updated asset objects reloaded before import = 0
Number of asset objects unloaded after import = 1
========================================================================
Received Import Request.
  Time of request: 2026-09-18T17:31:49.4956719Z
  Time since last request: 0.0003147 seconds.
  importAddress: GUID: a3003080e2504b14e80ae61a46e929e1 - Path: Packages/com.unity.render-pipelines.universal/Editor/UniversalRenderPipelineAsset/UniversalRenderPipelineAssetUI.Skin.cs - Importer: ScriptedImporter/UnityEditor.QuickSearchModule:UnityEditor.Search:ASIAI0B
Importing 'GUID: a3003080e2504b14e80ae61a46e929e1 - Path: Packages/com.unity.render-pipelines.universal/Editor/UniversalRenderPipelineAsset/UniversalRenderPipelineAssetUI.Skin.cs - Importer: ScriptedImporter/UnityEditor.QuickSearchModule:UnityEditor.Search:ASIAI0B' with importer (ScriptedImporter : UnityEditor.QuickSearchModule:UnityEditor.Search:ASIAI0B)
Imported 'GUID: a3003080e2504b14e80ae61a46e929e1' -> (Import Result ID: '62e13f7a1276ef36f980a3eae3e88ae6') in 0.002 seconds [static and dynamic dependencies]. Details - ImportResultOutputID=226db80584bf0b8d30ea3995f382927b DependenciesID=f38032ec28fe570b1008d78ed8a6e665 StaticDependenciesID=bdef5941b3aacd6285103e694ead4c49 
Number of updated asset objects reloaded before import = 0
Number of asset objects unloaded after import = 0
========================================================================
Received Import Request.
  Time of request: 2026-09-18T17:31:49.5139156Z
  Time since last request: 0.0003096 seconds.
  importAddress: GUID: ef136de7def056a4d8aa337fa0bcd989 - Path: Packages/com.unity.render-pipelines.universal/Editor/Terrain/BuildTerrainSurfaceDescriptionInputs.template.hlsl - Importer: ScriptedImporter/UnityEditor.QuickSearchModule:UnityEditor.Search:ASIAI0B
Importing 'GUID: ef136de7def056a4d8aa337fa0bcd989 - Path: Packages/com.unity.render-pipelines.universal/Editor/Terrain/BuildTerrainSurfaceDescriptionInputs.template.hlsl - Importer: ScriptedImporter/UnityEditor.QuickSearchModule:UnityEditor.Search:ASIAI0B' with importer (ScriptedImporter : UnityEditor.QuickSearchModule:UnityEditor.Search:ASIAI0B)
Imported 'GUID: ef136de7def056a4d8aa337fa0bcd989' -> (Import Result ID: 'bbfa959718eaa3cd8ddbc85f0398dde5') in 0.002 seconds [static and dynamic dependencies]. Details - ImportResultOutputID=9677bed9e6a3cb38f46f7a040c984da8 DependenciesID=6362321b4058876d763f45b2dca92380 StaticDependenciesID=a5a0dbf892e139e49c468f5c99f4fd4a 
Number of updated asset objects reloaded before import = 0
Number of asset objects unloaded after import = 1
========================================================================
Received Import Request.
  Time of request: 2026-09-18T17:31:49.5323197Z
  Time since last request: 0.0002826 seconds.
  importAddress: GUID: 41b58a5346e82e4489f95a96a01905f4 - Path: Packages/com.unity.render-pipelines.universal/Editor/SceneTemplates/Indoors.unity - Importer: ScriptedImporter/UnityEditor.QuickSearchModule:UnityEditor.Search:ASIAI0B
Importing 'GUID: 41b58a5346e82e4489f95a96a01905f4 - Path: Packages/com.unity.render-pipelines.universal/Editor/SceneTemplates/Indoors.unity - Importer: ScriptedImporter/UnityEditor.QuickSearchModule:UnityEditor.Search:ASIAI0B' with importer (ScriptedImporter : UnityEditor.QuickSearchModule:UnityEditor.Search:ASIAI0B)
Imported 'GUID: 41b58a5346e82e4489f95a96a01905f4' -> (Import Result ID: '6f156ec5caf88a126b7e688d4bdef74c') in 0.004 seconds [static and dynamic dependencies]. Details - ImportResultOutputID=607a67d62473fd08dc99c7816f9a80a6 DependenciesID=5a578334e159e052ae38818ca4c3d525 StaticDependenciesID=4e6649d87ca5f470bd867bb3f918b2e3 
Number of updated asset objects reloaded before import = 0
Number of asset objects unloaded after import = 1
========================================================================
Received Import Request.
  Time of request: 2026-09-18T17:31:49.5525135Z
  Time since last request: 0.000294 seconds.
  importAddress: GUID: 434049f27d9ec4c049092928038efbd3 - Path: Packages/com.unity.render-pipelines.universal/Editor/RendererFeatures/FullScreenPassRendererFeatureEditor.cs - Importer: ScriptedImporter/UnityEditor.QuickSearchModule:UnityEditor.Search:ASIAI0B
Importing 'GUID: 434049f27d9ec4c049092928038efbd3 - Path: Packages/com.unity.render-pipelines.universal/Editor/RendererFeatures/FullScreenPassRendererFeatureEditor.cs - Importer: ScriptedImporter/UnityEditor.QuickSearchModule:UnityEditor.Search:ASIAI0B' with importer (ScriptedImporter : UnityEditor.QuickSearchModule:UnityEditor.Search:ASIAI0B)
Imported 'GUID: 434049f27d9ec4c049092928038efbd3' -> (Import Result ID: '3f12fb92069f9e60f8668f177f392604') in 0.002 seconds [static and dynamic dependencies]. Details - ImportResultOutputID=40d40478516c3f5a06d1ff0bb0b89336 DependenciesID=c6e01c4952f74d5fd1e3a92e8923f1fb StaticDependenciesID=7e8f7415e05bbcf127a0714e3e60a28f 
Number of updated asset objects reloaded before import = 0
Number of asset objects unloaded after import = 0
========================================================================
Received Import Request.
  Time of request: 2026-09-18T17:31:49.5705499Z
  Time since last request: 0.0002762 seconds.
  importAddress: GUID: e026d555eae824f65922633f37a14385 - Path: Packages/com.unity.render-pipelines.universal/Editor/SceneTemplates/Basic.unity - Importer: ScriptedImporter/UnityEditor.QuickSearchModule:UnityEditor.Search:ASIAI0B
Importing 'GUID: e026d555eae824f65922633f37a14385 - Path: Packages/com.unity.render-pipelines.universal/Editor/SceneTemplates/Basic.unity - Importer: ScriptedImporter/UnityEditor.QuickSearchModule:UnityEditor.Search:ASIAI0B' with importer (ScriptedImporter : UnityEditor.QuickSearchModule:UnityEditor.Search:ASIAI0B)
Imported 'GUID: e026d555eae824f65922633f37a14385' -> (Import Result ID: '99e39f00dd6bce559a7bf456fe53e674') in 0.003 seconds [static and dynamic dependencies]. Details - ImportResultOutputID=79cb355e1e94d525d428b15d2e5864bf DependenciesID=c77551088be35e0e6c6b0caf15ca5ca1 StaticDependenciesID=842f0a972932485a2d9ddb1606753bc2 
Number of updated asset objects reloaded before import = 0
Number of asset objects unloaded after import = 1
========================================================================
Received Import Request.
  Time of request: 2026-09-18T17:31:49.5892196Z
  Time since last request: 0.0003463 seconds.
  importAddress: GUID: 93d037989b854c24d8f2a8284a46acf3 - Path: Packages/com.unity.render-pipelines.universal/Editor/Terrain/BuildTerrainVertexDescriptionInputs.template.hlsl - Importer: ScriptedImporter/UnityEditor.QuickSearchModule:UnityEditor.Search:ASIAI0B
Importing 'GUID: 93d037989b854c24d8f2a8284a46acf3 - Path: Packages/com.unity.render-pipelines.universal/Editor/Terrain/BuildTerrainVertexDescriptionInputs.template.hlsl - Importer: ScriptedImporter/UnityEditor.QuickSearchModule:UnityEditor.Search:ASIAI0B' with importer (ScriptedImporter : UnityEditor.QuickSearchModule:UnityEditor.Search:ASIAI0B)
Imported 'GUID: 93d037989b854c24d8f2a8284a46acf3' -> (Import Result ID: 'f53b27f1fb61bfe86e223bc01b44e445') in 0.002 seconds [static and dynamic dependencies]. Details - ImportResultOutputID=883bf533da1bfd2a5a8e1e640b373762 DependenciesID=16da311f5bf05ffd548fdecf5af524c4 StaticDependenciesID=597ded30b96dde10d6769d1a29121974 
Number of updated asset objects reloaded before import = 0
Number of asset objects unloaded after import = 1
========================================================================
Received Import Request.
  Time of request: 2026-09-18T17:31:49.6074468Z
  Time since last request: 0.0003495 seconds.
  importAddress: GUID: de03ee604e709ec44b8356ef5776a893 - Path: Packages/com.unity.render-pipelines.universal/Editor/RendererFeatures/NewPostProcessVolumeComponent.cs.txt - Importer: ScriptedImporter/UnityEditor.QuickSearchModule:UnityEditor.Search:ASIAI0B
Importing 'GUID: de03ee604e709ec44b8356ef5776a893 - Path: Packages/com.unity.render-pipelines.universal/Editor/RendererFeatures/NewPostProcessVolumeComponent.cs.txt - Importer: ScriptedImporter/UnityEditor.QuickSearchModule:UnityEditor.Search:ASIAI0B' with importer (ScriptedImporter : UnityEditor.QuickSearchModule:UnityEditor.Search:ASIAI0B)
Imported 'GUID: de03ee604e709ec44b8356ef5776a893' -> (Import Result ID: 'b4ab4d0c8901eb2da27a38928b95bf55') in 0.002 seconds [static and dynamic dependencies]. Details - ImportResultOutputID=b7cbe5ba8af993c7d29ebf4d6abc1bb4 DependenciesID=951714d5fabd84b00ea1ee7c5186f166 StaticDependenciesID=2ae3b71a6d742301d9e395f2aa018ab9 
Number of updated asset objects reloaded before import = 0
Number of asset objects unloaded after import = 1
========================================================================
Received Import Request.
  Time of request: 2026-09-18T17:31:49.6255187Z
  Time since last request: 0.0003062 seconds.
  importAddress: GUID: 893e125e5d746cf4aaaf5f9a269a1f56 - Path: Packages/com.unity.render-pipelines.universal/Editor/VFXGraph/VFXAbstractParticleURPLitOutput.cs - Importer: ScriptedImporter/UnityEditor.QuickSearchModule:UnityEditor.Search:ASIAI0B
Importing 'GUID: 893e125e5d746cf4aaaf5f9a269a1f56 - Path: Packages/com.unity.render-pipelines.universal/Editor/VFXGraph/VFXAbstractParticleURPLitOutput.cs - Importer: ScriptedImporter/UnityEditor.QuickSearchModule:UnityEditor.Search:ASIAI0B' with importer (ScriptedImporter : UnityEditor.QuickSearchModule:UnityEditor.Search:ASIAI0B)
Imported 'GUID: 893e125e5d746cf4aaaf5f9a269a1f56' -> (Import Result ID: 'feff862abcdbaceafcf9192a5368b245') in 0.002 seconds [static and dynamic dependencies]. Details - ImportResultOutputID=f5d2ff56d94f7700c01ffc18ce335d7f DependenciesID=bbb85c6f91fa8ec716428d57aa12c712 StaticDependenciesID=5d1536d53963d5c6270811d07fc6ef7a 
Number of updated asset objects reloaded before import = 0
Number of asset objects unloaded after import = 0
========================================================================
Received Import Request.
  Time of request: 2026-09-18T17:31:49.6436101Z
  Time since last request: 0.0002834 seconds.
  importAddress: GUID: 83bc5fbf6e315ae428ce1e7df0eb88bd - Path: Packages/com.unity.render-pipelines.universal/Editor/UniversalRenderPipelineAsset/SerializedUniversalRenderPipelineAsset.cs - Importer: ScriptedImporter/UnityEditor.QuickSearchModule:UnityEditor.Search:ASIAI0B
Importing 'GUID: 83bc5fbf6e315ae428ce1e7df0eb88bd - Path: Packages/com.unity.render-pipelines.universal/Editor/UniversalRenderPipelineAsset/SerializedUniversalRenderPipelineAsset.cs - Importer: ScriptedImporter/UnityEditor.QuickSearchModule:UnityEditor.Search:ASIAI0B' with importer (ScriptedImporter : UnityEditor.QuickSearchModule:UnityEditor.Search:ASIAI0B)
Imported 'GUID: 83bc5fbf6e315ae428ce1e7df0eb88bd' -> (Import Result ID: '6c73faaea7557ab4d9aa1b5a0d186b06') in 0.002 seconds [static and dynamic dependencies]. Details - ImportResultOutputID=cd6088c0ca17a335d810eed28a405e88 DependenciesID=d10826120dbf2ec3f95ef9e3410b022d StaticDependenciesID=2bd7f1099ba832f6e10e4238381d75b1 
Number of updated asset objects reloaded before import = 0
Number of asset objects unloaded after import = 0
========================================================================
Received Import Request.
  Time of request: 2026-09-18T17:31:49.6615631Z
  Time since last request: 0.0003072 seconds.
  importAddress: GUID: 069b974b59070ea4ea9d39e27dcd7784 - Path: Packages/com.unity.render-pipelines.universal/Editor/Overrides/ScreenSpaceLensFlareEditor.cs - Importer: ScriptedImporter/UnityEditor.QuickSearchModule:UnityEditor.Search:ASIAI0B
Importing 'GUID: 069b974b59070ea4ea9d39e27dcd7784 - Path: Packages/com.unity.render-pipelines.universal/Editor/Overrides/ScreenSpaceLensFlareEditor.cs - Importer: ScriptedImporter/UnityEditor.QuickSearchModule:UnityEditor.Search:ASIAI0B' with importer (ScriptedImporter : UnityEditor.QuickSearchModule:UnityEditor.Search:ASIAI0B)
Imported 'GUID: 069b974b59070ea4ea9d39e27dcd7784' -> (Import Result ID: '6b64332cc14aef8f78281c3640b210a9') in 0.002 seconds [static and dynamic dependencies]. Details - ImportResultOutputID=bfe4ed7c8d23401d16d83abb0d0e13bb DependenciesID=374d156c14a5daf48b77ded06f595d74 StaticDependenciesID=0a2d9e97a469ff5351d20b44cf83ff5b 
Number of updated asset objects reloaded before import = 0
Number of asset objects unloaded after import = 0
========================================================================
Received Import Request.
  Time of request: 2026-09-18T17:31:49.6797715Z
  Time since last request: 0.0003197 seconds.
  importAddress: GUID: 76586561fc958cb488c6bbede8bf83c2 - Path: Packages/com.unity.render-pipelines.universal/Editor/RendererFeatures/ScreenSpaceReflectionRendererFeatureEditor.cs - Importer: ScriptedImporter/UnityEditor.QuickSearchModule:UnityEditor.Search:ASIAI0B
Importing 'GUID: 76586561fc958cb488c6bbede8bf83c2 - Path: Packages/com.unity.render-pipelines.universal/Editor/RendererFeatures/ScreenSpaceReflectionRendererFeatureEditor.cs - Importer: ScriptedImporter/UnityEditor.QuickSearchModule:UnityEditor.Search:ASIAI0B' with importer (ScriptedImporter : UnityEditor.QuickSearchModule:UnityEditor.Search:ASIAI0B)
Imported 'GUID: 76586561fc958cb488c6bbede8bf83c2' -> (Import Result ID: '2600f11b611ce61d1aaca06193191997') in 0.002 seconds [static and dynamic dependencies]. Details - ImportResultOutputID=abe59712e9e9f59511880383c61833bc DependenciesID=4810c9ba34b2aa236772639cc9a500d0 StaticDependenciesID=9f4b7f56feca2594035a92e291bd9d23 
Number of updated asset objects reloaded before import = 0
Number of asset objects unloaded after import = 0
========================================================================
Received Import Request.
  Time of request: 2026-09-18T17:31:49.6979605Z
  Time since last request: 0.0002873 seconds.
  importAddress: GUID: 2ac687ac4790a434e9503543c707b33f - Path: Packages/com.unity.render-pipelines.universal/Editor/ShaderGraph/UniversalStructs.cs - Importer: ScriptedImporter/UnityEditor.QuickSearchModule:UnityEditor.Search:ASIAI0B
Importing 'GUID: 2ac687ac4790a434e9503543c707b33f - Path: Packages/com.unity.render-pipelines.universal/Editor/ShaderGraph/UniversalStructs.cs - Importer: ScriptedImporter/UnityEditor.QuickSearchModule:UnityEditor.Search:ASIAI0B' with importer (ScriptedImporter : UnityEditor.QuickSearchModule:UnityEditor.Search:ASIAI0B)
Imported 'GUID: 2ac687ac4790a434e9503543c707b33f' -> (Import Result ID: '021365830d9f1ba7786675c9dab54504') in 0.002 seconds [static and dynamic dependencies]. Details - ImportResultOutputID=7a382c4f01d998767d9822b80f331945 DependenciesID=77455e2571e93bbad434dae4c7ebd8b5 StaticDependenciesID=b5c21273f630d529185526f154b51970 
Number of updated asset objects reloaded before import = 0
Number of asset objects unloaded after import = 0
========================================================================
Received Import Request.
  Time of request: 2026-09-18T17:31:49.7158356Z
  Time since last request: 0.0002871 seconds.
  importAddress: GUID: 8b4f00de1d40f4b4988c4f3cb7f4dcb9 - Path: Packages/com.unity.render-pipelines.universal/Editor/RendererFeatures/ScreenSpaceAmbientOcclusionEditor.cs - Importer: ScriptedImporter/UnityEditor.QuickSearchModule:UnityEditor.Search:ASIAI0B
Importing 'GUID: 8b4f00de1d40f4b4988c4f3cb7f4dcb9 - Path: Packages/com.unity.render-pipelines.universal/Editor/RendererFeatures/ScreenSpaceAmbientOcclusionEditor.cs - Importer: ScriptedImporter/UnityEditor.QuickSearchModule:UnityEditor.Search:ASIAI0B' with importer (ScriptedImporter : UnityEditor.QuickSearchModule:UnityEditor.Search:ASIAI0B)
Imported 'GUID: 8b4f00de1d40f4b4988c4f3cb7f4dcb9' -> (Import Result ID: '3167547b8d192a5e25ce41e33a00648e') in 0.003 seconds [static and dynamic dependencies]. Details - ImportResultOutputID=27e2edd4230e162a9828162dbaa92d71 DependenciesID=a0ac0546731b4ffa35c17e0483719585 StaticDependenciesID=cb9f0c99b7cd46fb115d04a7f41b3f01 
Number of updated asset objects reloaded before import = 0
Number of asset objects unloaded after import = 0
========================================================================
Received Import Request.
  Time of request: 2026-09-18T17:31:49.7345551Z
  Time since last request: 0.0002533 seconds.
  importAddress: GUID: 1efcaa82db5b5604b861d10e36958714 - Path: Packages/com.unity.render-pipelines.universal/Editor/ShaderGUI/ShaderGraphLitGUI.cs - Importer: ScriptedImporter/UnityEditor.QuickSearchModule:UnityEditor.Search:ASIAI0B
Importing 'GUID: 1efcaa82db5b5604b861d10e36958714 - Path: Packages/com.unity.render-pipelines.universal/Editor/ShaderGUI/ShaderGraphLitGUI.cs - Importer: ScriptedImporter/UnityEditor.QuickSearchModule:UnityEditor.Search:ASIAI0B' with importer (ScriptedImporter : UnityEditor.QuickSearchModule:UnityEditor.Search:ASIAI0B)
Imported 'GUID: 1efcaa82db5b5604b861d10e36958714' -> (Import Result ID: '106ccb179a78abb45da0f5e046c4d84e') in 0.002 seconds [static and dynamic dependencies]. Details - ImportResultOutputID=3b29796c3913fd925a68ae200070384b DependenciesID=6970c825ac370fc1968aa59d4ec94d3a StaticDependenciesID=51cf6fbec22319b9d670f28315c555dd 
Number of updated asset objects reloaded before import = 0
Number of asset objects unloaded after import = 0
========================================================================
Received Import Request.
  Time of request: 2026-09-18T17:31:49.7526916Z
  Time since last request: 0.0002882 seconds.
  importAddress: GUID: dfe4e1c6ce66d514bafdec16128f59ed - Path: Packages/com.unity.render-pipelines.universal/Editor/Settings/UniversalRenderPipelinePreferencesProvider.cs - Importer: ScriptedImporter/UnityEditor.QuickSearchModule:UnityEditor.Search:ASIAI0B
Importing 'GUID: dfe4e1c6ce66d514bafdec16128f59ed - Path: Packages/com.unity.render-pipelines.universal/Editor/Settings/UniversalRenderPipelinePreferencesProvider.cs - Importer: ScriptedImporter/UnityEditor.QuickSearchModule:UnityEditor.Search:ASIAI0B' with importer (ScriptedImporter : UnityEditor.QuickSearchModule:UnityEditor.Search:ASIAI0B)
Imported 'GUID: dfe4e1c6ce66d514bafdec16128f59ed' -> (Import Result ID: '1fef9bdd9ca47ba9d57924f48498bb8a') in 0.002 seconds [static and dynamic dependencies]. Details - ImportResultOutputID=6a84786b547905c382310f56a7fc9b43 DependenciesID=eb02a46957b61c80aa7e8d4f95cfc84d StaticDependenciesID=342c0e36835ca4067eafe2341818c773 
Number of updated asset objects reloaded before import = 0
Number of asset objects unloaded after import = 0
========================================================================
Received Import Request.
  Time of request: 2026-09-18T17:31:49.7705585Z
  Time since last request: 0.0002784 seconds.
  importAddress: GUID: 8765d56d24de6a34f9192447e3cabb6d - Path: Packages/com.unity.render-pipelines.universal/Editor/VFXGraph/VFXURPLitQuadStripOutput.cs - Importer: ScriptedImporter/UnityEditor.QuickSearchModule:UnityEditor.Search:ASIAI0B
Importing 'GUID: 8765d56d24de6a34f9192447e3cabb6d - Path: Packages/com.unity.render-pipelines.universal/Editor/VFXGraph/VFXURPLitQuadStripOutput.cs - Importer: ScriptedImporter/UnityEditor.QuickSearchModule:UnityEditor.Search:ASIAI0B' with importer (ScriptedImporter : UnityEditor.QuickSearchModule:UnityEditor.Search:ASIAI0B)
Imported 'GUID: 8765d56d24de6a34f9192447e3cabb6d' -> (Import Result ID: '7b4f1269e7e8fe3222f019122ad01e0a') in 0.002 seconds [static and dynamic dependencies]. Details - ImportResultOutputID=b3c88d42ea5c15e5d98bf844edeaab5a DependenciesID=903e17b2ad002577d5ded4fa82e3c751 StaticDependenciesID=d740f2d96fef8d5aa816046de3494ce7 
Number of updated asset objects reloaded before import = 0
Number of asset objects unloaded after import = 0
========================================================================
Received Import Request.
  Time of request: 2026-09-18T17:31:49.788889Z
  Time since last request: 0.0003504 seconds.
  importAddress: GUID: 49e2a2aa8fc7a8d4aa8e8dd82ac844dd - Path: Packages/com.unity.render-pipelines.universal/Editor/Overrides/MotionBlurEditor.cs - Importer: ScriptedImporter/UnityEditor.QuickSearchModule:UnityEditor.Search:ASIAI0B
Importing 'GUID: 49e2a2aa8fc7a8d4aa8e8dd82ac844dd - Path: Packages/com.unity.render-pipelines.universal/Editor/Overrides/MotionBlurEditor.cs - Importer: ScriptedImporter/UnityEditor.QuickSearchModule:UnityEditor.Search:ASIAI0B' with importer (ScriptedImporter : UnityEditor.QuickSearchModule:UnityEditor.Search:ASIAI0B)
Imported 'GUID: 49e2a2aa8fc7a8d4aa8e8dd82ac844dd' -> (Import Result ID: '0dd294a23afc13ca5a544b0ac314ac25') in 0.003 seconds [static and dynamic dependencies]. Details - ImportResultOutputID=7c42ab048e687a72ebeb1e9660c27e97 DependenciesID=14e69b2089c048b69cddbd3c68385bc1 StaticDependenciesID=a0fed6fe7e776bc33b3603d1c86275dc 
Number of updated asset objects reloaded before import = 0
Number of asset objects unloaded after import = 0
========================================================================
Received Import Request.
  Time of request: 2026-09-18T17:31:49.8068453Z
  Time since last request: 0.000285 seconds.
  importAddress: GUID: 3f9cc3f14b0454fa7b997b33a99d539f - Path: Packages/com.unity.render-pipelines.universal/Editor/SceneTemplates/Basic.scenetemplate - Importer: ScriptedImporter/UnityEditor.QuickSearchModule:UnityEditor.Search:ASIAI0B
Importing 'GUID: 3f9cc3f14b0454fa7b997b33a99d539f - Path: Packages/com.unity.render-pipelines.universal/Editor/SceneTemplates/Basic.scenetemplate - Importer: ScriptedImporter/UnityEditor.QuickSearchModule:UnityEditor.Search:ASIAI0B' with importer (ScriptedImporter : UnityEditor.QuickSearchModule:UnityEditor.Search:ASIAI0B)
Imported 'GUID: 3f9cc3f14b0454fa7b997b33a99d539f' -> (Import Result ID: '3b9b0e723b254f5b92975a80821720e2') in 0.027 seconds [static and dynamic dependencies]. Details - ImportResultOutputID=cb254e1bcc24adea3e8eab6920af2269 DependenciesID=0e1c73de8b6964fd7b8c3fad553a153b StaticDependenciesID=3c84d75912a0a2655db5b38993183963 
Number of updated asset objects reloaded before import = 0
Number of asset objects unloaded after import = 3
========================================================================
Received Import Request.
  Time of request: 2026-09-18T17:31:49.8492651Z
  Time since last request: 0.0002401 seconds.
  importAddress: GUID: f5d299eb05d633847b9327742901f749 - Path: Packages/com.unity.render-pipelines.universal/Editor/RendererFeatures/OnTilePostProcessFeatureEditor.cs - Importer: ScriptedImporter/UnityEditor.QuickSearchModule:UnityEditor.Search:ASIAI0B
Importing 'GUID: f5d299eb05d633847b9327742901f749 - Path: Packages/com.unity.render-pipelines.universal/Editor/RendererFeatures/OnTilePostProcessFeatureEditor.cs - Importer: ScriptedImporter/UnityEditor.QuickSearchModule:UnityEditor.Search:ASIAI0B' with importer (ScriptedImporter : UnityEditor.QuickSearchModule:UnityEditor.Search:ASIAI0B)
Imported 'GUID: f5d299eb05d633847b9327742901f749' -> (Import Result ID: 'a072c7b9ddfd298bad361e2829cc35eb') in 0.003 seconds [static and dynamic dependencies]. Details - ImportResultOutputID=b4e21559ce292433d18da5166eccb939 DependenciesID=072c16220d6b511a6e9afbeea9f5de4e StaticDependenciesID=551f84c83333201ec3cf693ace31fc8f 
Number of updated asset objects reloaded before import = 0
Number of asset objects unloaded after import = 0
========================================================================
Received Import Request.
  Time of request: 2026-09-18T17:31:49.8675835Z
  Time since last request: 0.0002818 seconds.
  importAddress: GUID: 5a5420665d101df4c8b55860ae8aaa17 - Path: Packages/com.unity.render-pipelines.universal/Editor/Overrides/LiftGammaGainEditor.cs - Importer: ScriptedImporter/UnityEditor.QuickSearchModule:UnityEditor.Search:ASIAI0B
Importing 'GUID: 5a5420665d101df4c8b55860ae8aaa17 - Path: Packages/com.unity.render-pipelines.universal/Editor/Overrides/LiftGammaGainEditor.cs - Importer: ScriptedImporter/UnityEditor.QuickSearchModule:UnityEditor.Search:ASIAI0B' with importer (ScriptedImporter : UnityEditor.QuickSearchModule:UnityEditor.Search:ASIAI0B)
Imported 'GUID: 5a5420665d101df4c8b55860ae8aaa17' -> (Import Result ID: '7665c31c80d6c8304252fdd8f8eb8505') in 0.002 seconds [static and dynamic dependencies]. Details - ImportResultOutputID=5f7617fb66f984726216c22cb4d96d20 DependenciesID=516b158ce5da40f87771f7969f66ec5f StaticDependenciesID=ae8daa029b8fb405721394de995cb976 
Number of updated asset objects reloaded before import = 0
Number of asset objects unloaded after import = 0
========================================================================
Received Import Request.
  Time of request: 2026-09-18T17:31:49.8855241Z
  Time since last request: 0.0003258 seconds.
  importAddress: GUID: 4be1f66afb30bb94889fb3a357474d63 - Path: Packages/com.unity.render-pipelines.universal/Editor/VFXGraph/VFXURPBinder.cs - Importer: ScriptedImporter/UnityEditor.QuickSearchModule:UnityEditor.Search:ASIAI0B
Importing 'GUID: 4be1f66afb30bb94889fb3a357474d63 - Path: Packages/com.unity.render-pipelines.universal/Editor/VFXGraph/VFXURPBinder.cs - Importer: ScriptedImporter/UnityEditor.QuickSearchModule:UnityEditor.Search:ASIAI0B' with importer (ScriptedImporter : UnityEditor.QuickSearchModule:UnityEditor.Search:ASIAI0B)
Imported 'GUID: 4be1f66afb30bb94889fb3a357474d63' -> (Import Result ID: '600817795d863349b922c9928a835631') in 0.002 seconds [static and dynamic dependencies]. Details - ImportResultOutputID=27fa20449569a89c02898bc1d5ce52e2 DependenciesID=51defc0d918bef5e6f7bd7978142315e StaticDependenciesID=99355d5c4d8ae508e3ae91c4c9ff5036 
Number of updated asset objects reloaded before import = 0
Number of asset objects unloaded after import = 0
========================================================================
Received Import Request.
  Time of request: 2026-09-18T17:31:49.9032366Z
  Time since last request: 0.0002882 seconds.
  importAddress: GUID: a5714328aff96462894a2e15ecb5d503 - Path: Packages/com.unity.render-pipelines.universal/Editor/RendererFeatures/RenderObjectsPassFeatureEditor.cs - Importer: ScriptedImporter/UnityEditor.QuickSearchModule:UnityEditor.Search:ASIAI0B
Importing 'GUID: a5714328aff96462894a2e15ecb5d503 - Path: Packages/com.unity.render-pipelines.universal/Editor/RendererFeatures/RenderObjectsPassFeatureEditor.cs - Importer: ScriptedImporter/UnityEditor.QuickSearchModule:UnityEditor.Search:ASIAI0B' with importer (ScriptedImporter : UnityEditor.QuickSearchModule:UnityEditor.Search:ASIAI0B)
Imported 'GUID: a5714328aff96462894a2e15ecb5d503' -> (Import Result ID: '615a202bc4a653d6950957db3d309294') in 0.002 seconds [static and dynamic dependencies]. Details - ImportResultOutputID=fea3ac05af355655b88c0a8fba446978 DependenciesID=78097ce6a2011f9e714bb72d007ff5ce StaticDependenciesID=a269d097fa6e7b2840e8e2f6330e96ce 
Number of updated asset objects reloaded before import = 0
Number of asset objects unloaded after import = 0
========================================================================
Received Import Request.
  Time of request: 2026-09-18T17:31:49.9215804Z
  Time since last request: 0.0003665 seconds.
  importAddress: GUID: 5faac1f019b9d88418c3721b7845b4d2 - Path: Packages/com.unity.render-pipelines.universal/Editor/ShaderGUI/BaseShaderGUI.cs - Importer: ScriptedImporter/UnityEditor.QuickSearchModule:UnityEditor.Search:ASIAI0B
Importing 'GUID: 5faac1f019b9d88418c3721b7845b4d2 - Path: Packages/com.unity.render-pipelines.universal/Editor/ShaderGUI/BaseShaderGUI.cs - Importer: ScriptedImporter/UnityEditor.QuickSearchModule:UnityEditor.Search:ASIAI0B' with importer (ScriptedImporter : UnityEditor.QuickSearchModule:UnityEditor.Search:ASIAI0B)
Imported 'GUID: 5faac1f019b9d88418c3721b7845b4d2' -> (Import Result ID: 'a77feee7b03ef7f893067345ad7cb91b') in 0.002 seconds [static and dynamic dependencies]. Details - ImportResultOutputID=2bfbc21da6276b528a9615f48d03e834 DependenciesID=850e022b4acd940b377233b772df9410 StaticDependenciesID=4d1e1641ffb236cc5b610f245756e053 
Number of updated asset objects reloaded before import = 0
Number of asset objects unloaded after import = 0
========================================================================
Received Import Request.
  Time of request: 2026-09-18T17:31:49.9391171Z
  Time since last request: 0.0003203 seconds.
  importAddress: GUID: d79f23692575f9d4f894c5b5a4b0ccad - Path: Packages/com.unity.render-pipelines.universal/Editor/RendererFeatures/ScreenSpaceShadowsEditor.cs - Importer: ScriptedImporter/UnityEditor.QuickSearchModule:UnityEditor.Search:ASIAI0B
Importing 'GUID: d79f23692575f9d4f894c5b5a4b0ccad - Path: Packages/com.unity.render-pipelines.universal/Editor/RendererFeatures/ScreenSpaceShadowsEditor.cs - Importer: ScriptedImporter/UnityEditor.QuickSearchModule:UnityEditor.Search:ASIAI0B' with importer (ScriptedImporter : UnityEditor.QuickSearchModule:UnityEditor.Search:ASIAI0B)
Imported 'GUID: d79f23692575f9d4f894c5b5a4b0ccad' -> (Import Result ID: '70b24fbc3118accfa52f3e7511306674') in 0.002 seconds [static and dynamic dependencies]. Details - ImportResultOutputID=ed118384f8afcbb71840b997df93bfd9 DependenciesID=420fa49678f400102f7bdac27e55242d StaticDependenciesID=47113d451cff643ddd164c4076043860 
Number of updated asset objects reloaded before import = 0
Number of asset objects unloaded after import = 0
========================================================================
Received Import Request.
  Time of request: 2026-09-18T17:31:49.9570068Z
  Time since last request: 0.0003159 seconds.
  importAddress: GUID: be08ea2d1e97b4edfb6c3b9eb27db748 - Path: Packages/com.unity.render-pipelines.universal/Editor/ScriptTemplates/ScriptTemplates.cs - Importer: ScriptedImporter/UnityEditor.QuickSearchModule:UnityEditor.Search:ASIAI0B
Importing 'GUID: be08ea2d1e97b4edfb6c3b9eb27db748 - Path: Packages/com.unity.render-pipelines.universal/Editor/ScriptTemplates/ScriptTemplates.cs - Importer: ScriptedImporter/UnityEditor.QuickSearchModule:UnityEditor.Search:ASIAI0B' with importer (ScriptedImporter : UnityEditor.QuickSearchModule:UnityEditor.Search:ASIAI0B)
Imported 'GUID: be08ea2d1e97b4edfb6c3b9eb27db748' -> (Import Result ID: '6bbbe06e7e21eb4575e08aa1bca860e0') in 0.002 seconds [static and dynamic dependencies]. Details - ImportResultOutputID=ea1d0c7fd21eea80be27ae770683ad9f DependenciesID=aa1004ae6c72eae1d0dba19451c61469 StaticDependenciesID=5466c58d326df73eff4016852aee304c 
Number of updated asset objects reloaded before import = 0
Number of asset objects unloaded after import = 0
========================================================================
Received Import Request.
  Time of request: 2026-09-18T17:31:49.9743755Z
  Time since last request: 0.0002966 seconds.
  importAddress: GUID: 99f99811fc0d0174d8b58a72ab13f8c0 - Path: Packages/com.unity.render-pipelines.universal/Editor/Overrides/ScreenSpaceReflectionEditor.cs - Importer: ScriptedImporter/UnityEditor.QuickSearchModule:UnityEditor.Search:ASIAI0B
Importing 'GUID: 99f99811fc0d0174d8b58a72ab13f8c0 - Path: Packages/com.unity.render-pipelines.universal/Editor/Overrides/ScreenSpaceReflectionEditor.cs - Importer: ScriptedImporter/UnityEditor.QuickSearchModule:UnityEditor.Search:ASIAI0B' with importer (ScriptedImporter : UnityEditor.QuickSearchModule:UnityEditor.Search:ASIAI0B)
Imported 'GUID: 99f99811fc0d0174d8b58a72ab13f8c0' -> (Import Result ID: '0d6d05c24c0b4132a9dab00353b40287') in 0.002 seconds [static and dynamic dependencies]. Details - ImportResultOutputID=d6bf7bfde909c6d553efd0c90a51afd5 DependenciesID=e142c9b2991d6facd06f582c92e53827 StaticDependenciesID=5aa8a98cd659114988629d1e18f08b52 
Number of updated asset objects reloaded before import = 0
Number of asset objects unloaded after import = 0
========================================================================
Received Import Request.
  Time of request: 2026-09-18T17:31:49.9920781Z
  Time since last request: 0.0002447 seconds.
  importAddress: GUID: 89b1eb68090237240966320a7a94784d - Path: Packages/com.unity.render-pipelines.universal/Editor/SceneTemplates/Indoors.scenetemplate - Importer: ScriptedImporter/UnityEditor.QuickSearchModule:UnityEditor.Search:ASIAI0B
Importing 'GUID: 89b1eb68090237240966320a7a94784d - Path: Packages/com.unity.render-pipelines.universal/Editor/SceneTemplates/Indoors.scenetemplate - Importer: ScriptedImporter/UnityEditor.QuickSearchModule:UnityEditor.Search:ASIAI0B' with importer (ScriptedImporter : UnityEditor.QuickSearchModule:UnityEditor.Search:ASIAI0B)
Imported 'GUID: 89b1eb68090237240966320a7a94784d' -> (Import Result ID: 'd0da7e98a5828963ac96b3ed66047326') in 0.044 seconds [static and dynamic dependencies]. Details - ImportResultOutputID=7848ceca545b90e32d289f74a1b96c7c DependenciesID=d3cd290f5fe5032b23412fdff3831fa2 StaticDependenciesID=ddeca966ffca0348927129cdfcd900fd 
Number of updated asset objects reloaded before import = 0
Number of asset objects unloaded after import = 144
========================================================================
Received Import Request.
  Time of request: 2026-09-18T17:31:50.0529274Z
  Time since last request: 0.0000192 seconds.
  importAddress: GUID: aadc678256814bc4948f5dec6dddd861 - Path: Packages/com.unity.render-pipelines.universal/Editor/VFXGraph/VFXDecalURPOutput.cs - Importer: ScriptedImporter/UnityEditor.QuickSearchModule:UnityEditor.Search:ASIAI0B
Importing 'GUID: aadc678256814bc4948f5dec6dddd861 - Path: Packages/com.unity.render-pipelines.universal/Editor/VFXGraph/VFXDecalURPOutput.cs - Importer: ScriptedImporter/UnityEditor.QuickSearchModule:UnityEditor.Search:ASIAI0B' with importer (ScriptedImporter : UnityEditor.QuickSearchModule:UnityEditor.Search:ASIAI0B)
Imported 'GUID: aadc678256814bc4948f5dec6dddd861' -> (Import Result ID: '16e8ab512f9206d410368870cad9968e') in 0.007 seconds [static and dynamic dependencies]. Details - ImportResultOutputID=86cd3212d5446668a95a4cdf686168e8 DependenciesID=166a3db66285c569e9cb4e851629b6a1 StaticDependenciesID=5d79c9f44bb64db95c872ac1437481bd 
Number of updated asset objects reloaded before import = 0
Number of asset objects unloaded after import = 0
========================================================================
Received Import Request.
  Time of request: 2026-09-18T17:31:50.0756616Z
  Time since last request: 0.0002769 seconds.
  importAddress: GUID: eda47df5b85f4f249abf7abd73db2cb2 - Path: Packages/com.unity.render-pipelines.universal/Editor/Volume/DefaultVolumeProfile.asset - Importer: ScriptedImporter/UnityEditor.QuickSearchModule:UnityEditor.Search:ASIAI0B
Importing 'GUID: eda47df5b85f4f249abf7abd73db2cb2 - Path: Packages/com.unity.render-pipelines.universal/Editor/Volume/DefaultVolumeProfile.asset - Importer: ScriptedImporter/UnityEditor.QuickSearchModule:UnityEditor.Search:ASIAI0B' with importer (ScriptedImporter : UnityEditor.QuickSearchModule:UnityEditor.Search:ASIAI0B)
Imported 'GUID: eda47df5b85f4f249abf7abd73db2cb2' -> (Import Result ID: '3221c3b37da65ffa972ef4c81134aac6') in 0.004 seconds [static and dynamic dependencies]. Details - ImportResultOutputID=8a585769eb97dea38281369ae13419da DependenciesID=c1e1d223be53a5a70b8a371d49a1a2a0 StaticDependenciesID=4f5e2705be0b43c6198f85840fda4668 
Number of updated asset objects reloaded before import = 0
Number of asset objects unloaded after import = 1
========================================================================
Received Import Request.
  Time of request: 2026-09-18T17:31:50.094399Z
  Time since last request: 0.0002602 seconds.
  importAddress: GUID: b0e62b855f4840d5a767597e3fa34a90 - Path: Packages/com.unity.render-pipelines.universal/Editor/ShaderGUI/SixWayGUI.cs - Importer: ScriptedImporter/UnityEditor.QuickSearchModule:UnityEditor.Search:ASIAI0B
Importing 'GUID: b0e62b855f4840d5a767597e3fa34a90 - Path: Packages/com.unity.render-pipelines.universal/Editor/ShaderGUI/SixWayGUI.cs - Importer: ScriptedImporter/UnityEditor.QuickSearchModule:UnityEditor.Search:ASIAI0B' with importer (ScriptedImporter : UnityEditor.QuickSearchModule:UnityEditor.Search:ASIAI0B)
Imported 'GUID: b0e62b855f4840d5a767597e3fa34a90' -> (Import Result ID: '2b5eb30b52b550f041039bacbf39a917') in 0.002 seconds [static and dynamic dependencies]. Details - ImportResultOutputID=1bdc0168be7eb4d6d624bb595b78b178 DependenciesID=0f688a8a4adc7565b482c1c203abb973 StaticDependenciesID=092f9d0509b0b0ff4617b70fa6185dcf 
Number of updated asset objects reloaded before import = 0
Number of asset objects unloaded after import = 0
========================================================================
Received Import Request.
  Time of request: 2026-09-18T17:31:50.1124293Z
  Time since last request: 0.0002479 seconds.
  importAddress: GUID: aeaf92920a76aae4eaebbddf67a76c1f - Path: Packages/com.unity.render-pipelines.universal/Editor/ShaderGraph/UniversalProperties.cs - Importer: ScriptedImporter/UnityEditor.QuickSearchModule:UnityEditor.Search:ASIAI0B
Importing 'GUID: aeaf92920a76aae4eaebbddf67a76c1f - Path: Packages/com.unity.render-pipelines.universal/Editor/ShaderGraph/UniversalProperties.cs - Importer: ScriptedImporter/UnityEditor.QuickSearchModule:UnityEditor.Search:ASIAI0B' with importer (ScriptedImporter : UnityEditor.QuickSearchModule:UnityEditor.Search:ASIAI0B)
Imported 'GUID: aeaf92920a76aae4eaebbddf67a76c1f' -> (Import Result ID: '89cfe0348ac4142c49bbd89a0b72bfc0') in 0.003 seconds [static and dynamic dependencies]. Details - ImportResultOutputID=9dc09e2bdd07df56a35c6b67491a714a DependenciesID=123e5cafb79ac68922ff759c7f67ca28 StaticDependenciesID=6b527a8d36ac139cf88302ac6154747b 
Number of updated asset objects reloaded before import = 0
Number of asset objects unloaded after import = 0
========================================================================
Received Import Request.
  Time of request: 2026-09-18T17:31:50.1306155Z
  Time since last request: 0.0002863 seconds.
  importAddress: GUID: 9d187c8728d2b4c398f45befcacc2827 - Path: Packages/com.unity.render-pipelines.universal/Editor/SceneTemplates/Standard.scenetemplate - Importer: ScriptedImporter/UnityEditor.QuickSearchModule:UnityEditor.Search:ASIAI0B
Importing 'GUID: 9d187c8728d2b4c398f45befcacc2827 - Path: Packages/com.unity.render-pipelines.universal/Editor/SceneTemplates/Standard.scenetemplate - Importer: ScriptedImporter/UnityEditor.QuickSearchModule:UnityEditor.Search:ASIAI0B' with importer (ScriptedImporter : UnityEditor.QuickSearchModule:UnityEditor.Search:ASIAI0B)
Imported 'GUID: 9d187c8728d2b4c398f45befcacc2827' -> (Import Result ID: '888abd66c0c2bd7545a0f5db0ff46f47') in 0.035 seconds [static and dynamic dependencies]. Details - ImportResultOutputID=8f0d6918af925b10e25fd5a1304a58c2 DependenciesID=82dd1e3ab9cb886f384757567119b7f1 StaticDependenciesID=1074cb8d4e75c246632868d00a07dbd9 
Number of updated asset objects reloaded before import = 0
Number of asset objects unloaded after import = 75
========================================================================
Received Import Request.
  Time of request: 2026-09-18T17:31:50.1822596Z
  Time since last request: 0.0000216 seconds.
  importAddress: GUID: aab14984951054bfc8673ef85a1b5017 - Path: Packages/com.unity.render-pipelines.universal/Editor/ShaderGraph/UniversalStructFields.cs - Importer: ScriptedImporter/UnityEditor.QuickSearchModule:UnityEditor.Search:ASIAI0B
Importing 'GUID: aab14984951054bfc8673ef85a1b5017 - Path: Packages/com.unity.render-pipelines.universal/Editor/ShaderGraph/UniversalStructFields.cs - Importer: ScriptedImporter/UnityEditor.QuickSearchModule:UnityEditor.Search:ASIAI0B' with importer (ScriptedImporter : UnityEditor.QuickSearchModule:UnityEditor.Search:ASIAI0B)
Imported 'GUID: aab14984951054bfc8673ef85a1b5017' -> (Import Result ID: 'c212433930ba7b27fc77412a78b7536c') in 0.003 seconds [static and dynamic dependencies]. Details - ImportResultOutputID=8740d4fecd002024f76e9928e31b351a DependenciesID=81536fe99913e7098665e05ae38e694b StaticDependenciesID=f1b2274617a37d6bdd187e1c7b45b56e 
Number of updated asset objects reloaded before import = 0
Number of asset objects unloaded after import = 0
========================================================================
Received Import Request.
  Time of request: 2026-09-18T17:31:50.2010869Z
  Time since last request: 0.0002628 seconds.
  importAddress: GUID: 5b95b9b576115ac4bbf3b1ea150ab3c0 - Path: Packages/com.unity.render-pipelines.universal/Editor/ShaderGUI/ShaderGraphUnlitGUI.cs - Importer: ScriptedImporter/UnityEditor.QuickSearchModule:UnityEditor.Search:ASIAI0B
Importing 'GUID: 5b95b9b576115ac4bbf3b1ea150ab3c0 - Path: Packages/com.unity.render-pipelines.universal/Editor/ShaderGUI/ShaderGraphUnlitGUI.cs - Importer: ScriptedImporter/UnityEditor.QuickSearchModule:UnityEditor.Search:ASIAI0B' with importer (ScriptedImporter : UnityEditor.QuickSearchModule:UnityEditor.Search:ASIAI0B)
Imported 'GUID: 5b95b9b576115ac4bbf3b1ea150ab3c0' -> (Import Result ID: '40538ce4ad0f0dd026f796857f2288e7') in 0.003 seconds [static and dynamic dependencies]. Details - ImportResultOutputID=689aac4f97f33bed113693b10b755314 DependenciesID=534017456541f4d2e82dfd47e8bb98a6 StaticDependenciesID=a1ada7745427dfa2fa33b097740943af 
Number of updated asset objects reloaded before import = 0
Number of asset objects unloaded after import = 0
========================================================================
Received Import Request.
  Time of request: 2026-09-18T17:31:50.2186991Z
  Time since last request: 0.0002963 seconds.
  importAddress: GUID: fa2a3086b7ddca14ea5c28e7ff2aafd8 - Path: Packages/com.unity.render-pipelines.universal/Editor/UniversalRenderPipelineAsset/UniversalRenderPipelineAssetUI.Drawers.cs - Importer: ScriptedImporter/UnityEditor.QuickSearchModule:UnityEditor.Search:ASIAI0B
Importing 'GUID: fa2a3086b7ddca14ea5c28e7ff2aafd8 - Path: Packages/com.unity.render-pipelines.universal/Editor/UniversalRenderPipelineAsset/UniversalRenderPipelineAssetUI.Drawers.cs - Importer: ScriptedImporter/UnityEditor.QuickSearchModule:UnityEditor.Search:ASIAI0B' with importer (ScriptedImporter : UnityEditor.QuickSearchModule:UnityEditor.Search:ASIAI0B)
Imported 'GUID: fa2a3086b7ddca14ea5c28e7ff2aafd8' -> (Import Result ID: '89f18270451bb8a8887eaff89a5e0e7e') in 0.002 seconds [static and dynamic dependencies]. Details - ImportResultOutputID=c94ca9377288c84337552566b040ccae DependenciesID=dcd1e40baa8303b751b9af26b3ce3d67 StaticDependenciesID=c954117e3914384d26a7eb1587e80cff 
Number of updated asset objects reloaded before import = 0
Number of asset objects unloaded after import = 0
========================================================================
Received Import Request.
  Time of request: 2026-09-18T17:31:50.2365224Z
  Time since last request: 0.000265 seconds.
  importAddress: GUID: bf34598b1ba253f4ab82fc5cffbed1ba - Path: Packages/com.unity.render-pipelines.universal/Editor/Terrain/TerrainPass.template - Importer: ScriptedImporter/UnityEditor.QuickSearchModule:UnityEditor.Search:ASIAI0B
Importing 'GUID: bf34598b1ba253f4ab82fc5cffbed1ba - Path: Packages/com.unity.render-pipelines.universal/Editor/Terrain/TerrainPass.template - Importer: ScriptedImporter/UnityEditor.QuickSearchModule:UnityEditor.Search:ASIAI0B' with importer (ScriptedImporter : UnityEditor.QuickSearchModule:UnityEditor.Search:ASIAI0B)
Imported 'GUID: bf34598b1ba253f4ab82fc5cffbed1ba' -> (Import Result ID: '91dc58eb15bb5c0ddce7d86f3af4a31f') in 0.002 seconds [static and dynamic dependencies]. Details - ImportResultOutputID=c956c31757cb3eb26e484409c4e9c01c DependenciesID=49bd36122f1314a1ace791c94964a00e StaticDependenciesID=26843ca63e97c3035f4ceff86619faac 
Number of updated asset objects reloaded before import = 0
Number of asset objects unloaded after import = 1
========================================================================
Received Import Request.
  Time of request: 2026-09-18T17:31:50.2543698Z
  Time since last request: 0.0002406 seconds.
  importAddress: GUID: 4b15ac5de32362a4a9ef0bc5b349ac4d - Path: Packages/com.unity.render-pipelines.universal/Editor/Overrides/ShadowsMidtonesHighlightsEditor.cs - Importer: ScriptedImporter/UnityEditor.QuickSearchModule:UnityEditor.Search:ASIAI0B
Importing 'GUID: 4b15ac5de32362a4a9ef0bc5b349ac4d - Path: Packages/com.unity.render-pipelines.universal/Editor/Overrides/ShadowsMidtonesHighlightsEditor.cs - Importer: ScriptedImporter/UnityEditor.QuickSearchModule:UnityEditor.Search:ASIAI0B' with importer (ScriptedImporter : UnityEditor.QuickSearchModule:UnityEditor.Search:ASIAI0B)
Imported 'GUID: 4b15ac5de32362a4a9ef0bc5b349ac4d' -> (Import Result ID: 'c6fa928fd973d7eeb3a8dcfe136446a9') in 0.002 seconds [static and dynamic dependencies]. Details - ImportResultOutputID=399fea994073db487ded5027eb4d1d87 DependenciesID=8a37b6616a1f03bbafde082d6a13593a StaticDependenciesID=84571279f1f36c94487dd750c62be45e 
Number of updated asset objects reloaded before import = 0
Number of asset objects unloaded after import = 0
========================================================================
Received Import Request.
  Time of request: 2026-09-18T17:31:50.2717655Z
  Time since last request: 0.0002781 seconds.
  importAddress: GUID: f53f8d0902a414d5ca20fbd1b989e1ec - Path: Packages/com.unity.render-pipelines.universal/Editor/Overrides/SurfaceCacheGIVolumeEditor.cs - Importer: ScriptedImporter/UnityEditor.QuickSearchModule:UnityEditor.Search:ASIAI0B
Importing 'GUID: f53f8d0902a414d5ca20fbd1b989e1ec - Path: Packages/com.unity.render-pipelines.universal/Editor/Overrides/SurfaceCacheGIVolumeEditor.cs - Importer: ScriptedImporter/UnityEditor.QuickSearchModule:UnityEditor.Search:ASIAI0B' with importer (ScriptedImporter : UnityEditor.QuickSearchModule:UnityEditor.Search:ASIAI0B)
Imported 'GUID: f53f8d0902a414d5ca20fbd1b989e1ec' -> (Import Result ID: 'b8b1cdd3badcb2634fcdba6777b7c6d4') in 0.002 seconds [static and dynamic dependencies]. Details - ImportResultOutputID=691b467c2c65b07ae4d2aa030c1ec1c1 DependenciesID=db6de7a92131e26d1bb872850fb50757 StaticDependenciesID=1841cc6ad6bf08d58e5e0e2096a38dc9 
Number of updated asset objects reloaded before import = 0
Number of asset objects unloaded after import = 0
========================================================================
Received Import Request.
  Time of request: 2026-09-18T17:31:50.2915643Z
  Time since last request: 0.0012273 seconds.
  importAddress: GUID: 3b77405e9fadb4c408bbf830f615ce99 - Path: Packages/com.unity.render-pipelines.universal/Editor/Terrain/TerrainPassDefine.template.hlsl - Importer: ScriptedImporter/UnityEditor.QuickSearchModule:UnityEditor.Search:ASIAI0B
Importing 'GUID: 3b77405e9fadb4c408bbf830f615ce99 - Path: Packages/com.unity.render-pipelines.universal/Editor/Terrain/TerrainPassDefine.template.hlsl - Importer: ScriptedImporter/UnityEditor.QuickSearchModule:UnityEditor.Search:ASIAI0B' with importer (ScriptedImporter : UnityEditor.QuickSearchModule:UnityEditor.Search:ASIAI0B)
Imported 'GUID: 3b77405e9fadb4c408bbf830f615ce99' -> (Import Result ID: '4219e877d3b025d83af799a880eba2b2') in 0.002 seconds [static and dynamic dependencies]. Details - ImportResultOutputID=7be8a596b822983279e0af8b6cf4ae18 DependenciesID=abef2426e0b0c07e1da9809987eb04d1 StaticDependenciesID=93cd60d291218617f8e897be6b160e6e 
Number of updated asset objects reloaded before import = 0
Number of asset objects unloaded after import = 1
========================================================================
Received Import Request.
  Time of request: 2026-09-18T17:31:50.327826Z
  Time since last request: 0.0175453 seconds.
  importAddress: GUID: a7745542269049e0a733b635ef8e4df8 - Path: Packages/com.unity.render-pipelines.universal/Runtime/Debug/DebugRenderSetup.cs - Importer: ScriptedImporter/UnityEditor.QuickSearchModule:UnityEditor.Search:ASIAI0B
Importing 'GUID: a7745542269049e0a733b635ef8e4df8 - Path: Packages/com.unity.render-pipelines.universal/Runtime/Debug/DebugRenderSetup.cs - Importer: ScriptedImporter/UnityEditor.QuickSearchModule:UnityEditor.Search:ASIAI0B' with importer (ScriptedImporter : UnityEditor.QuickSearchModule:UnityEditor.Search:ASIAI0B)
Imported 'GUID: a7745542269049e0a733b635ef8e4df8' -> (Import Result ID: '9eaea15e7aff732f0baad6f764465b5c') in 0.003 seconds [static and dynamic dependencies]. Details - ImportResultOutputID=fb712a6b9084d3ff90c77d1108b58a3f DependenciesID=225f7b7023abde62fce2cd0ba9a8d809 StaticDependenciesID=802c34437bd2fa261731394c18eda9d6 
Number of updated asset objects reloaded before import = 0
Number of asset objects unloaded after import = 0
========================================================================
Received Import Request.
  Time of request: 2026-09-18T17:31:50.3457005Z
  Time since last request: 0.0004189 seconds.
  importAddress: GUID: c88f5cead0c0b2a4eb05b5900433f8d1 - Path: Packages/com.unity.render-pipelines.universal/Runtime/2D/PixelPerfectCamera.cs - Importer: ScriptedImporter/UnityEditor.QuickSearchModule:UnityEditor.Search:ASIAI0B
Importing 'GUID: c88f5cead0c0b2a4eb05b5900433f8d1 - Path: Packages/com.unity.render-pipelines.universal/Runtime/2D/PixelPerfectCamera.cs - Importer: ScriptedImporter/UnityEditor.QuickSearchModule:UnityEditor.Search:ASIAI0B' with importer (ScriptedImporter : UnityEditor.QuickSearchModule:UnityEditor.Search:ASIAI0B)
Imported 'GUID: c88f5cead0c0b2a4eb05b5900433f8d1' -> (Import Result ID: 'f0fc81e19a9848e9c981befbb4142c44') in 0.003 seconds [static and dynamic dependencies]. Details - ImportResultOutputID=1b55aac7c9491c4d540145e1130bae54 DependenciesID=d68b2fe020b0cfddfdfbda6da6d91971 StaticDependenciesID=dda1ef56eff61ab8c84c6c4e4a2cfb2a 
Number of updated asset objects reloaded before import = 0
Number of asset objects unloaded after import = 1
========================================================================
Received Import Request.
  Time of request: 2026-09-18T17:31:50.3647975Z
  Time since last request: 0.0002988 seconds.
  importAddress: GUID: b51db210fe78df745a372851b3db949e - Path: Packages/com.unity.render-pipelines.universal/Runtime/Materials/SpatialMappingOcclusion.mat - Importer: ScriptedImporter/UnityEditor.QuickSearchModule:UnityEditor.Search:ASIAI0B
Importing 'GUID: b51db210fe78df745a372851b3db949e - Path: Packages/com.unity.render-pipelines.universal/Runtime/Materials/SpatialMappingOcclusion.mat - Importer: ScriptedImporter/UnityEditor.QuickSearchModule:UnityEditor.Search:ASIAI0B' with importer (ScriptedImporter : UnityEditor.QuickSearchModule:UnityEditor.Search:ASIAI0B)
Imported 'GUID: b51db210fe78df745a372851b3db949e' -> (Import Result ID: 'a58481c0da0d1202a898bb40bd22b576') in 0.004 seconds [static and dynamic dependencies]. Details - ImportResultOutputID=05b10b412a21bc3162cdfeccf9a8e6dc DependenciesID=0f6e986be559700cdedc460485e53a24 StaticDependenciesID=4a2e96e018b5443cde74944cbcedf535 
Number of updated asset objects reloaded before import = 0
Number of asset objects unloaded after import = 2
========================================================================
Received Import Request.
  Time of request: 2026-09-18T17:31:50.3847583Z
  Time since last request: 0.0002405 seconds.
  importAddress: GUID: 7e13c1c4ebc377d4a9c45f387209add8 - Path: Packages/com.unity.render-pipelines.universal/Runtime/History/SSAOHistory.cs - Importer: ScriptedImporter/UnityEditor.QuickSearchModule:UnityEditor.Search:ASIAI0B
Importing 'GUID: 7e13c1c4ebc377d4a9c45f387209add8 - Path: Packages/com.unity.render-pipelines.universal/Runtime/History/SSAOHistory.cs - Importer: ScriptedImporter/UnityEditor.QuickSearchModule:UnityEditor.Search:ASIAI0B' with importer (ScriptedImporter : UnityEditor.QuickSearchModule:UnityEditor.Search:ASIAI0B)
Imported 'GUID: 7e13c1c4ebc377d4a9c45f387209add8' -> (Import Result ID: '54def2d7b76204588d7812edb4646c9a') in 0.002 seconds [static and dynamic dependencies]. Details - ImportResultOutputID=e77ef7e95b9994a5d44ea70f411ac05f DependenciesID=f8787c74f29eb604a4a2875335bf45aa StaticDependenciesID=99c60517ffe98e4f4026ead194afbacc 
Number of updated asset objects reloaded before import = 0
Number of asset objects unloaded after import = 0
========================================================================
Received Import Request.
  Time of request: 2026-09-18T17:31:50.4030287Z
  Time since last request: 0.0003276 seconds.
  importAddress: GUID: eeb1feab11794b99b3f42243ad341369 - Path: Packages/com.unity.render-pipelines.universal/Runtime/FrameData/UniversalResourceData.cs - Importer: ScriptedImporter/UnityEditor.QuickSearchModule:UnityEditor.Search:ASIAI0B
Importing 'GUID: eeb1feab11794b99b3f42243ad341369 - Path: Packages/com.unity.render-pipelines.universal/Runtime/FrameData/UniversalResourceData.cs - Importer: ScriptedImporter/UnityEditor.QuickSearchModule:UnityEditor.Search:ASIAI0B' with importer (ScriptedImporter : UnityEditor.QuickSearchModule:UnityEditor.Search:ASIAI0B)
Imported 'GUID: eeb1feab11794b99b3f42243ad341369' -> (Import Result ID: '0c5d45edc1ff6362bd83de3589801ba8') in 0.002 seconds [static and dynamic dependencies]. Details - ImportResultOutputID=3fcf4f71e0845e6c2fd11260fb1fc0fc DependenciesID=e5835ab7aee3b233242f641f6cc17cdf StaticDependenciesID=6f07f9f520aa712b6612e7191d17ab02 
Number of updated asset objects reloaded before import = 0
Number of asset objects unloaded after import = 0
========================================================================
Received Import Request.
  Time of request: 2026-09-18T17:31:50.4206817Z
  Time since last request: 0.0003397 seconds.
  importAddress: GUID: 11145981673336645838492a2d98e247 - Path: Packages/com.unity.render-pipelines.universal/Runtime/2D/Renderer2DData.cs - Importer: ScriptedImporter/UnityEditor.QuickSearchModule:UnityEditor.Search:ASIAI0B
Importing 'GUID: 11145981673336645838492a2d98e247 - Path: Packages/com.unity.render-pipelines.universal/Runtime/2D/Renderer2DData.cs - Importer: ScriptedImporter/UnityEditor.QuickSearchModule:UnityEditor.Search:ASIAI0B' with importer (ScriptedImporter : UnityEditor.QuickSearchModule:UnityEditor.Search:ASIAI0B)
Imported 'GUID: 11145981673336645838492a2d98e247' -> (Import Result ID: 'aa72a10796c3fd1cc5bfdd0fb0dd5e96') in 0.002 seconds [static and dynamic dependencies]. Details - ImportResultOutputID=1c8c844d70c5ddd8cb64243774a2bd24 DependenciesID=0e2a1774037a728a8d04b0a8b0f1b0cf StaticDependenciesID=6c10cf8c7362c80e0eda919ad929b270 
Number of updated asset objects reloaded before import = 0
Number of asset objects unloaded after import = 0
========================================================================
Received Import Request.
  Time of request: 2026-09-18T17:31:50.438764Z
  Time since last request: 0.0004156 seconds.
  importAddress: GUID: 3e5bfeb218ab44b849bf614e7b230a7b - Path: Packages/com.unity.render-pipelines.universal/Runtime/History/SingleHistoryBase.cs - Importer: ScriptedImporter/UnityEditor.QuickSearchModule:UnityEditor.Search:ASIAI0B
Importing 'GUID: 3e5bfeb218ab44b849bf614e7b230a7b - Path: Packages/com.unity.render-pipelines.universal/Runtime/History/SingleHistoryBase.cs - Importer: ScriptedImporter/UnityEditor.QuickSearchModule:UnityEditor.Search:ASIAI0B' with importer (ScriptedImporter : UnityEditor.QuickSearchModule:UnityEditor.Search:ASIAI0B)
Imported 'GUID: 3e5bfeb218ab44b849bf614e7b230a7b' -> (Import Result ID: '23a39cc716b679a4fcdea8c790cc7093') in 0.002 seconds [static and dynamic dependencies]. Details - ImportResultOutputID=319377d726377aec2685a41f63d9d018 DependenciesID=843bf8e2532ffbba4b67a63b9edf5c53 StaticDependenciesID=153299218ca9b9d62081183182f25018 
Number of updated asset objects reloaded before import = 0
Number of asset objects unloaded after import = 0
========================================================================
Received Import Request.
  Time of request: 2026-09-18T17:31:50.4567604Z
  Time since last request: 0.0003031 seconds.
  importAddress: GUID: 9d9379906932aeb42948429db294542e - Path: Packages/com.unity.render-pipelines.universal/Runtime/2D/URP2D_GraphicsExtensions.cs - Importer: ScriptedImporter/UnityEditor.QuickSearchModule:UnityEditor.Search:ASIAI0B
Importing 'GUID: 9d9379906932aeb42948429db294542e - Path: Packages/com.unity.render-pipelines.universal/Runtime/2D/URP2D_GraphicsExtensions.cs - Importer: ScriptedImporter/UnityEditor.QuickSearchModule:UnityEditor.Search:ASIAI0B' with importer (ScriptedImporter : UnityEditor.QuickSearchModule:UnityEditor.Search:ASIAI0B)
Imported 'GUID: 9d9379906932aeb42948429db294542e' -> (Import Result ID: '851942dcaf2621f48e076bac3527aff8') in 0.002 seconds [static and dynamic dependencies]. Details - ImportResultOutputID=0fddf25ab743384451b6736ebfdfd698 DependenciesID=b3058c7df939cb7f03a510b77ed16218 StaticDependenciesID=5524d93645fc740b497ffee067557b2a 
Number of updated asset objects reloaded before import = 0
Number of asset objects unloaded after import = 0
========================================================================
Received Import Request.
  Time of request: 2026-09-18T17:31:50.4750155Z
  Time since last request: 0.0003369 seconds.
  importAddress: GUID: 445455d37e7bc0048801afd5048170e8 - Path: Packages/com.unity.render-pipelines.universal/Runtime/2D/Provider2D.cs - Importer: ScriptedImporter/UnityEditor.QuickSearchModule:UnityEditor.Search:ASIAI0B
Importing 'GUID: 445455d37e7bc0048801afd5048170e8 - Path: Packages/com.unity.render-pipelines.universal/Runtime/2D/Provider2D.cs - Importer: ScriptedImporter/UnityEditor.QuickSearchModule:UnityEditor.Search:ASIAI0B' with importer (ScriptedImporter : UnityEditor.QuickSearchModule:UnityEditor.Search:ASIAI0B)
Imported 'GUID: 445455d37e7bc0048801afd5048170e8' -> (Import Result ID: 'df5264d78117afbd772aa8c90f5be588') in 0.002 seconds [static and dynamic dependencies]. Details - ImportResultOutputID=dea6a2beec7bc9c8446b371f2985019f DependenciesID=136622cffbd33ac3229e798929fbc8ce StaticDependenciesID=4e6c8ae15b05e1bca81a1f7882c68789 
Number of updated asset objects reloaded before import = 0
Number of asset objects unloaded after import = 0
========================================================================
Received Import Request.
  Time of request: 2026-09-18T17:31:50.4928823Z
  Time since last request: 0.000327 seconds.
  importAddress: GUID: 67e030bdec7407b439d6442945b428ce - Path: Packages/com.unity.render-pipelines.universal/Runtime/Decal/DecalShaderPassNames.cs - Importer: ScriptedImporter/UnityEditor.QuickSearchModule:UnityEditor.Search:ASIAI0B
Importing 'GUID: 67e030bdec7407b439d6442945b428ce - Path: Packages/com.unity.render-pipelines.universal/Runtime/Decal/DecalShaderPassNames.cs - Importer: ScriptedImporter/UnityEditor.QuickSearchModule:UnityEditor.Search:ASIAI0B' with importer (ScriptedImporter : UnityEditor.QuickSearchModule:UnityEditor.Search:ASIAI0B)
Imported 'GUID: 67e030bdec7407b439d6442945b428ce' -> (Import Result ID: 'dc993f14d03835e3bc42f46eaf6780aa') in 0.002 seconds [static and dynamic dependencies]. Details - ImportResultOutputID=7ee8026ab2dd95d51984d681997f96ce DependenciesID=825c6de801046ded6f63a7fa7e1a7952 StaticDependenciesID=3db0517de03a0cf49d4bb4e6a3c234d7 
Number of updated asset objects reloaded before import = 0
Number of asset objects unloaded after import = 0
========================================================================
Received Import Request.
  Time of request: 2026-09-18T17:31:50.5107871Z
  Time since last request: 0.0003608 seconds.
  importAddress: GUID: d8d2b2ac40c1940d281d4f1f8384a0bf - Path: Packages/com.unity.render-pipelines.universal/Runtime/History/RawColorHistory.cs - Importer: ScriptedImporter/UnityEditor.QuickSearchModule:UnityEditor.Search:ASIAI0B
Importing 'GUID: d8d2b2ac40c1940d281d4f1f8384a0bf - Path: Packages/com.unity.render-pipelines.universal/Runtime/History/RawColorHistory.cs - Importer: ScriptedImporter/UnityEditor.QuickSearchModule:UnityEditor.Search:ASIAI0B' with importer (ScriptedImporter : UnityEditor.QuickSearchModule:UnityEditor.Search:ASIAI0B)
Imported 'GUID: d8d2b2ac40c1940d281d4f1f8384a0bf' -> (Import Result ID: '6c691fb53128988064c71a7bdd3138fd') in 0.002 seconds [static and dynamic dependencies]. Details - ImportResultOutputID=541fe947c7fdf7a716ebf2ea26237818 DependenciesID=b8066152833ebc4c815234ce5e10e2c9 StaticDependenciesID=8da7cc8890b0d13600c37ac001246edd 
Number of updated asset objects reloaded before import = 0
Number of asset objects unloaded after import = 0
========================================================================
Received Import Request.
  Time of request: 2026-09-18T17:31:50.5292611Z
  Time since last request: 0.0004197 seconds.
  importAddress: GUID: 78a08787ca30045abb69f6f7dd878e09 - Path: Packages/com.unity.render-pipelines.universal/Runtime/Materials/FullscreenInvertColors.mat - Importer: ScriptedImporter/UnityEditor.QuickSearchModule:UnityEditor.Search:ASIAI0B
Importing 'GUID: 78a08787ca30045abb69f6f7dd878e09 - Path: Packages/com.unity.render-pipelines.universal/Runtime/Materials/FullscreenInvertColors.mat - Importer: ScriptedImporter/UnityEditor.QuickSearchModule:UnityEditor.Search:ASIAI0B' with importer (ScriptedImporter : UnityEditor.QuickSearchModule:UnityEditor.Search:ASIAI0B)
Imported 'GUID: 78a08787ca30045abb69f6f7dd878e09' -> (Import Result ID: 'a0778202dc70dae90f1a5508c20a569b') in 0.005 seconds [static and dynamic dependencies]. Details - ImportResultOutputID=8e12193aa08547ccbf6fb2c1b62225a3 DependenciesID=c984155b3831db039e96bc54aeb45c3d StaticDependenciesID=3134d5bf991474958500a60a8a4a32bf 
Number of updated asset objects reloaded before import = 0
Number of asset objects unloaded after import = 2
========================================================================
Received Import Request.
  Time of request: 2026-09-18T17:31:50.5493776Z
  Time since last request: 0.0002239 seconds.
  importAddress: GUID: 9875a245ac49007498213638a307faa1 - Path: Packages/com.unity.render-pipelines.universal/Runtime/Materials/SpatialMappingWireframe.mat - Importer: ScriptedImporter/UnityEditor.QuickSearchModule:UnityEditor.Search:ASIAI0B
Importing 'GUID: 9875a245ac49007498213638a307faa1 - Path: Packages/com.unity.render-pipelines.universal/Runtime/Materials/SpatialMappingWireframe.mat - Importer: ScriptedImporter/UnityEditor.QuickSearchModule:UnityEditor.Search:ASIAI0B' with importer (ScriptedImporter : UnityEditor.QuickSearchModule:UnityEditor.Search:ASIAI0B)
Imported 'GUID: 9875a245ac49007498213638a307faa1' -> (Import Result ID: '7ad10ca040187bafa93e4f45b5eaf411') in 0.004 seconds [static and dynamic dependencies]. Details - ImportResultOutputID=d7970e8165c13c6cea5c23442b50cfa7 DependenciesID=d779759f435130849de3767a0564005d StaticDependenciesID=6f96c8ac5573ba4a6087764838731471 
Number of updated asset objects reloaded before import = 0
Number of asset objects unloaded after import = 2
========================================================================
Received Import Request.
  Time of request: 2026-09-18T17:31:50.5691376Z
  Time since last request: 0.0002977 seconds.
  importAddress: GUID: 682abd313990845aabd60612b4828970 - Path: Packages/com.unity.render-pipelines.universal/Runtime/Data/RenderStateData.cs - Importer: ScriptedImporter/UnityEditor.QuickSearchModule:UnityEditor.Search:ASIAI0B
Importing 'GUID: 682abd313990845aabd60612b4828970 - Path: Packages/com.unity.render-pipelines.universal/Runtime/Data/RenderStateData.cs - Importer: ScriptedImporter/UnityEditor.QuickSearchModule:UnityEditor.Search:ASIAI0B' with importer (ScriptedImporter : UnityEditor.QuickSearchModule:UnityEditor.Search:ASIAI0B)
Imported 'GUID: 682abd313990845aabd60612b4828970' -> (Import Result ID: '011efa21e35721b0cc0e9902c28c6059') in 0.002 seconds [static and dynamic dependencies]. Details - ImportResultOutputID=ff397604d32ddded0c3d1fdecead19db DependenciesID=3b1b2f0e288aa9213652d1fe2f8804d3 StaticDependenciesID=2fb4775c497317aa9e3701f7daf432e5 
Number of updated asset objects reloaded before import = 0
Number of asset objects unloaded after import = 0
========================================================================
Received Import Request.
  Time of request: 2026-09-18T17:31:50.5872623Z
  Time since last request: 0.0003511 seconds.
  importAddress: GUID: 31d0dcc6f2dd4e4408d18036a2c93862 - Path: Packages/com.unity.render-pipelines.universal/Runtime/Materials/Decal.mat - Importer: ScriptedImporter/UnityEditor.QuickSearchModule:UnityEditor.Search:ASIAI0B
Importing 'GUID: 31d0dcc6f2dd4e4408d18036a2c93862 - Path: Packages/com.unity.render-pipelines.universal/Runtime/Materials/Decal.mat - Importer: ScriptedImporter/UnityEditor.QuickSearchModule:UnityEditor.Search:ASIAI0B' with importer (ScriptedImporter : UnityEditor.QuickSearchModule:UnityEditor.Search:ASIAI0B)
Imported 'GUID: 31d0dcc6f2dd4e4408d18036a2c93862' -> (Import Result ID: '24b2e3c46c4156b20573f7df32fa6d88') in 0.003 seconds [static and dynamic dependencies]. Details - ImportResultOutputID=104b6a02a2c25c5ee27f19054c572f87 DependenciesID=bc84923100e6c0650abe50b677153684 StaticDependenciesID=9166ec7281d45512f4bc2b8d92d0c9f2 
Number of updated asset objects reloaded before import = 0
Number of asset objects unloaded after import = 1
========================================================================
Received Import Request.
  Time of request: 2026-09-18T17:31:50.6059077Z
  Time since last request: 0.0003383 seconds.
  importAddress: GUID: b0ecc0d40b758794593fe6ee53c2b117 - Path: Packages/com.unity.render-pipelines.universal/Runtime/History/ColorHistory.cs - Importer: ScriptedImporter/UnityEditor.QuickSearchModule:UnityEditor.Search:ASIAI0B
Importing 'GUID: b0ecc0d40b758794593fe6ee53c2b117 - Path: Packages/com.unity.render-pipelines.universal/Runtime/History/ColorHistory.cs - Importer: ScriptedImporter/UnityEditor.QuickSearchModule:UnityEditor.Search:ASIAI0B' with importer (ScriptedImporter : UnityEditor.QuickSearchModule:UnityEditor.Search:ASIAI0B)
Imported 'GUID: b0ecc0d40b758794593fe6ee53c2b117' -> (Import Result ID: 'b33f3616eb618b63b8b1a3c602bf5913') in 0.002 seconds [static and dynamic dependencies]. Details - ImportResultOutputID=89b51fed509cbeffa3a6e730c0df29e1 DependenciesID=b252063e9c61364c80e1b8d5729d3b1a StaticDependenciesID=b5bbdd169561b16f9e602a3aad5ad07a 
Number of updated asset objects reloaded before import = 0
Number of asset objects unloaded after import = 0
========================================================================
Received Import Request.
  Time of request: 2026-09-18T17:31:50.6234866Z
  Time since last request: 0.0002949 seconds.
  importAddress: GUID: bf2edee5c58d82540a51f03df9d42094 - Path: Packages/com.unity.render-pipelines.universal/Runtime/Data/UniversalRenderPipelineAsset.cs - Importer: ScriptedImporter/UnityEditor.QuickSearchModule:UnityEditor.Search:ASIAI0B
Importing 'GUID: bf2edee5c58d82540a51f03df9d42094 - Path: Packages/com.unity.render-pipelines.universal/Runtime/Data/UniversalRenderPipelineAsset.cs - Importer: ScriptedImporter/UnityEditor.QuickSearchModule:UnityEditor.Search:ASIAI0B' with importer (ScriptedImporter : UnityEditor.QuickSearchModule:UnityEditor.Search:ASIAI0B)
Imported 'GUID: bf2edee5c58d82540a51f03df9d42094' -> (Import Result ID: 'eaca85188d69d0ae2311abbfb150b40b') in 0.002 seconds [static and dynamic dependencies]. Details - ImportResultOutputID=b6a3556d4cf984c445de0e4740b0a0a8 DependenciesID=2ebffbd3399d5ad8554e6c101a143101 StaticDependenciesID=a9937a85b520789e52f235d4d1f9021e 
Number of updated asset objects reloaded before import = 0
Number of asset objects unloaded after import = 0
========================================================================
Received Import Request.
  Time of request: 2026-09-18T17:31:50.6412726Z
  Time since last request: 0.0003229 seconds.
  importAddress: GUID: b1a6c4c4329a09f49a96f22a8922f69a - Path: Packages/com.unity.render-pipelines.universal/Runtime/History/BeforeTransparentsColorHistory.cs - Importer: ScriptedImporter/UnityEditor.QuickSearchModule:UnityEditor.Search:ASIAI0B
Importing 'GUID: b1a6c4c4329a09f49a96f22a8922f69a - Path: Packages/com.unity.render-pipelines.universal/Runtime/History/BeforeTransparentsColorHistory.cs - Importer: ScriptedImporter/UnityEditor.QuickSearchModule:UnityEditor.Search:ASIAI0B' with importer (ScriptedImporter : UnityEditor.QuickSearchModule:UnityEditor.Search:ASIAI0B)
Imported 'GUID: b1a6c4c4329a09f49a96f22a8922f69a' -> (Import Result ID: '240c3ee57c6f6c3f41b2ac0e46429ec5') in 0.003 seconds [static and dynamic dependencies]. Details - ImportResultOutputID=8292812763f50081f00ab2b532c2d7e2 DependenciesID=1ac7ff382f59b86c7ec14e5ef27a5374 StaticDependenciesID=c40226639609e90741bf2e9f611937a0 
Number of updated asset objects reloaded before import = 0
Number of asset objects unloaded after import = 0
========================================================================
Received Import Request.
  Time of request: 2026-09-18T17:31:50.6594622Z
  Time since last request: 0.0003816 seconds.
  importAddress: GUID: adcb49d2b04b1654b85e627fe5dde64f - Path: Packages/com.unity.render-pipelines.universal/Runtime/2D/PixelPerfectCameraInternal.cs - Importer: ScriptedImporter/UnityEditor.QuickSearchModule:UnityEditor.Search:ASIAI0B
Importing 'GUID: adcb49d2b04b1654b85e627fe5dde64f - Path: Packages/com.unity.render-pipelines.universal/Runtime/2D/PixelPerfectCameraInternal.cs - Importer: ScriptedImporter/UnityEditor.QuickSearchModule:UnityEditor.Search:ASIAI0B' with importer (ScriptedImporter : UnityEditor.QuickSearchModule:UnityEditor.Search:ASIAI0B)
Imported 'GUID: adcb49d2b04b1654b85e627fe5dde64f' -> (Import Result ID: '88a56ba50fa14c71c4e78f7919bbc576') in 0.002 seconds [static and dynamic dependencies]. Details - ImportResultOutputID=9fad0b790eb4b33c21f3ef22be0a2ea1 DependenciesID=a8b85fcab14fd63b75a01000934a6b5e StaticDependenciesID=bcaaaa0c9fe0403bf5affcbf6ae64119 
Number of updated asset objects reloaded before import = 0
Number of asset objects unloaded after import = 0
========================================================================
Received Import Request.
  Time of request: 2026-09-18T17:31:50.6771102Z
  Time since last request: 0.0003349 seconds.
  importAddress: GUID: cd017e26c44959440b65ae797d9d4d90 - Path: Packages/com.unity.render-pipelines.universal/Runtime/Debug/UniversalRenderPipelineDebugDisplayStats.cs - Importer: ScriptedImporter/UnityEditor.QuickSearchModule:UnityEditor.Search:ASIAI0B
Importing 'GUID: cd017e26c44959440b65ae797d9d4d90 - Path: Packages/com.unity.render-pipelines.universal/Runtime/Debug/UniversalRenderPipelineDebugDisplayStats.cs - Importer: ScriptedImporter/UnityEditor.QuickSearchModule:UnityEditor.Search:ASIAI0B' with importer (ScriptedImporter : UnityEditor.QuickSearchModule:UnityEditor.Search:ASIAI0B)
Imported 'GUID: cd017e26c44959440b65ae797d9d4d90' -> (Import Result ID: '67d1a145e4aec063daaedc3bb9fbcbca') in 0.002 seconds [static and dynamic dependencies]. Details - ImportResultOutputID=46eee103060ae0ff463b7c9da124187b DependenciesID=b465d43c450dba9b1de9fee51f0d7f9d StaticDependenciesID=91148871a7c56fd3c469ec0c08fd010c 
Number of updated asset objects reloaded before import = 0
Number of asset objects unloaded after import = 0
========================================================================
Received Import Request.
  Time of request: 2026-09-18T17:31:50.6949619Z
  Time since last request: 0.0003008 seconds.
  importAddress: GUID: 787a9a86657542348d1b4e9caece0a0e - Path: Packages/com.unity.render-pipelines.universal/Runtime/History/TaaHistory.cs - Importer: ScriptedImporter/UnityEditor.QuickSearchModule:UnityEditor.Search:ASIAI0B
Importing 'GUID: 787a9a86657542348d1b4e9caece0a0e - Path: Packages/com.unity.render-pipelines.universal/Runtime/History/TaaHistory.cs - Importer: ScriptedImporter/UnityEditor.QuickSearchModule:UnityEditor.Search:ASIAI0B' with importer (ScriptedImporter : UnityEditor.QuickSearchModule:UnityEditor.Search:ASIAI0B)
Imported 'GUID: 787a9a86657542348d1b4e9caece0a0e' -> (Import Result ID: 'fd88f437d54f0a9577e1547b631a58a5') in 0.002 seconds [static and dynamic dependencies]. Details - ImportResultOutputID=d5ec462c2490f2f2a8246db56e6b7952 DependenciesID=f63ae987da5523c9264d5085889303af StaticDependenciesID=1ebdcd98196d3e0c0a168be77746fd98 
Number of updated asset objects reloaded before import = 0
Number of asset objects unloaded after import = 0
========================================================================
Received Import Request.
  Time of request: 2026-09-18T17:31:50.7129407Z
  Time since last request: 0.0003678 seconds.
  importAddress: GUID: 15d0c3709176029428a0da2f8cecf0b5 - Path: Packages/com.unity.render-pipelines.universal/Runtime/Materials/SpriteMask-Default.mat - Importer: ScriptedImporter/UnityEditor.QuickSearchModule:UnityEditor.Search:ASIAI0B
Importing 'GUID: 15d0c3709176029428a0da2f8cecf0b5 - Path: Packages/com.unity.render-pipelines.universal/Runtime/Materials/SpriteMask-Default.mat - Importer: ScriptedImporter/UnityEditor.QuickSearchModule:UnityEditor.Search:ASIAI0B' with importer (ScriptedImporter : UnityEditor.QuickSearchModule:UnityEditor.Search:ASIAI0B)
Imported 'GUID: 15d0c3709176029428a0da2f8cecf0b5' -> (Import Result ID: 'd1c39ddbf76246f5528724a2a3da2b63') in 0.016 seconds [static and dynamic dependencies]. Details - ImportResultOutputID=8749769edb33e2029b8524252d7a5587 DependenciesID=085354523bb776893bb1d63ae71286c2 StaticDependenciesID=d57096f6e6a755ab21709d793ea08803 
Number of updated asset objects reloaded before import = 0
Number of asset objects unloaded after import = 1
========================================================================
Received Import Request.
  Time of request: 2026-09-18T17:31:50.747048Z
  Time since last request: 0.00004 seconds.
  importAddress: GUID: f51cd437538e56e43b5b7203e3f0d825 - Path: Packages/com.unity.render-pipelines.universal/Runtime/Decal/DecalProjector.deprecated.cs - Importer: ScriptedImporter/UnityEditor.QuickSearchModule:UnityEditor.Search:ASIAI0B
Importing 'GUID: f51cd437538e56e43b5b7203e3f0d825 - Path: Packages/com.unity.render-pipelines.universal/Runtime/Decal/DecalProjector.deprecated.cs - Importer: ScriptedImporter/UnityEditor.QuickSearchModule:UnityEditor.Search:ASIAI0B' with importer (ScriptedImporter : UnityEditor.QuickSearchModule:UnityEditor.Search:ASIAI0B)
Imported 'GUID: f51cd437538e56e43b5b7203e3f0d825' -> (Import Result ID: '38b50febdb1cc8bf5ae1efdb56d76c50') in 0.003 seconds [static and dynamic dependencies]. Details - ImportResultOutputID=77c58d1b81bb65e9411cf88156b89285 DependenciesID=fbfcbc2cbefea3c5e4ce1d1e487c64f2 StaticDependenciesID=aa989b37a63dfef351f7b793b2a8218b 
Number of updated asset objects reloaded before import = 0
Number of asset objects unloaded after import = 0
========================================================================
Received Import Request.
  Time of request: 2026-09-18T17:31:50.7721314Z
  Time since last request: 0.0003576 seconds.
  importAddress: GUID: b697f6a938056384e968ccf6527dac83 - Path: Packages/com.unity.render-pipelines.universal/Runtime/Materials/RenderAs2D-Flattening.mat - Importer: ScriptedImporter/UnityEditor.QuickSearchModule:UnityEditor.Search:ASIAI0B
Importing 'GUID: b697f6a938056384e968ccf6527dac83 - Path: Packages/com.unity.render-pipelines.universal/Runtime/Materials/RenderAs2D-Flattening.mat - Importer: ScriptedImporter/UnityEditor.QuickSearchModule:UnityEditor.Search:ASIAI0B' with importer (ScriptedImporter : UnityEditor.QuickSearchModule:UnityEditor.Search:ASIAI0B)
Imported 'GUID: b697f6a938056384e968ccf6527dac83' -> (Import Result ID: 'ba0b2051c85254f96cfaac2145d2d7e3') in 0.005 seconds [static and dynamic dependencies]. Details - ImportResultOutputID=46aaaffc3177b241f1235ec1ad187704 DependenciesID=123f9b0c6bfbc0cd7001bbc085e2c815 StaticDependenciesID=a1ab77634d2118d830a923b027cec8e6 
Number of updated asset objects reloaded before import = 0
Number of asset objects unloaded after import = 2
========================================================================
Received Import Request.
  Time of request: 2026-09-18T17:31:50.7941735Z
  Time since last request: 0.0003079 seconds.
  importAddress: GUID: 154f2df7349f45fa897e03ab12ec09b4 - Path: Packages/com.unity.render-pipelines.universal/Runtime/FrameData/UniversalPostProcessingData.cs - Importer: ScriptedImporter/UnityEditor.QuickSearchModule:UnityEditor.Search:ASIAI0B
Importing 'GUID: 154f2df7349f45fa897e03ab12ec09b4 - Path: Packages/com.unity.render-pipelines.universal/Runtime/FrameData/UniversalPostProcessingData.cs - Importer: ScriptedImporter/UnityEditor.QuickSearchModule:UnityEditor.Search:ASIAI0B' with importer (ScriptedImporter : UnityEditor.QuickSearchModule:UnityEditor.Search:ASIAI0B)
Imported 'GUID: 154f2df7349f45fa897e03ab12ec09b4' -> (Import Result ID: 'a8aee5442ba6639202f1c401220622cb') in 0.002 seconds [static and dynamic dependencies]. Details - ImportResultOutputID=780670d4a3fb845f1f959e57eea48ed3 DependenciesID=72db8f12a64b62ae253f4dabb56b9803 StaticDependenciesID=e69f87c28cf30e42ca8e44b85df9ebf7 
Number of updated asset objects reloaded before import = 0
Number of asset objects unloaded after import = 0
========================================================================
Received Import Request.
  Time of request: 2026-09-18T17:31:50.81264Z
  Time since last request: 0.0003217 seconds.
  importAddress: GUID: 6f1482d9a0a18492f96f7cae7df31add - Path: Packages/com.unity.render-pipelines.universal/Runtime/Debug/DebugDisplaySettingsRendering.cs - Importer: ScriptedImporter/UnityEditor.QuickSearchModule:UnityEditor.Search:ASIAI0B
Importing 'GUID: 6f1482d9a0a18492f96f7cae7df31add - Path: Packages/com.unity.render-pipelines.universal/Runtime/Debug/DebugDisplaySettingsRendering.cs - Importer: ScriptedImporter/UnityEditor.QuickSearchModule:UnityEditor.Search:ASIAI0B' with importer (ScriptedImporter : UnityEditor.QuickSearchModule:UnityEditor.Search:ASIAI0B)
Imported 'GUID: 6f1482d9a0a18492f96f7cae7df31add' -> (Import Result ID: '6d115b682af63ed90ee16ee1b97172b0') in 0.003 seconds [static and dynamic dependencies]. Details - ImportResultOutputID=a404b77a4a038905e38e7d680c520e69 DependenciesID=a0fc6cb289d6e3ca707d20d017217f45 StaticDependenciesID=cc95bc314f441a855404f4f5fff5aaf5 
Number of updated asset objects reloaded before import = 0
Number of asset objects unloaded after import = 0
========================================================================
Received Import Request.
  Time of request: 2026-09-18T17:31:50.8347424Z
  Time since last request: 0.0005199 seconds.
  importAddress: GUID: 8a93286a65c615346b9518c4b6af2b1d - Path: Packages/com.unity.render-pipelines.universal/Runtime/Decal/DecalDrawErrorRenderPass.cs - Importer: ScriptedImporter/UnityEditor.QuickSearchModule:UnityEditor.Search:ASIAI0B
Importing 'GUID: 8a93286a65c615346b9518c4b6af2b1d - Path: Packages/com.unity.render-pipelines.universal/Runtime/Decal/DecalDrawErrorRenderPass.cs - Importer: ScriptedImporter/UnityEditor.QuickSearchModule:UnityEditor.Search:ASIAI0B' with importer (ScriptedImporter : UnityEditor.QuickSearchModule:UnityEditor.Search:ASIAI0B)
Imported 'GUID: 8a93286a65c615346b9518c4b6af2b1d' -> (Import Result ID: 'd764d810715900d30d916985213e95ea') in 0.003 seconds [static and dynamic dependencies]. Details - ImportResultOutputID=d25776998ac25cdd9b6a6281067bb457 DependenciesID=5d7e6cc97b52bf6fb854c0aaf41c5355 StaticDependenciesID=603ce5a100bc59e626cdc6590d38fc0d 
Number of updated asset objects reloaded before import = 0
Number of asset objects unloaded after import = 0
========================================================================
Received Import Request.
  Time of request: 2026-09-18T17:31:50.8558756Z
  Time since last request: 0.000366 seconds.
  importAddress: GUID: 18f50ab9cd0aa054b99d7d539cd829b5 - Path: Packages/com.unity.render-pipelines.universal/Runtime/Debug/UniversalRenderPipelineVolumeDebugSettings.cs - Importer: ScriptedImporter/UnityEditor.QuickSearchModule:UnityEditor.Search:ASIAI0B
Importing 'GUID: 18f50ab9cd0aa054b99d7d539cd829b5 - Path: Packages/com.unity.render-pipelines.universal/Runtime/Debug/UniversalRenderPipelineVolumeDebugSettings.cs - Importer: ScriptedImporter/UnityEditor.QuickSearchModule:UnityEditor.Search:ASIAI0B' with importer (ScriptedImporter : UnityEditor.QuickSearchModule:UnityEditor.Search:ASIAI0B)
Imported 'GUID: 18f50ab9cd0aa054b99d7d539cd829b5' -> (Import Result ID: 'bf8c90660f0cf9413571ee04593c5027') in 0.004 seconds [static and dynamic dependencies]. Details - ImportResultOutputID=fa4e5281f3d5b1926b226c9a40411e4a DependenciesID=09ad606c909ee8867ac39724831d8cc4 StaticDependenciesID=ef6bbb2c8af29a7ac6494d74f01b939d 
Number of updated asset objects reloaded before import = 0
Number of asset objects unloaded after import = 0
========================================================================
Received Import Request.
  Time of request: 2026-09-18T17:31:50.8778729Z
  Time since last request: 0.0008817 seconds.
  importAddress: GUID: 572910c10080c0945a0ef731ccedc739 - Path: Packages/com.unity.render-pipelines.universal/Runtime/Data/PostProcessData.cs - Importer: ScriptedImporter/UnityEditor.QuickSearchModule:UnityEditor.Search:ASIAI0B
Importing 'GUID: 572910c10080c0945a0ef731ccedc739 - Path: Packages/com.unity.render-pipelines.universal/Runtime/Data/PostProcessData.cs - Importer: ScriptedImporter/UnityEditor.QuickSearchModule:UnityEditor.Search:ASIAI0B' with importer (ScriptedImporter : UnityEditor.QuickSearchModule:UnityEditor.Search:ASIAI0B)
Imported 'GUID: 572910c10080c0945a0ef731ccedc739' -> (Import Result ID: '5912aa136dcb59c0af0c8e2b96daca04') in 0.005 seconds [static and dynamic dependencies]. Details - ImportResultOutputID=4fd8f6ae799473cf58846a8bf43b59d4 DependenciesID=9a776a7c84dafc32c39c605a474bf2c7 StaticDependenciesID=f23dd9041e5397fcc2874cf75eaff870 
Number of updated asset objects reloaded before import = 0
Number of asset objects unloaded after import = 0
========================================================================
Received Import Request.
  Time of request: 2026-09-18T17:31:50.8983714Z
  Time since last request: 0.0002796 seconds.
  importAddress: GUID: 691713c8a2b6fda46a6e558da3e63dd4 - Path: Packages/com.unity.render-pipelines.universal/Runtime/History/DepthHistory.cs - Importer: ScriptedImporter/UnityEditor.QuickSearchModule:UnityEditor.Search:ASIAI0B
Importing 'GUID: 691713c8a2b6fda46a6e558da3e63dd4 - Path: Packages/com.unity.render-pipelines.universal/Runtime/History/DepthHistory.cs - Importer: ScriptedImporter/UnityEditor.QuickSearchModule:UnityEditor.Search:ASIAI0B' with importer (ScriptedImporter : UnityEditor.QuickSearchModule:UnityEditor.Search:ASIAI0B)
Imported 'GUID: 691713c8a2b6fda46a6e558da3e63dd4' -> (Import Result ID: '5b4f29ef5142e44987e218c2473cc285') in 0.002 seconds [static and dynamic dependencies]. Details - ImportResultOutputID=92f470a1f08fe85575cfbe5ab942e3ac DependenciesID=683ea040b402703bd53d563e659d9779 StaticDependenciesID=ddb656444ac07054bb1a6cbaccae34e6 
Number of updated asset objects reloaded before import = 0
Number of asset objects unloaded after import = 0
========================================================================
Received Import Request.
  Time of request: 2026-09-18T17:31:50.916823Z
  Time since last request: 0.0003357 seconds.
  importAddress: GUID: f104ef5e898a82f4c9814ea70f7dfb2b - Path: Packages/com.unity.render-pipelines.universal/Runtime/Decal/DecalPreviewPass.cs - Importer: ScriptedImporter/UnityEditor.QuickSearchModule:UnityEditor.Search:ASIAI0B
Importing 'GUID: f104ef5e898a82f4c9814ea70f7dfb2b - Path: Packages/com.unity.render-pipelines.universal/Runtime/Decal/DecalPreviewPass.cs - Importer: ScriptedImporter/UnityEditor.QuickSearchModule:UnityEditor.Search:ASIAI0B' with importer (ScriptedImporter : UnityEditor.QuickSearchModule:UnityEditor.Search:ASIAI0B)
Imported 'GUID: f104ef5e898a82f4c9814ea70f7dfb2b' -> (Import Result ID: '88adee7d4e84a5a6102a69cc38584f58') in 0.002 seconds [static and dynamic dependencies]. Details - ImportResultOutputID=eff543467b009b7961bac3a72dca89be DependenciesID=2a05a8e164376f801ddd89096cebca55 StaticDependenciesID=c7dd27545a9c588921120367994caa69 
Number of updated asset objects reloaded before import = 0
Number of asset objects unloaded after import = 0
========================================================================
Received Import Request.
  Time of request: 2026-09-18T17:31:50.9350306Z
  Time since last request: 0.0003143 seconds.
  importAddress: GUID: 2792d18b8e6d4d141af28c77268cced7 - Path: Packages/com.unity.render-pipelines.universal/Runtime/Debug/UniversalRenderPipelineDebugDisplaySettings.cs - Importer: ScriptedImporter/UnityEditor.QuickSearchModule:UnityEditor.Search:ASIAI0B
Importing 'GUID: 2792d18b8e6d4d141af28c77268cced7 - Path: Packages/com.unity.render-pipelines.universal/Runtime/Debug/UniversalRenderPipelineDebugDisplaySettings.cs - Importer: ScriptedImporter/UnityEditor.QuickSearchModule:UnityEditor.Search:ASIAI0B' with importer (ScriptedImporter : UnityEditor.QuickSearchModule:UnityEditor.Search:ASIAI0B)
Imported 'GUID: 2792d18b8e6d4d141af28c77268cced7' -> (Import Result ID: '0c8c570e1c7e7b660634eadca2d70bbc') in 0.002 seconds [static and dynamic dependencies]. Details - ImportResultOutputID=1d84238371ea9d7f66795de39ecb6460 DependenciesID=ad339fd3f8eec3a80b08430724cf1f16 StaticDependenciesID=251be708a3bad42ca69fd3dbad33df0a 
Number of updated asset objects reloaded before import = 0
Number of asset objects unloaded after import = 0
========================================================================
Received Import Request.
  Time of request: 2026-09-18T17:31:50.9531909Z
  Time since last request: 0.0003366 seconds.
  importAddress: GUID: 4ae95b242bca4cbc9098ad3ca788d0cc - Path: Packages/com.unity.render-pipelines.universal/Runtime/FrameData/UniversalRenderingData.cs - Importer: ScriptedImporter/UnityEditor.QuickSearchModule:UnityEditor.Search:ASIAI0B
Importing 'GUID: 4ae95b242bca4cbc9098ad3ca788d0cc - Path: Packages/com.unity.render-pipelines.universal/Runtime/FrameData/UniversalRenderingData.cs - Importer: ScriptedImporter/UnityEditor.QuickSearchModule:UnityEditor.Search:ASIAI0B' with importer (ScriptedImporter : UnityEditor.QuickSearchModule:UnityEditor.Search:ASIAI0B)
Imported 'GUID: 4ae95b242bca4cbc9098ad3ca788d0cc' -> (Import Result ID: 'f494fecfa64405be017c3d45ce1bc236') in 0.003 seconds [static and dynamic dependencies]. Details - ImportResultOutputID=3204051b26f1107bbb46a901efe27fac DependenciesID=2c18ab36f93bd807eb92c14fd6008694 StaticDependenciesID=50daabdf6b3f560313345e4c0cd5d0b7 
Number of updated asset objects reloaded before import = 0
Number of asset objects unloaded after import = 0
========================================================================
Received Import Request.
  Time of request: 2026-09-18T17:31:50.9717586Z
  Time since last request: 0.0004884 seconds.
  importAddress: GUID: 9452ae1262a74094f8a68013fbcd1834 - Path: Packages/com.unity.render-pipelines.universal/Runtime/Materials/Mesh2D-Lit-Default.mat - Importer: ScriptedImporter/UnityEditor.QuickSearchModule:UnityEditor.Search:ASIAI0B
Importing 'GUID: 9452ae1262a74094f8a68013fbcd1834 - Path: Packages/com.unity.render-pipelines.universal/Runtime/Materials/Mesh2D-Lit-Default.mat - Importer: ScriptedImporter/UnityEditor.QuickSearchModule:UnityEditor.Search:ASIAI0B' with importer (ScriptedImporter : UnityEditor.QuickSearchModule:UnityEditor.Search:ASIAI0B)
Imported 'GUID: 9452ae1262a74094f8a68013fbcd1834' -> (Import Result ID: 'f2e2b0c3d56dbf091982118c401eefee') in 0.004 seconds [static and dynamic dependencies]. Details - ImportResultOutputID=7a01f64d7d50acd9cb3c03b15a681ea6 DependenciesID=835dce07dbe3db87ed2fc26d097b8084 StaticDependenciesID=ee726c5b76e05bcd34683e8cf58a50f9 
Number of updated asset objects reloaded before import = 0
Number of asset objects unloaded after import = 1
========================================================================
Received Import Request.
  Time of request: 2026-09-18T17:31:50.996155Z
  Time since last request: 0.0034486 seconds.
  importAddress: GUID: 9d020dac04a1b2b44a3a36eb8abe528f - Path: Packages/com.unity.render-pipelines.universal/Runtime/2D/CinemachineUniversalPixelPerfect.cs - Importer: ScriptedImporter/UnityEditor.QuickSearchModule:UnityEditor.Search:ASIAI0B
Importing 'GUID: 9d020dac04a1b2b44a3a36eb8abe528f - Path: Packages/com.unity.render-pipelines.universal/Runtime/2D/CinemachineUniversalPixelPerfect.cs - Importer: ScriptedImporter/UnityEditor.QuickSearchModule:UnityEditor.Search:ASIAI0B' with importer (ScriptedImporter : UnityEditor.QuickSearchModule:UnityEditor.Search:ASIAI0B)
Imported 'GUID: 9d020dac04a1b2b44a3a36eb8abe528f' -> (Import Result ID: '73c7911242134f844d97e29458a71496') in 0.003 seconds [static and dynamic dependencies]. Details - ImportResultOutputID=6e5ec8613aded375448ad232d1b4a745 DependenciesID=8ce3ab125963a79a732a3e7d2f0b195c StaticDependenciesID=349153d2aa4016316c65e41bbb108d15 
Number of updated asset objects reloaded before import = 0
Number of asset objects unloaded after import = 0
========================================================================
Received Import Request.
  Time of request: 2026-09-18T17:31:51.0157736Z
  Time since last request: 0.0003322 seconds.
  importAddress: GUID: 2c3de1a926cfe8f4697ce0ff97e18ef3 - Path: Packages/com.unity.render-pipelines.universal/Runtime/FrameData/Universal2DResourceData.cs - Importer: ScriptedImporter/UnityEditor.QuickSearchModule:UnityEditor.Search:ASIAI0B
Importing 'GUID: 2c3de1a926cfe8f4697ce0ff97e18ef3 - Path: Packages/com.unity.render-pipelines.universal/Runtime/FrameData/Universal2DResourceData.cs - Importer: ScriptedImporter/UnityEditor.QuickSearchModule:UnityEditor.Search:ASIAI0B' with importer (ScriptedImporter : UnityEditor.QuickSearchModule:UnityEditor.Search:ASIAI0B)
Imported 'GUID: 2c3de1a926cfe8f4697ce0ff97e18ef3' -> (Import Result ID: 'ecbd595a74b15c25125c41337fd1a1e3') in 0.003 seconds [static and dynamic dependencies]. Details - ImportResultOutputID=09d0d1522e54625825079097c8efd05d DependenciesID=cd0d823afc397320aa081750b40a1005 StaticDependenciesID=ea2aeb5a55a658d7ddbb74225d5426f6 
Number of updated asset objects reloaded before import = 0
Number of asset objects unloaded after import = 0
========================================================================
Received Import Request.
  Time of request: 2026-09-18T17:31:51.035822Z
  Time since last request: 0.0004471 seconds.
  importAddress: GUID: 3ee3e329a28361841bde3586c2b45586 - Path: Packages/com.unity.render-pipelines.universal/Runtime/Data/UniversalRenderPipelineAsset.DefaultResources.cs - Importer: ScriptedImporter/UnityEditor.QuickSearchModule:UnityEditor.Search:ASIAI0B
Importing 'GUID: 3ee3e329a28361841bde3586c2b45586 - Path: Packages/com.unity.render-pipelines.universal/Runtime/Data/UniversalRenderPipelineAsset.DefaultResources.cs - Importer: ScriptedImporter/UnityEditor.QuickSearchModule:UnityEditor.Search:ASIAI0B' with importer (ScriptedImporter : UnityEditor.QuickSearchModule:UnityEditor.Search:ASIAI0B)
Imported 'GUID: 3ee3e329a28361841bde3586c2b45586' -> (Import Result ID: '361acdc57b0f483173b14a8a55cb5de8') in 0.003 seconds [static and dynamic dependencies]. Details - ImportResultOutputID=5025c72579863366e507e80798d726bf DependenciesID=5bfdb5d4fd186ace1aa7bf7670937003 StaticDependenciesID=5096a34855684b28b60fe0e3a0e2a6b1 
Number of updated asset objects reloaded before import = 0
Number of asset objects unloaded after import = 0
========================================================================
Received Import Request.
  Time of request: 2026-09-18T17:31:51.056488Z
  Time since last request: 0.0003227 seconds.
  importAddress: GUID: a684da720c3a43aaa94d1c3e9de4321f - Path: Packages/com.unity.render-pipelines.universal/Runtime/Debug/DebugHandler.cs - Importer: ScriptedImporter/UnityEditor.QuickSearchModule:UnityEditor.Search:ASIAI0B
Importing 'GUID: a684da720c3a43aaa94d1c3e9de4321f - Path: Packages/com.unity.render-pipelines.universal/Runtime/Debug/DebugHandler.cs - Importer: ScriptedImporter/UnityEditor.QuickSearchModule:UnityEditor.Search:ASIAI0B' with importer (ScriptedImporter : UnityEditor.QuickSearchModule:UnityEditor.Search:ASIAI0B)
Imported 'GUID: a684da720c3a43aaa94d1c3e9de4321f' -> (Import Result ID: '5b96d54f1bdebc768b7c07fe6216c939') in 0.002 seconds [static and dynamic dependencies]. Details - ImportResultOutputID=9ff1bdd3f19adeae97ebb33dd3287b5f DependenciesID=68aadd1c7bd73a23dca4a3caecf91ee6 StaticDependenciesID=84366c4340b088e4e0c7a3d1118c9ab1 
Number of updated asset objects reloaded before import = 0
Number of asset objects unloaded after import = 0
========================================================================
Received Import Request.
  Time of request: 2026-09-18T17:31:51.0747691Z
  Time since last request: 0.0002762 seconds.
  importAddress: GUID: 03143e7f435146a583815fb58bdbd8a2 - Path: Packages/com.unity.render-pipelines.universal/Runtime/Debug/UniversalRenderPipelineVolumeDebugSettings.deprecated.cs - Importer: ScriptedImporter/UnityEditor.QuickSearchModule:UnityEditor.Search:ASIAI0B
Importing 'GUID: 03143e7f435146a583815fb58bdbd8a2 - Path: Packages/com.unity.render-pipelines.universal/Runtime/Debug/UniversalRenderPipelineVolumeDebugSettings.deprecated.cs - Importer: ScriptedImporter/UnityEditor.QuickSearchModule:UnityEditor.Search:ASIAI0B' with importer (ScriptedImporter : UnityEditor.QuickSearchModule:UnityEditor.Search:ASIAI0B)
Imported 'GUID: 03143e7f435146a583815fb58bdbd8a2' -> (Import Result ID: '44d86b155ded4db71a81eeaaeabfa048') in 0.003 seconds [static and dynamic dependencies]. Details - ImportResultOutputID=eb7dc799706231ad2f59679cf4060610 DependenciesID=60a38be9cc7f74bf99bdad3886785583 StaticDependenciesID=777a522dd0397fa942d0058680d99124 
Number of updated asset objects reloaded before import = 0
Number of asset objects unloaded after import = 0
========================================================================
Received Import Request.
  Time of request: 2026-09-18T17:31:51.0933095Z
  Time since last request: 0.0002898 seconds.
  importAddress: GUID: 50139ce6dfc5481409cd02c43fbc842f - Path: Packages/com.unity.render-pipelines.universal/Runtime/2D/AssemblyInfo.cs - Importer: ScriptedImporter/UnityEditor.QuickSearchModule:UnityEditor.Search:ASIAI0B
Importing 'GUID: 50139ce6dfc5481409cd02c43fbc842f - Path: Packages/com.unity.render-pipelines.universal/Runtime/2D/AssemblyInfo.cs - Importer: ScriptedImporter/UnityEditor.QuickSearchModule:UnityEditor.Search:ASIAI0B' with importer (ScriptedImporter : UnityEditor.QuickSearchModule:UnityEditor.Search:ASIAI0B)
Imported 'GUID: 50139ce6dfc5481409cd02c43fbc842f' -> (Import Result ID: '81d54335d70bceb29d400d0894b64daf') in 0.003 seconds [static and dynamic dependencies]. Details - ImportResultOutputID=3b69a7fe3aa889897e9e27eaa8b0eb77 DependenciesID=2893008ea4b35244781952e36f6f7304 StaticDependenciesID=76314fc5e97ae647593ae120b874821d 
Number of updated asset objects reloaded before import = 0
Number of asset objects unloaded after import = 0
========================================================================
Received Import Request.
  Time of request: 2026-09-18T17:31:51.1118973Z
  Time since last request: 0.0003028 seconds.
  importAddress: GUID: 31321ba15b8f8eb4c954353edc038b1d - Path: Packages/com.unity.render-pipelines.universal/Runtime/Materials/Lit.mat - Importer: ScriptedImporter/UnityEditor.QuickSearchModule:UnityEditor.Search:ASIAI0B
Importing 'GUID: 31321ba15b8f8eb4c954353edc038b1d - Path: Packages/com.unity.render-pipelines.universal/Runtime/Materials/Lit.mat - Importer: ScriptedImporter/UnityEditor.QuickSearchModule:UnityEditor.Search:ASIAI0B' with importer (ScriptedImporter : UnityEditor.QuickSearchModule:UnityEditor.Search:ASIAI0B)
Imported 'GUID: 31321ba15b8f8eb4c954353edc038b1d' -> (Import Result ID: 'dacca0a365608f8a2cb638598b1193ca') in 0.016 seconds [static and dynamic dependencies]. Details - ImportResultOutputID=dcfad2698e8ea2d994277102611e9d32 DependenciesID=f7c2d4688d0143100f066a196f5fdc05 StaticDependenciesID=af0478de3a81dff6ecfa0a746b8f2665 
Number of updated asset objects reloaded before import = 0
Number of asset objects unloaded after import = 2
========================================================================
Received Import Request.
  Time of request: 2026-09-18T17:31:51.1441102Z
  Time since last request: 0.0004282 seconds.
  importAddress: GUID: 0777d029ed3dffa4692f417d4aba19ca - Path: Packages/com.unity.render-pipelines.universal/Runtime/Decal/DecalProjector.cs - Importer: ScriptedImporter/UnityEditor.QuickSearchModule:UnityEditor.Search:ASIAI0B
Importing 'GUID: 0777d029ed3dffa4692f417d4aba19ca - Path: Packages/com.unity.render-pipelines.universal/Runtime/Decal/DecalProjector.cs - Importer: ScriptedImporter/UnityEditor.QuickSearchModule:UnityEditor.Search:ASIAI0B' with importer (ScriptedImporter : UnityEditor.QuickSearchModule:UnityEditor.Search:ASIAI0B)
Imported 'GUID: 0777d029ed3dffa4692f417d4aba19ca' -> (Import Result ID: '69730ecc98a7799c31e0bbebdc7e9f29') in 0.008 seconds [static and dynamic dependencies]. Details - ImportResultOutputID=c38506fa39d090c808ca6895460bdb95 DependenciesID=c6a67857c3d410067f2ffb1b01fbeeae StaticDependenciesID=e00941e649ed42ebffd2958df960cd72 
Number of updated asset objects reloaded before import = 0
Number of asset objects unloaded after import = 1
========================================================================
Received Import Request.
  Time of request: 2026-09-18T17:31:51.1699316Z
  Time since last request: 0.0002622 seconds.
  importAddress: GUID: 85f55bae7fe6496f98478ff084b619ce - Path: Packages/com.unity.render-pipelines.universal/Runtime/FrameData/UniversalShadowData.cs - Importer: ScriptedImporter/UnityEditor.QuickSearchModule:UnityEditor.Search:ASIAI0B
Importing 'GUID: 85f55bae7fe6496f98478ff084b619ce - Path: Packages/com.unity.render-pipelines.universal/Runtime/FrameData/UniversalShadowData.cs - Importer: ScriptedImporter/UnityEditor.QuickSearchModule:UnityEditor.Search:ASIAI0B' with importer (ScriptedImporter : UnityEditor.QuickSearchModule:UnityEditor.Search:ASIAI0B)
Imported 'GUID: 85f55bae7fe6496f98478ff084b619ce' -> (Import Result ID: '24abbfe0bb76479957febfc0385fa2e4') in 0.003 seconds [static and dynamic dependencies]. Details - ImportResultOutputID=c3828e61c26c1210c59f8717ea3c1f55 DependenciesID=783ad2b387c652e04519a0b685d8977e StaticDependenciesID=6ab2ae39fd25b5aa1093bec17be91ef3 
Number of updated asset objects reloaded before import = 0
Number of asset objects unloaded after import = 0
========================================================================
Received Import Request.
  Time of request: 2026-09-18T17:31:51.1891904Z
  Time since last request: 0.0003914 seconds.
  importAddress: GUID: f3b2d17925485ca479775f22b1fa74a4 - Path: Packages/com.unity.render-pipelines.universal/Runtime/FrameData/UniversalResourceBase.cs - Importer: ScriptedImporter/UnityEditor.QuickSearchModule:UnityEditor.Search:ASIAI0B
Importing 'GUID: f3b2d17925485ca479775f22b1fa74a4 - Path: Packages/com.unity.render-pipelines.universal/Runtime/FrameData/UniversalResourceBase.cs - Importer: ScriptedImporter/UnityEditor.QuickSearchModule:UnityEditor.Search:ASIAI0B' with importer (ScriptedImporter : UnityEditor.QuickSearchModule:UnityEditor.Search:ASIAI0B)
Imported 'GUID: f3b2d17925485ca479775f22b1fa74a4' -> (Import Result ID: 'bb564260439f34f91cf510e8fa637149') in 0.003 seconds [static and dynamic dependencies]. Details - ImportResultOutputID=8174cbd0ed0286d5eb677e8ae65ad8cd DependenciesID=54ca2ec771b9349ac5db3c4390e875a2 StaticDependenciesID=e505c417ddef1774acc0e2e227f88f63 
Number of updated asset objects reloaded before import = 0
Number of asset objects unloaded after import = 0
========================================================================
Received Import Request.
  Time of request: 2026-09-18T17:31:51.2069277Z
  Time since last request: 0.0002818 seconds.
  importAddress: GUID: 83a190b5cf963b042993eaddb87d0522 - Path: Packages/com.unity.render-pipelines.universal/Runtime/Data/UniversalRenderPipelineAsset.asset - Importer: ScriptedImporter/UnityEditor.QuickSearchModule:UnityEditor.Search:ASIAI0B
Importing 'GUID: 83a190b5cf963b042993eaddb87d0522 - Path: Packages/com.unity.render-pipelines.universal/Runtime/Data/UniversalRenderPipelineAsset.asset - Importer: ScriptedImporter/UnityEditor.QuickSearchModule:UnityEditor.Search:ASIAI0B' with importer (ScriptedImporter : UnityEditor.QuickSearchModule:UnityEditor.Search:ASIAI0B)
Imported 'GUID: 83a190b5cf963b042993eaddb87d0522' -> (Import Result ID: '4f3b1bafe1ba7642f291e5a2e3b68356') in 0.020 seconds [static and dynamic dependencies]. Details - ImportResultOutputID=9fc0792d94039f5aa17a2e32d97a39e1 DependenciesID=e7d2c3aa5f548ee1d9d4d018a6040b68 StaticDependenciesID=dd84dae668b5f85d7cc087274961a638 
Number of updated asset objects reloaded before import = 0
Number of asset objects unloaded after import = 2
========================================================================
Received Import Request.
  Time of request: 2026-09-18T17:31:51.2428204Z
  Time since last request: 0.0003284 seconds.
  importAddress: GUID: e120334449e144591bf8fd51debb4063 - Path: Packages/com.unity.render-pipelines.universal/Runtime/History/RawDepthHistory.cs - Importer: ScriptedImporter/UnityEditor.QuickSearchModule:UnityEditor.Search:ASIAI0B
Importing 'GUID: e120334449e144591bf8fd51debb4063 - Path: Packages/com.unity.render-pipelines.universal/Runtime/History/RawDepthHistory.cs - Importer: ScriptedImporter/UnityEditor.QuickSearchModule:UnityEditor.Search:ASIAI0B' with importer (ScriptedImporter : UnityEditor.QuickSearchModule:UnityEditor.Search:ASIAI0B)
Imported 'GUID: e120334449e144591bf8fd51debb4063' -> (Import Result ID: 'dda9e387eb344cdc378464ed3b82eb47') in 0.002 seconds [static and dynamic dependencies]. Details - ImportResultOutputID=d8b66beb4f273a73b73d4eb2431bbe76 DependenciesID=33cf46cd020222ffec499248be145330 StaticDependenciesID=5bc0ceb953dd7cf990bd341e088439ae 
Number of updated asset objects reloaded before import = 0
Number of asset objects unloaded after import = 0
========================================================================
Received Import Request.
  Time of request: 2026-09-18T17:31:51.2611607Z
  Time since last request: 0.0002603 seconds.
  importAddress: GUID: e3df3f6511ee9d84fb93259d602ff2e5 - Path: Packages/com.unity.render-pipelines.universal/Runtime/Debug/DebugDisplaySettingsLighting.cs - Importer: ScriptedImporter/UnityEditor.QuickSearchModule:UnityEditor.Search:ASIAI0B
Importing 'GUID: e3df3f6511ee9d84fb93259d602ff2e5 - Path: Packages/com.unity.render-pipelines.universal/Runtime/Debug/DebugDisplaySettingsLighting.cs - Importer: ScriptedImporter/UnityEditor.QuickSearchModule:UnityEditor.Search:ASIAI0B' with importer (ScriptedImporter : UnityEditor.QuickSearchModule:UnityEditor.Search:ASIAI0B)
Imported 'GUID: e3df3f6511ee9d84fb93259d602ff2e5' -> (Import Result ID: '77df61c93edc3d050632b8e02b9e59fa') in 0.003 seconds [static and dynamic dependencies]. Details - ImportResultOutputID=8162f00096e20bc91993e6df29969696 DependenciesID=e8fc88a7e064c68857866f7996223273 StaticDependenciesID=269a15ec50da73f40df5f39290e33f74 
Number of updated asset objects reloaded before import = 0
Number of asset objects unloaded after import = 0
========================================================================
Received Import Request.
  Time of request: 2026-09-18T17:31:51.2798349Z
  Time since last request: 0.000343 seconds.
  importAddress: GUID: 71942363c5608a64bb62421349d39c9c - Path: Packages/com.unity.render-pipelines.universal/Runtime/Materials/Mesh2D-Unlit-Default.mat - Importer: ScriptedImporter/UnityEditor.QuickSearchModule:UnityEditor.Search:ASIAI0B
Importing 'GUID: 71942363c5608a64bb62421349d39c9c - Path: Packages/com.unity.render-pipelines.universal/Runtime/Materials/Mesh2D-Unlit-Default.mat - Importer: ScriptedImporter/UnityEditor.QuickSearchModule:UnityEditor.Search:ASIAI0B' with importer (ScriptedImporter : UnityEditor.QuickSearchModule:UnityEditor.Search:ASIAI0B)
Imported 'GUID: 71942363c5608a64bb62421349d39c9c' -> (Import Result ID: '0180e4aae2a091d29211cd603dda438e') in 0.004 seconds [static and dynamic dependencies]. Details - ImportResultOutputID=93b6a1ced2a85820814ad4f5be72719f DependenciesID=2e7715169afc59b0a5ae7df3054d4d1b StaticDependenciesID=b07694ddfd23946122ff915672d66875 
Number of updated asset objects reloaded before import = 0
Number of asset objects unloaded after import = 2
========================================================================
Received Import Request.
  Time of request: 2026-09-18T17:31:51.2989733Z
  Time since last request: 0.0002098 seconds.
  importAddress: GUID: a97c105638bdf8b4a8650670310a4cd3 - Path: Packages/com.unity.render-pipelines.universal/Runtime/Materials/Sprite-Lit-Default.mat - Importer: ScriptedImporter/UnityEditor.QuickSearchModule:UnityEditor.Search:ASIAI0B
Importing 'GUID: a97c105638bdf8b4a8650670310a4cd3 - Path: Packages/com.unity.render-pipelines.universal/Runtime/Materials/Sprite-Lit-Default.mat - Importer: ScriptedImporter/UnityEditor.QuickSearchModule:UnityEditor.Search:ASIAI0B' with importer (ScriptedImporter : UnityEditor.QuickSearchModule:UnityEditor.Search:ASIAI0B)
Imported 'GUID: a97c105638bdf8b4a8650670310a4cd3' -> (Import Result ID: '5a56bce61b1fb1a6012dcf0dfe8e40b9') in 0.003 seconds [static and dynamic dependencies]. Details - ImportResultOutputID=bf841de9796235f94865218b791181f6 DependenciesID=86104a8ec63be327abf785b4387582fc StaticDependenciesID=0ef28a67f31ee41e960860d4dfa470a3 
Number of updated asset objects reloaded before import = 0
Number of asset objects unloaded after import = 1
========================================================================
Received Import Request.
  Time of request: 2026-09-18T17:31:51.3273942Z
  Time since last request: 0.0096218 seconds.
  importAddress: GUID: 65317dda628fae54d953accd02570d92 - Path: Packages/com.unity.render-pipelines.universal/Runtime/Passes/InvokeOnRenderObjectCallbackPass.cs - Importer: ScriptedImporter/UnityEditor.QuickSearchModule:UnityEditor.Search:ASIAI0B
Importing 'GUID: 65317dda628fae54d953accd02570d92 - Path: Packages/com.unity.render-pipelines.universal/Runtime/Passes/InvokeOnRenderObjectCallbackPass.cs - Importer: ScriptedImporter/UnityEditor.QuickSearchModule:UnityEditor.Search:ASIAI0B' with importer (ScriptedImporter : UnityEditor.QuickSearchModule:UnityEditor.Search:ASIAI0B)
Imported 'GUID: 65317dda628fae54d953accd02570d92' -> (Import Result ID: '553d9b5c3ecaceb04c667a73e6797b84') in 0.003 seconds [static and dynamic dependencies]. Details - ImportResultOutputID=648d3faf9e9760ea7a75882594affcd2 DependenciesID=a3e051d9b8e8ffea0fd382bda6293165 StaticDependenciesID=d675808316c2c651a4a4b5d74285ca43 
Number of updated asset objects reloaded before import = 0
Number of asset objects unloaded after import = 0
========================================================================
Received Import Request.
  Time of request: 2026-09-18T17:31:51.3460564Z
  Time since last request: 0.0003315 seconds.
  importAddress: GUID: ae3e4e9915f7b6347b65203987c4f8b0 - Path: Packages/com.unity.render-pipelines.universal/Runtime/Passes/DrawSkyboxPass.cs - Importer: ScriptedImporter/UnityEditor.QuickSearchModule:UnityEditor.Search:ASIAI0B
Importing 'GUID: ae3e4e9915f7b6347b65203987c4f8b0 - Path: Packages/com.unity.render-pipelines.universal/Runtime/Passes/DrawSkyboxPass.cs - Importer: ScriptedImporter/UnityEditor.QuickSearchModule:UnityEditor.Search:ASIAI0B' with importer (ScriptedImporter : UnityEditor.QuickSearchModule:UnityEditor.Search:ASIAI0B)
Imported 'GUID: ae3e4e9915f7b6347b65203987c4f8b0' -> (Import Result ID: 'afa7860abf5a5d9c0a1919adc4ae4119') in 0.003 seconds [static and dynamic dependencies]. Details - ImportResultOutputID=ac4a2f55108010c4f842ba1c6264dc9d DependenciesID=d80b64ab7dc051538c479bb071de56c5 StaticDependenciesID=5197089516bd7e31c8ca3228a4c99fee 
Number of updated asset objects reloaded before import = 0
Number of asset objects unloaded after import = 0
========================================================================
Received Import Request.
  Time of request: 2026-09-18T17:31:51.3644707Z
  Time since last request: 0.0003508 seconds.
  importAddress: GUID: b00045f12942b46c698459096c89274e - Path: Packages/com.unity.render-pipelines.universal/Runtime/RendererFeatures/FullScreenPassRendererFeature.cs - Importer: ScriptedImporter/UnityEditor.QuickSearchModule:UnityEditor.Search:ASIAI0B
Importing 'GUID: b00045f12942b46c698459096c89274e - Path: Packages/com.unity.render-pipelines.universal/Runtime/RendererFeatures/FullScreenPassRendererFeature.cs - Importer: ScriptedImporter/UnityEditor.QuickSearchModule:UnityEditor.Search:ASIAI0B' with importer (ScriptedImporter : UnityEditor.QuickSearchModule:UnityEditor.Search:ASIAI0B)
Imported 'GUID: b00045f12942b46c698459096c89274e' -> (Import Result ID: '4a2eeac4de542c6fcad030e6104ca0a3') in 0.003 seconds [static and dynamic dependencies]. Details - ImportResultOutputID=991fd185276d93186b9048ef7350ffda DependenciesID=d40e4f41fe06ba3b9b32c7fd428098fa StaticDependenciesID=2b66be6c2baf9ffb5e47001bc0a7c1dd 
Number of updated asset objects reloaded before import = 0
Number of asset objects unloaded after import = 0
========================================================================
Received Import Request.
  Time of request: 2026-09-18T17:31:51.384275Z
  Time since last request: 0.0004699 seconds.
  importAddress: GUID: 81180773991d8724ab7f2d216912b564 - Path: Packages/com.unity.render-pipelines.universal/Runtime/Overrides/ChromaticAberration.cs - Importer: ScriptedImporter/UnityEditor.QuickSearchModule:UnityEditor.Search:ASIAI0B
Importing 'GUID: 81180773991d8724ab7f2d216912b564 - Path: Packages/com.unity.render-pipelines.universal/Runtime/Overrides/ChromaticAberration.cs - Importer: ScriptedImporter/UnityEditor.QuickSearchModule:UnityEditor.Search:ASIAI0B' with importer (ScriptedImporter : UnityEditor.QuickSearchModule:UnityEditor.Search:ASIAI0B)
Imported 'GUID: 81180773991d8724ab7f2d216912b564' -> (Import Result ID: 'ad576fcd2a4418eaae3e0ba648979416') in 0.003 seconds [static and dynamic dependencies]. Details - ImportResultOutputID=24794d90ded96ba48545d98d89fddb68 DependenciesID=a587ef39c612730ae3b61ea4b6d59540 StaticDependenciesID=f1b219ca6a70503b843e9d81b0d4b337 
Number of updated asset objects reloaded before import = 0
Number of asset objects unloaded after import = 0
========================================================================
Received Import Request.
  Time of request: 2026-09-18T17:31:51.4041459Z
  Time since last request: 0.000263 seconds.
  importAddress: GUID: 24921b8147a072847b68efb524c025e3 - Path: Packages/com.unity.render-pipelines.universal/Runtime/RendererFeatures/OnTilePostProcessResource.cs - Importer: ScriptedImporter/UnityEditor.QuickSearchModule:UnityEditor.Search:ASIAI0B
Importing 'GUID: 24921b8147a072847b68efb524c025e3 - Path: Packages/com.unity.render-pipelines.universal/Runtime/RendererFeatures/OnTilePostProcessResource.cs - Importer: ScriptedImporter/UnityEditor.QuickSearchModule:UnityEditor.Search:ASIAI0B' with importer (ScriptedImporter : UnityEditor.QuickSearchModule:UnityEditor.Search:ASIAI0B)
Imported 'GUID: 24921b8147a072847b68efb524c025e3' -> (Import Result ID: '9e96462b1ed3caf8481153107cba9e50') in 0.002 seconds [static and dynamic dependencies]. Details - ImportResultOutputID=c66894687b99f60f873105a2089fa101 DependenciesID=5e9181bf0d6fba9423ef5669134abe03 StaticDependenciesID=bf58ec1dc83b705c4a8e8cbde49141ec 
Number of updated asset objects reloaded before import = 0
Number of asset objects unloaded after import = 0
========================================================================
Received Import Request.
  Time of request: 2026-09-18T17:31:51.4227772Z
  Time since last request: 0.0002896 seconds.
  importAddress: GUID: 14a56f221d48d58419103d8e8c070dd9 - Path: Packages/com.unity.render-pipelines.universal/Runtime/Passes/ProbeVolumeDebugPass.cs - Importer: ScriptedImporter/UnityEditor.QuickSearchModule:UnityEditor.Search:ASIAI0B
Importing 'GUID: 14a56f221d48d58419103d8e8c070dd9 - Path: Packages/com.unity.render-pipelines.universal/Runtime/Passes/ProbeVolumeDebugPass.cs - Importer: ScriptedImporter/UnityEditor.QuickSearchModule:UnityEditor.Search:ASIAI0B' with importer (ScriptedImporter : UnityEditor.QuickSearchModule:UnityEditor.Search:ASIAI0B)
Imported 'GUID: 14a56f221d48d58419103d8e8c070dd9' -> (Import Result ID: '268a3e265c5cf72dce189ae2dd859e36') in 0.003 seconds [static and dynamic dependencies]. Details - ImportResultOutputID=1b79f2b23d0129ac7db305fc0e2052d3 DependenciesID=c7afd0fdb950754836067f38d23808c4 StaticDependenciesID=e8334471b3544b5bb7709e0506d20b62 
Number of updated asset objects reloaded before import = 0
Number of asset objects unloaded after import = 0
========================================================================
Received Import Request.
  Time of request: 2026-09-18T17:31:51.4410722Z
  Time since last request: 0.0003067 seconds.
  importAddress: GUID: 221518ef91623a7438a71fef23660601 - Path: Packages/com.unity.render-pipelines.universal/Runtime/Overrides/WhiteBalance.cs - Importer: ScriptedImporter/UnityEditor.QuickSearchModule:UnityEditor.Search:ASIAI0B
Importing 'GUID: 221518ef91623a7438a71fef23660601 - Path: Packages/com.unity.render-pipelines.universal/Runtime/Overrides/WhiteBalance.cs - Importer: ScriptedImporter/UnityEditor.QuickSearchModule:UnityEditor.Search:ASIAI0B' with importer (ScriptedImporter : UnityEditor.QuickSearchModule:UnityEditor.Search:ASIAI0B)
Imported 'GUID: 221518ef91623a7438a71fef23660601' -> (Import Result ID: '76ec9f91202508e5af795f1b03d20f5b') in 0.003 seconds [static and dynamic dependencies]. Details - ImportResultOutputID=d31fa285e0e66a2ac006324219126ba6 DependenciesID=962709443644418ebd205156fbb7c3c4 StaticDependenciesID=c09464c1cb080af619980adb6095b54c 
Number of updated asset objects reloaded before import = 0
Number of asset objects unloaded after import = 0
========================================================================
Received Import Request.
  Time of request: 2026-09-18T17:31:51.4600147Z
  Time since last request: 0.0003839 seconds.
  importAddress: GUID: 143650d3fc00425ebbb8b7ac9e5c3f78 - Path: Packages/com.unity.render-pipelines.universal/Runtime/Memory/Fixed2.cs - Importer: ScriptedImporter/UnityEditor.QuickSearchModule:UnityEditor.Search:ASIAI0B
Importing 'GUID: 143650d3fc00425ebbb8b7ac9e5c3f78 - Path: Packages/com.unity.render-pipelines.universal/Runtime/Memory/Fixed2.cs - Importer: ScriptedImporter/UnityEditor.QuickSearchModule:UnityEditor.Search:ASIAI0B' with importer (ScriptedImporter : UnityEditor.QuickSearchModule:UnityEditor.Search:ASIAI0B)
Imported 'GUID: 143650d3fc00425ebbb8b7ac9e5c3f78' -> (Import Result ID: 'cf1aa2fdd7b2dd2db3dc83c2ea148f5f') in 0.005 seconds [static and dynamic dependencies]. Details - ImportResultOutputID=a82b00494851ee4fd680aed31c994b86 DependenciesID=9473045369cff3933d4ba239b7aaa5a9 StaticDependenciesID=19987ccc53d4aeeb758435b3a337759e 
Number of updated asset objects reloaded before import = 0
Number of asset objects unloaded after import = 0
========================================================================
Received Import Request.
  Time of request: 2026-09-18T17:31:51.480012Z
  Time since last request: 0.0003136 seconds.
  importAddress: GUID: d8a4da972c8e43bc911abe97acb0031c - Path: Packages/com.unity.render-pipelines.universal/Runtime/Memory/BuddyAllocator.cs - Importer: ScriptedImporter/UnityEditor.QuickSearchModule:UnityEditor.Search:ASIAI0B
Importing 'GUID: d8a4da972c8e43bc911abe97acb0031c - Path: Packages/com.unity.render-pipelines.universal/Runtime/Memory/BuddyAllocator.cs - Importer: ScriptedImporter/UnityEditor.QuickSearchModule:UnityEditor.Search:ASIAI0B' with importer (ScriptedImporter : UnityEditor.QuickSearchModule:UnityEditor.Search:ASIAI0B)
Imported 'GUID: d8a4da972c8e43bc911abe97acb0031c' -> (Import Result ID: 'fa1f55c0423444201d4ca9281fd6b386') in 0.003 seconds [static and dynamic dependencies]. Details - ImportResultOutputID=5e5c4ab21901af5b0c3eeb786683895f DependenciesID=d9268916439938dd91d53e03c08d9c79 StaticDependenciesID=788c60e8b90725a45f5f14a7a55e3f38 
Number of updated asset objects reloaded before import = 0
Number of asset objects unloaded after import = 0
========================================================================
Received Import Request.
  Time of request: 2026-09-18T17:31:51.499983Z
  Time since last request: 0.0003721 seconds.
  importAddress: GUID: 666fd5e17c3205e469d806ca3f160378 - Path: Packages/com.unity.render-pipelines.universal/Runtime/RendererFeatures/FullScreenPassRendererFeature.migration.cs - Importer: ScriptedImporter/UnityEditor.QuickSearchModule:UnityEditor.Search:ASIAI0B
Importing 'GUID: 666fd5e17c3205e469d806ca3f160378 - Path: Packages/com.unity.render-pipelines.universal/Runtime/RendererFeatures/FullScreenPassRendererFeature.migration.cs - Importer: ScriptedImporter/UnityEditor.QuickSearchModule:UnityEditor.Search:ASIAI0B' with importer (ScriptedImporter : UnityEditor.QuickSearchModule:UnityEditor.Search:ASIAI0B)
Imported 'GUID: 666fd5e17c3205e469d806ca3f160378' -> (Import Result ID: 'bdcd346069a569a23f2de4f0beca57ec') in 0.003 seconds [static and dynamic dependencies]. Details - ImportResultOutputID=a58601a94dcaa40ee0a441b8096aac1d DependenciesID=59fbf14da88414159c86206d852447b3 StaticDependenciesID=8edc9b3233ad307073f239fd6f0d4428 
Number of updated asset objects reloaded before import = 0
Number of asset objects unloaded after import = 0
========================================================================
Received Import Request.
  Time of request: 2026-09-18T17:31:51.5202158Z
  Time since last request: 0.0001936 seconds.
  importAddress: GUID: 899c54efeace73346a0a16faa3afe726 - Path: Packages/com.unity.render-pipelines.universal/Runtime/Overrides/Vignette.cs - Importer: ScriptedImporter/UnityEditor.QuickSearchModule:UnityEditor.Search:ASIAI0B
Importing 'GUID: 899c54efeace73346a0a16faa3afe726 - Path: Packages/com.unity.render-pipelines.universal/Runtime/Overrides/Vignette.cs - Importer: ScriptedImporter/UnityEditor.QuickSearchModule:UnityEditor.Search:ASIAI0B' with importer (ScriptedImporter : UnityEditor.QuickSearchModule:UnityEditor.Search:ASIAI0B)
Imported 'GUID: 899c54efeace73346a0a16faa3afe726' -> (Import Result ID: 'aff9a8fa3d120a4b1832296807a71a0b') in 0.002 seconds [static and dynamic dependencies]. Details - ImportResultOutputID=6938e3520e637089812f903d22d69b00 DependenciesID=9d7b0585b866ac29f8504a20b9170c90 StaticDependenciesID=d107119043faa0a99fa7261171cfbb98 
Number of updated asset objects reloaded before import = 0
Number of asset objects unloaded after import = 0
========================================================================
Received Import Request.
  Time of request: 2026-09-18T17:31:51.5374616Z
  Time since last request: 0.0002481 seconds.
  importAddress: GUID: 594ea882c5a793440b60ff72d896021e - Path: Packages/com.unity.render-pipelines.universal/Runtime/Materials/TerrainLit.mat - Importer: ScriptedImporter/UnityEditor.QuickSearchModule:UnityEditor.Search:ASIAI0B
Importing 'GUID: 594ea882c5a793440b60ff72d896021e - Path: Packages/com.unity.render-pipelines.universal/Runtime/Materials/TerrainLit.mat - Importer: ScriptedImporter/UnityEditor.QuickSearchModule:UnityEditor.Search:ASIAI0B' with importer (ScriptedImporter : UnityEditor.QuickSearchModule:UnityEditor.Search:ASIAI0B)
Imported 'GUID: 594ea882c5a793440b60ff72d896021e' -> (Import Result ID: 'fc089c42a34536388a120b3a553a3768') in 0.004 seconds [static and dynamic dependencies]. Details - ImportResultOutputID=5be15bc043e799ecb97396428f7fbf51 DependenciesID=28509b7b3ca655a1a55b0111c332625e StaticDependenciesID=c93623264a4a0f3e5b7440396e7f05b2 
Number of updated asset objects reloaded before import = 0
Number of asset objects unloaded after import = 1
========================================================================
Received Import Request.
  Time of request: 2026-09-18T17:31:51.5564281Z
  Time since last request: 0.0002181 seconds.
  importAddress: GUID: 4bcbfb254d9395f439b5d8a711e29acd - Path: Packages/com.unity.render-pipelines.universal/Runtime/Passes/HDRDebugViewPass.cs - Importer: ScriptedImporter/UnityEditor.QuickSearchModule:UnityEditor.Search:ASIAI0B
Importing 'GUID: 4bcbfb254d9395f439b5d8a711e29acd - Path: Packages/com.unity.render-pipelines.universal/Runtime/Passes/HDRDebugViewPass.cs - Importer: ScriptedImporter/UnityEditor.QuickSearchModule:UnityEditor.Search:ASIAI0B' with importer (ScriptedImporter : UnityEditor.QuickSearchModule:UnityEditor.Search:ASIAI0B)
Imported 'GUID: 4bcbfb254d9395f439b5d8a711e29acd' -> (Import Result ID: 'e76923e03245efbed709d1a0830d4f76') in 0.002 seconds [static and dynamic dependencies]. Details - ImportResultOutputID=4b5f730a04885e328282de9d8bb5c3e6 DependenciesID=ad1ff5836d0c899ef443f539bf81985a StaticDependenciesID=8cb3a0a4ab9c1f09bf6b3e5824dc55b0 
Number of updated asset objects reloaded before import = 0
Number of asset objects unloaded after import = 0
========================================================================
Received Import Request.
  Time of request: 2026-09-18T17:31:51.5744311Z
  Time since last request: 0.0002466 seconds.
  importAddress: GUID: 8e137341e98d40119699d4357b618a46 - Path: Packages/com.unity.render-pipelines.universal/Runtime/Memory/PinnedArray.cs - Importer: ScriptedImporter/UnityEditor.QuickSearchModule:UnityEditor.Search:ASIAI0B
Importing 'GUID: 8e137341e98d40119699d4357b618a46 - Path: Packages/com.unity.render-pipelines.universal/Runtime/Memory/PinnedArray.cs - Importer: ScriptedImporter/UnityEditor.QuickSearchModule:UnityEditor.Search:ASIAI0B' with importer (ScriptedImporter : UnityEditor.QuickSearchModule:UnityEditor.Search:ASIAI0B)
Imported 'GUID: 8e137341e98d40119699d4357b618a46' -> (Import Result ID: '27a41f5b7df095dbeaaa1a12467b0b22') in 0.002 seconds [static and dynamic dependencies]. Details - ImportResultOutputID=e37e0677e9f6aff01d8e65e8f86074d2 DependenciesID=c4c752b6c89fc0cf2e832ba37a22c43a StaticDependenciesID=d3c9d6f71365645cdb975b5db90c30a5 
Number of updated asset objects reloaded before import = 0
Number of asset objects unloaded after import = 0
========================================================================
Received Import Request.
  Time of request: 2026-09-18T17:31:51.5924157Z
  Time since last request: 0.000324 seconds.
  importAddress: GUID: 7dc44b545f155e041b63be63e81832e3 - Path: Packages/com.unity.render-pipelines.universal/Runtime/RendererFeatures/OnTilePostProcessPass.cs - Importer: ScriptedImporter/UnityEditor.QuickSearchModule:UnityEditor.Search:ASIAI0B
Importing 'GUID: 7dc44b545f155e041b63be63e81832e3 - Path: Packages/com.unity.render-pipelines.universal/Runtime/RendererFeatures/OnTilePostProcessPass.cs - Importer: ScriptedImporter/UnityEditor.QuickSearchModule:UnityEditor.Search:ASIAI0B' with importer (ScriptedImporter : UnityEditor.QuickSearchModule:UnityEditor.Search:ASIAI0B)
Imported 'GUID: 7dc44b545f155e041b63be63e81832e3' -> (Import Result ID: 'd616ec1dbbc36c144114dbffc15ccf0c') in 0.003 seconds [static and dynamic dependencies]. Details - ImportResultOutputID=439015801a1f5c114a705c3c67779a3a DependenciesID=21d9529bd48f6d32d0403e0743c86933 StaticDependenciesID=7307f9ee727888211c91959beea0c906 
Number of updated asset objects reloaded before import = 0
Number of asset objects unloaded after import = 0
========================================================================
Received Import Request.
  Time of request: 2026-09-18T17:31:51.610999Z
  Time since last request: 0.0002651 seconds.
  importAddress: GUID: c01700fd266d6914ababb731e09af2eb - Path: Packages/com.unity.render-pipelines.universal/Runtime/Overrides/DepthOfField.cs - Importer: ScriptedImporter/UnityEditor.QuickSearchModule:UnityEditor.Search:ASIAI0B
Importing 'GUID: c01700fd266d6914ababb731e09af2eb - Path: Packages/com.unity.render-pipelines.universal/Runtime/Overrides/DepthOfField.cs - Importer: ScriptedImporter/UnityEditor.QuickSearchModule:UnityEditor.Search:ASIAI0B' with importer (ScriptedImporter : UnityEditor.QuickSearchModule:UnityEditor.Search:ASIAI0B)
Imported 'GUID: c01700fd266d6914ababb731e09af2eb' -> (Import Result ID: 'c9ad4bad1d81768a9d2d645073c90b29') in 0.003 seconds [static and dynamic dependencies]. Details - ImportResultOutputID=0404c167fe7b9fdc4aa4767c97ae4999 DependenciesID=44eff8343615602640d322f3d6083277 StaticDependenciesID=af8d7928842eb06614e522a9dc2f0b2f 
Number of updated asset objects reloaded before import = 0
Number of asset objects unloaded after import = 0
========================================================================
Received Import Request.
  Time of request: 2026-09-18T17:31:51.628811Z
  Time since last request: 0.0001636 seconds.
  importAddress: GUID: b66efce03c1804a4fbef78cccf176e4d - Path: Packages/com.unity.render-pipelines.universal/Runtime/Passes/FinalBlitPass.cs - Importer: ScriptedImporter/UnityEditor.QuickSearchModule:UnityEditor.Search:ASIAI0B
Importing 'GUID: b66efce03c1804a4fbef78cccf176e4d - Path: Packages/com.unity.render-pipelines.universal/Runtime/Passes/FinalBlitPass.cs - Importer: ScriptedImporter/UnityEditor.QuickSearchModule:UnityEditor.Search:ASIAI0B' with importer (ScriptedImporter : UnityEditor.QuickSearchModule:UnityEditor.Search:ASIAI0B)
Imported 'GUID: b66efce03c1804a4fbef78cccf176e4d' -> (Import Result ID: 'd1313498f659dba7fc81ebdfab0afae2') in 0.002 seconds [static and dynamic dependencies]. Details - ImportResultOutputID=c2a73663e790e14c9e99d9998b69fc9f DependenciesID=220cad05f1ad0d30c573f92dd031b9e6 StaticDependenciesID=e88f9a8d0cb25db4b2497c4fd9c6b2e3 
Number of updated asset objects reloaded before import = 0
Number of asset objects unloaded after import = 0
========================================================================
Received Import Request.
  Time of request: 2026-09-18T17:31:51.6472838Z
  Time since last request: 0.0002619 seconds.
  importAddress: GUID: a1614fc811f8f184697d9bee70ab9fe5 - Path: Packages/com.unity.render-pipelines.universal/Runtime/RendererFeatures/DecalRendererFeature.cs - Importer: ScriptedImporter/UnityEditor.QuickSearchModule:UnityEditor.Search:ASIAI0B
Importing 'GUID: a1614fc811f8f184697d9bee70ab9fe5 - Path: Packages/com.unity.render-pipelines.universal/Runtime/RendererFeatures/DecalRendererFeature.cs - Importer: ScriptedImporter/UnityEditor.QuickSearchModule:UnityEditor.Search:ASIAI0B' with importer (ScriptedImporter : UnityEditor.QuickSearchModule:UnityEditor.Search:ASIAI0B)
Imported 'GUID: a1614fc811f8f184697d9bee70ab9fe5' -> (Import Result ID: '5e3b09ae53269eeabd8a53ff3e70f618') in 0.009 seconds [static and dynamic dependencies]. Details - ImportResultOutputID=87728cfcff5cbd51460cebf1871da791 DependenciesID=9678f853e7bab3b2355e13ae77c87abc StaticDependenciesID=48a8aec2ab37b9a0ca1112b1de218c1a 
Number of updated asset objects reloaded before import = 0
Number of asset objects unloaded after import = 1
========================================================================
Received Import Request.
  Time of request: 2026-09-18T17:31:51.6713567Z
  Time since last request: 0.0002118 seconds.
  importAddress: GUID: e2fb6109d22997344ab15423c6b63b45 - Path: Packages/com.unity.render-pipelines.universal/Runtime/RendererFeatures/OnTilePostProcessFeature.cs - Importer: ScriptedImporter/UnityEditor.QuickSearchModule:UnityEditor.Search:ASIAI0B
Importing 'GUID: e2fb6109d22997344ab15423c6b63b45 - Path: Packages/com.unity.render-pipelines.universal/Runtime/RendererFeatures/OnTilePostProcessFeature.cs - Importer: ScriptedImporter/UnityEditor.QuickSearchModule:UnityEditor.Search:ASIAI0B' with importer (ScriptedImporter : UnityEditor.QuickSearchModule:UnityEditor.Search:ASIAI0B)
Imported 'GUID: e2fb6109d22997344ab15423c6b63b45' -> (Import Result ID: '56697aede9b22341e9829b1cdb096d47') in 0.003 seconds [static and dynamic dependencies]. Details - ImportResultOutputID=47f3aa0bb9f3b30c06e671cc8c258815 DependenciesID=4726db6528b49271231e729b58cad988 StaticDependenciesID=9bb08f823c746ada3769ececc746e1a0 
Number of updated asset objects reloaded before import = 0
Number of asset objects unloaded after import = 0
========================================================================
Received Import Request.
  Time of request: 2026-09-18T17:31:51.6900235Z
  Time since last request: 0.0002613 seconds.
  importAddress: GUID: ac1e685d8f7565142b879339cd471764 - Path: Packages/com.unity.render-pipelines.universal/Runtime/Overrides/SurfaceCacheGIVolumeOverride.cs - Importer: ScriptedImporter/UnityEditor.QuickSearchModule:UnityEditor.Search:ASIAI0B
Importing 'GUID: ac1e685d8f7565142b879339cd471764 - Path: Packages/com.unity.render-pipelines.universal/Runtime/Overrides/SurfaceCacheGIVolumeOverride.cs - Importer: ScriptedImporter/UnityEditor.QuickSearchModule:UnityEditor.Search:ASIAI0B' with importer (ScriptedImporter : UnityEditor.QuickSearchModule:UnityEditor.Search:ASIAI0B)
Imported 'GUID: ac1e685d8f7565142b879339cd471764' -> (Import Result ID: 'dbff0bb350d9f7bd50e14cc5531baae6') in 0.003 seconds [static and dynamic dependencies]. Details - ImportResultOutputID=563ca7d642f64d61bc69fbd185f70adf DependenciesID=185952ffa69caac176ab95f3d3ded803 StaticDependenciesID=9ddc1ee0a9741cbd1bc26dbbc57f4bde 
Number of updated asset objects reloaded before import = 0
Number of asset objects unloaded after import = 0
========================================================================
Received Import Request.
  Time of request: 2026-09-18T17:31:51.7087024Z
  Time since last request: 0.000289 seconds.
  importAddress: GUID: 29fa0085f50d5e54f8144f766051a691 - Path: Packages/com.unity.render-pipelines.universal/Runtime/Overrides/FilmGrain.cs - Importer: ScriptedImporter/UnityEditor.QuickSearchModule:UnityEditor.Search:ASIAI0B
Importing 'GUID: 29fa0085f50d5e54f8144f766051a691 - Path: Packages/com.unity.render-pipelines.universal/Runtime/Overrides/FilmGrain.cs - Importer: ScriptedImporter/UnityEditor.QuickSearchModule:UnityEditor.Search:ASIAI0B' with importer (ScriptedImporter : UnityEditor.QuickSearchModule:UnityEditor.Search:ASIAI0B)
Imported 'GUID: 29fa0085f50d5e54f8144f766051a691' -> (Import Result ID: '055fb3d41435cfd6f05766709d5c531d') in 0.003 seconds [static and dynamic dependencies]. Details - ImportResultOutputID=66303ac8ef1c11d977f587fc783b73e2 DependenciesID=bd533f0005fab10f9fdd0317ec0b3260 StaticDependenciesID=db01c13977f4b07d6990409ea00b2190 
Number of updated asset objects reloaded before import = 0
Number of asset objects unloaded after import = 0
========================================================================
Received Import Request.
  Time of request: 2026-09-18T17:31:51.7274202Z
  Time since last request: 0.0002539 seconds.
  importAddress: GUID: 4ab9de92acc9d124bbc8f9b8e240d9c4 - Path: Packages/com.unity.render-pipelines.universal/Runtime/Passes/ColorGradingLutPass.cs - Importer: ScriptedImporter/UnityEditor.QuickSearchModule:UnityEditor.Search:ASIAI0B
Importing 'GUID: 4ab9de92acc9d124bbc8f9b8e240d9c4 - Path: Packages/com.unity.render-pipelines.universal/Runtime/Passes/ColorGradingLutPass.cs - Importer: ScriptedImporter/UnityEditor.QuickSearchModule:UnityEditor.Search:ASIAI0B' with importer (ScriptedImporter : UnityEditor.QuickSearchModule:UnityEditor.Search:ASIAI0B)
Imported 'GUID: 4ab9de92acc9d124bbc8f9b8e240d9c4' -> (Import Result ID: 'e9f9feef631a35e93b67024c64fdfa03') in 0.002 seconds [static and dynamic dependencies]. Details - ImportResultOutputID=d96931dc9d95410ed9634fd6ba5e90a8 DependenciesID=2de7c202a22f0acd95023adaba4658cc StaticDependenciesID=207e3afd0fe6fb99ed8593afadbd0aa2 
Number of updated asset objects reloaded before import = 0
Number of asset objects unloaded after import = 0
========================================================================
Received Import Request.
  Time of request: 2026-09-18T17:31:51.7453965Z
  Time since last request: 0.0002544 seconds.
  importAddress: GUID: e021b4c809a781e468c2988c016ebbea - Path: Packages/com.unity.render-pipelines.universal/Runtime/Overrides/ColorLookup.cs - Importer: ScriptedImporter/UnityEditor.QuickSearchModule:UnityEditor.Search:ASIAI0B
Importing 'GUID: e021b4c809a781e468c2988c016ebbea - Path: Packages/com.unity.render-pipelines.universal/Runtime/Overrides/ColorLookup.cs - Importer: ScriptedImporter/UnityEditor.QuickSearchModule:UnityEditor.Search:ASIAI0B' with importer (ScriptedImporter : UnityEditor.QuickSearchModule:UnityEditor.Search:ASIAI0B)
Imported 'GUID: e021b4c809a781e468c2988c016ebbea' -> (Import Result ID: '896edc7827f55c67a189fef39b3acba8') in 0.002 seconds [static and dynamic dependencies]. Details - ImportResultOutputID=04da4308902a3f5c312b202f50433f85 DependenciesID=931406bf5788c86d4f3e9ed98b10f543 StaticDependenciesID=d5df423de4419ddd85dd995574e9b82b 
Number of updated asset objects reloaded before import = 0
Number of asset objects unloaded after import = 0
========================================================================
Received Import Request.
  Time of request: 2026-09-18T17:31:51.7631143Z
  Time since last request: 0.000263 seconds.
  importAddress: GUID: 096294dfb309e47929b561541e4b087e - Path: Packages/com.unity.render-pipelines.universal/Runtime/Passes/MotionVectorRenderPass.cs - Importer: ScriptedImporter/UnityEditor.QuickSearchModule:UnityEditor.Search:ASIAI0B
Importing 'GUID: 096294dfb309e47929b561541e4b087e - Path: Packages/com.unity.render-pipelines.universal/Runtime/Passes/MotionVectorRenderPass.cs - Importer: ScriptedImporter/UnityEditor.QuickSearchModule:UnityEditor.Search:ASIAI0B' with importer (ScriptedImporter : UnityEditor.QuickSearchModule:UnityEditor.Search:ASIAI0B)
Imported 'GUID: 096294dfb309e47929b561541e4b087e' -> (Import Result ID: '4af8cd731b795925b4a235239e160b6c') in 0.002 seconds [static and dynamic dependencies]. Details - ImportResultOutputID=19c731b026a94e90b4841c612b75bb80 DependenciesID=13415f30341453c0e7d9a7bb8a290446 StaticDependenciesID=3b0430d004f97d12097336a38af3f120 
Number of updated asset objects reloaded before import = 0
Number of asset objects unloaded after import = 0
========================================================================
Received Import Request.
  Time of request: 2026-09-18T17:31:51.7998812Z
  Time since last request: 0.019596 seconds.
  importAddress: GUID: 2f5d344954b35bc4faad3771ebd6ccd8 - Path: Packages/com.unity.render-pipelines.universal/Runtime/Settings/URPTerrainShaderSetting.cs - Importer: ScriptedImporter/UnityEditor.QuickSearchModule:UnityEditor.Search:ASIAI0B
Importing 'GUID: 2f5d344954b35bc4faad3771ebd6ccd8 - Path: Packages/com.unity.render-pipelines.universal/Runtime/Settings/URPTerrainShaderSetting.cs - Importer: ScriptedImporter/UnityEditor.QuickSearchModule:UnityEditor.Search:ASIAI0B' with importer (ScriptedImporter : UnityEditor.QuickSearchModule:UnityEditor.Search:ASIAI0B)
Imported 'GUID: 2f5d344954b35bc4faad3771ebd6ccd8' -> (Import Result ID: '736374483a9a2e5ce403fcc8adbc85f5') in 0.002 seconds [static and dynamic dependencies]. Details - ImportResultOutputID=8e5a2df1f944f0f5eda26875e2a77151 DependenciesID=702564240c3b6df2ead7b8f1095a56c2 StaticDependenciesID=5366a4c6d714955bb230c43347d96a25 
Number of updated asset objects reloaded before import = 0
Number of asset objects unloaded after import = 0
========================================================================
Received Import Request.
  Time of request: 2026-09-18T17:31:51.8179222Z
  Time since last request: 0.000365 seconds.
  importAddress: GUID: 1fca9967fa314c488bdb2e103730b278 - Path: Packages/com.unity.render-pipelines.universal/Runtime/Tiling/ReflectionProbeMinMaxZJob.cs - Importer: ScriptedImporter/UnityEditor.QuickSearchModule:UnityEditor.Search:ASIAI0B
Importing 'GUID: 1fca9967fa314c488bdb2e103730b278 - Path: Packages/com.unity.render-pipelines.universal/Runtime/Tiling/ReflectionProbeMinMaxZJob.cs - Importer: ScriptedImporter/UnityEditor.QuickSearchModule:UnityEditor.Search:ASIAI0B' with importer (ScriptedImporter : UnityEditor.QuickSearchModule:UnityEditor.Search:ASIAI0B)
Imported 'GUID: 1fca9967fa314c488bdb2e103730b278' -> (Import Result ID: '93fbb0243bf7dd3172ca3ec97f713ad7') in 0.003 seconds [static and dynamic dependencies]. Details - ImportResultOutputID=9cf330adedcf1282b3a36c049f1dca5b DependenciesID=c6ca6d08292b2d622e6c10711470971c StaticDependenciesID=2909b7a7cb178bff104b520f32a0c002 
Number of updated asset objects reloaded before import = 0
Number of asset objects unloaded after import = 0
========================================================================
Received Import Request.
  Time of request: 2026-09-18T17:31:51.8360963Z
  Time since last request: 0.0003037 seconds.
  importAddress: GUID: 44fc62292b65ab04eabcf310e799ccf6 - Path: Packages/com.unity.render-pipelines.universal/Shaders/2D/Shadow2D-Shadow-Sprite.shader - Importer: ScriptedImporter/UnityEditor.QuickSearchModule:UnityEditor.Search:ASIAI0B
Importing 'GUID: 44fc62292b65ab04eabcf310e799ccf6 - Path: Packages/com.unity.render-pipelines.universal/Shaders/2D/Shadow2D-Shadow-Sprite.shader - Importer: ScriptedImporter/UnityEditor.QuickSearchModule:UnityEditor.Search:ASIAI0B' with importer (ScriptedImporter : UnityEditor.QuickSearchModule:UnityEditor.Search:ASIAI0B)
Imported 'GUID: 44fc62292b65ab04eabcf310e799ccf6' -> (Import Result ID: '4e8c526cc868ab08dc145dd6133b0f59') in 0.003 seconds [static and dynamic dependencies]. Details - ImportResultOutputID=afbaa2ed772832ced224c8a082c6b982 DependenciesID=9029b17c5292f2859cab16e65823e4c2 StaticDependenciesID=8ca14e1be4e32d88c0d6e849ba32252b 
Number of updated asset objects reloaded before import = 0
Number of asset objects unloaded after import = 1
========================================================================
Received Import Request.
  Time of request: 2026-09-18T17:31:51.8550535Z
  Time since last request: 0.0003262 seconds.
  importAddress: GUID: ce09d4a80b88c5a4eb9768fab4f1ee00 - Path: Packages/com.unity.render-pipelines.universal/Shaders/2D/Shadow2D-Projected.shader - Importer: ScriptedImporter/UnityEditor.QuickSearchModule:UnityEditor.Search:ASIAI0B
Importing 'GUID: ce09d4a80b88c5a4eb9768fab4f1ee00 - Path: Packages/com.unity.render-pipelines.universal/Shaders/2D/Shadow2D-Projected.shader - Importer: ScriptedImporter/UnityEditor.QuickSearchModule:UnityEditor.Search:ASIAI0B' with importer (ScriptedImporter : UnityEditor.QuickSearchModule:UnityEditor.Search:ASIAI0B)
Imported 'GUID: ce09d4a80b88c5a4eb9768fab4f1ee00' -> (Import Result ID: '913e75bc8199d4e63853f4037c59e454') in 0.003 seconds [static and dynamic dependencies]. Details - ImportResultOutputID=9643da8710306d23e09c88804344864b DependenciesID=1317d3661781845a09b722e94bce03bf StaticDependenciesID=aee69348b8f1b271e61049497a9e7620 
Number of updated asset objects reloaded before import = 0
Number of asset objects unloaded after import = 1
========================================================================
Received Import Request.
  Time of request: 2026-09-18T17:31:51.8737183Z
  Time since last request: 0.0002269 seconds.
  importAddress: GUID: 53626a513ea68ce47b59dc1299fe3959 - Path: Packages/com.unity.render-pipelines.universal/Shaders/Debug/ProbeVolumeSamplingDebugPositionNormal.compute - Importer: ScriptedImporter/UnityEditor.QuickSearchModule:UnityEditor.Search:ASIAI0B
Importing 'GUID: 53626a513ea68ce47b59dc1299fe3959 - Path: Packages/com.unity.render-pipelines.universal/Shaders/Debug/ProbeVolumeSamplingDebugPositionNormal.compute - Importer: ScriptedImporter/UnityEditor.QuickSearchModule:UnityEditor.Search:ASIAI0B' with importer (ScriptedImporter : UnityEditor.QuickSearchModule:UnityEditor.Search:ASIAI0B)
Imported 'GUID: 53626a513ea68ce47b59dc1299fe3959' -> (Import Result ID: '613b3e3502200d1a2ab9e038bda8bd6c') in 0.003 seconds [static and dynamic dependencies]. Details - ImportResultOutputID=4d74b161ae90bbb7dcdfc5d15642e21f DependenciesID=b2f91bfcb2cea6ee3997466ccfe0b29e StaticDependenciesID=157616ad57eef670f9ba83be2b6038fc 
Number of updated asset objects reloaded before import = 0
Number of asset objects unloaded after import = 1
========================================================================
Received Import Request.
  Time of request: 2026-09-18T17:31:51.891913Z
  Time since last request: 0.0002142 seconds.
  importAddress: GUID: 958d2de92110a4540b290e308f8b5ac1 - Path: Packages/com.unity.render-pipelines.universal/Runtime/RenderPipelineResources/UniversalRenderPipelineRuntimeTerrainShaders.cs - Importer: ScriptedImporter/UnityEditor.QuickSearchModule:UnityEditor.Search:ASIAI0B
Importing 'GUID: 958d2de92110a4540b290e308f8b5ac1 - Path: Packages/com.unity.render-pipelines.universal/Runtime/RenderPipelineResources/UniversalRenderPipelineRuntimeTerrainShaders.cs - Importer: ScriptedImporter/UnityEditor.QuickSearchModule:UnityEditor.Search:ASIAI0B' with importer (ScriptedImporter : UnityEditor.QuickSearchModule:UnityEditor.Search:ASIAI0B)
Imported 'GUID: 958d2de92110a4540b290e308f8b5ac1' -> (Import Result ID: '12064a052370421fde9159d926e302bb') in 0.003 seconds [static and dynamic dependencies]. Details - ImportResultOutputID=13e4d2ef2b3502882624413adbb2acff DependenciesID=b36383440553f87f0ddf7c870a49591d StaticDependenciesID=7283a345c3cabe971f23b98115cd2922 
Number of updated asset objects reloaded before import = 0
Number of asset objects unloaded after import = 0
========================================================================
Received Import Request.
  Time of request: 2026-09-18T17:31:51.909417Z
  Time since last request: 0.0001222 seconds.
  importAddress: GUID: 05024705110544e890cb779ea096d1c3 - Path: Packages/com.unity.render-pipelines.universal/Runtime/RenderPipelineResources/UniversalRenderPipelineFilmGrainResources.cs - Importer: ScriptedImporter/UnityEditor.QuickSearchModule:UnityEditor.Search:ASIAI0B
Importing 'GUID: 05024705110544e890cb779ea096d1c3 - Path: Packages/com.unity.render-pipelines.universal/Runtime/RenderPipelineResources/UniversalRenderPipelineFilmGrainResources.cs - Importer: ScriptedImporter/UnityEditor.QuickSearchModule:UnityEditor.Search:ASIAI0B' with importer (ScriptedImporter : UnityEditor.QuickSearchModule:UnityEditor.Search:ASIAI0B)
Imported 'GUID: 05024705110544e890cb779ea096d1c3' -> (Import Result ID: 'b134eccebe524f1ef56c4cc29cc59304') in 0.003 seconds [static and dynamic dependencies]. Details - ImportResultOutputID=fa896b65449a6663b25a8ab5ac00325d DependenciesID=95e147d2356bf5ca757400fcf3b7154e StaticDependenciesID=d14672a2eef8c9bad286b2a6514a03b4 
Number of updated asset objects reloaded before import = 0
Number of asset objects unloaded after import = 0
========================================================================
Received Import Request.
  Time of request: 2026-09-18T17:31:51.9274224Z
  Time since last request: 0.0003265 seconds.
  importAddress: GUID: 0cf625ee415e13145960c2d843523d39 - Path: Packages/com.unity.render-pipelines.universal/Runtime/Settings/RenderGraphSettings.cs - Importer: ScriptedImporter/UnityEditor.QuickSearchModule:UnityEditor.Search:ASIAI0B
Importing 'GUID: 0cf625ee415e13145960c2d843523d39 - Path: Packages/com.unity.render-pipelines.universal/Runtime/Settings/RenderGraphSettings.cs - Importer: ScriptedImporter/UnityEditor.QuickSearchModule:UnityEditor.Search:ASIAI0B' with importer (ScriptedImporter : UnityEditor.QuickSearchModule:UnityEditor.Search:ASIAI0B)
Imported 'GUID: 0cf625ee415e13145960c2d843523d39' -> (Import Result ID: '00dd8f39c3c95972e8e09b0934b972e4') in 0.003 seconds [static and dynamic dependencies]. Details - ImportResultOutputID=e345529e4a21234c1a60f770d1e11985 DependenciesID=d07237fdf50f8b249da10b98d393f309 StaticDependenciesID=6bf92df86e59ec3b5a3e5d08f3f8b611 
Number of updated asset objects reloaded before import = 0
Number of asset objects unloaded after import = 0
========================================================================
Received Import Request.
  Time of request: 2026-09-18T17:31:51.945849Z
  Time since last request: 0.0003586 seconds.
  importAddress: GUID: 55e6929e00a20d64eadff49d59e097db - Path: Packages/com.unity.render-pipelines.universal/Shaders/Nature/SpeedTree7CommonInput.hlsl - Importer: ScriptedImporter/UnityEditor.QuickSearchModule:UnityEditor.Search:ASIAI0B
Importing 'GUID: 55e6929e00a20d64eadff49d59e097db - Path: Packages/com.unity.render-pipelines.universal/Shaders/Nature/SpeedTree7CommonInput.hlsl - Importer: ScriptedImporter/UnityEditor.QuickSearchModule:UnityEditor.Search:ASIAI0B' with importer (ScriptedImporter : UnityEditor.QuickSearchModule:UnityEditor.Search:ASIAI0B)
Imported 'GUID: 55e6929e00a20d64eadff49d59e097db' -> (Import Result ID: 'ef420418e1e777e7da3d75db6aff1f09') in 0.002 seconds [static and dynamic dependencies]. Details - ImportResultOutputID=1c8340a672e78fcd58d8d23616ef7aee DependenciesID=ef100f6dc61506eb041fdeba71ece190 StaticDependenciesID=0591ba1bca80c8440bf62bdbee2ab6df 
Number of updated asset objects reloaded before import = 0
Number of asset objects unloaded after import = 1
========================================================================
Received Import Request.
  Time of request: 2026-09-18T17:31:51.9639329Z
  Time since last request: 0.0002129 seconds.
  importAddress: GUID: cf852408f2e174538bcd9b7fda1c5ae7 - Path: Packages/com.unity.render-pipelines.universal/Shaders/Debug/DebugReplacement.shader - Importer: ScriptedImporter/UnityEditor.QuickSearchModule:UnityEditor.Search:ASIAI0B
Importing 'GUID: cf852408f2e174538bcd9b7fda1c5ae7 - Path: Packages/com.unity.render-pipelines.universal/Shaders/Debug/DebugReplacement.shader - Importer: ScriptedImporter/UnityEditor.QuickSearchModule:UnityEditor.Search:ASIAI0B' with importer (ScriptedImporter : UnityEditor.QuickSearchModule:UnityEditor.Search:ASIAI0B)
Imported 'GUID: cf852408f2e174538bcd9b7fda1c5ae7' -> (Import Result ID: '451a6b876fbf20847b8e0e7d62e68a48') in 0.003 seconds [static and dynamic dependencies]. Details - ImportResultOutputID=5065fcb971b57cd6b6816c00dc489a93 DependenciesID=c81cd55fe9abcc332b4a789fbb0d3da2 StaticDependenciesID=4507a7f75e3d75523dd6a13646ccb53b 
Number of updated asset objects reloaded before import = 0
Number of asset objects unloaded after import = 1
========================================================================
Received Import Request.
  Time of request: 2026-09-18T17:31:51.9825544Z
  Time since last request: 0.0002505 seconds.
  importAddress: GUID: 394c5e9a352f74e998cb797d7aa461d4 - Path: Packages/com.unity.render-pipelines.universal/ShaderLibrary/LightCookie/LightCookieTypes.hlsl - Importer: ScriptedImporter/UnityEditor.QuickSearchModule:UnityEditor.Search:ASIAI0B
Importing 'GUID: 394c5e9a352f74e998cb797d7aa461d4 - Path: Packages/com.unity.render-pipelines.universal/ShaderLibrary/LightCookie/LightCookieTypes.hlsl - Importer: ScriptedImporter/UnityEditor.QuickSearchModule:UnityEditor.Search:ASIAI0B' with importer (ScriptedImporter : UnityEditor.QuickSearchModule:UnityEditor.Search:ASIAI0B)
Imported 'GUID: 394c5e9a352f74e998cb797d7aa461d4' -> (Import Result ID: '677d76c6ba81bf5250918ae785761d89') in 0.002 seconds [static and dynamic dependencies]. Details - ImportResultOutputID=a1e8c36257ea82e767400c71a9dfff32 DependenciesID=6e524a47085e91debf268b910a51621f StaticDependenciesID=d0ca9f554a33c724c044d0fd2cb98cc1 
Number of updated asset objects reloaded before import = 0
Number of asset objects unloaded after import = 1
========================================================================
Received Import Request.
  Time of request: 2026-09-18T17:31:52.0002409Z
  Time since last request: 0.000251 seconds.
  importAddress: GUID: 8ba36b6596e931145bbad992032afb1a - Path: Packages/com.unity.render-pipelines.universal/Shaders/Nature/SpeedTree7BillboardPasses.hlsl - Importer: ScriptedImporter/UnityEditor.QuickSearchModule:UnityEditor.Search:ASIAI0B
Importing 'GUID: 8ba36b6596e931145bbad992032afb1a - Path: Packages/com.unity.render-pipelines.universal/Shaders/Nature/SpeedTree7BillboardPasses.hlsl - Importer: ScriptedImporter/UnityEditor.QuickSearchModule:UnityEditor.Search:ASIAI0B' with importer (ScriptedImporter : UnityEditor.QuickSearchModule:UnityEditor.Search:ASIAI0B)
Imported 'GUID: 8ba36b6596e931145bbad992032afb1a' -> (Import Result ID: '0bc711f4b484031cec364ddf6675bca2') in 0.002 seconds [static and dynamic dependencies]. Details - ImportResultOutputID=1be237aa5facee7130360832ecb8c951 DependenciesID=172c83098c89bdcfdedd9db9fbd36cab StaticDependenciesID=215d3768a52a001f2c9382469f675421 
Number of updated asset objects reloaded before import = 0
Number of asset objects unloaded after import = 1
========================================================================
Received Import Request.
  Time of request: 2026-09-18T17:31:52.0177976Z
  Time since last request: 0.0003514 seconds.
  importAddress: GUID: dae808f0fde427b45a0db45f2a9e635b - Path: Packages/com.unity.render-pipelines.universal/Runtime/RenderPipelineResources/UniversalRenderPipelineEditorAssets.cs - Importer: ScriptedImporter/UnityEditor.QuickSearchModule:UnityEditor.Search:ASIAI0B
Importing 'GUID: dae808f0fde427b45a0db45f2a9e635b - Path: Packages/com.unity.render-pipelines.universal/Runtime/RenderPipelineResources/UniversalRenderPipelineEditorAssets.cs - Importer: ScriptedImporter/UnityEditor.QuickSearchModule:UnityEditor.Search:ASIAI0B' with importer (ScriptedImporter : UnityEditor.QuickSearchModule:UnityEditor.Search:ASIAI0B)
Imported 'GUID: dae808f0fde427b45a0db45f2a9e635b' -> (Import Result ID: 'baa7bdbb1d7e0b0faa29aea83eac1e7e') in 0.002 seconds [static and dynamic dependencies]. Details - ImportResultOutputID=56a50f6d1ba5b5015dd00eba8537aace DependenciesID=2aa533b613088b49583223d374f985c9 StaticDependenciesID=670f6b085b4a5ffcfda16773541c0e89 
Number of updated asset objects reloaded before import = 0
Number of asset objects unloaded after import = 0
========================================================================
Received Import Request.
  Time of request: 2026-09-18T17:31:52.0358446Z
  Time since last request: 0.0003596 seconds.
  importAddress: GUID: 0f4122b9a743b744abe2fb6a0a88868b - Path: Packages/com.unity.render-pipelines.universal/Shaders/Nature/SpeedTree7.shader - Importer: ScriptedImporter/UnityEditor.QuickSearchModule:UnityEditor.Search:ASIAI0B
Importing 'GUID: 0f4122b9a743b744abe2fb6a0a88868b - Path: Packages/com.unity.render-pipelines.universal/Shaders/Nature/SpeedTree7.shader - Importer: ScriptedImporter/UnityEditor.QuickSearchModule:UnityEditor.Search:ASIAI0B' with importer (ScriptedImporter : UnityEditor.QuickSearchModule:UnityEditor.Search:ASIAI0B)
Imported 'GUID: 0f4122b9a743b744abe2fb6a0a88868b' -> (Import Result ID: 'ecb3c82b33783f86c45dba1fd4aae3ac') in 0.003 seconds [static and dynamic dependencies]. Details - ImportResultOutputID=4e4668678ac34da55e00b177305466a0 DependenciesID=709ee28442177d2ee198417bb06b6404 StaticDependenciesID=30ce54bf986cf2d6922f85a6b1719e88 
Number of updated asset objects reloaded before import = 0
Number of asset objects unloaded after import = 1
========================================================================
Received Import Request.
  Time of request: 2026-09-18T17:31:52.0551779Z
  Time since last request: 0.0003558 seconds.
  importAddress: GUID: 693515911c7346d448c10a3cfc4acf45 - Path: Packages/com.unity.render-pipelines.universal/Shaders/Nature/SpeedTree7BillboardInput.hlsl - Importer: ScriptedImporter/UnityEditor.QuickSearchModule:UnityEditor.Search:ASIAI0B
Importing 'GUID: 693515911c7346d448c10a3cfc4acf45 - Path: Packages/com.unity.render-pipelines.universal/Shaders/Nature/SpeedTree7BillboardInput.hlsl - Importer: ScriptedImporter/UnityEditor.QuickSearchModule:UnityEditor.Search:ASIAI0B' with importer (ScriptedImporter : UnityEditor.QuickSearchModule:UnityEditor.Search:ASIAI0B)
Imported 'GUID: 693515911c7346d448c10a3cfc4acf45' -> (Import Result ID: 'e7eb408f32564db37c8ea8aad29c6bde') in 0.002 seconds [static and dynamic dependencies]. Details - ImportResultOutputID=fa8d571707c33281899d8b36ba7c9cc4 DependenciesID=ceec7fd30fb52f30155725b469c095f6 StaticDependenciesID=3ef29712553d80aaa1e509cc04d377d5 
Number of updated asset objects reloaded before import = 0
Number of asset objects unloaded after import = 1
========================================================================
Received Import Request.
  Time of request: 2026-09-18T17:31:52.0740155Z
  Time since last request: 0.0002723 seconds.
  importAddress: GUID: 3f6c848ca3d7bca4bbe846546ac701a1 - Path: Packages/com.unity.render-pipelines.universal/Shaders/2D/Light2D.shader - Importer: ScriptedImporter/UnityEditor.QuickSearchModule:UnityEditor.Search:ASIAI0B
Importing 'GUID: 3f6c848ca3d7bca4bbe846546ac701a1 - Path: Packages/com.unity.render-pipelines.universal/Shaders/2D/Light2D.shader - Importer: ScriptedImporter/UnityEditor.QuickSearchModule:UnityEditor.Search:ASIAI0B' with importer (ScriptedImporter : UnityEditor.QuickSearchModule:UnityEditor.Search:ASIAI0B)
Imported 'GUID: 3f6c848ca3d7bca4bbe846546ac701a1' -> (Import Result ID: 'ad1bec765a775008a0e4762a3d7a5b39') in 0.003 seconds [static and dynamic dependencies]. Details - ImportResultOutputID=1887ac2875e2dba7a76d8ef834ec1f87 DependenciesID=b7c12a32924f93d2b1d60ea51b9e3497 StaticDependenciesID=a56da9dde1a9b701292d0956239afbee 
Number of updated asset objects reloaded before import = 0
Number of asset objects unloaded after import = 1
========================================================================
Received Import Request.
  Time of request: 2026-09-18T17:31:52.093312Z
  Time since last request: 0.0002596 seconds.
  importAddress: GUID: 441892941e4fc954694acc03c8d2ef84 - Path: Packages/com.unity.render-pipelines.universal/Runtime/RenderPipelineResources/UniversalRenderPipelineRuntimeShaders.cs - Importer: ScriptedImporter/UnityEditor.QuickSearchModule:UnityEditor.Search:ASIAI0B
Importing 'GUID: 441892941e4fc954694acc03c8d2ef84 - Path: Packages/com.unity.render-pipelines.universal/Runtime/RenderPipelineResources/UniversalRenderPipelineRuntimeShaders.cs - Importer: ScriptedImporter/UnityEditor.QuickSearchModule:UnityEditor.Search:ASIAI0B' with importer (ScriptedImporter : UnityEditor.QuickSearchModule:UnityEditor.Search:ASIAI0B)
Imported 'GUID: 441892941e4fc954694acc03c8d2ef84' -> (Import Result ID: 'b18edf849703df069ad3f63563d8c22a') in 0.003 seconds [static and dynamic dependencies]. Details - ImportResultOutputID=a8f1ee267d0f168d5e3daa9ff9e626eb DependenciesID=9bd1e83d7c9902c4215bb742bda2efc9 StaticDependenciesID=b36a2e1aebf43f8e4e831d9eb4bbea71 
Number of updated asset objects reloaded before import = 0
Number of asset objects unloaded after import = 0
========================================================================
Received Import Request.
  Time of request: 2026-09-18T17:31:52.1115176Z
  Time since last request: 0.0002121 seconds.
  importAddress: GUID: 74659692f6350ba46b88180d9c826630 - Path: Packages/com.unity.render-pipelines.universal/Shaders/2D/RenderAs2D-Flattening.shader - Importer: ScriptedImporter/UnityEditor.QuickSearchModule:UnityEditor.Search:ASIAI0B
Importing 'GUID: 74659692f6350ba46b88180d9c826630 - Path: Packages/com.unity.render-pipelines.universal/Shaders/2D/RenderAs2D-Flattening.shader - Importer: ScriptedImporter/UnityEditor.QuickSearchModule:UnityEditor.Search:ASIAI0B' with importer (ScriptedImporter : UnityEditor.QuickSearchModule:UnityEditor.Search:ASIAI0B)
Imported 'GUID: 74659692f6350ba46b88180d9c826630' -> (Import Result ID: '524684e6965d797168fc8ce6b78ebb6d') in 0.004 seconds [static and dynamic dependencies]. Details - ImportResultOutputID=832bd561548d48786b3e1c602e5e7fa9 DependenciesID=ccbfd0af36a8c6cfc23486174524703c StaticDependenciesID=81d08400597c5f3dbe81c43e64eaed68 
Number of updated asset objects reloaded before import = 0
Number of asset objects unloaded after import = 1
========================================================================
Received Import Request.
  Time of request: 2026-09-18T17:31:52.130576Z
  Time since last request: 0.0001868 seconds.
  importAddress: GUID: 4ee4501622ea4008903e313980a6b1b2 - Path: Packages/com.unity.render-pipelines.universal/ShaderLibrary/Debug/Debugging2D.hlsl - Importer: ScriptedImporter/UnityEditor.QuickSearchModule:UnityEditor.Search:ASIAI0B
Importing 'GUID: 4ee4501622ea4008903e313980a6b1b2 - Path: Packages/com.unity.render-pipelines.universal/ShaderLibrary/Debug/Debugging2D.hlsl - Importer: ScriptedImporter/UnityEditor.QuickSearchModule:UnityEditor.Search:ASIAI0B' with importer (ScriptedImporter : UnityEditor.QuickSearchModule:UnityEditor.Search:ASIAI0B)
Imported 'GUID: 4ee4501622ea4008903e313980a6b1b2' -> (Import Result ID: 'b3f613137f4fd749bb805a610b60161e') in 0.003 seconds [static and dynamic dependencies]. Details - ImportResultOutputID=2cd09bdec45fe3b330377b2fc1ee4b0f DependenciesID=315b5637c746255ca65fa9033dbc8a99 StaticDependenciesID=ac00f9558c9cce669d01f508311725e8 
Number of updated asset objects reloaded before import = 0
Number of asset objects unloaded after import = 1
========================================================================
Received Import Request.
  Time of request: 2026-09-18T17:31:52.1489238Z
  Time since last request: 0.000226 seconds.
  importAddress: GUID: d7288f66e4fb0634c9afef98c31b722a - Path: Packages/com.unity.render-pipelines.universal/Shaders/2D/VFXSpriteUnlit.shadergraph - Importer: ScriptedImporter/UnityEditor.QuickSearchModule:UnityEditor.Search:ASIAI0B
Importing 'GUID: d7288f66e4fb0634c9afef98c31b722a - Path: Packages/com.unity.render-pipelines.universal/Shaders/2D/VFXSpriteUnlit.shadergraph - Importer: ScriptedImporter/UnityEditor.QuickSearchModule:UnityEditor.Search:ASIAI0B' with importer (ScriptedImporter : UnityEditor.QuickSearchModule:UnityEditor.Search:ASIAI0B)
Imported 'GUID: d7288f66e4fb0634c9afef98c31b722a' -> (Import Result ID: 'e559f335170040b2d0e3a94c08685007') in 0.007 seconds [static and dynamic dependencies]. Details - ImportResultOutputID=2aab5710c608d6d4b7a5e5d6a53efc40 DependenciesID=60d9fd53e73fe7686159243e2391aabe StaticDependenciesID=ff11bb62e5a452586e45b2a386d0588f 
Number of updated asset objects reloaded before import = 0
Number of asset objects unloaded after import = 4
========================================================================
Received Import Request.
  Time of request: 2026-09-18T17:31:52.1711603Z
  Time since last request: 0.0001382 seconds.
  importAddress: GUID: cf323c9e0e16463488651a133c05e309 - Path: Packages/com.unity.render-pipelines.universal/Runtime/RenderPipelineResources/UniversalRenderPipelineEditorShaders.cs - Importer: ScriptedImporter/UnityEditor.QuickSearchModule:UnityEditor.Search:ASIAI0B
Importing 'GUID: cf323c9e0e16463488651a133c05e309 - Path: Packages/com.unity.render-pipelines.universal/Runtime/RenderPipelineResources/UniversalRenderPipelineEditorShaders.cs - Importer: ScriptedImporter/UnityEditor.QuickSearchModule:UnityEditor.Search:ASIAI0B' with importer (ScriptedImporter : UnityEditor.QuickSearchModule:UnityEditor.Search:ASIAI0B)
Imported 'GUID: cf323c9e0e16463488651a133c05e309' -> (Import Result ID: '7b611b91797f6d0cfd16282c2b4e2d1e') in 0.002 seconds [static and dynamic dependencies]. Details - ImportResultOutputID=5a372487100491f61638cb28f65c676e DependenciesID=12d22b6bcf0d1ce20e013fc24c8689a8 StaticDependenciesID=fa35aaf38853a12260350d408c0dc067 
Number of updated asset objects reloaded before import = 0
Number of asset objects unloaded after import = 0
========================================================================
Received Import Request.
  Time of request: 2026-09-18T17:31:52.1890659Z
  Time since last request: 0.0002757 seconds.
  importAddress: GUID: 24a73dccd7b6fad4798be282f96a21f4 - Path: Packages/com.unity.render-pipelines.universal/Shaders/2D/VFXSpriteLit.shadergraph - Importer: ScriptedImporter/UnityEditor.QuickSearchModule:UnityEditor.Search:ASIAI0B
Importing 'GUID: 24a73dccd7b6fad4798be282f96a21f4 - Path: Packages/com.unity.render-pipelines.universal/Shaders/2D/VFXSpriteLit.shadergraph - Importer: ScriptedImporter/UnityEditor.QuickSearchModule:UnityEditor.Search:ASIAI0B' with importer (ScriptedImporter : UnityEditor.QuickSearchModule:UnityEditor.Search:ASIAI0B)
Imported 'GUID: 24a73dccd7b6fad4798be282f96a21f4' -> (Import Result ID: '3e5dd586739fd61d956b944a15a50973') in 0.009 seconds [static and dynamic dependencies]. Details - ImportResultOutputID=e5182bd950df649720c9ff4f930ca559 DependenciesID=5489c12441bb8ef2adb53a6026e6d043 StaticDependenciesID=9d2b8600f4dff8936b10dd2c374bbf59 
Number of updated asset objects reloaded before import = 0
Number of asset objects unloaded after import = 4
========================================================================
Received Import Request.
  Time of request: 2026-09-18T17:31:52.2139249Z
  Time since last request: 0.0001065 seconds.
  importAddress: GUID: 4e90a8289da1f3943885176e4f83e35c - Path: Packages/com.unity.render-pipelines.universal/Shaders/2D/Mesh2D-Lit-Default.shader - Importer: ScriptedImporter/UnityEditor.QuickSearchModule:UnityEditor.Search:ASIAI0B
Importing 'GUID: 4e90a8289da1f3943885176e4f83e35c - Path: Packages/com.unity.render-pipelines.universal/Shaders/2D/Mesh2D-Lit-Default.shader - Importer: ScriptedImporter/UnityEditor.QuickSearchModule:UnityEditor.Search:ASIAI0B' with importer (ScriptedImporter : UnityEditor.QuickSearchModule:UnityEditor.Search:ASIAI0B)
Imported 'GUID: 4e90a8289da1f3943885176e4f83e35c' -> (Import Result ID: '8de8180b7f1e243cd70a540c28eb573f') in 0.003 seconds [static and dynamic dependencies]. Details - ImportResultOutputID=8a4efb2fd1e60869531b0f2f9b4a9e76 DependenciesID=920aebdf0a2c2cc6dca0a0da2c10fce4 StaticDependenciesID=7fb50c0bac4cb2821749dc04dd171734 
Number of updated asset objects reloaded before import = 0
Number of asset objects unloaded after import = 1
========================================================================
Received Import Request.
  Time of request: 2026-09-18T17:31:52.232075Z
  Time since last request: 0.0003013 seconds.
  importAddress: GUID: f3f941933e171854386001194281536f - Path: Packages/com.unity.render-pipelines.universal/Shaders/Nature/SpeedTree7Passes.hlsl - Importer: ScriptedImporter/UnityEditor.QuickSearchModule:UnityEditor.Search:ASIAI0B
Importing 'GUID: f3f941933e171854386001194281536f - Path: Packages/com.unity.render-pipelines.universal/Shaders/Nature/SpeedTree7Passes.hlsl - Importer: ScriptedImporter/UnityEditor.QuickSearchModule:UnityEditor.Search:ASIAI0B' with importer (ScriptedImporter : UnityEditor.QuickSearchModule:UnityEditor.Search:ASIAI0B)
Imported 'GUID: f3f941933e171854386001194281536f' -> (Import Result ID: 'd8673c772d71a86916c906e7843ff2cc') in 0.002 seconds [static and dynamic dependencies]. Details - ImportResultOutputID=1ef570c36a1cab9889b12c478b2b9edd DependenciesID=32edbcd86a88c98220d20d8c2ba15f3b StaticDependenciesID=00687068cdb1f6e82a0aeed6b3c3f675 
Number of updated asset objects reloaded before import = 0
Number of asset objects unloaded after import = 1
========================================================================
Received Import Request.
  Time of request: 2026-09-18T17:31:52.2501969Z
  Time since last request: 0.0002544 seconds.
  importAddress: GUID: de02b375720b5c445afe83cd483bedf3 - Path: Packages/com.unity.render-pipelines.universal/Shaders/2D/Shadow2D-Unshadow-Sprite.shader - Importer: ScriptedImporter/UnityEditor.QuickSearchModule:UnityEditor.Search:ASIAI0B
Importing 'GUID: de02b375720b5c445afe83cd483bedf3 - Path: Packages/com.unity.render-pipelines.universal/Shaders/2D/Shadow2D-Unshadow-Sprite.shader - Importer: ScriptedImporter/UnityEditor.QuickSearchModule:UnityEditor.Search:ASIAI0B' with importer (ScriptedImporter : UnityEditor.QuickSearchModule:UnityEditor.Search:ASIAI0B)
Imported 'GUID: de02b375720b5c445afe83cd483bedf3' -> (Import Result ID: '9d5279648161fbd7d6d01d5ccce3b708') in 0.003 seconds [static and dynamic dependencies]. Details - ImportResultOutputID=98baa43b445f5b6a77b1159123f3a8d4 DependenciesID=88a77b13fc60cd8ee43d8d1d7e80954f StaticDependenciesID=8dd8ef930e15dc99e9e704bbe9ebca4e 
Number of updated asset objects reloaded before import = 0
Number of asset objects unloaded after import = 1
========================================================================
Received Import Request.
  Time of request: 2026-09-18T17:31:52.2846293Z
  Time since last request: 0.016749 seconds.
  importAddress: GUID: 7b3e6785f5f6b634794df3a85a2a35da - Path: Packages/com.unity.render-pipelines.universal/Shaders/Utils/ComputeScreenSpaceReflection.shader - Importer: ScriptedImporter/UnityEditor.QuickSearchModule:UnityEditor.Search:ASIAI0B
Importing 'GUID: 7b3e6785f5f6b634794df3a85a2a35da - Path: Packages/com.unity.render-pipelines.universal/Shaders/Utils/ComputeScreenSpaceReflection.shader - Importer: ScriptedImporter/UnityEditor.QuickSearchModule:UnityEditor.Search:ASIAI0B' with importer (ScriptedImporter : UnityEditor.QuickSearchModule:UnityEditor.Search:ASIAI0B)
Imported 'GUID: 7b3e6785f5f6b634794df3a85a2a35da' -> (Import Result ID: '11ff394f5c9d022917a573def15c958b') in 0.003 seconds [static and dynamic dependencies]. Details - ImportResultOutputID=4ef6c364e88cb2cd429ffdcc199da972 DependenciesID=70b4a1941d6e41fb654250ec01584cf2 StaticDependenciesID=30c43d049cbd62a492f85118b0a411b6 
Number of updated asset objects reloaded before import = 0
Number of asset objects unloaded after import = 1
========================================================================
Received Import Request.
  Time of request: 2026-09-18T17:31:52.3033891Z
  Time since last request: 0.0003726 seconds.
  importAddress: GUID: 1edcd131364091c46a17cbff0b1de97a - Path: Packages/com.unity.render-pipelines.universal/Shaders/PostProcessing/CameraMotionBlur.shader - Importer: ScriptedImporter/UnityEditor.QuickSearchModule:UnityEditor.Search:ASIAI0B
Importing 'GUID: 1edcd131364091c46a17cbff0b1de97a - Path: Packages/com.unity.render-pipelines.universal/Shaders/PostProcessing/CameraMotionBlur.shader - Importer: ScriptedImporter/UnityEditor.QuickSearchModule:UnityEditor.Search:ASIAI0B' with importer (ScriptedImporter : UnityEditor.QuickSearchModule:UnityEditor.Search:ASIAI0B)
Imported 'GUID: 1edcd131364091c46a17cbff0b1de97a' -> (Import Result ID: 'b997288aa80913cae0a3f7996b883558') in 0.004 seconds [static and dynamic dependencies]. Details - ImportResultOutputID=d70075809efb5106e9dff98cfec145f0 DependenciesID=30234142e86cedf685257fec002fc1d0 StaticDependenciesID=bf2f99716b8924796a22c13f9a14cc12 
Number of updated asset objects reloaded before import = 0
Number of asset objects unloaded after import = 1
========================================================================
Received Import Request.
  Time of request: 2026-09-18T17:31:52.3225581Z
  Time since last request: 0.0003024 seconds.
  importAddress: GUID: ca0e14e5bf6ac934086f42ca329f4ef1 - Path: Packages/com.unity.render-pipelines.universal/Shaders/Particles/ParticlesSimpleLitGBufferPass.hlsl - Importer: ScriptedImporter/UnityEditor.QuickSearchModule:UnityEditor.Search:ASIAI0B
Importing 'GUID: ca0e14e5bf6ac934086f42ca329f4ef1 - Path: Packages/com.unity.render-pipelines.universal/Shaders/Particles/ParticlesSimpleLitGBufferPass.hlsl - Importer: ScriptedImporter/UnityEditor.QuickSearchModule:UnityEditor.Search:ASIAI0B' with importer (ScriptedImporter : UnityEditor.QuickSearchModule:UnityEditor.Search:ASIAI0B)
Imported 'GUID: ca0e14e5bf6ac934086f42ca329f4ef1' -> (Import Result ID: 'ccf41efd17081d1a0fcf22b88b888edd') in 0.003 seconds [static and dynamic dependencies]. Details - ImportResultOutputID=9f854ef5a104124cdf374e9eea51b3fa DependenciesID=858b3d202fea4bc07782eb4b6a41a66f StaticDependenciesID=35e0b7fa3034953f7a9523a40e5fbdd4 
Number of updated asset objects reloaded before import = 0
Number of asset objects unloaded after import = 1
========================================================================
Received Import Request.
  Time of request: 2026-09-18T17:31:52.3415352Z
  Time since last request: 0.0003 seconds.
  importAddress: GUID: 6aa45ba0b4524671ae57fb74652592f3 - Path: Packages/com.unity.render-pipelines.universal/Shaders/Terrain/TerrainDetailLitInput.hlsl - Importer: ScriptedImporter/UnityEditor.QuickSearchModule:UnityEditor.Search:ASIAI0B
Importing 'GUID: 6aa45ba0b4524671ae57fb74652592f3 - Path: Packages/com.unity.render-pipelines.universal/Shaders/Terrain/TerrainDetailLitInput.hlsl - Importer: ScriptedImporter/UnityEditor.QuickSearchModule:UnityEditor.Search:ASIAI0B' with importer (ScriptedImporter : UnityEditor.QuickSearchModule:UnityEditor.Search:ASIAI0B)
Imported 'GUID: 6aa45ba0b4524671ae57fb74652592f3' -> (Import Result ID: '5eb418b4c64f93a943866e9c239884dd') in 0.003 seconds [static and dynamic dependencies]. Details - ImportResultOutputID=0601c5042c7d8a7051046a64cdb093d3 DependenciesID=c9d2b5090bb12227ac31d9fd5deb5862 StaticDependenciesID=e21f628c1baab0fdb768a611b9eb55f0 
Number of updated asset objects reloaded before import = 0
Number of asset objects unloaded after import = 1
========================================================================
Received Import Request.
  Time of request: 2026-09-18T17:31:52.3606354Z
  Time since last request: 0.0002117 seconds.
  importAddress: GUID: cc421706a0b598946982fee0c0d4bf51 - Path: Packages/com.unity.render-pipelines.universal/Shaders/Particles/ParticlesLitGbufferPass.hlsl - Importer: ScriptedImporter/UnityEditor.QuickSearchModule:UnityEditor.Search:ASIAI0B
Importing 'GUID: cc421706a0b598946982fee0c0d4bf51 - Path: Packages/com.unity.render-pipelines.universal/Shaders/Particles/ParticlesLitGbufferPass.hlsl - Importer: ScriptedImporter/UnityEditor.QuickSearchModule:UnityEditor.Search:ASIAI0B' with importer (ScriptedImporter : UnityEditor.QuickSearchModule:UnityEditor.Search:ASIAI0B)
Imported 'GUID: cc421706a0b598946982fee0c0d4bf51' -> (Import Result ID: '9c682c923679ea353b434ee8b0b6278a') in 0.003 seconds [static and dynamic dependencies]. Details - ImportResultOutputID=f9bc734be22de545ffbb01688ce962dd DependenciesID=85934d603c1a4abdfc02152553a9a3c0 StaticDependenciesID=f2ecf76f5a8b87670d2731a81ba1b6fc 
Number of updated asset objects reloaded before import = 0
Number of asset objects unloaded after import = 1
========================================================================
Received Import Request.
  Time of request: 2026-09-18T17:31:52.3795942Z
  Time since last request: 0.0002458 seconds.
  importAddress: GUID: 7b6328a4b0ed14a9ea5e0629d7c7966c - Path: Packages/com.unity.render-pipelines.universal/Shaders/Terrain/TerrainLitDepthNormalsPass.hlsl - Importer: ScriptedImporter/UnityEditor.QuickSearchModule:UnityEditor.Search:ASIAI0B
Importing 'GUID: 7b6328a4b0ed14a9ea5e0629d7c7966c - Path: Packages/com.unity.render-pipelines.universal/Shaders/Terrain/TerrainLitDepthNormalsPass.hlsl - Importer: ScriptedImporter/UnityEditor.QuickSearchModule:UnityEditor.Search:ASIAI0B' with importer (ScriptedImporter : UnityEditor.QuickSearchModule:UnityEditor.Search:ASIAI0B)
Imported 'GUID: 7b6328a4b0ed14a9ea5e0629d7c7966c' -> (Import Result ID: 'ef9808e6363fe82d352e12efce8bfd74') in 0.003 seconds [static and dynamic dependencies]. Details - ImportResultOutputID=0943f91e8574a95ba3ae7b74ac9b2691 DependenciesID=767c5923d3a8d926f95aac0d0caa6423 StaticDependenciesID=0fa53f0ef08bea2d9281f5c1da59fbe8 
Number of updated asset objects reloaded before import = 0
Number of asset objects unloaded after import = 1
========================================================================
Received Import Request.
  Time of request: 2026-09-18T17:31:52.3976811Z
  Time since last request: 0.0002092 seconds.
  importAddress: GUID: 749e1c2d203942319da1fdb1d94c5f2a - Path: Packages/com.unity.render-pipelines.universal/Shaders/Terrain/TerrainDetailLitPasses.hlsl - Importer: ScriptedImporter/UnityEditor.QuickSearchModule:UnityEditor.Search:ASIAI0B
Importing 'GUID: 749e1c2d203942319da1fdb1d94c5f2a - Path: Packages/com.unity.render-pipelines.universal/Shaders/Terrain/TerrainDetailLitPasses.hlsl - Importer: ScriptedImporter/UnityEditor.QuickSearchModule:UnityEditor.Search:ASIAI0B' with importer (ScriptedImporter : UnityEditor.QuickSearchModule:UnityEditor.Search:ASIAI0B)
Imported 'GUID: 749e1c2d203942319da1fdb1d94c5f2a' -> (Import Result ID: 'a46efb089a7faa71c3ef3744a176d48a') in 0.003 seconds [static and dynamic dependencies]. Details - ImportResultOutputID=27e5c81b591d227df95726492dd53106 DependenciesID=3498ea9f5f87ab15fd7355674592ba94 StaticDependenciesID=99f9532f61dc97973fafb58d63f220a0 
Number of updated asset objects reloaded before import = 0
Number of asset objects unloaded after import = 1
========================================================================
Received Import Request.
  Time of request: 2026-09-18T17:31:52.4162776Z
  Time since last request: 0.0003268 seconds.
  importAddress: GUID: 222cce62363a44a380c36bf03b392608 - Path: Packages/com.unity.render-pipelines.universal/Shaders/Utils/ClusterDeferred.shader - Importer: ScriptedImporter/UnityEditor.QuickSearchModule:UnityEditor.Search:ASIAI0B
Importing 'GUID: 222cce62363a44a380c36bf03b392608 - Path: Packages/com.unity.render-pipelines.universal/Shaders/Utils/ClusterDeferred.shader - Importer: ScriptedImporter/UnityEditor.QuickSearchModule:UnityEditor.Search:ASIAI0B' with importer (ScriptedImporter : UnityEditor.QuickSearchModule:UnityEditor.Search:ASIAI0B)
Imported 'GUID: 222cce62363a44a380c36bf03b392608' -> (Import Result ID: '7f8a5b61e7d45b8cd5d5d80a86d30c55') in 0.005 seconds [static and dynamic dependencies]. Details - ImportResultOutputID=98818fb07f002bb35e2e682436baf23a DependenciesID=7ede930e6314c139d5b0cdb260c4cd80 StaticDependenciesID=ad735318c2371acf5e256461c17951d5 
Number of updated asset objects reloaded before import = 0
Number of asset objects unloaded after import = 1
========================================================================
Received Import Request.
  Time of request: 2026-09-18T17:31:52.4366867Z
  Time since last request: 0.0002634 seconds.
  importAddress: GUID: ec9fec698a3456d4fb18cf8bacb7a2bc - Path: Packages/com.unity.render-pipelines.universal/Shaders/PostProcessing/LutBuilderHdr.shader - Importer: ScriptedImporter/UnityEditor.QuickSearchModule:UnityEditor.Search:ASIAI0B
Importing 'GUID: ec9fec698a3456d4fb18cf8bacb7a2bc - Path: Packages/com.unity.render-pipelines.universal/Shaders/PostProcessing/LutBuilderHdr.shader - Importer: ScriptedImporter/UnityEditor.QuickSearchModule:UnityEditor.Search:ASIAI0B' with importer (ScriptedImporter : UnityEditor.QuickSearchModule:UnityEditor.Search:ASIAI0B)
Imported 'GUID: ec9fec698a3456d4fb18cf8bacb7a2bc' -> (Import Result ID: '4dd9895e559b43794c198676ac228962') in 0.003 seconds [static and dynamic dependencies]. Details - ImportResultOutputID=2de6cee46cfbacf685fd37a7b3798ea8 DependenciesID=8290c361a603f798dbf6d960ab06a339 StaticDependenciesID=ea6c6ec57b1ca4802634c4defde4c0ab 
Number of updated asset objects reloaded before import = 0
Number of asset objects unloaded after import = 1
========================================================================
Received Import Request.
  Time of request: 2026-09-18T17:31:52.4559294Z
  Time since last request: 0.0004942 seconds.
  importAddress: GUID: b4bc78a1364154f15b718a412e9710b6 - Path: Packages/com.unity.render-pipelines.universal/Shaders/Terrain/WavingGrassPasses.hlsl - Importer: ScriptedImporter/UnityEditor.QuickSearchModule:UnityEditor.Search:ASIAI0B
Importing 'GUID: b4bc78a1364154f15b718a412e9710b6 - Path: Packages/com.unity.render-pipelines.universal/Shaders/Terrain/WavingGrassPasses.hlsl - Importer: ScriptedImporter/UnityEditor.QuickSearchModule:UnityEditor.Search:ASIAI0B' with importer (ScriptedImporter : UnityEditor.QuickSearchModule:UnityEditor.Search:ASIAI0B)
Imported 'GUID: b4bc78a1364154f15b718a412e9710b6' -> (Import Result ID: 'faf7b01933a8f1d896a15c10f82cb35c') in 0.002 seconds [static and dynamic dependencies]. Details - ImportResultOutputID=217aa1362dc2a0e3228e34ddb030f2bb DependenciesID=36d0aafb33e404f8a971f30455dc96f7 StaticDependenciesID=9d3030cf886042e586935287e00269c8 
Number of updated asset objects reloaded before import = 0
Number of asset objects unloaded after import = 1
========================================================================
Received Import Request.
  Time of request: 2026-09-18T17:31:52.4737603Z
  Time since last request: 0.0002159 seconds.
  importAddress: GUID: 29868e73b638e48ca99a19ea58c48d90 - Path: Packages/com.unity.render-pipelines.universal/Shaders/Terrain/WavingGrassBillboard.shader - Importer: ScriptedImporter/UnityEditor.QuickSearchModule:UnityEditor.Search:ASIAI0B
Importing 'GUID: 29868e73b638e48ca99a19ea58c48d90 - Path: Packages/com.unity.render-pipelines.universal/Shaders/Terrain/WavingGrassBillboard.shader - Importer: ScriptedImporter/UnityEditor.QuickSearchModule:UnityEditor.Search:ASIAI0B' with importer (ScriptedImporter : UnityEditor.QuickSearchModule:UnityEditor.Search:ASIAI0B)
Imported 'GUID: 29868e73b638e48ca99a19ea58c48d90' -> (Import Result ID: 'bd6f2ca22311bf2c31eb0ac7cab80670') in 0.003 seconds [static and dynamic dependencies]. Details - ImportResultOutputID=590cf277702251f907b6104a542e11ea DependenciesID=defe8d2eddd6ea14e861f9b6bb3518b1 StaticDependenciesID=d416a7c5307dc3974d0f8c81cf83ea63 
Number of updated asset objects reloaded before import = 0
Number of asset objects unloaded after import = 1
========================================================================
Received Import Request.
  Time of request: 2026-09-18T17:31:52.4928864Z
  Time since last request: 0.0002662 seconds.
  importAddress: GUID: 5e7134d6e63e0bc47a1dd2669cedb379 - Path: Packages/com.unity.render-pipelines.universal/Shaders/PostProcessing/GaussianDepthOfField.shader - Importer: ScriptedImporter/UnityEditor.QuickSearchModule:UnityEditor.Search:ASIAI0B
Importing 'GUID: 5e7134d6e63e0bc47a1dd2669cedb379 - Path: Packages/com.unity.render-pipelines.universal/Shaders/PostProcessing/GaussianDepthOfField.shader - Importer: ScriptedImporter/UnityEditor.QuickSearchModule:UnityEditor.Search:ASIAI0B' with importer (ScriptedImporter : UnityEditor.QuickSearchModule:UnityEditor.Search:ASIAI0B)
Imported 'GUID: 5e7134d6e63e0bc47a1dd2669cedb379' -> (Import Result ID: 'abbe22be06e85bee22778a2c2073361b') in 0.003 seconds [static and dynamic dependencies]. Details - ImportResultOutputID=b64825487d8d699a1dae285cbdc2aa48 DependenciesID=8b651121202f4601fc321bc514f320b9 StaticDependenciesID=f7318de1c25f3150896d31e34a769ff5 
Number of updated asset objects reloaded before import = 0
Number of asset objects unloaded after import = 1
========================================================================
Received Import Request.
  Time of request: 2026-09-18T17:31:52.5110885Z
  Time since last request: 0.0001785 seconds.
  importAddress: GUID: a3129e299d0744bb7bd42c2cea7cea2b - Path: Packages/com.unity.render-pipelines.universal/Shaders/Particles/ParticlesLitInput.hlsl - Importer: ScriptedImporter/UnityEditor.QuickSearchModule:UnityEditor.Search:ASIAI0B
Importing 'GUID: a3129e299d0744bb7bd42c2cea7cea2b - Path: Packages/com.unity.render-pipelines.universal/Shaders/Particles/ParticlesLitInput.hlsl - Importer: ScriptedImporter/UnityEditor.QuickSearchModule:UnityEditor.Search:ASIAI0B' with importer (ScriptedImporter : UnityEditor.QuickSearchModule:UnityEditor.Search:ASIAI0B)
Imported 'GUID: a3129e299d0744bb7bd42c2cea7cea2b' -> (Import Result ID: 'b7aa0b36d69886e5c2c04d6eb55e0692') in 0.002 seconds [static and dynamic dependencies]. Details - ImportResultOutputID=89cf11e6da7d97154531e2d1844db2b4 DependenciesID=868806ba6268b4781b5e4d792de15984 StaticDependenciesID=dfa0d204297c29fa53af2becd38b10a7 
Number of updated asset objects reloaded before import = 0
Number of asset objects unloaded after import = 1
========================================================================
Received Import Request.
  Time of request: 2026-09-18T17:31:52.5290722Z
  Time since last request: 0.0003116 seconds.
  importAddress: GUID: 8fbe92a9edfe6074e841d6dd1509bc59 - Path: Packages/com.unity.render-pipelines.universal/Shaders/Terrain/TerrainLitBasemapGen.shader - Importer: ScriptedImporter/UnityEditor.QuickSearchModule:UnityEditor.Search:ASIAI0B
Importing 'GUID: 8fbe92a9edfe6074e841d6dd1509bc59 - Path: Packages/com.unity.render-pipelines.universal/Shaders/Terrain/TerrainLitBasemapGen.shader - Importer: ScriptedImporter/UnityEditor.QuickSearchModule:UnityEditor.Search:ASIAI0B' with importer (ScriptedImporter : UnityEditor.QuickSearchModule:UnityEditor.Search:ASIAI0B)
Imported 'GUID: 8fbe92a9edfe6074e841d6dd1509bc59' -> (Import Result ID: '66d1c5004ec1d4ccabacbbf7fcc8c3af') in 0.003 seconds [static and dynamic dependencies]. Details - ImportResultOutputID=1a9a90d030939c2aba53ff23ae6749d9 DependenciesID=449f4e952f6ef01e26c7aef24e342321 StaticDependenciesID=f1fa60506f09392194885aafcb4ea0f4 
Number of updated asset objects reloaded before import = 0
Number of asset objects unloaded after import = 1
========================================================================
Received Import Request.
  Time of request: 2026-09-18T17:31:52.5477739Z
  Time since last request: 0.0002749 seconds.
  importAddress: GUID: 0ddf9719bc9ff43e1a017712e21bb5e6 - Path: Packages/com.unity.render-pipelines.universal/Shaders/Particles/ParticlesUnlitInput.hlsl - Importer: ScriptedImporter/UnityEditor.QuickSearchModule:UnityEditor.Search:ASIAI0B
Importing 'GUID: 0ddf9719bc9ff43e1a017712e21bb5e6 - Path: Packages/com.unity.render-pipelines.universal/Shaders/Particles/ParticlesUnlitInput.hlsl - Importer: ScriptedImporter/UnityEditor.QuickSearchModule:UnityEditor.Search:ASIAI0B' with importer (ScriptedImporter : UnityEditor.QuickSearchModule:UnityEditor.Search:ASIAI0B)
Imported 'GUID: 0ddf9719bc9ff43e1a017712e21bb5e6' -> (Import Result ID: 'd189131a1f3235283a0f3ed09484a316') in 0.002 seconds [static and dynamic dependencies]. Details - ImportResultOutputID=37550351812829d3f4f47b4fe07ba8a7 DependenciesID=cacbcd1f7994ed2f5ebe22758edeff86 StaticDependenciesID=61dd365c822ebb7f36b4ffeffb54c315 
Number of updated asset objects reloaded before import = 0
Number of asset objects unloaded after import = 1
========================================================================
Received Import Request.
  Time of request: 2026-09-18T17:31:52.5657843Z
  Time since last request: 0.000442 seconds.
  importAddress: GUID: ca55f7593a02f4c1ab1bdbc03282d7af - Path: Packages/com.unity.render-pipelines.universal/Shaders/Terrain/WavingGrassInput.hlsl - Importer: ScriptedImporter/UnityEditor.QuickSearchModule:UnityEditor.Search:ASIAI0B
Importing 'GUID: ca55f7593a02f4c1ab1bdbc03282d7af - Path: Packages/com.unity.render-pipelines.universal/Shaders/Terrain/WavingGrassInput.hlsl - Importer: ScriptedImporter/UnityEditor.QuickSearchModule:UnityEditor.Search:ASIAI0B' with importer (ScriptedImporter : UnityEditor.QuickSearchModule:UnityEditor.Search:ASIAI0B)
Imported 'GUID: ca55f7593a02f4c1ab1bdbc03282d7af' -> (Import Result ID: 'f01b8eef239888bf272c29d28b754e72') in 0.002 seconds [static and dynamic dependencies]. Details - ImportResultOutputID=81fc9e12e16cc608dcdd722ee4a4e593 DependenciesID=7b79258c00d74d9128ddc01860b879e7 StaticDependenciesID=c443b6dd772b38fa66d48217aa4b161b 
Number of updated asset objects reloaded before import = 0
Number of asset objects unloaded after import = 1
========================================================================
Received Import Request.
  Time of request: 2026-09-18T17:31:52.5842555Z
  Time since last request: 0.0003051 seconds.
  importAddress: GUID: 701880fecb344ea4c9cd0db3407ab287 - Path: Packages/com.unity.render-pipelines.universal/Shaders/PostProcessing/LensFlareScreenSpace.shader - Importer: ScriptedImporter/UnityEditor.QuickSearchModule:UnityEditor.Search:ASIAI0B
Importing 'GUID: 701880fecb344ea4c9cd0db3407ab287 - Path: Packages/com.unity.render-pipelines.universal/Shaders/PostProcessing/LensFlareScreenSpace.shader - Importer: ScriptedImporter/UnityEditor.QuickSearchModule:UnityEditor.Search:ASIAI0B' with importer (ScriptedImporter : UnityEditor.QuickSearchModule:UnityEditor.Search:ASIAI0B)
Imported 'GUID: 701880fecb344ea4c9cd0db3407ab287' -> (Import Result ID: 'bb1d157e1bfbcf9555b7e94146155d46') in 0.003 seconds [static and dynamic dependencies]. Details - ImportResultOutputID=c6297411719e1fec34b554592cd4c29e DependenciesID=17a24f2253ccae39d729516d6ec3b230 StaticDependenciesID=c2dad113f8be7bd2b1d9865e3c4b0c85 
Number of updated asset objects reloaded before import = 0
Number of asset objects unloaded after import = 1
========================================================================
Received Import Request.
  Time of request: 2026-09-18T17:31:52.6034233Z
  Time since last request: 0.0002448 seconds.
  importAddress: GUID: 815c625bb9d4fe240a4ccf42ca3899cb - Path: Packages/com.unity.render-pipelines.universal/Shaders/Utils/BlitFullPrecision.shader - Importer: ScriptedImporter/UnityEditor.QuickSearchModule:UnityEditor.Search:ASIAI0B
Importing 'GUID: 815c625bb9d4fe240a4ccf42ca3899cb - Path: Packages/com.unity.render-pipelines.universal/Shaders/Utils/BlitFullPrecision.shader - Importer: ScriptedImporter/UnityEditor.QuickSearchModule:UnityEditor.Search:ASIAI0B' with importer (ScriptedImporter : UnityEditor.QuickSearchModule:UnityEditor.Search:ASIAI0B)
Imported 'GUID: 815c625bb9d4fe240a4ccf42ca3899cb' -> (Import Result ID: '7bf2ac819b311c5b63d3560da7b8af69') in 0.003 seconds [static and dynamic dependencies]. Details - ImportResultOutputID=a49642f97f5d6d4ada6440c407f2a1a4 DependenciesID=0c17ed91f6052dab093d6cc976eed67c StaticDependenciesID=360ab1bfc02b20e75e31d1d9d7cc2977 
Number of updated asset objects reloaded before import = 0
Number of asset objects unloaded after import = 1
========================================================================
Received Import Request.
  Time of request: 2026-09-18T17:31:52.6226611Z
  Time since last request: 0.000271 seconds.
  importAddress: GUID: b7839dad95683814aa64166edc107ae2 - Path: Packages/com.unity.render-pipelines.universal/Shaders/Particles/ParticlesLit.shader - Importer: ScriptedImporter/UnityEditor.QuickSearchModule:UnityEditor.Search:ASIAI0B
Importing 'GUID: b7839dad95683814aa64166edc107ae2 - Path: Packages/com.unity.render-pipelines.universal/Shaders/Particles/ParticlesLit.shader - Importer: ScriptedImporter/UnityEditor.QuickSearchModule:UnityEditor.Search:ASIAI0B' with importer (ScriptedImporter : UnityEditor.QuickSearchModule:UnityEditor.Search:ASIAI0B)
Imported 'GUID: b7839dad95683814aa64166edc107ae2' -> (Import Result ID: 'da9092dc71cd8b03b052e292d725c735') in 0.008 seconds [static and dynamic dependencies]. Details - ImportResultOutputID=6a913134864891e2cc0bf1640bb3c139 DependenciesID=0c7259b0e71199ca3f59301b99ef2104 StaticDependenciesID=bc83523167309c37f892c292d31c403d 
Number of updated asset objects reloaded before import = 0
Number of asset objects unloaded after import = 2
========================================================================
Received Import Request.
  Time of request: 2026-09-18T17:31:52.6465059Z
  Time since last request: 0.000101 seconds.
  importAddress: GUID: 97ce72d5527034cbca1d95b53d583472 - Path: Packages/com.unity.render-pipelines.universal/Shaders/Terrain/WavingGrassDepthNormalsPass.hlsl - Importer: ScriptedImporter/UnityEditor.QuickSearchModule:UnityEditor.Search:ASIAI0B
Importing 'GUID: 97ce72d5527034cbca1d95b53d583472 - Path: Packages/com.unity.render-pipelines.universal/Shaders/Terrain/WavingGrassDepthNormalsPass.hlsl - Importer: ScriptedImporter/UnityEditor.QuickSearchModule:UnityEditor.Search:ASIAI0B' with importer (ScriptedImporter : UnityEditor.QuickSearchModule:UnityEditor.Search:ASIAI0B)
Imported 'GUID: 97ce72d5527034cbca1d95b53d583472' -> (Import Result ID: '859fbba5f340367ff1a481ca04be9d93') in 0.003 seconds [static and dynamic dependencies]. Details - ImportResultOutputID=bdfaebaa0cd624c57cf574ae942b3aa3 DependenciesID=549d895481bdcd68bfb3359f2fe25adc StaticDependenciesID=7a9ca32baed46931841f07b2c74d9f80 
Number of updated asset objects reloaded before import = 0
Number of asset objects unloaded after import = 1
========================================================================
Received Import Request.
  Time of request: 2026-09-18T17:31:52.6649939Z
  Time since last request: 0.0002289 seconds.
  importAddress: GUID: 1121bb4e615ca3c48b214e79e841e823 - Path: Packages/com.unity.render-pipelines.universal/Shaders/PostProcessing/StopNaN.shader - Importer: ScriptedImporter/UnityEditor.QuickSearchModule:UnityEditor.Search:ASIAI0B
Importing 'GUID: 1121bb4e615ca3c48b214e79e841e823 - Path: Packages/com.unity.render-pipelines.universal/Shaders/PostProcessing/StopNaN.shader - Importer: ScriptedImporter/UnityEditor.QuickSearchModule:UnityEditor.Search:ASIAI0B' with importer (ScriptedImporter : UnityEditor.QuickSearchModule:UnityEditor.Search:ASIAI0B)
Imported 'GUID: 1121bb4e615ca3c48b214e79e841e823' -> (Import Result ID: '1bd6d5e784d983d969cdc63a09c9810a') in 0.003 seconds [static and dynamic dependencies]. Details - ImportResultOutputID=d7ff1e568f62ce44b39736e71ee836e2 DependenciesID=d12fa67751d6da399ccff74fdc81dc61 StaticDependenciesID=e2844b74e84fa72cd665d58e4c054d24 
Number of updated asset objects reloaded before import = 0
Number of asset objects unloaded after import = 1
========================================================================
Received Import Request.
  Time of request: 2026-09-18T17:31:52.6836906Z
  Time since last request: 0.0002346 seconds.
  importAddress: GUID: 8516d7a69675844a7a0b7095af7c46af - Path: Packages/com.unity.render-pipelines.universal/Shaders/Particles/ParticlesSimpleLit.shader - Importer: ScriptedImporter/UnityEditor.QuickSearchModule:UnityEditor.Search:ASIAI0B
Importing 'GUID: 8516d7a69675844a7a0b7095af7c46af - Path: Packages/com.unity.render-pipelines.universal/Shaders/Particles/ParticlesSimpleLit.shader - Importer: ScriptedImporter/UnityEditor.QuickSearchModule:UnityEditor.Search:ASIAI0B' with importer (ScriptedImporter : UnityEditor.QuickSearchModule:UnityEditor.Search:ASIAI0B)
Imported 'GUID: 8516d7a69675844a7a0b7095af7c46af' -> (Import Result ID: '0bbec0674657db046c13aa3c370a3aa9') in 0.005 seconds [static and dynamic dependencies]. Details - ImportResultOutputID=11728a168e0582fdbcbba88fd48f81e1 DependenciesID=8987a326677189fd9e82c5a5e2875eba StaticDependenciesID=0f614c52688cc807c0caa945117ea97a 
Number of updated asset objects reloaded before import = 0
Number of asset objects unloaded after import = 1
========================================================================
Received Import Request.
  Time of request: 2026-09-18T17:31:52.7050254Z
  Time since last request: 0.0003436 seconds.
  importAddress: GUID: a15b78cf8ca26ca4fb2090293153c62c - Path: Packages/com.unity.render-pipelines.universal/Shaders/PostProcessing/PaniniProjection.shader - Importer: ScriptedImporter/UnityEditor.QuickSearchModule:UnityEditor.Search:ASIAI0B
Importing 'GUID: a15b78cf8ca26ca4fb2090293153c62c - Path: Packages/com.unity.render-pipelines.universal/Shaders/PostProcessing/PaniniProjection.shader - Importer: ScriptedImporter/UnityEditor.QuickSearchModule:UnityEditor.Search:ASIAI0B' with importer (ScriptedImporter : UnityEditor.QuickSearchModule:UnityEditor.Search:ASIAI0B)
Imported 'GUID: a15b78cf8ca26ca4fb2090293153c62c' -> (Import Result ID: '7df791bccf08035a75c65c13d668aae1') in 0.003 seconds [static and dynamic dependencies]. Details - ImportResultOutputID=24466ff462079987e8d0c706ffc42f1a DependenciesID=d9dab48c64e2892922c44e40021c6fbd StaticDependenciesID=8ebfabda7c0efb810e5b31ed95f7da6f 
Number of updated asset objects reloaded before import = 0
Number of asset objects unloaded after import = 1
========================================================================
Received Import Request.
  Time of request: 2026-09-18T17:31:52.7241091Z
  Time since last request: 0.0004351 seconds.
  importAddress: GUID: 01fa3f8c89aa44160b9a735fc22362d0 - Path: Packages/com.unity.render-pipelines.universal/Shaders/Particles/ParticlesSimpleLitInput.hlsl - Importer: ScriptedImporter/UnityEditor.QuickSearchModule:UnityEditor.Search:ASIAI0B
Importing 'GUID: 01fa3f8c89aa44160b9a735fc22362d0 - Path: Packages/com.unity.render-pipelines.universal/Shaders/Particles/ParticlesSimpleLitInput.hlsl - Importer: ScriptedImporter/UnityEditor.QuickSearchModule:UnityEditor.Search:ASIAI0B' with importer (ScriptedImporter : UnityEditor.QuickSearchModule:UnityEditor.Search:ASIAI0B)
Imported 'GUID: 01fa3f8c89aa44160b9a735fc22362d0' -> (Import Result ID: '1fb48e916235d615e7409c7aeb003ee5') in 0.002 seconds [static and dynamic dependencies]. Details - ImportResultOutputID=a123e02ef04da8c603da244dae91ca8b DependenciesID=4cc37a12587298d1e2c983d81a76dffc StaticDependenciesID=26d44d105da564d2ded6fdbf8d452e86 
Number of updated asset objects reloaded before import = 0
Number of asset objects unloaded after import = 1
========================================================================
Received Import Request.
  Time of request: 2026-09-18T17:31:52.751664Z
  Time since last request: 0.0099529 seconds.
  importAddress: GUID: 7bd051581c284375b0ba2d185aca3541 - Path: Packages/com.unity.render-pipelines.universal/Tests/Editor/RenderingLayersTests.cs - Importer: ScriptedImporter/UnityEditor.QuickSearchModule:UnityEditor.Search:ASIAI0B
Importing 'GUID: 7bd051581c284375b0ba2d185aca3541 - Path: Packages/com.unity.render-pipelines.universal/Tests/Editor/RenderingLayersTests.cs - Importer: ScriptedImporter/UnityEditor.QuickSearchModule:UnityEditor.Search:ASIAI0B' with importer (ScriptedImporter : UnityEditor.QuickSearchModule:UnityEditor.Search:ASIAI0B)
Imported 'GUID: 7bd051581c284375b0ba2d185aca3541' -> (Import Result ID: '2c7650fd66502605e6ac889d5577fcf9') in 0.002 seconds [static and dynamic dependencies]. Details - ImportResultOutputID=b4f564860ff011a8da1ca293cfb68074 DependenciesID=652f3698625e22670905c83ddc69f43d StaticDependenciesID=6c6c70ea9d0482db48a7fa93ed46973f 
Number of updated asset objects reloaded before import = 0
Number of asset objects unloaded after import = 0
========================================================================
Received Import Request.
  Time of request: 2026-09-18T17:31:52.7695242Z
  Time since last request: 0.0003434 seconds.
  importAddress: GUID: 8b3d1e6f4c5a4d219a72f8e1c0b3d4a7 - Path: Packages/com.unity.render-pipelines.universal/Shaders/Utils/UIBackdropFilterComposite.shader - Importer: ScriptedImporter/UnityEditor.QuickSearchModule:UnityEditor.Search:ASIAI0B
Importing 'GUID: 8b3d1e6f4c5a4d219a72f8e1c0b3d4a7 - Path: Packages/com.unity.render-pipelines.universal/Shaders/Utils/UIBackdropFilterComposite.shader - Importer: ScriptedImporter/UnityEditor.QuickSearchModule:UnityEditor.Search:ASIAI0B' with importer (ScriptedImporter : UnityEditor.QuickSearchModule:UnityEditor.Search:ASIAI0B)
Imported 'GUID: 8b3d1e6f4c5a4d219a72f8e1c0b3d4a7' -> (Import Result ID: '02238b0fab8b92bf0534ede2e8fdd7ed') in 0.003 seconds [static and dynamic dependencies]. Details - ImportResultOutputID=3aae5218a80a9e17a4476ea2abdbaf03 DependenciesID=66e496a4b6f9998fcc7ee2c88b7fa93e StaticDependenciesID=bf6f979ba172b090c3498b611b756eb5 
Number of updated asset objects reloaded before import = 0
Number of asset objects unloaded after import = 1
========================================================================
Received Import Request.
  Time of request: 2026-09-18T17:31:52.7892721Z
  Time since last request: 0.0003443 seconds.
  importAddress: GUID: 119f93d0bcbf1e743bf5fcf237507d39 - Path: Packages/com.unity.render-pipelines.universal/Textures/2D/Sparkle.png - Importer: ScriptedImporter/UnityEditor.QuickSearchModule:UnityEditor.Search:ASIAI0B
Importing 'GUID: 119f93d0bcbf1e743bf5fcf237507d39 - Path: Packages/com.unity.render-pipelines.universal/Textures/2D/Sparkle.png - Importer: ScriptedImporter/UnityEditor.QuickSearchModule:UnityEditor.Search:ASIAI0B' with importer (ScriptedImporter : UnityEditor.QuickSearchModule:UnityEditor.Search:ASIAI0B)
Imported 'GUID: 119f93d0bcbf1e743bf5fcf237507d39' -> (Import Result ID: '6477fd8eaf222cc4517676b5bc9dc3f5') in 0.009 seconds [static and dynamic dependencies]. Details - ImportResultOutputID=b74858c8671c0a9d8c2f2331ad48fa39 DependenciesID=9bd91041965a069f72b263734cc1d5ce StaticDependenciesID=dad43ec9fd627d350e273336056a7e13 
Number of updated asset objects reloaded before import = 0
Number of asset objects unloaded after import = 3
========================================================================
Received Import Request.
  Time of request: 2026-09-18T17:31:52.8138699Z
  Time since last request: 0.0002801 seconds.
  importAddress: GUID: ebd6b9f28e27469791da648250488852 - Path: Packages/com.unity.render-pipelines.universal/Tests/Editor/BuddyAllocatorTests.cs - Importer: ScriptedImporter/UnityEditor.QuickSearchModule:UnityEditor.Search:ASIAI0B
Importing 'GUID: ebd6b9f28e27469791da648250488852 - Path: Packages/com.unity.render-pipelines.universal/Tests/Editor/BuddyAllocatorTests.cs - Importer: ScriptedImporter/UnityEditor.QuickSearchModule:UnityEditor.Search:ASIAI0B' with importer (ScriptedImporter : UnityEditor.QuickSearchModule:UnityEditor.Search:ASIAI0B)
Imported 'GUID: ebd6b9f28e27469791da648250488852' -> (Import Result ID: '1da24ddb854d14baa63abf3339067b76') in 0.003 seconds [static and dynamic dependencies]. Details - ImportResultOutputID=2ba8ed520ce33c966c3317516506f04f DependenciesID=6550ae0ec23bfa762ecb28c340999f63 StaticDependenciesID=f07c68944c4b0d827787f22c5241c29e 
Number of updated asset objects reloaded before import = 0
Number of asset objects unloaded after import = 0
========================================================================
Received Import Request.
  Time of request: 2026-09-18T17:31:52.8323873Z
  Time since last request: 0.000329 seconds.
  importAddress: GUID: a545bf4d761e01b42818d52899606ced - Path: Packages/com.unity.render-pipelines.universal/Tests/Runtime/LightClusteringTests.cs - Importer: ScriptedImporter/UnityEditor.QuickSearchModule:UnityEditor.Search:ASIAI0B
Importing 'GUID: a545bf4d761e01b42818d52899606ced - Path: Packages/com.unity.render-pipelines.universal/Tests/Runtime/LightClusteringTests.cs - Importer: ScriptedImporter/UnityEditor.QuickSearchModule:UnityEditor.Search:ASIAI0B' with importer (ScriptedImporter : UnityEditor.QuickSearchModule:UnityEditor.Search:ASIAI0B)
Imported 'GUID: a545bf4d761e01b42818d52899606ced' -> (Import Result ID: '3907d1fe70a40ac30f89163a019b6d68') in 0.002 seconds [static and dynamic dependencies]. Details - ImportResultOutputID=56b1a587450cfc72ffef3b96d3b1ec1c DependenciesID=c8c4f2084dcf5a0cc095f081cefa5259 StaticDependenciesID=a08972fb96e40c825415fd0ebec21769 
Number of updated asset objects reloaded before import = 0
Number of asset objects unloaded after import = 0
========================================================================
Received Import Request.
  Time of request: 2026-09-18T17:31:52.8512304Z
  Time since last request: 0.0003062 seconds.
  importAddress: GUID: 5cdee82a77d13994f83b8fdabed7c301 - Path: Packages/com.unity.render-pipelines.universal/Textures/FilmGrain/Large02.png - Importer: ScriptedImporter/UnityEditor.QuickSearchModule:UnityEditor.Search:ASIAI0B
Importing 'GUID: 5cdee82a77d13994f83b8fdabed7c301 - Path: Packages/com.unity.render-pipelines.universal/Textures/FilmGrain/Large02.png - Importer: ScriptedImporter/UnityEditor.QuickSearchModule:UnityEditor.Search:ASIAI0B' with importer (ScriptedImporter : UnityEditor.QuickSearchModule:UnityEditor.Search:ASIAI0B)
Imported 'GUID: 5cdee82a77d13994f83b8fdabed7c301' -> (Import Result ID: 'df17458efaa13ca304f76a8876a0eac2') in 0.007 seconds [static and dynamic dependencies]. Details - ImportResultOutputID=950ff7dfed1f791f1d6154f6ae9c2954 DependenciesID=071115ad1986fc7537c2a8bd9f4fb165 StaticDependenciesID=4a60421f671be2b150ac92b0c421d2bb 
Number of updated asset objects reloaded before import = 0
Number of asset objects unloaded after import = 1
========================================================================
Received Import Request.
  Time of request: 2026-09-18T17:31:52.8740489Z
  Time since last request: 0.0002901 seconds.
  importAddress: GUID: 5fd9a8feb75a4b5894c241777f519d4e - Path: Packages/com.unity.render-pipelines.universal/Shaders/Utils/MaterialError.shader - Importer: ScriptedImporter/UnityEditor.QuickSearchModule:UnityEditor.Search:ASIAI0B
Importing 'GUID: 5fd9a8feb75a4b5894c241777f519d4e - Path: Packages/com.unity.render-pipelines.universal/Shaders/Utils/MaterialError.shader - Importer: ScriptedImporter/UnityEditor.QuickSearchModule:UnityEditor.Search:ASIAI0B' with importer (ScriptedImporter : UnityEditor.QuickSearchModule:UnityEditor.Search:ASIAI0B)
Imported 'GUID: 5fd9a8feb75a4b5894c241777f519d4e' -> (Import Result ID: '252b885934025c614f01703dc5abe024') in 0.003 seconds [static and dynamic dependencies]. Details - ImportResultOutputID=a231a976a7860b2e0572cee328e4f496 DependenciesID=80cdf28a6648d5d667d2148f92d2d9ee StaticDependenciesID=d47d55ae065b675f96276426d801070a 
Number of updated asset objects reloaded before import = 0
Number of asset objects unloaded after import = 1
========================================================================
Received Import Request.
  Time of request: 2026-09-18T17:31:52.8930739Z
  Time since last request: 0.0003862 seconds.
  importAddress: GUID: 7057bb795f794bc44a4e34ca79be6e54 - Path: Packages/com.unity.render-pipelines.universal/Tests/Editor/CustomDepthBlit.shader - Importer: ScriptedImporter/UnityEditor.QuickSearchModule:UnityEditor.Search:ASIAI0B
Importing 'GUID: 7057bb795f794bc44a4e34ca79be6e54 - Path: Packages/com.unity.render-pipelines.universal/Tests/Editor/CustomDepthBlit.shader - Importer: ScriptedImporter/UnityEditor.QuickSearchModule:UnityEditor.Search:ASIAI0B' with importer (ScriptedImporter : UnityEditor.QuickSearchModule:UnityEditor.Search:ASIAI0B)
Imported 'GUID: 7057bb795f794bc44a4e34ca79be6e54' -> (Import Result ID: 'a736d213b6cc42717e44616a31881f29') in 0.003 seconds [static and dynamic dependencies]. Details - ImportResultOutputID=8a72214d5745dafed081c274a55cd8c7 DependenciesID=84e2eb003437ec6ed91ca5a1aa3a34f7 StaticDependenciesID=b8af50139b4eeeb74f8897f59e7629af 
Number of updated asset objects reloaded before import = 0
Number of asset objects unloaded after import = 1
========================================================================
Received Import Request.
  Time of request: 2026-09-18T17:31:52.9121389Z
  Time since last request: 0.0003036 seconds.
  importAddress: GUID: f89aac1e4f84468418fe30e611dff395 - Path: Packages/com.unity.render-pipelines.universal/Shaders/XR/XRMotionVector.shader - Importer: ScriptedImporter/UnityEditor.QuickSearchModule:UnityEditor.Search:ASIAI0B
Importing 'GUID: f89aac1e4f84468418fe30e611dff395 - Path: Packages/com.unity.render-pipelines.universal/Shaders/XR/XRMotionVector.shader - Importer: ScriptedImporter/UnityEditor.QuickSearchModule:UnityEditor.Search:ASIAI0B' with importer (ScriptedImporter : UnityEditor.QuickSearchModule:UnityEditor.Search:ASIAI0B)
Imported 'GUID: f89aac1e4f84468418fe30e611dff395' -> (Import Result ID: '6e4c22461fd9f970f9b75a73df0e38df') in 0.003 seconds [static and dynamic dependencies]. Details - ImportResultOutputID=6f5426d0ddcdc26d00c5a2343083a032 DependenciesID=93816aa95b9f9906169d856f892bc727 StaticDependenciesID=a02ffbdd408fd9f82d53386a60738310 
Number of updated asset objects reloaded before import = 0
Number of asset objects unloaded after import = 1
========================================================================
Received Import Request.
  Time of request: 2026-09-18T17:31:52.9304568Z
  Time since last request: 0.0002677 seconds.
  importAddress: GUID: 83384e2d6206c8649ba879ec271c4254 - Path: Packages/com.unity.render-pipelines.universal/Shaders/Utils/StencilDeferred.hlsl - Importer: ScriptedImporter/UnityEditor.QuickSearchModule:UnityEditor.Search:ASIAI0B
Importing 'GUID: 83384e2d6206c8649ba879ec271c4254 - Path: Packages/com.unity.render-pipelines.universal/Shaders/Utils/StencilDeferred.hlsl - Importer: ScriptedImporter/UnityEditor.QuickSearchModule:UnityEditor.Search:ASIAI0B' with importer (ScriptedImporter : UnityEditor.QuickSearchModule:UnityEditor.Search:ASIAI0B)
Imported 'GUID: 83384e2d6206c8649ba879ec271c4254' -> (Import Result ID: '578c3164a10d7aae9ddfbb7908f427ca') in 0.002 seconds [static and dynamic dependencies]. Details - ImportResultOutputID=820db9e8371fd164ab42f346201f56f9 DependenciesID=c4e8c4843e63a3b3aeb4cf4d7d835b55 StaticDependenciesID=3653bc58ff619316878bc6c3536a0e99 
Number of updated asset objects reloaded before import = 0
Number of asset objects unloaded after import = 1
========================================================================
Received Import Request.
  Time of request: 2026-09-18T17:31:52.9482877Z
  Time since last request: 0.0002641 seconds.
  importAddress: GUID: 2cc7528ffe326894bb487b2ead9059fa - Path: Packages/com.unity.render-pipelines.universal/Tests/Editor/EditorTests_URPDisabled.cs - Importer: ScriptedImporter/UnityEditor.QuickSearchModule:UnityEditor.Search:ASIAI0B
Importing 'GUID: 2cc7528ffe326894bb487b2ead9059fa - Path: Packages/com.unity.render-pipelines.universal/Tests/Editor/EditorTests_URPDisabled.cs - Importer: ScriptedImporter/UnityEditor.QuickSearchModule:UnityEditor.Search:ASIAI0B' with importer (ScriptedImporter : UnityEditor.QuickSearchModule:UnityEditor.Search:ASIAI0B)
Imported 'GUID: 2cc7528ffe326894bb487b2ead9059fa' -> (Import Result ID: 'f569646153de76562fa106d4ea4adc7e') in 0.004 seconds [static and dynamic dependencies]. Details - ImportResultOutputID=ffce0fd9345e8e64ee0592d72c603341 DependenciesID=bc21109c181b175e8a798b85efdae4e9 StaticDependenciesID=e2452609f9cd1c9c4df2e00812d9dcb2 
Number of updated asset objects reloaded before import = 0
Number of asset objects unloaded after import = 0
========================================================================
Received Import Request.
  Time of request: 2026-09-18T17:31:52.9679763Z
  Time since last request: 0.000295 seconds.
  importAddress: GUID: bc3b0daec27db604caf7fec37e54bf6d - Path: Packages/com.unity.render-pipelines.universal/Tests/Runtime/Unity.RenderPipelines.Universal.Runtime.Tests.asmdef - Importer: ScriptedImporter/UnityEditor.QuickSearchModule:UnityEditor.Search:ASIAI0B
Importing 'GUID: bc3b0daec27db604caf7fec37e54bf6d - Path: Packages/com.unity.render-pipelines.universal/Tests/Runtime/Unity.RenderPipelines.Universal.Runtime.Tests.asmdef - Importer: ScriptedImporter/UnityEditor.QuickSearchModule:UnityEditor.Search:ASIAI0B' with importer (ScriptedImporter : UnityEditor.QuickSearchModule:UnityEditor.Search:ASIAI0B)
Imported 'GUID: bc3b0daec27db604caf7fec37e54bf6d' -> (Import Result ID: '5cd6abd65c0a00571e84d6f3153a180d') in 0.002 seconds [static and dynamic dependencies]. Details - ImportResultOutputID=9e17a28b976a6c963ca5432a8f9be80d DependenciesID=1bbf33e008ae303d12464c86856154f7 StaticDependenciesID=29a505b0b3e526ab9b82b8c24867bc6a 
Number of updated asset objects reloaded before import = 0
Number of asset objects unloaded after import = 1
========================================================================
Received Import Request.
  Time of request: 2026-09-18T17:31:52.9856086Z
  Time since last request: 0.0002087 seconds.
  importAddress: GUID: 36f118343fc974119bee3d09e2111500 - Path: Packages/com.unity.render-pipelines.universal/Textures/BlueNoise256/LDR_LLL1_0.png - Importer: ScriptedImporter/UnityEditor.QuickSearchModule:UnityEditor.Search:ASIAI0B
Importing 'GUID: 36f118343fc974119bee3d09e2111500 - Path: Packages/com.unity.render-pipelines.universal/Textures/BlueNoise256/LDR_LLL1_0.png - Importer: ScriptedImporter/UnityEditor.QuickSearchModule:UnityEditor.Search:ASIAI0B' with importer (ScriptedImporter : UnityEditor.QuickSearchModule:UnityEditor.Search:ASIAI0B)
Imported 'GUID: 36f118343fc974119bee3d09e2111500' -> (Import Result ID: '5a2da6889dc767cce5d2b6bf65d79bed') in 0.007 seconds [static and dynamic dependencies]. Details - ImportResultOutputID=37d546ec8e11fbc72f3c39a42a38114d DependenciesID=490a86e466e1fc511b53f7e0eeae475a StaticDependenciesID=855237cc6a517746df49e7e3eb826286 
Number of updated asset objects reloaded before import = 0
Number of asset objects unloaded after import = 1
========================================================================
Received Import Request.
  Time of request: 2026-09-18T17:31:53.0076043Z
  Time since last request: 0.0002691 seconds.
  importAddress: GUID: 3846104859549aa4eb627e318722149f - Path: Packages/com.unity.render-pipelines.universal/Tests/Runtime/RuntimeTests.cs - Importer: ScriptedImporter/UnityEditor.QuickSearchModule:UnityEditor.Search:ASIAI0B
Importing 'GUID: 3846104859549aa4eb627e318722149f - Path: Packages/com.unity.render-pipelines.universal/Tests/Runtime/RuntimeTests.cs - Importer: ScriptedImporter/UnityEditor.QuickSearchModule:UnityEditor.Search:ASIAI0B' with importer (ScriptedImporter : UnityEditor.QuickSearchModule:UnityEditor.Search:ASIAI0B)
Imported 'GUID: 3846104859549aa4eb627e318722149f' -> (Import Result ID: '530432a29e813fcd552afce20decd398') in 0.002 seconds [static and dynamic dependencies]. Details - ImportResultOutputID=b9098d77374fb1094cb4fa58215b6f82 DependenciesID=b1551b127e35f4ed295400e33702836f StaticDependenciesID=d91016cb0ae0dfa4e960d8240c7db32c 
Number of updated asset objects reloaded before import = 0
Number of asset objects unloaded after import = 0
========================================================================
Received Import Request.
  Time of request: 2026-09-18T17:31:53.0249405Z
  Time since last request: 0.0003205 seconds.
  importAddress: GUID: e8d6afcb728d4974abc7ecfec3d77a6d - Path: Packages/com.unity.render-pipelines.universal/Tests/Runtime/DecalTests.cs - Importer: ScriptedImporter/UnityEditor.QuickSearchModule:UnityEditor.Search:ASIAI0B
Importing 'GUID: e8d6afcb728d4974abc7ecfec3d77a6d - Path: Packages/com.unity.render-pipelines.universal/Tests/Runtime/DecalTests.cs - Importer: ScriptedImporter/UnityEditor.QuickSearchModule:UnityEditor.Search:ASIAI0B' with importer (ScriptedImporter : UnityEditor.QuickSearchModule:UnityEditor.Search:ASIAI0B)
Imported 'GUID: e8d6afcb728d4974abc7ecfec3d77a6d' -> (Import Result ID: '380905e4a5551e6bec67a8ee0fb288ea') in 0.003 seconds [static and dynamic dependencies]. Details - ImportResultOutputID=2d6e6bd33e567cf70e9a167d9033d283 DependenciesID=ea3ebc5fbbd99e7b4524262f89c0f24e StaticDependenciesID=210322164633fbb48ca6d6fc1e65b50d 
Number of updated asset objects reloaded before import = 0
Number of asset objects unloaded after import = 0
========================================================================
Received Import Request.
  Time of request: 2026-09-18T17:31:53.0434173Z
  Time since last request: 0.0003161 seconds.
  importAddress: GUID: dd26f353075a7de438d1eeb98517dc50 - Path: Packages/com.unity.render-pipelines.universal/Tests/Editor/RenderTextureDescriptorDimensionsTests.cs - Importer: ScriptedImporter/UnityEditor.QuickSearchModule:UnityEditor.Search:ASIAI0B
Importing 'GUID: dd26f353075a7de438d1eeb98517dc50 - Path: Packages/com.unity.render-pipelines.universal/Tests/Editor/RenderTextureDescriptorDimensionsTests.cs - Importer: ScriptedImporter/UnityEditor.QuickSearchModule:UnityEditor.Search:ASIAI0B' with importer (ScriptedImporter : UnityEditor.QuickSearchModule:UnityEditor.Search:ASIAI0B)
Imported 'GUID: dd26f353075a7de438d1eeb98517dc50' -> (Import Result ID: 'aa34ad02956847349e8010dee65341f1') in 0.002 seconds [static and dynamic dependencies]. Details - ImportResultOutputID=327940011ac668c5fa92c39f711ae17d DependenciesID=1a7781d3a3597e86887509745a42f2f3 StaticDependenciesID=49f03bbe304f17d357eb48cd6ff50536 
Number of updated asset objects reloaded before import = 0
Number of asset objects unloaded after import = 0
========================================================================
Received Import Request.
  Time of request: 2026-09-18T17:31:53.0618664Z
  Time since last request: 0.000325 seconds.
  importAddress: GUID: 993d9a6b07bf33c4dbf1f13f5879bd34 - Path: Packages/com.unity.render-pipelines.universal/Tests/Runtime/RenderGraphConstraintsTests.cs - Importer: ScriptedImporter/UnityEditor.QuickSearchModule:UnityEditor.Search:ASIAI0B
Importing 'GUID: 993d9a6b07bf33c4dbf1f13f5879bd34 - Path: Packages/com.unity.render-pipelines.universal/Tests/Runtime/RenderGraphConstraintsTests.cs - Importer: ScriptedImporter/UnityEditor.QuickSearchModule:UnityEditor.Search:ASIAI0B' with importer (ScriptedImporter : UnityEditor.QuickSearchModule:UnityEditor.Search:ASIAI0B)
Imported 'GUID: 993d9a6b07bf33c4dbf1f13f5879bd34' -> (Import Result ID: 'e8d8ea351920fdc1da4438469779d03a') in 0.002 seconds [static and dynamic dependencies]. Details - ImportResultOutputID=76b558748e2cbe651912a06bcb130491 DependenciesID=60523d9384c501f8c71de1cb0b6cc3f4 StaticDependenciesID=4bd959a471373e91ca308107d647263f 
Number of updated asset objects reloaded before import = 0
Number of asset objects unloaded after import = 0
========================================================================
Received Import Request.
  Time of request: 2026-09-18T17:31:53.0804486Z
  Time since last request: 0.0002697 seconds.
  importAddress: GUID: 331c5658939a2461d8c7a0b3691eb7d5 - Path: Packages/com.unity.render-pipelines.universal/Textures/BlueNoise256/LDR_LLL1_7.png - Importer: ScriptedImporter/UnityEditor.QuickSearchModule:UnityEditor.Search:ASIAI0B
Importing 'GUID: 331c5658939a2461d8c7a0b3691eb7d5 - Path: Packages/com.unity.render-pipelines.universal/Textures/BlueNoise256/LDR_LLL1_7.png - Importer: ScriptedImporter/UnityEditor.QuickSearchModule:UnityEditor.Search:ASIAI0B' with importer (ScriptedImporter : UnityEditor.QuickSearchModule:UnityEditor.Search:ASIAI0B)
Imported 'GUID: 331c5658939a2461d8c7a0b3691eb7d5' -> (Import Result ID: 'e48135fb581cb75bcfda5168eae85500') in 0.007 seconds [static and dynamic dependencies]. Details - ImportResultOutputID=e60d59967488071b8305c9a5910ca11f DependenciesID=53ea2c4af0f4c3f938bcdd8d458b6bae StaticDependenciesID=8f5ccab63e1623a9f8b25e05f634acd2 
Number of updated asset objects reloaded before import = 0
Number of asset objects unloaded after import = 1
========================================================================
Received Import Request.
  Time of request: 2026-09-18T17:31:53.1030388Z
  Time since last request: 0.0002892 seconds.
  importAddress: GUID: 3d17dfbc1c864f5b993c279862bf9a0f - Path: Packages/com.unity.render-pipelines.universal/Shaders/Utils/SurfaceType.hlsl - Importer: ScriptedImporter/UnityEditor.QuickSearchModule:UnityEditor.Search:ASIAI0B
Importing 'GUID: 3d17dfbc1c864f5b993c279862bf9a0f - Path: Packages/com.unity.render-pipelines.universal/Shaders/Utils/SurfaceType.hlsl - Importer: ScriptedImporter/UnityEditor.QuickSearchModule:UnityEditor.Search:ASIAI0B' with importer (ScriptedImporter : UnityEditor.QuickSearchModule:UnityEditor.Search:ASIAI0B)
Imported 'GUID: 3d17dfbc1c864f5b993c279862bf9a0f' -> (Import Result ID: '129ea874414f3ff1fe65478f55300598') in 0.002 seconds [static and dynamic dependencies]. Details - ImportResultOutputID=b46c16cae0cb20165b61fdc33da0ed19 DependenciesID=0b72aa14dabe47829c048f3bf45b600c StaticDependenciesID=79400381f6173125ed1d7a2685976f5c 
Number of updated asset objects reloaded before import = 0
Number of asset objects unloaded after import = 1
========================================================================
Received Import Request.
  Time of request: 2026-09-18T17:31:53.1205441Z
  Time since last request: 0.0002289 seconds.
  importAddress: GUID: 4b7b083e6b6734e8bb2838b0b50a0bc8 - Path: Packages/com.unity.render-pipelines.universal/Textures/BlueNoise256/LDR_LLL1_1.png - Importer: ScriptedImporter/UnityEditor.QuickSearchModule:UnityEditor.Search:ASIAI0B
Importing 'GUID: 4b7b083e6b6734e8bb2838b0b50a0bc8 - Path: Packages/com.unity.render-pipelines.universal/Textures/BlueNoise256/LDR_LLL1_1.png - Importer: ScriptedImporter/UnityEditor.QuickSearchModule:UnityEditor.Search:ASIAI0B' with importer (ScriptedImporter : UnityEditor.QuickSearchModule:UnityEditor.Search:ASIAI0B)
Imported 'GUID: 4b7b083e6b6734e8bb2838b0b50a0bc8' -> (Import Result ID: '95bf6417b6ca4510d8b4386d0d32bfb0') in 0.007 seconds [static and dynamic dependencies]. Details - ImportResultOutputID=2356598f0303fc38921ebef037b1326c DependenciesID=c048b9ea4272688aa957bcaa537ec07b StaticDependenciesID=565cb9e2bc10f5ffa3cb985d0d575f69 
Number of updated asset objects reloaded before import = 0
Number of asset objects unloaded after import = 1
========================================================================
Received Import Request.
  Time of request: 2026-09-18T17:31:53.1427623Z
  Time since last request: 0.0002151 seconds.
  importAddress: GUID: 7f888aff2ac86494babad1c2c5daeee2 - Path: Packages/com.unity.render-pipelines.universal/Shaders/Utils/FallbackLoading.shader - Importer: ScriptedImporter/UnityEditor.QuickSearchModule:UnityEditor.Search:ASIAI0B
Importing 'GUID: 7f888aff2ac86494babad1c2c5daeee2 - Path: Packages/com.unity.render-pipelines.universal/Shaders/Utils/FallbackLoading.shader - Importer: ScriptedImporter/UnityEditor.QuickSearchModule:UnityEditor.Search:ASIAI0B' with importer (ScriptedImporter : UnityEditor.QuickSearchModule:UnityEditor.Search:ASIAI0B)
Imported 'GUID: 7f888aff2ac86494babad1c2c5daeee2' -> (Import Result ID: '0c54d071e7de55acf6b2a371bdd39235') in 0.003 seconds [static and dynamic dependencies]. Details - ImportResultOutputID=8bd1af16826f5cd4f798b70cd1a756f8 DependenciesID=c51a0537e064b3285fdf38f42358e7b8 StaticDependenciesID=dcda5ab0bfe2763c3d9bac2582004fe9 
Number of updated asset objects reloaded before import = 0
Number of asset objects unloaded after import = 1
========================================================================
Received Import Request.
  Time of request: 2026-09-18T17:31:53.1613604Z
  Time since last request: 0.000188 seconds.
  importAddress: GUID: 3fc1d215954974240928b390996c4362 - Path: Packages/com.unity.render-pipelines.universal/Tests/Editor/SupportedOnRendererAttributeTests.cs - Importer: ScriptedImporter/UnityEditor.QuickSearchModule:UnityEditor.Search:ASIAI0B
Importing 'GUID: 3fc1d215954974240928b390996c4362 - Path: Packages/com.unity.render-pipelines.universal/Tests/Editor/SupportedOnRendererAttributeTests.cs - Importer: ScriptedImporter/UnityEditor.QuickSearchModule:UnityEditor.Search:ASIAI0B' with importer (ScriptedImporter : UnityEditor.QuickSearchModule:UnityEditor.Search:ASIAI0B)
Imported 'GUID: 3fc1d215954974240928b390996c4362' -> (Import Result ID: 'c5abe26dec50a0e6051a78d644b27840') in 0.002 seconds [static and dynamic dependencies]. Details - ImportResultOutputID=6c11e1308faabe1b0d50a081aa0837be DependenciesID=9afe64a3646d688cdb9b53adcea74438 StaticDependenciesID=e1f04e59993c05622e2ad27abbebc2b7 
Number of updated asset objects reloaded before import = 0
Number of asset objects unloaded after import = 0
========================================================================
Received Import Request.
  Time of request: 2026-09-18T17:31:53.1789444Z
  Time since last request: 0.0003033 seconds.
  importAddress: GUID: da9d116cbd3a95840aeb4f28ba5146da - Path: Packages/com.unity.render-pipelines.universal/Tests/Editor/RenderPassCullingTests.cs - Importer: ScriptedImporter/UnityEditor.QuickSearchModule:UnityEditor.Search:ASIAI0B
Importing 'GUID: da9d116cbd3a95840aeb4f28ba5146da - Path: Packages/com.unity.render-pipelines.universal/Tests/Editor/RenderPassCullingTests.cs - Importer: ScriptedImporter/UnityEditor.QuickSearchModule:UnityEditor.Search:ASIAI0B' with importer (ScriptedImporter : UnityEditor.QuickSearchModule:UnityEditor.Search:ASIAI0B)
Imported 'GUID: da9d116cbd3a95840aeb4f28ba5146da' -> (Import Result ID: '308ed7ff3eeab7be5dc07da5cdf7f7c9') in 0.002 seconds [static and dynamic dependencies]. Details - ImportResultOutputID=035e4e36ba50e989501e103ea42b1afc DependenciesID=a90dc821e74dce15bf113336f7f8a9e6 StaticDependenciesID=4dc3f3450dca4a0f9dcfde0026b17053 
Number of updated asset objects reloaded before import = 0
Number of asset objects unloaded after import = 0
========================================================================
Received Import Request.
  Time of request: 2026-09-18T17:31:53.1966319Z
  Time since last request: 0.0002853 seconds.
  importAddress: GUID: d5a307c014552314b9f560906d708772 - Path: Packages/com.unity.render-pipelines.universal/Shaders/XR/XRMirrorView.shader - Importer: ScriptedImporter/UnityEditor.QuickSearchModule:UnityEditor.Search:ASIAI0B
Importing 'GUID: d5a307c014552314b9f560906d708772 - Path: Packages/com.unity.render-pipelines.universal/Shaders/XR/XRMirrorView.shader - Importer: ScriptedImporter/UnityEditor.QuickSearchModule:UnityEditor.Search:ASIAI0B' with importer (ScriptedImporter : UnityEditor.QuickSearchModule:UnityEditor.Search:ASIAI0B)
Imported 'GUID: d5a307c014552314b9f560906d708772' -> (Import Result ID: '0a8e2ac747cb19908df006bb48dc76dd') in 0.003 seconds [static and dynamic dependencies]. Details - ImportResultOutputID=5c445b71067d837b31492d0241f7b8ed DependenciesID=2ab7c7e6fa2b48732556a39353a16c99 StaticDependenciesID=d85a53c99973aa85c4fcef87f7e426d7 
Number of updated asset objects reloaded before import = 0
Number of asset objects unloaded after import = 1
========================================================================
Received Import Request.
  Time of request: 2026-09-18T17:31:53.2150463Z
  Time since last request: 0.000277 seconds.
  importAddress: GUID: 42af586c09f391941a2a8a7bd5164b31 - Path: Packages/com.unity.render-pipelines.universal/Tests/Editor/EditorTests.cs - Importer: ScriptedImporter/UnityEditor.QuickSearchModule:UnityEditor.Search:ASIAI0B
Importing 'GUID: 42af586c09f391941a2a8a7bd5164b31 - Path: Packages/com.unity.render-pipelines.universal/Tests/Editor/EditorTests.cs - Importer: ScriptedImporter/UnityEditor.QuickSearchModule:UnityEditor.Search:ASIAI0B' with importer (ScriptedImporter : UnityEditor.QuickSearchModule:UnityEditor.Search:ASIAI0B)
Imported 'GUID: 42af586c09f391941a2a8a7bd5164b31' -> (Import Result ID: '13f8f07e7076798598bbbafac5396300') in 0.002 seconds [static and dynamic dependencies]. Details - ImportResultOutputID=6503de3a065b622841e52d8cf3112dbb DependenciesID=2360729f41ab1f8ae10f6c85993f7884 StaticDependenciesID=ddc8a16aa3773a72ec0cdb20e69b486c 
Number of updated asset objects reloaded before import = 0
Number of asset objects unloaded after import = 0
========================================================================
Received Import Request.
  Time of request: 2026-09-18T17:31:53.2645256Z
  Time since last request: 0.0321257 seconds.
  importAddress: GUID: 1d36ece7a1d4eb0419c94e297e96b601 - Path: Packages/com.unity.render-pipelines.universal/Editor/2D/Shadows/ShadowCaster2DAssetPipeline.cs - Importer: ScriptedImporter/UnityEditor.QuickSearchModule:UnityEditor.Search:ASIAI0B
Importing 'GUID: 1d36ece7a1d4eb0419c94e297e96b601 - Path: Packages/com.unity.render-pipelines.universal/Editor/2D/Shadows/ShadowCaster2DAssetPipeline.cs - Importer: ScriptedImporter/UnityEditor.QuickSearchModule:UnityEditor.Search:ASIAI0B' with importer (ScriptedImporter : UnityEditor.QuickSearchModule:UnityEditor.Search:ASIAI0B)
Imported 'GUID: 1d36ece7a1d4eb0419c94e297e96b601' -> (Import Result ID: '877ec28b090c9dcc297a5f66446032d6') in 0.002 seconds [static and dynamic dependencies]. Details - ImportResultOutputID=a2ec1e324bfcf9d92500c60519c254d5 DependenciesID=056d1aba11b73902e772da981d810484 StaticDependenciesID=4367b8f1a5d2a3f856753170c1b10886 
Number of updated asset objects reloaded before import = 0
Number of asset objects unloaded after import = 0
========================================================================
Received Import Request.
  Time of request: 2026-09-18T17:31:53.2828657Z
  Time since last request: 0.0003415 seconds.
  importAddress: GUID: 71872915d7faaaf47a5587bce19d5214 - Path: Packages/com.unity.render-pipelines.universal/Editor/2D/Overrides/Unity.RenderPipelines.Universal.2D.Editor.Overrides.asmdef - Importer: ScriptedImporter/UnityEditor.QuickSearchModule:UnityEditor.Search:ASIAI0B
Importing 'GUID: 71872915d7faaaf47a5587bce19d5214 - Path: Packages/com.unity.render-pipelines.universal/Editor/2D/Overrides/Unity.RenderPipelines.Universal.2D.Editor.Overrides.asmdef - Importer: ScriptedImporter/UnityEditor.QuickSearchModule:UnityEditor.Search:ASIAI0B' with importer (ScriptedImporter : UnityEditor.QuickSearchModule:UnityEditor.Search:ASIAI0B)
Imported 'GUID: 71872915d7faaaf47a5587bce19d5214' -> (Import Result ID: 'a221c2341b5d0f457d86686d50228e94') in 0.002 seconds [static and dynamic dependencies]. Details - ImportResultOutputID=38f53ccfe8629ab4b3df8e6d35b51a48 DependenciesID=864dbdb44f10219b498313a0d0d67c25 StaticDependenciesID=45776d3c1b8806dafdd182faa4d149c9 
Number of updated asset objects reloaded before import = 0
Number of asset objects unloaded after import = 1
========================================================================
Received Import Request.
  Time of request: 2026-09-18T17:31:53.3008215Z
  Time since last request: 0.000312 seconds.
  importAddress: GUID: bde473d70341e914d94eb75dadeae951 - Path: Packages/com.unity.render-pipelines.universal/Editor/2D/Provider2D/Provider2DSources_PropertyDrawer.cs - Importer: ScriptedImporter/UnityEditor.QuickSearchModule:UnityEditor.Search:ASIAI0B
Importing 'GUID: bde473d70341e914d94eb75dadeae951 - Path: Packages/com.unity.render-pipelines.universal/Editor/2D/Provider2D/Provider2DSources_PropertyDrawer.cs - Importer: ScriptedImporter/UnityEditor.QuickSearchModule:UnityEditor.Search:ASIAI0B' with importer (ScriptedImporter : UnityEditor.QuickSearchModule:UnityEditor.Search:ASIAI0B)
Imported 'GUID: bde473d70341e914d94eb75dadeae951' -> (Import Result ID: '89eeee0ff84d07df72977149ab0e6218') in 0.002 seconds [static and dynamic dependencies]. Details - ImportResultOutputID=0f27c111c37b5ee5b962e57a59c891fa DependenciesID=0af6b3a599e7395f2600641507d0861f StaticDependenciesID=245109cf5d55819d4b7cf89e339e4c9c 
Number of updated asset objects reloaded before import = 0
Number of asset objects unloaded after import = 0
========================================================================
Received Import Request.
  Time of request: 2026-09-18T17:31:53.318574Z
  Time since last request: 0.0002577 seconds.
  importAddress: GUID: 5f5877a9138882a4095ba0e997d19644 - Path: Packages/com.unity.render-pipelines.universal/Editor/2D/Converter/ParametricToFreeformLightUpgrader.cs - Importer: ScriptedImporter/UnityEditor.QuickSearchModule:UnityEditor.Search:ASIAI0B
Importing 'GUID: 5f5877a9138882a4095ba0e997d19644 - Path: Packages/com.unity.render-pipelines.universal/Editor/2D/Converter/ParametricToFreeformLightUpgrader.cs - Importer: ScriptedImporter/UnityEditor.QuickSearchModule:UnityEditor.Search:ASIAI0B' with importer (ScriptedImporter : UnityEditor.QuickSearchModule:UnityEditor.Search:ASIAI0B)
Imported 'GUID: 5f5877a9138882a4095ba0e997d19644' -> (Import Result ID: 'd048cb79d4ab07af5b822496e2c22459') in 0.002 seconds [static and dynamic dependencies]. Details - ImportResultOutputID=ebbb40996f5b91df6eb3a3e5fce892a7 DependenciesID=d74f1a34b704162dede2a9257546c6b7 StaticDependenciesID=bbb8f50073045346906007755e0cbcb2 
Number of updated asset objects reloaded before import = 0
Number of asset objects unloaded after import = 0
========================================================================
Received Import Request.
  Time of request: 2026-09-18T17:31:53.3367782Z
  Time since last request: 0.0002656 seconds.
  importAddress: GUID: 9817045c94734249994442584f0cd86c - Path: Packages/com.unity.render-pipelines.universal/Editor/BuildProcessors/GraphicsSettingsStrippers/FilmGrainResourcesStripper.cs - Importer: ScriptedImporter/UnityEditor.QuickSearchModule:UnityEditor.Search:ASIAI0B
Importing 'GUID: 9817045c94734249994442584f0cd86c - Path: Packages/com.unity.render-pipelines.universal/Editor/BuildProcessors/GraphicsSettingsStrippers/FilmGrainResourcesStripper.cs - Importer: ScriptedImporter/UnityEditor.QuickSearchModule:UnityEditor.Search:ASIAI0B' with importer (ScriptedImporter : UnityEditor.QuickSearchModule:UnityEditor.Search:ASIAI0B)
Imported 'GUID: 9817045c94734249994442584f0cd86c' -> (Import Result ID: '5128833d671d6822ae2b500094ffeb03') in 0.003 seconds [static and dynamic dependencies]. Details - ImportResultOutputID=7f1bcdaeb5e7f3eb578799b6e51618f9 DependenciesID=08492c644fb6aa98f3bcf4123c09b309 StaticDependenciesID=3db15a973220fc3fc4d4b42eaeffb824 
Number of updated asset objects reloaded before import = 0
Number of asset objects unloaded after import = 0
========================================================================
Received Import Request.
  Time of request: 2026-09-18T17:31:53.3552726Z
  Time since last request: 0.0003828 seconds.
  importAddress: GUID: 4f1ef37ae953c484bbc5d5e4049147e5 - Path: Packages/com.unity.render-pipelines.universal/Editor/SceneTemplates/Materials/Black.mat - Importer: ScriptedImporter/UnityEditor.QuickSearchModule:UnityEditor.Search:ASIAI0B
Importing 'GUID: 4f1ef37ae953c484bbc5d5e4049147e5 - Path: Packages/com.unity.render-pipelines.universal/Editor/SceneTemplates/Materials/Black.mat - Importer: ScriptedImporter/UnityEditor.QuickSearchModule:UnityEditor.Search:ASIAI0B' with importer (ScriptedImporter : UnityEditor.QuickSearchModule:UnityEditor.Search:ASIAI0B)
Imported 'GUID: 4f1ef37ae953c484bbc5d5e4049147e5' -> (Import Result ID: 'b068c58d8351dd65cf2d9c2852ff0800') in 0.005 seconds [static and dynamic dependencies]. Details - ImportResultOutputID=38740d3576436b24f5c895a646625ee0 DependenciesID=d749597c6ff9eea6b50d4b5f54a392f7 StaticDependenciesID=7c5e4f82280b644453a9a391646d78f8 
Number of updated asset objects reloaded before import = 0
Number of asset objects unloaded after import = 2
========================================================================
Received Import Request.
  Time of request: 2026-09-18T17:31:53.3755239Z
  Time since last request: 0.0001761 seconds.
  importAddress: GUID: 2cc0da5e119f39940a554dcaeec9f3ca - Path: Packages/com.unity.render-pipelines.universal/Editor/2D/Shadows/ShadowCaster2DEditor.cs - Importer: ScriptedImporter/UnityEditor.QuickSearchModule:UnityEditor.Search:ASIAI0B
Importing 'GUID: 2cc0da5e119f39940a554dcaeec9f3ca - Path: Packages/com.unity.render-pipelines.universal/Editor/2D/Shadows/ShadowCaster2DEditor.cs - Importer: ScriptedImporter/UnityEditor.QuickSearchModule:UnityEditor.Search:ASIAI0B' with importer (ScriptedImporter : UnityEditor.QuickSearchModule:UnityEditor.Search:ASIAI0B)
Imported 'GUID: 2cc0da5e119f39940a554dcaeec9f3ca' -> (Import Result ID: '29817b94130d9c6d9c5f23b62ff2e845') in 0.005 seconds [static and dynamic dependencies]. Details - ImportResultOutputID=f0a94d9864a20b6b515b084a0b24ffbe DependenciesID=99044d82ca8ef35ba1e44fc1628cb3c7 StaticDependenciesID=dc0b3db6946cd0d7f49fafd60e74fe06 
Number of updated asset objects reloaded before import = 0
Number of asset objects unloaded after import = 0
========================================================================
Received Import Request.
  Time of request: 2026-09-18T17:31:53.3960624Z
  Time since last request: 0.0003888 seconds.
  importAddress: GUID: 4a0aca3a5f2effb41b43cc0a1661d845 - Path: Packages/com.unity.render-pipelines.universal/Editor/2D/Resources/Sparkle.png - Importer: ScriptedImporter/UnityEditor.QuickSearchModule:UnityEditor.Search:ASIAI0B
Importing 'GUID: 4a0aca3a5f2effb41b43cc0a1661d845 - Path: Packages/com.unity.render-pipelines.universal/Editor/2D/Resources/Sparkle.png - Importer: ScriptedImporter/UnityEditor.QuickSearchModule:UnityEditor.Search:ASIAI0B' with importer (ScriptedImporter : UnityEditor.QuickSearchModule:UnityEditor.Search:ASIAI0B)
Imported 'GUID: 4a0aca3a5f2effb41b43cc0a1661d845' -> (Import Result ID: 'ca5b6991443af1249e5412c8ce4ad18d') in 0.008 seconds [static and dynamic dependencies]. Details - ImportResultOutputID=37957dbcc2b714491348df0960248544 DependenciesID=0628d89c216fd058559a876d1c52cb1d StaticDependenciesID=db2e844b5ee38244de5131b6e8e73929 
Number of updated asset objects reloaded before import = 0
Number of asset objects unloaded after import = 3
========================================================================
Received Import Request.
  Time of request: 2026-09-18T17:31:53.4204063Z
  Time since last request: 0.0002494 seconds.
  importAddress: GUID: 6f5f3e944558b294093fde8026e4d36e - Path: Packages/com.unity.render-pipelines.universal/Editor/SceneTemplates/Indoors/Indoors Baking Set.asset - Importer: ScriptedImporter/UnityEditor.QuickSearchModule:UnityEditor.Search:ASIAI0B
Importing 'GUID: 6f5f3e944558b294093fde8026e4d36e - Path: Packages/com.unity.render-pipelines.universal/Editor/SceneTemplates/Indoors/Indoors Baking Set.asset - Importer: ScriptedImporter/UnityEditor.QuickSearchModule:UnityEditor.Search:ASIAI0B' with importer (ScriptedImporter : UnityEditor.QuickSearchModule:UnityEditor.Search:ASIAI0B)
Imported 'GUID: 6f5f3e944558b294093fde8026e4d36e' -> (Import Result ID: '345faab9cb8320512ac104b637fad307') in 0.045 seconds [static and dynamic dependencies]. Details - ImportResultOutputID=fc7ad086ba6f13dd6a6e45d9dd99cba2 DependenciesID=abee86e587ecb526e9c583e1b5ed6252 StaticDependenciesID=3c14d6285aa117ef0c676189bf410f15 
Number of updated asset objects reloaded before import = 0
Number of asset objects unloaded after import = 1
========================================================================
Received Import Request.
  Time of request: 2026-09-18T17:31:53.4803844Z
  Time since last request: 0.0002763 seconds.
  importAddress: GUID: 95e15a77195eb574ab82aaac18b1c796 - Path: Packages/com.unity.render-pipelines.universal/Editor/Overrides/Shaders/ShadowsMidtonesHighlightsCurves.shader - Importer: ScriptedImporter/UnityEditor.QuickSearchModule:UnityEditor.Search:ASIAI0B
Importing 'GUID: 95e15a77195eb574ab82aaac18b1c796 - Path: Packages/com.unity.render-pipelines.universal/Editor/Overrides/Shaders/ShadowsMidtonesHighlightsCurves.shader - Importer: ScriptedImporter/UnityEditor.QuickSearchModule:UnityEditor.Search:ASIAI0B' with importer (ScriptedImporter : UnityEditor.QuickSearchModule:UnityEditor.Search:ASIAI0B)
Imported 'GUID: 95e15a77195eb574ab82aaac18b1c796' -> (Import Result ID: '1e767c75a50abe85fbc9e9fe75da6666') in 0.003 seconds [static and dynamic dependencies]. Details - ImportResultOutputID=5696747df3de2a2b0d9e92e04d3505b3 DependenciesID=36d169a206868972dd046082d53d312b StaticDependenciesID=e02e955fae7ffde797796f7487ce413c 
Number of updated asset objects reloaded before import = 0
Number of asset objects unloaded after import = 1
========================================================================
Received Import Request.
  Time of request: 2026-09-18T17:31:53.4993939Z
  Time since last request: 0.0002523 seconds.
  importAddress: GUID: 695c65e91172db945bf049e595adcc66 - Path: Packages/com.unity.render-pipelines.universal/Editor/SceneTemplates/Indoors/LightingData.asset - Importer: ScriptedImporter/UnityEditor.QuickSearchModule:UnityEditor.Search:ASIAI0B
Importing 'GUID: 695c65e91172db945bf049e595adcc66 - Path: Packages/com.unity.render-pipelines.universal/Editor/SceneTemplates/Indoors/LightingData.asset - Importer: ScriptedImporter/UnityEditor.QuickSearchModule:UnityEditor.Search:ASIAI0B' with importer (ScriptedImporter : UnityEditor.QuickSearchModule:UnityEditor.Search:ASIAI0B)
Imported 'GUID: 695c65e91172db945bf049e595adcc66' -> (Import Result ID: 'f1e7ca512a27215586847fb0d1d52f32') in 0.006 seconds [static and dynamic dependencies]. Details - ImportResultOutputID=8879d5ae71f0bd48777e98b5d600fb6f DependenciesID=b424215c0165f62f552ca58dd4bf6340 StaticDependenciesID=2ee917e98c51acdd2ff14abe538dc206 
Number of updated asset objects reloaded before import = 0
Number of asset objects unloaded after import = 2
========================================================================
Received Import Request.
  Time of request: 2026-09-18T17:31:53.5213547Z
  Time since last request: 0.0002572 seconds.
  importAddress: GUID: c094860479f147488030fb1820fb1264 - Path: Packages/com.unity.render-pipelines.universal/Editor/BuildProcessors/GraphicsSettingsStrippers/SurfaceCacheGIStripper.cs - Importer: ScriptedImporter/UnityEditor.QuickSearchModule:UnityEditor.Search:ASIAI0B
Importing 'GUID: c094860479f147488030fb1820fb1264 - Path: Packages/com.unity.render-pipelines.universal/Editor/BuildProcessors/GraphicsSettingsStrippers/SurfaceCacheGIStripper.cs - Importer: ScriptedImporter/UnityEditor.QuickSearchModule:UnityEditor.Search:ASIAI0B' with importer (ScriptedImporter : UnityEditor.QuickSearchModule:UnityEditor.Search:ASIAI0B)
Imported 'GUID: c094860479f147488030fb1820fb1264' -> (Import Result ID: '9f4084a0ff2030797a87f9827828daa9') in 0.002 seconds [static and dynamic dependencies]. Details - ImportResultOutputID=5142ab3b18ed66be4a41814298b2f5ed DependenciesID=9fa0aa5a2ad13e1c21cbd8da6d45bad4 StaticDependenciesID=06ba70e2d0a06db49c8c3b8ce9636dbe 
Number of updated asset objects reloaded before import = 0
Number of asset objects unloaded after import = 0
========================================================================
Received Import Request.
  Time of request: 2026-09-18T17:31:53.5393496Z
  Time since last request: 0.000307 seconds.
  importAddress: GUID: 8a5fe95d62765c0459615b3a5e71c3a1 - Path: Packages/com.unity.render-pipelines.universal/Editor/2D/Converter/BuiltInPixelPerfectCameraConverter.cs - Importer: ScriptedImporter/UnityEditor.QuickSearchModule:UnityEditor.Search:ASIAI0B
Importing 'GUID: 8a5fe95d62765c0459615b3a5e71c3a1 - Path: Packages/com.unity.render-pipelines.universal/Editor/2D/Converter/BuiltInPixelPerfectCameraConverter.cs - Importer: ScriptedImporter/UnityEditor.QuickSearchModule:UnityEditor.Search:ASIAI0B' with importer (ScriptedImporter : UnityEditor.QuickSearchModule:UnityEditor.Search:ASIAI0B)
Imported 'GUID: 8a5fe95d62765c0459615b3a5e71c3a1' -> (Import Result ID: '5d39c72897b875b654b55252553ee044') in 0.003 seconds [static and dynamic dependencies]. Details - ImportResultOutputID=7fcbda2dba88ecaf1fa599ca6a1f9ec9 DependenciesID=3ad7a4f1a98486b3e801c121c5e7459b StaticDependenciesID=f1bfa740a0919d7a7a884218be4476ab 
Number of updated asset objects reloaded before import = 0
Number of asset objects unloaded after import = 0
========================================================================
Received Import Request.
  Time of request: 2026-09-18T17:31:53.5575579Z
  Time since last request: 0.000261 seconds.
  importAddress: GUID: aa2366bbec4f77041b59b590de916a32 - Path: Packages/com.unity.render-pipelines.universal/Editor/2D/Converter/URP3DToURP2DShaderConverter.cs - Importer: ScriptedImporter/UnityEditor.QuickSearchModule:UnityEditor.Search:ASIAI0B
Importing 'GUID: aa2366bbec4f77041b59b590de916a32 - Path: Packages/com.unity.render-pipelines.universal/Editor/2D/Converter/URP3DToURP2DShaderConverter.cs - Importer: ScriptedImporter/UnityEditor.QuickSearchModule:UnityEditor.Search:ASIAI0B' with importer (ScriptedImporter : UnityEditor.QuickSearchModule:UnityEditor.Search:ASIAI0B)
Imported 'GUID: aa2366bbec4f77041b59b590de916a32' -> (Import Result ID: 'ac26d9106fad85f3451eee2e3ceeac75') in 0.002 seconds [static and dynamic dependencies]. Details - ImportResultOutputID=25642d5756c319d57bd9dc7bc8430ebc DependenciesID=3cdc7e1334b6773e11d1f37b0f28cfc9 StaticDependenciesID=5244c4864cd38d146a7395e57cbb4fa3 
Number of updated asset objects reloaded before import = 0
Number of asset objects unloaded after import = 0
========================================================================
Received Import Request.
  Time of request: 2026-09-18T17:31:53.5754377Z
  Time since last request: 0.0001942 seconds.
  importAddress: GUID: ec2f01df0bb1bfe459b5562a9e71c8d4 - Path: Packages/com.unity.render-pipelines.universal/Editor/2D/Resources/Cinemachine.png - Importer: ScriptedImporter/UnityEditor.QuickSearchModule:UnityEditor.Search:ASIAI0B
Importing 'GUID: ec2f01df0bb1bfe459b5562a9e71c8d4 - Path: Packages/com.unity.render-pipelines.universal/Editor/2D/Resources/Cinemachine.png - Importer: ScriptedImporter/UnityEditor.QuickSearchModule:UnityEditor.Search:ASIAI0B' with importer (ScriptedImporter : UnityEditor.QuickSearchModule:UnityEditor.Search:ASIAI0B)
Imported 'GUID: ec2f01df0bb1bfe459b5562a9e71c8d4' -> (Import Result ID: 'f18ecb6a9af85381b0ec510fca95bc61') in 0.008 seconds [static and dynamic dependencies]. Details - ImportResultOutputID=ec9c144a5205012424d86e2c17d4e8a2 DependenciesID=90a214d2addc69c2347c76cccff1098f StaticDependenciesID=ede84691c80b2f77ec702d874329ee7a 
Number of updated asset objects reloaded before import = 0
Number of asset objects unloaded after import = 1
========================================================================
Received Import Request.
  Time of request: 2026-09-18T17:31:53.5984414Z
  Time since last request: 0.0002082 seconds.
  importAddress: GUID: f0b67500f7fad3b4c9f2b13e8f41ba6e - Path: Packages/com.unity.render-pipelines.universal/Textures/FilmGrain/Medium02.png - Importer: ScriptedImporter/UnityEditor.QuickSearchModule:UnityEditor.Search:ASIAI0B
Importing 'GUID: f0b67500f7fad3b4c9f2b13e8f41ba6e - Path: Packages/com.unity.render-pipelines.universal/Textures/FilmGrain/Medium02.png - Importer: ScriptedImporter/UnityEditor.QuickSearchModule:UnityEditor.Search:ASIAI0B' with importer (ScriptedImporter : UnityEditor.QuickSearchModule:UnityEditor.Search:ASIAI0B)
Imported 'GUID: f0b67500f7fad3b4c9f2b13e8f41ba6e' -> (Import Result ID: '8ef9a589fff503aa65e0eddf566a8d54') in 0.007 seconds [static and dynamic dependencies]. Details - ImportResultOutputID=884f70edc765ef0df005e79e6f4f9fe3 DependenciesID=171f95936457e52c4be805cc2521761e StaticDependenciesID=d5e95e89ee4ab5790dbc6e62dd2e5cf6 
Number of updated asset objects reloaded before import = 0
Number of asset objects unloaded after import = 1
========================================================================
Received Import Request.
  Time of request: 2026-09-18T17:31:53.6209847Z
  Time since last request: 0.0002506 seconds.
  importAddress: GUID: 4328012bbeb186e40812b29daf0fcbc5 - Path: Packages/com.unity.render-pipelines.universal/Editor/2D/Provider2D/Provider2D_ProperyDrawer.cs - Importer: ScriptedImporter/UnityEditor.QuickSearchModule:UnityEditor.Search:ASIAI0B
Importing 'GUID: 4328012bbeb186e40812b29daf0fcbc5 - Path: Packages/com.unity.render-pipelines.universal/Editor/2D/Provider2D/Provider2D_ProperyDrawer.cs - Importer: ScriptedImporter/UnityEditor.QuickSearchModule:UnityEditor.Search:ASIAI0B' with importer (ScriptedImporter : UnityEditor.QuickSearchModule:UnityEditor.Search:ASIAI0B)
Imported 'GUID: 4328012bbeb186e40812b29daf0fcbc5' -> (Import Result ID: '46523e122a4a1eb6b0ecee08a01e4967') in 0.003 seconds [static and dynamic dependencies]. Details - ImportResultOutputID=8034663331843e61278a8213180872d5 DependenciesID=66e1de82f8f7ad30263688bf54eb9e67 StaticDependenciesID=ac25d5a512f00e0a40bfbb9d4b6da8c1 
Number of updated asset objects reloaded before import = 0
Number of asset objects unloaded after import = 0
========================================================================
Received Import Request.
  Time of request: 2026-09-18T17:31:53.6395886Z
  Time since last request: 0.0003281 seconds.
  importAddress: GUID: a34b888dc08a0694b8008696310812fd - Path: Packages/com.unity.render-pipelines.universal/Editor/2D/Provider2D/Shadow2DSources_PropertyDrawer.cs - Importer: ScriptedImporter/UnityEditor.QuickSearchModule:UnityEditor.Search:ASIAI0B
Importing 'GUID: a34b888dc08a0694b8008696310812fd - Path: Packages/com.unity.render-pipelines.universal/Editor/2D/Provider2D/Shadow2DSources_PropertyDrawer.cs - Importer: ScriptedImporter/UnityEditor.QuickSearchModule:UnityEditor.Search:ASIAI0B' with importer (ScriptedImporter : UnityEditor.QuickSearchModule:UnityEditor.Search:ASIAI0B)
Imported 'GUID: a34b888dc08a0694b8008696310812fd' -> (Import Result ID: 'b5ab76d30e103956e1f467cb8aa125cb') in 0.002 seconds [static and dynamic dependencies]. Details - ImportResultOutputID=5dacc21032f1c9b43d70c2c1748b5bca DependenciesID=73e50996d5b7ecebe5c8af74ffb4cb7b StaticDependenciesID=ab496c833ff1680819060b4ac96d95b6 
Number of updated asset objects reloaded before import = 0
Number of asset objects unloaded after import = 0
========================================================================
Received Import Request.
  Time of request: 2026-09-18T17:31:53.6578771Z
  Time since last request: 0.0003374 seconds.
  importAddress: GUID: 6728b86022214f8a8337014ddb1b4b0e - Path: Packages/com.unity.render-pipelines.universal/Editor/BuildProcessors/GraphicsSettingsStrippers/UniversalDebugShaderStripper.cs - Importer: ScriptedImporter/UnityEditor.QuickSearchModule:UnityEditor.Search:ASIAI0B
Importing 'GUID: 6728b86022214f8a8337014ddb1b4b0e - Path: Packages/com.unity.render-pipelines.universal/Editor/BuildProcessors/GraphicsSettingsStrippers/UniversalDebugShaderStripper.cs - Importer: ScriptedImporter/UnityEditor.QuickSearchModule:UnityEditor.Search:ASIAI0B' with importer (ScriptedImporter : UnityEditor.QuickSearchModule:UnityEditor.Search:ASIAI0B)
Imported 'GUID: 6728b86022214f8a8337014ddb1b4b0e' -> (Import Result ID: 'de1ce0197a7888f025d0856209bc32ca') in 0.002 seconds [static and dynamic dependencies]. Details - ImportResultOutputID=2cfe5ae5539af794127162508fd63ffa DependenciesID=8b617086ff821b7ede12fb074add4015 StaticDependenciesID=7f0389be4d93610b4854495be4737b8c 
Number of updated asset objects reloaded before import = 0
Number of asset objects unloaded after import = 0
========================================================================
Received Import Request.
  Time of request: 2026-09-18T17:31:53.6762058Z
  Time since last request: 0.000228 seconds.
  importAddress: GUID: 7c198b1ecf647d44bb399198e12d2bfa - Path: Packages/com.unity.render-pipelines.universal/Editor/2D/Converter/BuiltInToURP2DShaderConverter.cs - Importer: ScriptedImporter/UnityEditor.QuickSearchModule:UnityEditor.Search:ASIAI0B
Importing 'GUID: 7c198b1ecf647d44bb399198e12d2bfa - Path: Packages/com.unity.render-pipelines.universal/Editor/2D/Converter/BuiltInToURP2DShaderConverter.cs - Importer: ScriptedImporter/UnityEditor.QuickSearchModule:UnityEditor.Search:ASIAI0B' with importer (ScriptedImporter : UnityEditor.QuickSearchModule:UnityEditor.Search:ASIAI0B)
Imported 'GUID: 7c198b1ecf647d44bb399198e12d2bfa' -> (Import Result ID: '83e3933b96f43b733ebe0686aa685c7a') in 0.003 seconds [static and dynamic dependencies]. Details - ImportResultOutputID=2e5d5b6597e1add376f7e742e95a8fc4 DependenciesID=1e8806f276ae4a29a60ef41269ae6983 StaticDependenciesID=5ffbf2b654f272184d2b6d6ab77c76f9 
Number of updated asset objects reloaded before import = 0
Number of asset objects unloaded after import = 0
========================================================================
Received Import Request.
  Time of request: 2026-09-18T17:31:53.694115Z
  Time since last request: 0.0002982 seconds.
  importAddress: GUID: e375ace14cc3b5b448ca85ba2455930c - Path: Packages/com.unity.render-pipelines.universal/Editor/SceneTemplates/Indoors/ReflectionProbe-0.exr - Importer: ScriptedImporter/UnityEditor.QuickSearchModule:UnityEditor.Search:ASIAI0B
Importing 'GUID: e375ace14cc3b5b448ca85ba2455930c - Path: Packages/com.unity.render-pipelines.universal/Editor/SceneTemplates/Indoors/ReflectionProbe-0.exr - Importer: ScriptedImporter/UnityEditor.QuickSearchModule:UnityEditor.Search:ASIAI0B' with importer (ScriptedImporter : UnityEditor.QuickSearchModule:UnityEditor.Search:ASIAI0B)
Imported 'GUID: e375ace14cc3b5b448ca85ba2455930c' -> (Import Result ID: '0a1be5326b52e50b2ee18ab05ac4a375') in 0.013 seconds [static and dynamic dependencies]. Details - ImportResultOutputID=e14c99e9839a6e34722b356d3568664e DependenciesID=737c12edf12951b88ca8d0f8f5ca8dc6 StaticDependenciesID=29dd80fbd5fa6dadd49ce9814a9132c3 
Number of updated asset objects reloaded before import = 0
Number of asset objects unloaded after import = 1
========================================================================
Received Import Request.
  Time of request: 2026-09-18T17:31:53.7236474Z
  Time since last request: 0.000268 seconds.
  importAddress: GUID: 9ba2ca86094729044b1838b251b579b2 - Path: Packages/com.unity.render-pipelines.universal/Editor/BuildProcessors/GraphicsSettingsStrippers/ScreenSpaceReflectionStripper.cs - Importer: ScriptedImporter/UnityEditor.QuickSearchModule:UnityEditor.Search:ASIAI0B
Importing 'GUID: 9ba2ca86094729044b1838b251b579b2 - Path: Packages/com.unity.render-pipelines.universal/Editor/BuildProcessors/GraphicsSettingsStrippers/ScreenSpaceReflectionStripper.cs - Importer: ScriptedImporter/UnityEditor.QuickSearchModule:UnityEditor.Search:ASIAI0B' with importer (ScriptedImporter : UnityEditor.QuickSearchModule:UnityEditor.Search:ASIAI0B)
Imported 'GUID: 9ba2ca86094729044b1838b251b579b2' -> (Import Result ID: '1d5146456733282b71e25bbeb3453c56') in 0.002 seconds [static and dynamic dependencies]. Details - ImportResultOutputID=628ff281e67bf52f50c6f26110e51144 DependenciesID=49d2282c47cb7e507579a94c8d1b208b StaticDependenciesID=7eca50cf128aca620dbe2a2cc2e5efac 
Number of updated asset objects reloaded before import = 0
Number of asset objects unloaded after import = 0
========================================================================
Received Import Request.
  Time of request: 2026-09-18T17:31:53.74196Z
  Time since last request: 0.0002547 seconds.
  importAddress: GUID: 51eee22c2a633ef4aada830eed57c3fd - Path: Packages/com.unity.render-pipelines.universal/Textures/SMAA/SearchTex.tga - Importer: ScriptedImporter/UnityEditor.QuickSearchModule:UnityEditor.Search:ASIAI0B
Importing 'GUID: 51eee22c2a633ef4aada830eed57c3fd - Path: Packages/com.unity.render-pipelines.universal/Textures/SMAA/SearchTex.tga - Importer: ScriptedImporter/UnityEditor.QuickSearchModule:UnityEditor.Search:ASIAI0B' with importer (ScriptedImporter : UnityEditor.QuickSearchModule:UnityEditor.Search:ASIAI0B)
Imported 'GUID: 51eee22c2a633ef4aada830eed57c3fd' -> (Import Result ID: '52ecd6240521516e6584ddb92e13c5ca') in 0.010 seconds [static and dynamic dependencies]. Details - ImportResultOutputID=15f876105da8daed8823a728cd6a018b DependenciesID=ded106f6b3e72d0b9b021855332dac62 StaticDependenciesID=d82c8afbb87ebf5e69e0b0328e11c019 
Number of updated asset objects reloaded before import = 0
Number of asset objects unloaded after import = 1
========================================================================
Received Import Request.
  Time of request: 2026-09-18T17:31:53.7688213Z
  Time since last request: 0.0002695 seconds.
  importAddress: GUID: 06094ba9171a2b2449746e516915ac1e - Path: Packages/com.unity.render-pipelines.universal/Editor/2D/Converter/BuiltInToURP2DReadonlyMaterialConverter.cs - Importer: ScriptedImporter/UnityEditor.QuickSearchModule:UnityEditor.Search:ASIAI0B
Importing 'GUID: 06094ba9171a2b2449746e516915ac1e - Path: Packages/com.unity.render-pipelines.universal/Editor/2D/Converter/BuiltInToURP2DReadonlyMaterialConverter.cs - Importer: ScriptedImporter/UnityEditor.QuickSearchModule:UnityEditor.Search:ASIAI0B' with importer (ScriptedImporter : UnityEditor.QuickSearchModule:UnityEditor.Search:ASIAI0B)
Imported 'GUID: 06094ba9171a2b2449746e516915ac1e' -> (Import Result ID: 'ef7fd6fe9d391b2242b1c6141996f787') in 0.003 seconds [static and dynamic dependencies]. Details - ImportResultOutputID=302fe01c2d2e732cd96e0075bd4159fa DependenciesID=d13939e912ac2c6076e22f6c5a6dffb2 StaticDependenciesID=e899e3884d8196e800c3790e0afa80ff 
Number of updated asset objects reloaded before import = 0
Number of asset objects unloaded after import = 0
========================================================================
Received Import Request.
  Time of request: 2026-09-18T17:31:53.8008972Z
  Time since last request: 0.0146037 seconds.
  importAddress: GUID: aa80e1eae2080d849a7ab1ccfbd6953c - Path: Packages/com.unity.render-pipelines.universal/Editor/ShaderGraph/Includes/ShaderVariablesDecal.hlsl - Importer: ScriptedImporter/UnityEditor.QuickSearchModule:UnityEditor.Search:ASIAI0B
Importing 'GUID: aa80e1eae2080d849a7ab1ccfbd6953c - Path: Packages/com.unity.render-pipelines.universal/Editor/ShaderGraph/Includes/ShaderVariablesDecal.hlsl - Importer: ScriptedImporter/UnityEditor.QuickSearchModule:UnityEditor.Search:ASIAI0B' with importer (ScriptedImporter : UnityEditor.QuickSearchModule:UnityEditor.Search:ASIAI0B)
Imported 'GUID: aa80e1eae2080d849a7ab1ccfbd6953c' -> (Import Result ID: '136c354dc32eadb0efc0071a00765aed') in 0.003 seconds [static and dynamic dependencies]. Details - ImportResultOutputID=90d8da4a5a372e267c8740f1791cf9d4 DependenciesID=47091a30d6429ce7280d4aebadab1bd6 StaticDependenciesID=3bc8945dce1c366adc2e4e0b4d4e8b5c 
Number of updated asset objects reloaded before import = 0
Number of asset objects unloaded after import = 1
========================================================================
Received Import Request.
  Time of request: 2026-09-18T17:31:53.8201557Z
  Time since last request: 0.0003605 seconds.
  importAddress: GUID: 6120e053fa5537949a54c661e2a57a39 - Path: Packages/com.unity.render-pipelines.universal/Editor/ShaderGraph/AssetCallbacks/CreateUnlitShaderGraph.cs - Importer: ScriptedImporter/UnityEditor.QuickSearchModule:UnityEditor.Search:ASIAI0B
Importing 'GUID: 6120e053fa5537949a54c661e2a57a39 - Path: Packages/com.unity.render-pipelines.universal/Editor/ShaderGraph/AssetCallbacks/CreateUnlitShaderGraph.cs - Importer: ScriptedImporter/UnityEditor.QuickSearchModule:UnityEditor.Search:ASIAI0B' with importer (ScriptedImporter : UnityEditor.QuickSearchModule:UnityEditor.Search:ASIAI0B)
Imported 'GUID: 6120e053fa5537949a54c661e2a57a39' -> (Import Result ID: '11c45d4d246b97b5be09932257484840') in 0.003 seconds [static and dynamic dependencies]. Details - ImportResultOutputID=ccc8973a78f77d6654d0fb77237526fe DependenciesID=1d7ff5dbfbaf6b7ebefaed57751899ab StaticDependenciesID=397d1cba24594f42ecf45c83873e1a8e 
Number of updated asset objects reloaded before import = 0
Number of asset objects unloaded after import = 0
========================================================================
Received Import Request.
  Time of request: 2026-09-18T17:31:53.8395204Z
  Time since last request: 0.0004475 seconds.
  importAddress: GUID: 92228d45c1ff66740bfa9e6d97f7e280 - Path: Packages/com.unity.render-pipelines.universal/Editor/ShaderGraph/Targets/UniversalSubTarget.cs - Importer: ScriptedImporter/UnityEditor.QuickSearchModule:UnityEditor.Search:ASIAI0B
Importing 'GUID: 92228d45c1ff66740bfa9e6d97f7e280 - Path: Packages/com.unity.render-pipelines.universal/Editor/ShaderGraph/Targets/UniversalSubTarget.cs - Importer: ScriptedImporter/UnityEditor.QuickSearchModule:UnityEditor.Search:ASIAI0B' with importer (ScriptedImporter : UnityEditor.QuickSearchModule:UnityEditor.Search:ASIAI0B)
Imported 'GUID: 92228d45c1ff66740bfa9e6d97f7e280' -> (Import Result ID: '128514210b3f7ef403bba0b0e9a45290') in 0.003 seconds [static and dynamic dependencies]. Details - ImportResultOutputID=32f15d9f19c766c8a3ac8a6bd0114065 DependenciesID=36ae37fcf477070648c803823788f1fa StaticDependenciesID=d1c0c3c548291c3391e1f12826d6456b 
Number of updated asset objects reloaded before import = 0
Number of asset objects unloaded after import = 0
========================================================================
Received Import Request.
  Time of request: 2026-09-18T17:31:53.8582747Z
  Time since last request: 0.00026 seconds.
  importAddress: GUID: b1197b10aa62577498d67cffe1d3bd43 - Path: Packages/com.unity.render-pipelines.universal/Editor/ShaderGraph/Targets/UniversalUISubTarget.cs - Importer: ScriptedImporter/UnityEditor.QuickSearchModule:UnityEditor.Search:ASIAI0B
Importing 'GUID: b1197b10aa62577498d67cffe1d3bd43 - Path: Packages/com.unity.render-pipelines.universal/Editor/ShaderGraph/Targets/UniversalUISubTarget.cs - Importer: ScriptedImporter/UnityEditor.QuickSearchModule:UnityEditor.Search:ASIAI0B' with importer (ScriptedImporter : UnityEditor.QuickSearchModule:UnityEditor.Search:ASIAI0B)
Imported 'GUID: b1197b10aa62577498d67cffe1d3bd43' -> (Import Result ID: 'ce4583b58c00b913e8a0da7cee81526b') in 0.003 seconds [static and dynamic dependencies]. Details - ImportResultOutputID=99d9bf09ad94f6edd975298f620242ac DependenciesID=c0ee76db783d1151174b7b66531f9a27 StaticDependenciesID=fab6f7ef26b73cf4250483bdd2b36d58 
Number of updated asset objects reloaded before import = 0
Number of asset objects unloaded after import = 0
========================================================================
Received Import Request.
  Time of request: 2026-09-18T17:31:53.8769589Z
  Time since last request: 0.0003767 seconds.
  importAddress: GUID: 065bc4c5f217fe14bb13b4ce5ab51a0c - Path: Packages/com.unity.render-pipelines.universal/Editor/ShaderGraph/AssetCallbacks/CreateFullscreenShaderGraph.cs - Importer: ScriptedImporter/UnityEditor.QuickSearchModule:UnityEditor.Search:ASIAI0B
Importing 'GUID: 065bc4c5f217fe14bb13b4ce5ab51a0c - Path: Packages/com.unity.render-pipelines.universal/Editor/ShaderGraph/AssetCallbacks/CreateFullscreenShaderGraph.cs - Importer: ScriptedImporter/UnityEditor.QuickSearchModule:UnityEditor.Search:ASIAI0B' with importer (ScriptedImporter : UnityEditor.QuickSearchModule:UnityEditor.Search:ASIAI0B)
Imported 'GUID: 065bc4c5f217fe14bb13b4ce5ab51a0c' -> (Import Result ID: '019fe883b06a342342ac9c6426fc6252') in 0.003 seconds [static and dynamic dependencies]. Details - ImportResultOutputID=f7b68f09db201c3ef4b8308f7b188dee DependenciesID=df3ad99c1b3869537570eb7da2a3969d StaticDependenciesID=b01161503818173501ba1ebc9bd4a323 
Number of updated asset objects reloaded before import = 0
Number of asset objects unloaded after import = 0
========================================================================
Received Import Request.
  Time of request: 2026-09-18T17:31:53.895448Z
  Time since last request: 0.0002446 seconds.
  importAddress: GUID: 7b0974d577112814b864532434d162a7 - Path: Packages/com.unity.render-pipelines.universal/Editor/ShaderGraph/Includes/DecalMeshBiasTypeEnum.cs - Importer: ScriptedImporter/UnityEditor.QuickSearchModule:UnityEditor.Search:ASIAI0B
Importing 'GUID: 7b0974d577112814b864532434d162a7 - Path: Packages/com.unity.render-pipelines.universal/Editor/ShaderGraph/Includes/DecalMeshBiasTypeEnum.cs - Importer: ScriptedImporter/UnityEditor.QuickSearchModule:UnityEditor.Search:ASIAI0B' with importer (ScriptedImporter : UnityEditor.QuickSearchModule:UnityEditor.Search:ASIAI0B)
Imported 'GUID: 7b0974d577112814b864532434d162a7' -> (Import Result ID: '4f1e143f14a07a831239c8b68a134e3a') in 0.002 seconds [static and dynamic dependencies]. Details - ImportResultOutputID=776690fbcbcba24cfd600d663e4d2b65 DependenciesID=c8e5d050084e45f0f33b327d6ee70305 StaticDependenciesID=315abc01742cdbd770e4dbc374e7021b 
Number of updated asset objects reloaded before import = 0
Number of asset objects unloaded after import = 0
========================================================================
Received Import Request.
  Time of request: 2026-09-18T17:31:53.9130384Z
  Time since last request: 0.000319 seconds.
  importAddress: GUID: edb0ac362a4849488bbf53e05e67bb8a - Path: Packages/com.unity.render-pipelines.universal/Editor/ShaderGraph/AssetCallbacks/CreateSixWayShaderGraph.cs - Importer: ScriptedImporter/UnityEditor.QuickSearchModule:UnityEditor.Search:ASIAI0B
Importing 'GUID: edb0ac362a4849488bbf53e05e67bb8a - Path: Packages/com.unity.render-pipelines.universal/Editor/ShaderGraph/AssetCallbacks/CreateSixWayShaderGraph.cs - Importer: ScriptedImporter/UnityEditor.QuickSearchModule:UnityEditor.Search:ASIAI0B' with importer (ScriptedImporter : UnityEditor.QuickSearchModule:UnityEditor.Search:ASIAI0B)
Imported 'GUID: edb0ac362a4849488bbf53e05e67bb8a' -> (Import Result ID: 'c4ec51f3aea7b8376c0d58e287bec272') in 0.003 seconds [static and dynamic dependencies]. Details - ImportResultOutputID=da9fd7480b3382f6a8c6dd840f28ca8d DependenciesID=9ab7bac7b0734ef9c42ceb60b886287d StaticDependenciesID=d6f462c004c2cf4ffdeb5340911503df 
Number of updated asset objects reloaded before import = 0
Number of asset objects unloaded after import = 0
========================================================================
Received Import Request.
  Time of request: 2026-09-18T17:31:53.9312296Z
  Time since last request: 0.0003007 seconds.
  importAddress: GUID: 3d3db9f7026a8344cbbc2353827bbbc0 - Path: Packages/com.unity.render-pipelines.universal/Editor/ShaderGraph/GraphTemplates/UITKFullTemplate.png - Importer: ScriptedImporter/UnityEditor.QuickSearchModule:UnityEditor.Search:ASIAI0B
Importing 'GUID: 3d3db9f7026a8344cbbc2353827bbbc0 - Path: Packages/com.unity.render-pipelines.universal/Editor/ShaderGraph/GraphTemplates/UITKFullTemplate.png - Importer: ScriptedImporter/UnityEditor.QuickSearchModule:UnityEditor.Search:ASIAI0B' with importer (ScriptedImporter : UnityEditor.QuickSearchModule:UnityEditor.Search:ASIAI0B)
Imported 'GUID: 3d3db9f7026a8344cbbc2353827bbbc0' -> (Import Result ID: '55c5f536965787ed54148c86e491beb9') in 0.011 seconds [static and dynamic dependencies]. Details - ImportResultOutputID=6da350eebafb0e354fc88aaa16d3f353 DependenciesID=8ba1d38c9d894a1529b0d7910ca9452c StaticDependenciesID=69540d01dfb57c94e299129da86e4cdb 
Number of updated asset objects reloaded before import = 0
Number of asset objects unloaded after import = 1
========================================================================
Received Import Request.
  Time of request: 2026-09-18T17:31:53.9580932Z
  Time since last request: 0.0003377 seconds.
  importAddress: GUID: 2e3b7e4ab4a5f4e43b67ed106268f659 - Path: Packages/com.unity.render-pipelines.universal/Editor/ShaderGraph/Targets/UniversalCanvasSubTarget.cs - Importer: ScriptedImporter/UnityEditor.QuickSearchModule:UnityEditor.Search:ASIAI0B
Importing 'GUID: 2e3b7e4ab4a5f4e43b67ed106268f659 - Path: Packages/com.unity.render-pipelines.universal/Editor/ShaderGraph/Targets/UniversalCanvasSubTarget.cs - Importer: ScriptedImporter/UnityEditor.QuickSearchModule:UnityEditor.Search:ASIAI0B' with importer (ScriptedImporter : UnityEditor.QuickSearchModule:UnityEditor.Search:ASIAI0B)
Imported 'GUID: 2e3b7e4ab4a5f4e43b67ed106268f659' -> (Import Result ID: 'd3e0d64da5857f3f5eed7c9af2f997a1') in 0.003 seconds [static and dynamic dependencies]. Details - ImportResultOutputID=ad9348221fc15fe680ff7081817276c2 DependenciesID=84ed466c65bb0c147e06de20692534bb StaticDependenciesID=1b658af8bbc365a639a1dba0e267f4d1 
Number of updated asset objects reloaded before import = 0
Number of asset objects unloaded after import = 0
========================================================================
Received Import Request.
  Time of request: 2026-09-18T17:31:53.9763779Z
  Time since last request: 0.0003653 seconds.
  importAddress: GUID: f6cdcb0f9c306bf4895b74013d29ed47 - Path: Packages/com.unity.render-pipelines.universal/Editor/ShaderGraph/Targets/UniversalDecalSubTarget.cs - Importer: ScriptedImporter/UnityEditor.QuickSearchModule:UnityEditor.Search:ASIAI0B
Importing 'GUID: f6cdcb0f9c306bf4895b74013d29ed47 - Path: Packages/com.unity.render-pipelines.universal/Editor/ShaderGraph/Targets/UniversalDecalSubTarget.cs - Importer: ScriptedImporter/UnityEditor.QuickSearchModule:UnityEditor.Search:ASIAI0B' with importer (ScriptedImporter : UnityEditor.QuickSearchModule:UnityEditor.Search:ASIAI0B)
Imported 'GUID: f6cdcb0f9c306bf4895b74013d29ed47' -> (Import Result ID: 'c63e56803035368b29d8a15b3193b0f3') in 0.003 seconds [static and dynamic dependencies]. Details - ImportResultOutputID=a1c98cdf7cb4dfc50c23f7fc2aad34fb DependenciesID=a6adc14221b8fe8ef8b5fc8e1d9ae655 StaticDependenciesID=7d2757a8883deb4a0ed8ae97eb015d9f 
Number of updated asset objects reloaded before import = 0
Number of asset objects unloaded after import = 0
========================================================================
Received Import Request.
  Time of request: 2026-09-18T17:31:53.9953256Z
  Time since last request: 0.0002663 seconds.
  importAddress: GUID: 2085a40153652db43a116297c1924476 - Path: Packages/com.unity.render-pipelines.universal/Editor/ShaderGraph/Includes/Varyings.hlsl - Importer: ScriptedImporter/UnityEditor.QuickSearchModule:UnityEditor.Search:ASIAI0B
Importing 'GUID: 2085a40153652db43a116297c1924476 - Path: Packages/com.unity.render-pipelines.universal/Editor/ShaderGraph/Includes/Varyings.hlsl - Importer: ScriptedImporter/UnityEditor.QuickSearchModule:UnityEditor.Search:ASIAI0B' with importer (ScriptedImporter : UnityEditor.QuickSearchModule:UnityEditor.Search:ASIAI0B)
Imported 'GUID: 2085a40153652db43a116297c1924476' -> (Import Result ID: 'd7c1904c48050aa5869a4b4a39cfe658') in 0.002 seconds [static and dynamic dependencies]. Details - ImportResultOutputID=efec43e50c22fbf687cdf0317ac8aaf8 DependenciesID=d26a635d91260d63774b0e0d791a9120 StaticDependenciesID=283bc238475041f59ca7f67c994cd6a2 
Number of updated asset objects reloaded before import = 0
Number of asset objects unloaded after import = 1
========================================================================
Received Import Request.
  Time of request: 2026-09-18T17:31:54.0134679Z
  Time since last request: 0.0002787 seconds.
  importAddress: GUID: 07da8e9cacb587246ade02755c273666 - Path: Packages/com.unity.render-pipelines.universal/Editor/ShaderGraph/Includes/UnlitPass.hlsl - Importer: ScriptedImporter/UnityEditor.QuickSearchModule:UnityEditor.Search:ASIAI0B
Importing 'GUID: 07da8e9cacb587246ade02755c273666 - Path: Packages/com.unity.render-pipelines.universal/Editor/ShaderGraph/Includes/UnlitPass.hlsl - Importer: ScriptedImporter/UnityEditor.QuickSearchModule:UnityEditor.Search:ASIAI0B' with importer (ScriptedImporter : UnityEditor.QuickSearchModule:UnityEditor.Search:ASIAI0B)
Imported 'GUID: 07da8e9cacb587246ade02755c273666' -> (Import Result ID: 'a6da8ce29cdc235a8ab6c701aaa78183') in 0.003 seconds [static and dynamic dependencies]. Details - ImportResultOutputID=c81b3a33c8a66a173debc674fc3180b4 DependenciesID=f09cdf27cb52fcb49b012081b7c9b03b StaticDependenciesID=003a9876a45db682e6727fe9d6795f9e 
Number of updated asset objects reloaded before import = 0
Number of asset objects unloaded after import = 1
========================================================================
Received Import Request.
  Time of request: 2026-09-18T17:31:54.032153Z
  Time since last request: 0.0002983 seconds.
  importAddress: GUID: 8176ef27c50d1485084b4ab6f1554353 - Path: Packages/com.unity.render-pipelines.universal/Editor/ShaderGUI/Shaders/BakedLitShader.cs - Importer: ScriptedImporter/UnityEditor.QuickSearchModule:UnityEditor.Search:ASIAI0B
Importing 'GUID: 8176ef27c50d1485084b4ab6f1554353 - Path: Packages/com.unity.render-pipelines.universal/Editor/ShaderGUI/Shaders/BakedLitShader.cs - Importer: ScriptedImporter/UnityEditor.QuickSearchModule:UnityEditor.Search:ASIAI0B' with importer (ScriptedImporter : UnityEditor.QuickSearchModule:UnityEditor.Search:ASIAI0B)
Imported 'GUID: 8176ef27c50d1485084b4ab6f1554353' -> (Import Result ID: 'b6f82d4ee7712d10987ae6ad81fa288b') in 0.003 seconds [static and dynamic dependencies]. Details - ImportResultOutputID=e428c612c0f114856a05d9596db31c24 DependenciesID=a4a093cd7534b939921cc9255518a110 StaticDependenciesID=3ef28a6107d1c64ae410b1a8370e463b 
Number of updated asset objects reloaded before import = 0
Number of asset objects unloaded after import = 0
========================================================================
Received Import Request.
  Time of request: 2026-09-18T17:31:54.0502169Z
  Time since last request: 0.0002521 seconds.
  importAddress: GUID: d8b8f4c97d2074ea9a54a1d0dbefb62c - Path: Packages/com.unity.render-pipelines.universal/Editor/ShaderGraph/Includes/MotionVectorPass.hlsl - Importer: ScriptedImporter/UnityEditor.QuickSearchModule:UnityEditor.Search:ASIAI0B
Importing 'GUID: d8b8f4c97d2074ea9a54a1d0dbefb62c - Path: Packages/com.unity.render-pipelines.universal/Editor/ShaderGraph/Includes/MotionVectorPass.hlsl - Importer: ScriptedImporter/UnityEditor.QuickSearchModule:UnityEditor.Search:ASIAI0B' with importer (ScriptedImporter : UnityEditor.QuickSearchModule:UnityEditor.Search:ASIAI0B)
Imported 'GUID: d8b8f4c97d2074ea9a54a1d0dbefb62c' -> (Import Result ID: 'fbf645787c94dbff5cda49b83bfe48e2') in 0.002 seconds [static and dynamic dependencies]. Details - ImportResultOutputID=06583c8700d967455774ebb164278224 DependenciesID=3ec5ab0507dd37523bbee026d7744cad StaticDependenciesID=918fa5b6ecb92c06211e275e2c9ffde6 
Number of updated asset objects reloaded before import = 0
Number of asset objects unloaded after import = 1
========================================================================
Received Import Request.
  Time of request: 2026-09-18T17:31:54.0684808Z
  Time since last request: 0.0002366 seconds.
  importAddress: GUID: 9ebb19659794b47c59986fcc45692a0d - Path: Packages/com.unity.render-pipelines.universal/Editor/ShaderGraph/Includes/DepthNormalsOnlyPass.hlsl - Importer: ScriptedImporter/UnityEditor.QuickSearchModule:UnityEditor.Search:ASIAI0B
Importing 'GUID: 9ebb19659794b47c59986fcc45692a0d - Path: Packages/com.unity.render-pipelines.universal/Editor/ShaderGraph/Includes/DepthNormalsOnlyPass.hlsl - Importer: ScriptedImporter/UnityEditor.QuickSearchModule:UnityEditor.Search:ASIAI0B' with importer (ScriptedImporter : UnityEditor.QuickSearchModule:UnityEditor.Search:ASIAI0B)
Imported 'GUID: 9ebb19659794b47c59986fcc45692a0d' -> (Import Result ID: '7e498aa1b8b6d8cd34698e2cfdd51c89') in 0.002 seconds [static and dynamic dependencies]. Details - ImportResultOutputID=aad9da2081c415dbbcff3ba24878ea09 DependenciesID=8c88cbaa14c8f1853adff8abff739402 StaticDependenciesID=b4efe8fd275730fe072db350758deb25 
Number of updated asset objects reloaded before import = 0
Number of asset objects unloaded after import = 1
========================================================================
Received Import Request.
  Time of request: 2026-09-18T17:31:54.0860506Z
  Time since last request: 0.0002808 seconds.
  importAddress: GUID: 9c44f71308994120a70f5c6b28210698 - Path: Packages/com.unity.render-pipelines.universal/Editor/Settings/PropertyDrawers/URPDefaultVolumeProfileSettingsPropertyDrawer.cs - Importer: ScriptedImporter/UnityEditor.QuickSearchModule:UnityEditor.Search:ASIAI0B
Importing 'GUID: 9c44f71308994120a70f5c6b28210698 - Path: Packages/com.unity.render-pipelines.universal/Editor/Settings/PropertyDrawers/URPDefaultVolumeProfileSettingsPropertyDrawer.cs - Importer: ScriptedImporter/UnityEditor.QuickSearchModule:UnityEditor.Search:ASIAI0B' with importer (ScriptedImporter : UnityEditor.QuickSearchModule:UnityEditor.Search:ASIAI0B)
Imported 'GUID: 9c44f71308994120a70f5c6b28210698' -> (Import Result ID: '673ca31ec942b43e0d0e6f866401cc4c') in 0.003 seconds [static and dynamic dependencies]. Details - ImportResultOutputID=d5c58ad88b6e8ac3fbec68af194816d2 DependenciesID=895916068da8d54fd2ccefc9dd1b0231 StaticDependenciesID=4cc05baa44cd1979ea425d76e352561c 
Number of updated asset objects reloaded before import = 0
Number of asset objects unloaded after import = 0
========================================================================
Received Import Request.
  Time of request: 2026-09-18T17:31:54.1042598Z
  Time since last request: 0.0002911 seconds.
  importAddress: GUID: 928853c33a90408408408d3b4bfb96e8 - Path: Packages/com.unity.render-pipelines.universal/Editor/ShaderGraph/Targets/UniversalTerrainLitSubTarget.cs - Importer: ScriptedImporter/UnityEditor.QuickSearchModule:UnityEditor.Search:ASIAI0B
Importing 'GUID: 928853c33a90408408408d3b4bfb96e8 - Path: Packages/com.unity.render-pipelines.universal/Editor/ShaderGraph/Targets/UniversalTerrainLitSubTarget.cs - Importer: ScriptedImporter/UnityEditor.QuickSearchModule:UnityEditor.Search:ASIAI0B' with importer (ScriptedImporter : UnityEditor.QuickSearchModule:UnityEditor.Search:ASIAI0B)
Imported 'GUID: 928853c33a90408408408d3b4bfb96e8' -> (Import Result ID: '79f753a6b41aa3a555902c204b0ea10a') in 0.002 seconds [static and dynamic dependencies]. Details - ImportResultOutputID=5c4034748f4353bbda74d9ea6fbe4566 DependenciesID=3d221eaae36491335644334960e0d7ea StaticDependenciesID=2a491aebfdfec13700401e5adaf1b14a 
Number of updated asset objects reloaded before import = 0
Number of asset objects unloaded after import = 0
========================================================================
Received Import Request.
  Time of request: 2026-09-18T17:31:54.1221719Z
  Time since last request: 0.0003441 seconds.
  importAddress: GUID: bc3def193b270c649b041063a70a1a1f - Path: Packages/com.unity.render-pipelines.universal/Editor/ShaderGraph/GraphTemplates/Terrain Standard 4 Layers URP.shadergraph - Importer: ScriptedImporter/UnityEditor.QuickSearchModule:UnityEditor.Search:ASIAI0B
Importing 'GUID: bc3def193b270c649b041063a70a1a1f - Path: Packages/com.unity.render-pipelines.universal/Editor/ShaderGraph/GraphTemplates/Terrain Standard 4 Layers URP.shadergraph - Importer: ScriptedImporter/UnityEditor.QuickSearchModule:UnityEditor.Search:ASIAI0B' with importer (ScriptedImporter : UnityEditor.QuickSearchModule:UnityEditor.Search:ASIAI0B)
Imported 'GUID: bc3def193b270c649b041063a70a1a1f' -> (Import Result ID: '7705d2998d65cf86d2a89f16dc74e772') in 0.016 seconds [static and dynamic dependencies]. Details - ImportResultOutputID=f674c253ce9275d10aa07807e83c78f5 DependenciesID=476dafc0a58a8ff0e1525e9e1daf2ef9 StaticDependenciesID=40a190a57e7df56f27abafbaa94cc6bc 
Number of updated asset objects reloaded before import = 0
Number of asset objects unloaded after import = 7
========================================================================
Received Import Request.
  Time of request: 2026-09-18T17:31:54.1539514Z
  Time since last request: 0.0000208 seconds.
  importAddress: GUID: f96821bbefeea864b9b418af4b8615ac - Path: Packages/com.unity.render-pipelines.universal/Editor/SceneTemplates/Materials/White.mat - Importer: ScriptedImporter/UnityEditor.QuickSearchModule:UnityEditor.Search:ASIAI0B
Importing 'GUID: f96821bbefeea864b9b418af4b8615ac - Path: Packages/com.unity.render-pipelines.universal/Editor/SceneTemplates/Materials/White.mat - Importer: ScriptedImporter/UnityEditor.QuickSearchModule:UnityEditor.Search:ASIAI0B' with importer (ScriptedImporter : UnityEditor.QuickSearchModule:UnityEditor.Search:ASIAI0B)
Imported 'GUID: f96821bbefeea864b9b418af4b8615ac' -> (Import Result ID: '701338bb9aec07c84a746b6d8308b733') in 0.008 seconds [static and dynamic dependencies]. Details - ImportResultOutputID=a45dca3cc615c94ecb729e7dc14aa494 DependenciesID=20c6dd92bba04c3e3442c001fbdf73b9 StaticDependenciesID=c6a8cbc43c9da5c4c1b79bc7c8d0aa6f 
Number of updated asset objects reloaded before import = 0
Number of asset objects unloaded after import = 2
========================================================================
Received Import Request.
  Time of request: 2026-09-18T17:31:54.1772087Z
  Time since last request: 0.0001983 seconds.
  importAddress: GUID: a72ab9c46e7987c40bcd48bcf9e7c0dd - Path: Packages/com.unity.render-pipelines.universal/Editor/ShaderGUI/Shaders/LitShader.cs - Importer: ScriptedImporter/UnityEditor.QuickSearchModule:UnityEditor.Search:ASIAI0B
Importing 'GUID: a72ab9c46e7987c40bcd48bcf9e7c0dd - Path: Packages/com.unity.render-pipelines.universal/Editor/ShaderGUI/Shaders/LitShader.cs - Importer: ScriptedImporter/UnityEditor.QuickSearchModule:UnityEditor.Search:ASIAI0B' with importer (ScriptedImporter : UnityEditor.QuickSearchModule:UnityEditor.Search:ASIAI0B)
Imported 'GUID: a72ab9c46e7987c40bcd48bcf9e7c0dd' -> (Import Result ID: '69a57f1a05b50ab6baa0fd8333f72f4b') in 0.003 seconds [static and dynamic dependencies]. Details - ImportResultOutputID=cbf26c8c7026d9ad9a89e222b9f4eef5 DependenciesID=24eed683ff7841838d2ba1b1422a312f StaticDependenciesID=d06d000f6feeedad326f3dbf5663050c 
Number of updated asset objects reloaded before import = 0
Number of asset objects unloaded after import = 0
========================================================================
Received Import Request.
  Time of request: 2026-09-18T17:31:54.1952706Z
  Time since last request: 0.0002884 seconds.
  importAddress: GUID: 3e01bbae25716b24ea9da11102b44902 - Path: Packages/com.unity.render-pipelines.universal/Editor/ShaderGraph/GraphTemplates/UITKFullTemplate.shadergraph - Importer: ScriptedImporter/UnityEditor.QuickSearchModule:UnityEditor.Search:ASIAI0B
Importing 'GUID: 3e01bbae25716b24ea9da11102b44902 - Path: Packages/com.unity.render-pipelines.universal/Editor/ShaderGraph/GraphTemplates/UITKFullTemplate.shadergraph - Importer: ScriptedImporter/UnityEditor.QuickSearchModule:UnityEditor.Search:ASIAI0B' with importer (ScriptedImporter : UnityEditor.QuickSearchModule:UnityEditor.Search:ASIAI0B)
Imported 'GUID: 3e01bbae25716b24ea9da11102b44902' -> (Import Result ID: '11d9e30c7ad2da51132c09fa0e74bfa1') in 0.008 seconds [static and dynamic dependencies]. Details - ImportResultOutputID=fb6d49eabfdd517f886d12c2db0b12aa DependenciesID=4b0a34d407ab0188a1635d9a24f40b8b StaticDependenciesID=f635f97b8e55e33cebcf085f787e6906 
Number of updated asset objects reloaded before import = 0
Number of asset objects unloaded after import = 5
========================================================================
Received Import Request.
  Time of request: 2026-09-18T17:31:54.2189554Z
  Time since last request: 0.0001717 seconds.
  importAddress: GUID: bbf92febd37eec24fa8da21f59ace918 - Path: Packages/com.unity.render-pipelines.universal/Editor/SceneTemplates/Standard/LightingData.asset - Importer: ScriptedImporter/UnityEditor.QuickSearchModule:UnityEditor.Search:ASIAI0B
Importing 'GUID: bbf92febd37eec24fa8da21f59ace918 - Path: Packages/com.unity.render-pipelines.universal/Editor/SceneTemplates/Standard/LightingData.asset - Importer: ScriptedImporter/UnityEditor.QuickSearchModule:UnityEditor.Search:ASIAI0B' with importer (ScriptedImporter : UnityEditor.QuickSearchModule:UnityEditor.Search:ASIAI0B)
Imported 'GUID: bbf92febd37eec24fa8da21f59ace918' -> (Import Result ID: '9a37be4bfb04610235ce1b9ce8a88cfd') in 0.003 seconds [static and dynamic dependencies]. Details - ImportResultOutputID=1b3311644416cd4b050f28571550e580 DependenciesID=1aa3dab2116f0afedd225b5d62a379ca StaticDependenciesID=fc01e80e589657f68e769ce02d1fb72a 
Number of updated asset objects reloaded before import = 0
Number of asset objects unloaded after import = 2
========================================================================
Received Import Request.
  Time of request: 2026-09-18T17:31:54.2371356Z
  Time since last request: 0.0002352 seconds.
  importAddress: GUID: 3cb98c83fcab8434296397682201b369 - Path: Packages/com.unity.render-pipelines.universal/Editor/ShaderGraph/Includes/PBR2DPass.hlsl - Importer: ScriptedImporter/UnityEditor.QuickSearchModule:UnityEditor.Search:ASIAI0B
Importing 'GUID: 3cb98c83fcab8434296397682201b369 - Path: Packages/com.unity.render-pipelines.universal/Editor/ShaderGraph/Includes/PBR2DPass.hlsl - Importer: ScriptedImporter/UnityEditor.QuickSearchModule:UnityEditor.Search:ASIAI0B' with importer (ScriptedImporter : UnityEditor.QuickSearchModule:UnityEditor.Search:ASIAI0B)
Imported 'GUID: 3cb98c83fcab8434296397682201b369' -> (Import Result ID: '477b2b26e5080f700d599501110fb6a8') in 0.002 seconds [static and dynamic dependencies]. Details - ImportResultOutputID=dd6dd33f19af8992024e834b976c9cdd DependenciesID=877cd1ffc26c39b3522bcbc51522743e StaticDependenciesID=0733dd0240d888650abeb453af06bdd0 
Number of updated asset objects reloaded before import = 0
Number of asset objects unloaded after import = 1
========================================================================
Received Import Request.
  Time of request: 2026-09-18T17:31:54.2553463Z
  Time since last request: 0.0003103 seconds.
  importAddress: GUID: 9b897418a23a04642a054cf9daa3bf54 - Path: Packages/com.unity.render-pipelines.universal/Editor/ShaderGraph/Includes/LightingMetaPass.hlsl - Importer: ScriptedImporter/UnityEditor.QuickSearchModule:UnityEditor.Search:ASIAI0B
Importing 'GUID: 9b897418a23a04642a054cf9daa3bf54 - Path: Packages/com.unity.render-pipelines.universal/Editor/ShaderGraph/Includes/LightingMetaPass.hlsl - Importer: ScriptedImporter/UnityEditor.QuickSearchModule:UnityEditor.Search:ASIAI0B' with importer (ScriptedImporter : UnityEditor.QuickSearchModule:UnityEditor.Search:ASIAI0B)
Imported 'GUID: 9b897418a23a04642a054cf9daa3bf54' -> (Import Result ID: 'c459bf23f50df1d6ff72e5489fd0d7d7') in 0.005 seconds [static and dynamic dependencies]. Details - ImportResultOutputID=c8f149125abd888ba98be9c64061e028 DependenciesID=c0ff8850ae10666c4cae7c9d23ad6920 StaticDependenciesID=df2417332cc67e267934d3fc8cdae613 
Number of updated asset objects reloaded before import = 0
Number of asset objects unloaded after import = 1
========================================================================
Received Import Request.
  Time of request: 2026-09-18T17:31:54.2864348Z
  Time since last request: 0.0109048 seconds.
  importAddress: GUID: 7645809b8de779942be231eecf635c5b - Path: Packages/com.unity.render-pipelines.universal/Editor/ShaderGUI/ShadingModels/LitDetailGUI.cs - Importer: ScriptedImporter/UnityEditor.QuickSearchModule:UnityEditor.Search:ASIAI0B
Importing 'GUID: 7645809b8de779942be231eecf635c5b - Path: Packages/com.unity.render-pipelines.universal/Editor/ShaderGUI/ShadingModels/LitDetailGUI.cs - Importer: ScriptedImporter/UnityEditor.QuickSearchModule:UnityEditor.Search:ASIAI0B' with importer (ScriptedImporter : UnityEditor.QuickSearchModule:UnityEditor.Search:ASIAI0B)
Imported 'GUID: 7645809b8de779942be231eecf635c5b' -> (Import Result ID: '4dd9548a72313df63fec0dc46e4d04e3') in 0.002 seconds [static and dynamic dependencies]. Details - ImportResultOutputID=2d95d01671c9ed54c72c19a1c7398c35 DependenciesID=bfff20c2d162371466164ba3bc92c541 StaticDependenciesID=ae16bd8b5e65e1d4bc6a2f944623ae67 
Number of updated asset objects reloaded before import = 0
Number of asset objects unloaded after import = 0
========================================================================
Received Import Request.
  Time of request: 2026-09-18T17:31:54.3047554Z
  Time since last request: 0.0003666 seconds.
  importAddress: GUID: 704a37a0ce184459805c0b7719a25a60 - Path: Packages/com.unity.render-pipelines.universal/Runtime/2D/Lights/Light2DCullResult.cs - Importer: ScriptedImporter/UnityEditor.QuickSearchModule:UnityEditor.Search:ASIAI0B
Importing 'GUID: 704a37a0ce184459805c0b7719a25a60 - Path: Packages/com.unity.render-pipelines.universal/Runtime/2D/Lights/Light2DCullResult.cs - Importer: ScriptedImporter/UnityEditor.QuickSearchModule:UnityEditor.Search:ASIAI0B' with importer (ScriptedImporter : UnityEditor.QuickSearchModule:UnityEditor.Search:ASIAI0B)
Imported 'GUID: 704a37a0ce184459805c0b7719a25a60' -> (Import Result ID: 'e16340d350abb0dbcf334d1812182d29') in 0.002 seconds [static and dynamic dependencies]. Details - ImportResultOutputID=979296b1ed99a67a06d8f00e5b57d0f9 DependenciesID=27c60dac2a7380a356d76655886a97e7 StaticDependenciesID=03b08de6661431396c3c15f5bd169d3a 
Number of updated asset objects reloaded before import = 0
Number of asset objects unloaded after import = 0
========================================================================
Received Import Request.
  Time of request: 2026-09-18T17:31:54.3225975Z
  Time since last request: 0.0003315 seconds.
  importAddress: GUID: 1202285d83908604784202e4a57aa93c - Path: Packages/com.unity.render-pipelines.universal/Runtime/2D/Lights/Light2DPoint.cs - Importer: ScriptedImporter/UnityEditor.QuickSearchModule:UnityEditor.Search:ASIAI0B
Importing 'GUID: 1202285d83908604784202e4a57aa93c - Path: Packages/com.unity.render-pipelines.universal/Runtime/2D/Lights/Light2DPoint.cs - Importer: ScriptedImporter/UnityEditor.QuickSearchModule:UnityEditor.Search:ASIAI0B' with importer (ScriptedImporter : UnityEditor.QuickSearchModule:UnityEditor.Search:ASIAI0B)
Imported 'GUID: 1202285d83908604784202e4a57aa93c' -> (Import Result ID: '9c29a7afcaa57115c6adc086f658f5ff') in 0.002 seconds [static and dynamic dependencies]. Details - ImportResultOutputID=4faead824b7e26d5b525d37e7670e3e4 DependenciesID=8f2b2b04726b1a3799fc5883b6048ea9 StaticDependenciesID=a2a6ca3c4b299a2b486b80de4012a196 
Number of updated asset objects reloaded before import = 0
Number of asset objects unloaded after import = 0
========================================================================
Received Import Request.
  Time of request: 2026-09-18T17:31:54.3409331Z
  Time since last request: 0.0003658 seconds.
  importAddress: GUID: 4c72c43322666bd4dbe58de9815b0639 - Path: Packages/com.unity.render-pipelines.universal/Editor/VFXGraph/Shaders/VFXSGSurfaceData.template - Importer: ScriptedImporter/UnityEditor.QuickSearchModule:UnityEditor.Search:ASIAI0B
Importing 'GUID: 4c72c43322666bd4dbe58de9815b0639 - Path: Packages/com.unity.render-pipelines.universal/Editor/VFXGraph/Shaders/VFXSGSurfaceData.template - Importer: ScriptedImporter/UnityEditor.QuickSearchModule:UnityEditor.Search:ASIAI0B' with importer (ScriptedImporter : UnityEditor.QuickSearchModule:UnityEditor.Search:ASIAI0B)
Imported 'GUID: 4c72c43322666bd4dbe58de9815b0639' -> (Import Result ID: 'ac0b6df3bc366934f2b7f7b80234bc71') in 0.002 seconds [static and dynamic dependencies]. Details - ImportResultOutputID=591c3ac3963e441a5f657b4b2651d116 DependenciesID=5de82018c7fef38715ebef4e601a0730 StaticDependenciesID=9d50a3a14d8926604f4fde4a716025ff 
Number of updated asset objects reloaded before import = 0
Number of asset objects unloaded after import = 1
========================================================================
Received Import Request.
  Time of request: 2026-09-18T17:31:54.3600648Z
  Time since last request: 0.0004815 seconds.
  importAddress: GUID: b182b2f5194c5574eb1983f8bb8b3d04 - Path: Packages/com.unity.render-pipelines.universal/Editor/VFXGraph/Shaders/VFXLit.template - Importer: ScriptedImporter/UnityEditor.QuickSearchModule:UnityEditor.Search:ASIAI0B
Importing 'GUID: b182b2f5194c5574eb1983f8bb8b3d04 - Path: Packages/com.unity.render-pipelines.universal/Editor/VFXGraph/Shaders/VFXLit.template - Importer: ScriptedImporter/UnityEditor.QuickSearchModule:UnityEditor.Search:ASIAI0B' with importer (ScriptedImporter : UnityEditor.QuickSearchModule:UnityEditor.Search:ASIAI0B)
Imported 'GUID: b182b2f5194c5574eb1983f8bb8b3d04' -> (Import Result ID: '3200f234f40bd26eccbee706821a688b') in 0.003 seconds [static and dynamic dependencies]. Details - ImportResultOutputID=e366e582ea91a4375bec31d14036b100 DependenciesID=954ba7c51cdfaf6568e0050857da986a StaticDependenciesID=d748ef017e92f997d8efef1c873ea5df 
Number of updated asset objects reloaded before import = 0
Number of asset objects unloaded after import = 1
========================================================================
Received Import Request.
  Time of request: 2026-09-18T17:31:54.378332Z
  Time since last request: 0.000243 seconds.
  importAddress: GUID: 0a19c63278396994eb3b7ae5114089d2 - Path: Packages/com.unity.render-pipelines.universal/Editor/Tools/Project Auditor/MSAAValidation.cs - Importer: ScriptedImporter/UnityEditor.QuickSearchModule:UnityEditor.Search:ASIAI0B
Importing 'GUID: 0a19c63278396994eb3b7ae5114089d2 - Path: Packages/com.unity.render-pipelines.universal/Editor/Tools/Project Auditor/MSAAValidation.cs - Importer: ScriptedImporter/UnityEditor.QuickSearchModule:UnityEditor.Search:ASIAI0B' with importer (ScriptedImporter : UnityEditor.QuickSearchModule:UnityEditor.Search:ASIAI0B)
Imported 'GUID: 0a19c63278396994eb3b7ae5114089d2' -> (Import Result ID: 'c679a02ce0f8003cc18e3047e5fe148d') in 0.003 seconds [static and dynamic dependencies]. Details - ImportResultOutputID=bf0bef4380238aeddad5c60dbb0d7ff4 DependenciesID=f80f1f195fcedef77e7bf3130884bc5f StaticDependenciesID=f5d65841e38f183faee50d9d3ef30438 
Number of updated asset objects reloaded before import = 0
Number of asset objects unloaded after import = 0
========================================================================
Received Import Request.
  Time of request: 2026-09-18T17:31:54.3965992Z
  Time since last request: 0.0005543 seconds.
  importAddress: GUID: 5fa2eae08a4a4852be54781bb3cf5736 - Path: Packages/com.unity.render-pipelines.universal/Editor/VFXGraph/Shaders/VFXDecalVaryings.template - Importer: ScriptedImporter/UnityEditor.QuickSearchModule:UnityEditor.Search:ASIAI0B
Importing 'GUID: 5fa2eae08a4a4852be54781bb3cf5736 - Path: Packages/com.unity.render-pipelines.universal/Editor/VFXGraph/Shaders/VFXDecalVaryings.template - Importer: ScriptedImporter/UnityEditor.QuickSearchModule:UnityEditor.Search:ASIAI0B' with importer (ScriptedImporter : UnityEditor.QuickSearchModule:UnityEditor.Search:ASIAI0B)
Imported 'GUID: 5fa2eae08a4a4852be54781bb3cf5736' -> (Import Result ID: 'ffcfd4f62b554f45dd81b99ee665acf2') in 0.003 seconds [static and dynamic dependencies]. Details - ImportResultOutputID=5fe676093c5fdf84e39b9bd80ee1a023 DependenciesID=e1b636228b9b8ae4fd8affc8465be0ae StaticDependenciesID=8d12b5274e40df2214a9ca879fedd5e8 
Number of updated asset objects reloaded before import = 0
Number of asset objects unloaded after import = 1
========================================================================
Received Import Request.
  Time of request: 2026-09-18T17:31:54.4259279Z
  Time since last request: 0.0003913 seconds.
  importAddress: GUID: b3c58a63bfb3ecb4d81289bf60b5b802 - Path: Packages/com.unity.render-pipelines.universal/Editor/Tools/Converters/BuiltInToURP3DMaterialUpgrader.cs - Importer: ScriptedImporter/UnityEditor.QuickSearchModule:UnityEditor.Search:ASIAI0B
Importing 'GUID: b3c58a63bfb3ecb4d81289bf60b5b802 - Path: Packages/com.unity.render-pipelines.universal/Editor/Tools/Converters/BuiltInToURP3DMaterialUpgrader.cs - Importer: ScriptedImporter/UnityEditor.QuickSearchModule:UnityEditor.Search:ASIAI0B' with importer (ScriptedImporter : UnityEditor.QuickSearchModule:UnityEditor.Search:ASIAI0B)
Imported 'GUID: b3c58a63bfb3ecb4d81289bf60b5b802' -> (Import Result ID: 'd7697dce87d34d2c9eb161252fe3e9e6') in 0.003 seconds [static and dynamic dependencies]. Details - ImportResultOutputID=5629f478542774fcc699dfeb82051611 DependenciesID=adf692761688b889274056af1a825941 StaticDependenciesID=797998563a56e957a927500b3b5ce6ae 
Number of updated asset objects reloaded before import = 0
Number of asset objects unloaded after import = 0
========================================================================
Received Import Request.
  Time of request: 2026-09-18T17:31:54.4467548Z
  Time since last request: 0.000344 seconds.
  importAddress: GUID: 73570bca5636a644cb758c4a0098ae05 - Path: Packages/com.unity.render-pipelines.universal/Editor/Tools/MaterialUpgrader/UniversalSpeedTree9MaterialUpgrader.cs - Importer: ScriptedImporter/UnityEditor.QuickSearchModule:UnityEditor.Search:ASIAI0B
Importing 'GUID: 73570bca5636a644cb758c4a0098ae05 - Path: Packages/com.unity.render-pipelines.universal/Editor/Tools/MaterialUpgrader/UniversalSpeedTree9MaterialUpgrader.cs - Importer: ScriptedImporter/UnityEditor.QuickSearchModule:UnityEditor.Search:ASIAI0B' with importer (ScriptedImporter : UnityEditor.QuickSearchModule:UnityEditor.Search:ASIAI0B)
Imported 'GUID: 73570bca5636a644cb758c4a0098ae05' -> (Import Result ID: '2bd50208b39d08564c08e1f9be5668c1') in 0.003 seconds [static and dynamic dependencies]. Details - ImportResultOutputID=9ca580f4f45398ee31f71ec1bd087763 DependenciesID=1bcbbfa78e5259a15e88391b1f43b880 StaticDependenciesID=23f8650786422367c9d0f20931497dd2 
Number of updated asset objects reloaded before import = 0
Number of asset objects unloaded after import = 0
========================================================================
Received Import Request.
  Time of request: 2026-09-18T17:31:54.4662368Z
  Time since last request: 0.0002908 seconds.
  importAddress: GUID: e1ff83c8166949f6b18db235eff60cf8 - Path: Packages/com.unity.render-pipelines.universal/Runtime/2D/Profiler/MeshFrameData.cs - Importer: ScriptedImporter/UnityEditor.QuickSearchModule:UnityEditor.Search:ASIAI0B
Importing 'GUID: e1ff83c8166949f6b18db235eff60cf8 - Path: Packages/com.unity.render-pipelines.universal/Runtime/2D/Profiler/MeshFrameData.cs - Importer: ScriptedImporter/UnityEditor.QuickSearchModule:UnityEditor.Search:ASIAI0B' with importer (ScriptedImporter : UnityEditor.QuickSearchModule:UnityEditor.Search:ASIAI0B)
Imported 'GUID: e1ff83c8166949f6b18db235eff60cf8' -> (Import Result ID: '7fa672d980ddae552750dc85560a2542') in 0.002 seconds [static and dynamic dependencies]. Details - ImportResultOutputID=5968b174b5aa60731e4c8833467f3cf8 DependenciesID=f72bee068edbf9469199befa3cf4a3d0 StaticDependenciesID=1134c6f2e6602e83e5852955b88f31bd 
Number of updated asset objects reloaded before import = 0
Number of asset objects unloaded after import = 0
========================================================================
Received Import Request.
  Time of request: 2026-09-18T17:31:54.4845404Z
  Time since last request: 0.0003132 seconds.
  importAddress: GUID: 087033380c2ca7e40b7290d8b763bab7 - Path: Packages/com.unity.render-pipelines.universal/Editor/Tools/Project Auditor/InvalidRendererIndexAnalyzer.cs - Importer: ScriptedImporter/UnityEditor.QuickSearchModule:UnityEditor.Search:ASIAI0B
Importing 'GUID: 087033380c2ca7e40b7290d8b763bab7 - Path: Packages/com.unity.render-pipelines.universal/Editor/Tools/Project Auditor/InvalidRendererIndexAnalyzer.cs - Importer: ScriptedImporter/UnityEditor.QuickSearchModule:UnityEditor.Search:ASIAI0B' with importer (ScriptedImporter : UnityEditor.QuickSearchModule:UnityEditor.Search:ASIAI0B)
Imported 'GUID: 087033380c2ca7e40b7290d8b763bab7' -> (Import Result ID: '8d0ce303c85b492435b5774f978a95ed') in 0.002 seconds [static and dynamic dependencies]. Details - ImportResultOutputID=ec30be753fc4647b7428186b0d2e2de6 DependenciesID=bff5889a30c453c83231262bb49ba741 StaticDependenciesID=253cabb01b258a02d88cc5d8eb5fa128 
Number of updated asset objects reloaded before import = 0
Number of asset objects unloaded after import = 0
========================================================================
Received Import Request.
  Time of request: 2026-09-18T17:31:54.5026284Z
  Time since last request: 0.0002201 seconds.
  importAddress: GUID: 8fe5351dffe46e648adb2abd7a167ce7 - Path: Packages/com.unity.render-pipelines.universal/Editor/Tools/MaterialUpgrader/UpgradeCommon.cs - Importer: ScriptedImporter/UnityEditor.QuickSearchModule:UnityEditor.Search:ASIAI0B
Importing 'GUID: 8fe5351dffe46e648adb2abd7a167ce7 - Path: Packages/com.unity.render-pipelines.universal/Editor/Tools/MaterialUpgrader/UpgradeCommon.cs - Importer: ScriptedImporter/UnityEditor.QuickSearchModule:UnityEditor.Search:ASIAI0B' with importer (ScriptedImporter : UnityEditor.QuickSearchModule:UnityEditor.Search:ASIAI0B)
Imported 'GUID: 8fe5351dffe46e648adb2abd7a167ce7' -> (Import Result ID: 'f1920579ec9aa122672f836e10c59ca5') in 0.003 seconds [static and dynamic dependencies]. Details - ImportResultOutputID=13c627aaea53e260e90766c915aa3723 DependenciesID=6b6b20fc6f6d8276259e2973586abd33 StaticDependenciesID=5fb2bdee954a89d714a4854787d5e1eb 
Number of updated asset objects reloaded before import = 0
Number of asset objects unloaded after import = 0
========================================================================
Received Import Request.
  Time of request: 2026-09-18T17:31:54.5207949Z
  Time since last request: 0.0003239 seconds.
  importAddress: GUID: 8f8544f075b7a2f4fa7324c965608fb2 - Path: Packages/com.unity.render-pipelines.universal/Runtime/2D/Rendergraph/Renderer2DRendergraph.cs - Importer: ScriptedImporter/UnityEditor.QuickSearchModule:UnityEditor.Search:ASIAI0B
Importing 'GUID: 8f8544f075b7a2f4fa7324c965608fb2 - Path: Packages/com.unity.render-pipelines.universal/Runtime/2D/Rendergraph/Renderer2DRendergraph.cs - Importer: ScriptedImporter/UnityEditor.QuickSearchModule:UnityEditor.Search:ASIAI0B' with importer (ScriptedImporter : UnityEditor.QuickSearchModule:UnityEditor.Search:ASIAI0B)
Imported 'GUID: 8f8544f075b7a2f4fa7324c965608fb2' -> (Import Result ID: '1d979caa746cd10a3cc3c121fe2e08d5') in 0.002 seconds [static and dynamic dependencies]. Details - ImportResultOutputID=75268acc3fc62c5a0b40e17934744b71 DependenciesID=89f2c2a9e6ef69ecc7e6628e99725655 StaticDependenciesID=2ff84920b0feedaef4be4fd69432cb98 
Number of updated asset objects reloaded before import = 0
Number of asset objects unloaded after import = 0
========================================================================
Received Import Request.
  Time of request: 2026-09-18T17:31:54.5389521Z
  Time since last request: 0.0004337 seconds.
  importAddress: GUID: b256dac03c4645f593e9cb8ecbc51419 - Path: Packages/com.unity.render-pipelines.universal/Runtime/2D/Rendergraph/DrawNormal2DPass.cs - Importer: ScriptedImporter/UnityEditor.QuickSearchModule:UnityEditor.Search:ASIAI0B
Importing 'GUID: b256dac03c4645f593e9cb8ecbc51419 - Path: Packages/com.unity.render-pipelines.universal/Runtime/2D/Rendergraph/DrawNormal2DPass.cs - Importer: ScriptedImporter/UnityEditor.QuickSearchModule:UnityEditor.Search:ASIAI0B' with importer (ScriptedImporter : UnityEditor.QuickSearchModule:UnityEditor.Search:ASIAI0B)
Imported 'GUID: b256dac03c4645f593e9cb8ecbc51419' -> (Import Result ID: 'af054cd3abf76e1818e1135eb178d55d') in 0.003 seconds [static and dynamic dependencies]. Details - ImportResultOutputID=6b82023cf0ebe41f724e36673e2999db DependenciesID=032cec191ef89b2a460c93710fe3d4e7 StaticDependenciesID=0ef4e991f83e9c70d14a3484c5cb0a74 
Number of updated asset objects reloaded before import = 0
Number of asset objects unloaded after import = 0
========================================================================
Received Import Request.
  Time of request: 2026-09-18T17:31:54.5575152Z
  Time since last request: 0.0003211 seconds.
  importAddress: GUID: 5e9904b465dd472cb54afffbd556cb57 - Path: Packages/com.unity.render-pipelines.universal/Runtime/2D/Profiler/MeshRenderFrameData.cs - Importer: ScriptedImporter/UnityEditor.QuickSearchModule:UnityEditor.Search:ASIAI0B
Importing 'GUID: 5e9904b465dd472cb54afffbd556cb57 - Path: Packages/com.unity.render-pipelines.universal/Runtime/2D/Profiler/MeshRenderFrameData.cs - Importer: ScriptedImporter/UnityEditor.QuickSearchModule:UnityEditor.Search:ASIAI0B' with importer (ScriptedImporter : UnityEditor.QuickSearchModule:UnityEditor.Search:ASIAI0B)
Imported 'GUID: 5e9904b465dd472cb54afffbd556cb57' -> (Import Result ID: '32e308495bcc45c931fe3e8c5d62e10c') in 0.003 seconds [static and dynamic dependencies]. Details - ImportResultOutputID=7281ce7ecc3b0949c4af2d5506fc0ff1 DependenciesID=08b77db12ee845123281a8239714a30d StaticDependenciesID=5ce4642186597d721c0aff7ecc223d86 
Number of updated asset objects reloaded before import = 0
Number of asset objects unloaded after import = 0
========================================================================
Received Import Request.
  Time of request: 2026-09-18T17:31:54.5764362Z
  Time since last request: 0.0003421 seconds.
  importAddress: GUID: fd90885134624894ba845bbc692698a0 - Path: Packages/com.unity.render-pipelines.universal/Runtime/2D/Lights/LightUtility.cs - Importer: ScriptedImporter/UnityEditor.QuickSearchModule:UnityEditor.Search:ASIAI0B
Importing 'GUID: fd90885134624894ba845bbc692698a0 - Path: Packages/com.unity.render-pipelines.universal/Runtime/2D/Lights/LightUtility.cs - Importer: ScriptedImporter/UnityEditor.QuickSearchModule:UnityEditor.Search:ASIAI0B' with importer (ScriptedImporter : UnityEditor.QuickSearchModule:UnityEditor.Search:ASIAI0B)
Imported 'GUID: fd90885134624894ba845bbc692698a0' -> (Import Result ID: '1a687f032bfb345b1542655db9053e3d') in 0.002 seconds [static and dynamic dependencies]. Details - ImportResultOutputID=558e1d10dd440c29f5900db80b9f45f3 DependenciesID=88da29f6f60cf45e9dd139e6de372ea1 StaticDependenciesID=96a67d9751b116e4a54befda16f49b7b 
Number of updated asset objects reloaded before import = 0
Number of asset objects unloaded after import = 0
========================================================================
Received Import Request.
  Time of request: 2026-09-18T17:31:54.5950243Z
  Time since last request: 0.0002664 seconds.
  importAddress: GUID: 12779f6eb83918741bac0370abcf0df9 - Path: Packages/com.unity.render-pipelines.universal/Editor/Tools/MaterialUpgrader/MaterialUpgraderDefinitions.cs - Importer: ScriptedImporter/UnityEditor.QuickSearchModule:UnityEditor.Search:ASIAI0B
Importing 'GUID: 12779f6eb83918741bac0370abcf0df9 - Path: Packages/com.unity.render-pipelines.universal/Editor/Tools/MaterialUpgrader/MaterialUpgraderDefinitions.cs - Importer: ScriptedImporter/UnityEditor.QuickSearchModule:UnityEditor.Search:ASIAI0B' with importer (ScriptedImporter : UnityEditor.QuickSearchModule:UnityEditor.Search:ASIAI0B)
Imported 'GUID: 12779f6eb83918741bac0370abcf0df9' -> (Import Result ID: '9635785788f75f406acece2d8c66cf53') in 0.003 seconds [static and dynamic dependencies]. Details - ImportResultOutputID=3e7cd46f27f21b1ebf16a3d216f477dc DependenciesID=647fdf9a5a3d6be502ae1273f368c085 StaticDependenciesID=2afeb974972e705290aa8654ec58eb7e 
Number of updated asset objects reloaded before import = 0
Number of asset objects unloaded after import = 0
========================================================================
Received Import Request.
  Time of request: 2026-09-18T17:31:54.6125931Z
  Time since last request: 0.0002766 seconds.
  importAddress: GUID: 0c9e13beeab0e3c4db1b5bd931db203a - Path: Packages/com.unity.render-pipelines.universal/Editor/Tools/Project Auditor/URPAssetLastVersionValidation.cs - Importer: ScriptedImporter/UnityEditor.QuickSearchModule:UnityEditor.Search:ASIAI0B
Importing 'GUID: 0c9e13beeab0e3c4db1b5bd931db203a - Path: Packages/com.unity.render-pipelines.universal/Editor/Tools/Project Auditor/URPAssetLastVersionValidation.cs - Importer: ScriptedImporter/UnityEditor.QuickSearchModule:UnityEditor.Search:ASIAI0B' with importer (ScriptedImporter : UnityEditor.QuickSearchModule:UnityEditor.Search:ASIAI0B)
Imported 'GUID: 0c9e13beeab0e3c4db1b5bd931db203a' -> (Import Result ID: '24860d404d3eaa7f531155beff6f4dd7') in 0.002 seconds [static and dynamic dependencies]. Details - ImportResultOutputID=0cb41dfbc2c21268f37fa968d0f0ab0f DependenciesID=a0a134db124ab5545b740d0e549f6426 StaticDependenciesID=804d8e47436d0f99a4992ba06100ea87 
Number of updated asset objects reloaded before import = 0
Number of asset objects unloaded after import = 0
========================================================================
Received Import Request.
  Time of request: 2026-09-18T17:31:54.630861Z
  Time since last request: 0.0002774 seconds.
  importAddress: GUID: 11d0515733dd0344aa0a2e9979b11fd6 - Path: Packages/com.unity.render-pipelines.universal/Editor/Tools/Project Auditor/MaterialMigrationValidation.cs - Importer: ScriptedImporter/UnityEditor.QuickSearchModule:UnityEditor.Search:ASIAI0B
Importing 'GUID: 11d0515733dd0344aa0a2e9979b11fd6 - Path: Packages/com.unity.render-pipelines.universal/Editor/Tools/Project Auditor/MaterialMigrationValidation.cs - Importer: ScriptedImporter/UnityEditor.QuickSearchModule:UnityEditor.Search:ASIAI0B' with importer (ScriptedImporter : UnityEditor.QuickSearchModule:UnityEditor.Search:ASIAI0B)
Imported 'GUID: 11d0515733dd0344aa0a2e9979b11fd6' -> (Import Result ID: '72babcd37805b72737cf1bc499faaf10') in 0.003 seconds [static and dynamic dependencies]. Details - ImportResultOutputID=88b769888bef8c94d57aab828a4e2434 DependenciesID=a815c54db1bcc7b73bc7f15084d37270 StaticDependenciesID=0e2689f037b573d2c92faed5e1e3d641 
Number of updated asset objects reloaded before import = 0
Number of asset objects unloaded after import = 0
========================================================================
Received Import Request.
  Time of request: 2026-09-18T17:31:54.6487645Z
  Time since last request: 0.0003515 seconds.
  importAddress: GUID: 795fde47942374005bbe56e3879983db - Path: Packages/com.unity.render-pipelines.universal/Editor/ShaderGUI/ShadingModels/BakedLitGUI.cs - Importer: ScriptedImporter/UnityEditor.QuickSearchModule:UnityEditor.Search:ASIAI0B
Importing 'GUID: 795fde47942374005bbe56e3879983db - Path: Packages/com.unity.render-pipelines.universal/Editor/ShaderGUI/ShadingModels/BakedLitGUI.cs - Importer: ScriptedImporter/UnityEditor.QuickSearchModule:UnityEditor.Search:ASIAI0B' with importer (ScriptedImporter : UnityEditor.QuickSearchModule:UnityEditor.Search:ASIAI0B)
Imported 'GUID: 795fde47942374005bbe56e3879983db' -> (Import Result ID: 'f16d5f046fdd34c0ead4eb2b53f5083f') in 0.003 seconds [static and dynamic dependencies]. Details - ImportResultOutputID=10c6140dd16f7910ad4f8e973d292c69 DependenciesID=b22edefaa61cbe009ea237e80daa8bb5 StaticDependenciesID=79ec4493edf3a3614ec36fc12331e738 
Number of updated asset objects reloaded before import = 0
Number of asset objects unloaded after import = 0
========================================================================
Received Import Request.
  Time of request: 2026-09-18T17:31:54.6689817Z
  Time since last request: 0.0003647 seconds.
  importAddress: GUID: f4caf3da21d83644ea1c04986c6cea14 - Path: Packages/com.unity.render-pipelines.universal/Runtime/2D/Lights/Light2DBlendStyle.cs - Importer: ScriptedImporter/UnityEditor.QuickSearchModule:UnityEditor.Search:ASIAI0B
Importing 'GUID: f4caf3da21d83644ea1c04986c6cea14 - Path: Packages/com.unity.render-pipelines.universal/Runtime/2D/Lights/Light2DBlendStyle.cs - Importer: ScriptedImporter/UnityEditor.QuickSearchModule:UnityEditor.Search:ASIAI0B' with importer (ScriptedImporter : UnityEditor.QuickSearchModule:UnityEditor.Search:ASIAI0B)
Imported 'GUID: f4caf3da21d83644ea1c04986c6cea14' -> (Import Result ID: 'e34eb5f044b6ed37ff81fa401e157981') in 0.003 seconds [static and dynamic dependencies]. Details - ImportResultOutputID=e30ddae4ded8182152e5dce339676f8e DependenciesID=17962f8de25d020efb97b8df4b266035 StaticDependenciesID=77e1dae60de3ddbaf45e963010c39cc1 
Number of updated asset objects reloaded before import = 0
Number of asset objects unloaded after import = 0
========================================================================
Received Import Request.
  Time of request: 2026-09-18T17:31:54.6875418Z
  Time since last request: 0.0002544 seconds.
  importAddress: GUID: 96e55a15cdc29c1439f077074b7d409d - Path: Packages/com.unity.render-pipelines.universal/Editor/Tools/Converters/Converters.cs - Importer: ScriptedImporter/UnityEditor.QuickSearchModule:UnityEditor.Search:ASIAI0B
Importing 'GUID: 96e55a15cdc29c1439f077074b7d409d - Path: Packages/com.unity.render-pipelines.universal/Editor/Tools/Converters/Converters.cs - Importer: ScriptedImporter/UnityEditor.QuickSearchModule:UnityEditor.Search:ASIAI0B' with importer (ScriptedImporter : UnityEditor.QuickSearchModule:UnityEditor.Search:ASIAI0B)
Imported 'GUID: 96e55a15cdc29c1439f077074b7d409d' -> (Import Result ID: '75a45a30ade7f5b8f064efaf87a1d0ae') in 0.003 seconds [static and dynamic dependencies]. Details - ImportResultOutputID=6b5fa02fa63652ec2a7f8d8e932bfc96 DependenciesID=8e0c85e8dcbd57df7adc2a253665157e StaticDependenciesID=b274523c9d9a52147955c7cd1546c695 
Number of updated asset objects reloaded before import = 0
Number of asset objects unloaded after import = 0
========================================================================
Received Import Request.
  Time of request: 2026-09-18T17:31:54.7065317Z
  Time since last request: 0.0003348 seconds.
  importAddress: GUID: 9c1c7f7878446834aab8c4fd0a79397e - Path: Packages/com.unity.render-pipelines.universal/Editor/Tools/Project Auditor/DefaultVolumeProfileValidation.cs - Importer: ScriptedImporter/UnityEditor.QuickSearchModule:UnityEditor.Search:ASIAI0B
Importing 'GUID: 9c1c7f7878446834aab8c4fd0a79397e - Path: Packages/com.unity.render-pipelines.universal/Editor/Tools/Project Auditor/DefaultVolumeProfileValidation.cs - Importer: ScriptedImporter/UnityEditor.QuickSearchModule:UnityEditor.Search:ASIAI0B' with importer (ScriptedImporter : UnityEditor.QuickSearchModule:UnityEditor.Search:ASIAI0B)
Imported 'GUID: 9c1c7f7878446834aab8c4fd0a79397e' -> (Import Result ID: 'c5c2aa8e62cf05b8e81cb022c75d9288') in 0.003 seconds [static and dynamic dependencies]. Details - ImportResultOutputID=2c0e67b7607106fc5f082e7feca2c6d3 DependenciesID=dac86f334a3c7b80296451da3ef72c49 StaticDependenciesID=97d1197b92bf062518e7fba56c81d266 
Number of updated asset objects reloaded before import = 0
Number of asset objects unloaded after import = 0
========================================================================
Received Import Request.
  Time of request: 2026-09-18T17:31:54.7258129Z
  Time since last request: 0.0004261 seconds.
  importAddress: GUID: 19dc6d7acb114482bdbc10c16b44cdc4 - Path: Packages/com.unity.render-pipelines.universal/Runtime/2D/Profiler/ProfilerMarkers.cs - Importer: ScriptedImporter/UnityEditor.QuickSearchModule:UnityEditor.Search:ASIAI0B
Importing 'GUID: 19dc6d7acb114482bdbc10c16b44cdc4 - Path: Packages/com.unity.render-pipelines.universal/Runtime/2D/Profiler/ProfilerMarkers.cs - Importer: ScriptedImporter/UnityEditor.QuickSearchModule:UnityEditor.Search:ASIAI0B' with importer (ScriptedImporter : UnityEditor.QuickSearchModule:UnityEditor.Search:ASIAI0B)
Imported 'GUID: 19dc6d7acb114482bdbc10c16b44cdc4' -> (Import Result ID: '624e172b6c79a9cb94edaeba013ed7cd') in 0.002 seconds [static and dynamic dependencies]. Details - ImportResultOutputID=9be73058612aa6f8d1d73fe43c0c0d52 DependenciesID=b0aa988ba1460c76be1dc5d098a2cd89 StaticDependenciesID=d42b09b48c491c94479b06100508b62f 
Number of updated asset objects reloaded before import = 0
Number of asset objects unloaded after import = 0
========================================================================
Received Import Request.
  Time of request: 2026-09-18T17:31:54.7531626Z
  Time since last request: 0.0092707 seconds.
  importAddress: GUID: 26e1f8400167947f5a628494c94d0ff5 - Path: Packages/com.unity.render-pipelines.universal/Runtime/Passes/PostProcess/TemporalAntiAliasingPostProcessPass.cs - Importer: ScriptedImporter/UnityEditor.QuickSearchModule:UnityEditor.Search:ASIAI0B
Importing 'GUID: 26e1f8400167947f5a628494c94d0ff5 - Path: Packages/com.unity.render-pipelines.universal/Runtime/Passes/PostProcess/TemporalAntiAliasingPostProcessPass.cs - Importer: ScriptedImporter/UnityEditor.QuickSearchModule:UnityEditor.Search:ASIAI0B' with importer (ScriptedImporter : UnityEditor.QuickSearchModule:UnityEditor.Search:ASIAI0B)
Imported 'GUID: 26e1f8400167947f5a628494c94d0ff5' -> (Import Result ID: '782b9cfdf601aae0d185171dd51e2855') in 0.003 seconds [static and dynamic dependencies]. Details - ImportResultOutputID=aec6102a7f63aafa692a961beebebfbf DependenciesID=c143f1ada42881b81b4fee0024131a3a StaticDependenciesID=49671a6bde203d6ec8ae91d5db893948 
Number of updated asset objects reloaded before import = 0
Number of asset objects unloaded after import = 0
========================================================================
Received Import Request.
  Time of request: 2026-09-18T17:31:54.7713788Z
  Time since last request: 0.0003276 seconds.
  importAddress: GUID: 46a8b2f3e1abb2145a6a4f00b699a87e - Path: Packages/com.unity.render-pipelines.universal/Runtime/Decal/Entities/DecalUpdateCulledSystem.cs - Importer: ScriptedImporter/UnityEditor.QuickSearchModule:UnityEditor.Search:ASIAI0B
Importing 'GUID: 46a8b2f3e1abb2145a6a4f00b699a87e - Path: Packages/com.unity.render-pipelines.universal/Runtime/Decal/Entities/DecalUpdateCulledSystem.cs - Importer: ScriptedImporter/UnityEditor.QuickSearchModule:UnityEditor.Search:ASIAI0B' with importer (ScriptedImporter : UnityEditor.QuickSearchModule:UnityEditor.Search:ASIAI0B)
Imported 'GUID: 46a8b2f3e1abb2145a6a4f00b699a87e' -> (Import Result ID: 'ee03b937205f1d8c3808ad5543cdd364') in 0.003 seconds [static and dynamic dependencies]. Details - ImportResultOutputID=05a7fd0a80865eae940cd4bcb790888e DependenciesID=67402aaf59563eae9ddf937f071dd15b StaticDependenciesID=4de428db46c1aa4b88a682a4227a2050 
Number of updated asset objects reloaded before import = 0
Number of asset objects unloaded after import = 0
========================================================================
Received Import Request.
  Time of request: 2026-09-18T17:31:54.7901501Z
  Time since last request: 0.0003559 seconds.
  importAddress: GUID: f6f4af85aaf424142972405bdfd5954e - Path: Packages/com.unity.render-pipelines.universal/Runtime/Passes/PostProcess/Fsr1UpscalePostProcessPass.cs - Importer: ScriptedImporter/UnityEditor.QuickSearchModule:UnityEditor.Search:ASIAI0B
Importing 'GUID: f6f4af85aaf424142972405bdfd5954e - Path: Packages/com.unity.render-pipelines.universal/Runtime/Passes/PostProcess/Fsr1UpscalePostProcessPass.cs - Importer: ScriptedImporter/UnityEditor.QuickSearchModule:UnityEditor.Search:ASIAI0B' with importer (ScriptedImporter : UnityEditor.QuickSearchModule:UnityEditor.Search:ASIAI0B)
Imported 'GUID: f6f4af85aaf424142972405bdfd5954e' -> (Import Result ID: 'a2d05e7b766634fb4dd5f80c1fbeb6b4') in 0.003 seconds [static and dynamic dependencies]. Details - ImportResultOutputID=b856b1ba14bd908f554a4db192135fbe DependenciesID=c17a88549a93a6e48dbfc702ce75df39 StaticDependenciesID=6431f96c863701bb196f9c4598b97bfa 
Number of updated asset objects reloaded before import = 0
Number of asset objects unloaded after import = 0
========================================================================
Received Import Request.
  Time of request: 2026-09-18T17:31:54.8085714Z
  Time since last request: 0.0003407 seconds.
  importAddress: GUID: 9d3c965386a423a4b9b2f6b30ecad735 - Path: Packages/com.unity.render-pipelines.universal/Runtime/2D/Shadows/ShadowCasterGroup2DManager.cs - Importer: ScriptedImporter/UnityEditor.QuickSearchModule:UnityEditor.Search:ASIAI0B
Importing 'GUID: 9d3c965386a423a4b9b2f6b30ecad735 - Path: Packages/com.unity.render-pipelines.universal/Runtime/2D/Shadows/ShadowCasterGroup2DManager.cs - Importer: ScriptedImporter/UnityEditor.QuickSearchModule:UnityEditor.Search:ASIAI0B' with importer (ScriptedImporter : UnityEditor.QuickSearchModule:UnityEditor.Search:ASIAI0B)
Imported 'GUID: 9d3c965386a423a4b9b2f6b30ecad735' -> (Import Result ID: '1acb913736830bb085d28802290012b1') in 0.003 seconds [static and dynamic dependencies]. Details - ImportResultOutputID=89da78ee3d34ac2fe2bb07faab07413e DependenciesID=5b80e3917b5f1bcf633755c79d6bea61 StaticDependenciesID=54a0f67b9a16844dd2bc381c5d88cf37 
Number of updated asset objects reloaded before import = 0
Number of asset objects unloaded after import = 0
========================================================================
Received Import Request.
  Time of request: 2026-09-18T17:31:54.8278118Z
  Time since last request: 0.0004413 seconds.
  importAddress: GUID: 3fce2db4cb62a33459ea6809881ae780 - Path: Packages/com.unity.render-pipelines.universal/Runtime/2D/Sources/Provider2DSource.cs - Importer: ScriptedImporter/UnityEditor.QuickSearchModule:UnityEditor.Search:ASIAI0B
Importing 'GUID: 3fce2db4cb62a33459ea6809881ae780 - Path: Packages/com.unity.render-pipelines.universal/Runtime/2D/Sources/Provider2DSource.cs - Importer: ScriptedImporter/UnityEditor.QuickSearchModule:UnityEditor.Search:ASIAI0B' with importer (ScriptedImporter : UnityEditor.QuickSearchModule:UnityEditor.Search:ASIAI0B)
Imported 'GUID: 3fce2db4cb62a33459ea6809881ae780' -> (Import Result ID: 'f15eadd7361941e49a6e13937661eae4') in 0.003 seconds [static and dynamic dependencies]. Details - ImportResultOutputID=d049e7006619fc34e45a7b7610c33526 DependenciesID=af1cf82798b1c4985e3272b4ee5a9990 StaticDependenciesID=537410e8cb1d4bb41d1e7da021bda016 
Number of updated asset objects reloaded before import = 0
Number of asset objects unloaded after import = 0
========================================================================
Received Import Request.
  Time of request: 2026-09-18T17:31:54.8469616Z
  Time since last request: 0.0002914 seconds.
  importAddress: GUID: e6ccd2bcab38044d49049ca64624997a - Path: Packages/com.unity.render-pipelines.universal/Runtime/Passes/PostProcess/ScalingSetupPostProcessPass.cs - Importer: ScriptedImporter/UnityEditor.QuickSearchModule:UnityEditor.Search:ASIAI0B
Importing 'GUID: e6ccd2bcab38044d49049ca64624997a - Path: Packages/com.unity.render-pipelines.universal/Runtime/Passes/PostProcess/ScalingSetupPostProcessPass.cs - Importer: ScriptedImporter/UnityEditor.QuickSearchModule:UnityEditor.Search:ASIAI0B' with importer (ScriptedImporter : UnityEditor.QuickSearchModule:UnityEditor.Search:ASIAI0B)
Imported 'GUID: e6ccd2bcab38044d49049ca64624997a' -> (Import Result ID: '432212fb7ae4af9ffd2a61068579b4d4') in 0.003 seconds [static and dynamic dependencies]. Details - ImportResultOutputID=0d35cf61f9958d78e001c79fc91578d8 DependenciesID=f9eccdfb4d45dc51aa9a3c71ccd2d936 StaticDependenciesID=a45b12e972d63f68001cce9cb924cde9 
Number of updated asset objects reloaded before import = 0
Number of asset objects unloaded after import = 0
========================================================================
Received Import Request.
  Time of request: 2026-09-18T17:31:54.86566Z
  Time since last request: 0.0002929 seconds.
  importAddress: GUID: c8e19e79f3205474ab6ddb2a8c2d50f7 - Path: Packages/com.unity.render-pipelines.universal/Runtime/Decal/Entities/DecalChunk.cs - Importer: ScriptedImporter/UnityEditor.QuickSearchModule:UnityEditor.Search:ASIAI0B
Importing 'GUID: c8e19e79f3205474ab6ddb2a8c2d50f7 - Path: Packages/com.unity.render-pipelines.universal/Runtime/Decal/Entities/DecalChunk.cs - Importer: ScriptedImporter/UnityEditor.QuickSearchModule:UnityEditor.Search:ASIAI0B' with importer (ScriptedImporter : UnityEditor.QuickSearchModule:UnityEditor.Search:ASIAI0B)
Imported 'GUID: c8e19e79f3205474ab6ddb2a8c2d50f7' -> (Import Result ID: 'c45599e35c7d1844684890893d53cf07') in 0.003 seconds [static and dynamic dependencies]. Details - ImportResultOutputID=4172a183e5cd20af6753a6cd018352d3 DependenciesID=4f57c1a56c801c15342c3a6dd240db14 StaticDependenciesID=b9ff9780f14f2909244d93e222cb25f9 
Number of updated asset objects reloaded before import = 0
Number of asset objects unloaded after import = 0
========================================================================
Received Import Request.
  Time of request: 2026-09-18T17:31:54.8850252Z
  Time since last request: 0.000426 seconds.
  importAddress: GUID: dda90eae3301de545856ee63771154fd - Path: Packages/com.unity.render-pipelines.universal/Runtime/MipGen/Shaders/DepthPyramidConstants.cs.hlsl - Importer: ScriptedImporter/UnityEditor.QuickSearchModule:UnityEditor.Search:ASIAI0B
Importing 'GUID: dda90eae3301de545856ee63771154fd - Path: Packages/com.unity.render-pipelines.universal/Runtime/MipGen/Shaders/DepthPyramidConstants.cs.hlsl - Importer: ScriptedImporter/UnityEditor.QuickSearchModule:UnityEditor.Search:ASIAI0B' with importer (ScriptedImporter : UnityEditor.QuickSearchModule:UnityEditor.Search:ASIAI0B)
Imported 'GUID: dda90eae3301de545856ee63771154fd' -> (Import Result ID: '278066d57cb63346228c4e67c65d03c2') in 0.002 seconds [static and dynamic dependencies]. Details - ImportResultOutputID=cea3bede75de2c3edd56441d92b69390 DependenciesID=b467ee554d2a4bf44fec425ad945cb78 StaticDependenciesID=fa2d7497fc71e714faaecd8ddd721932 
Number of updated asset objects reloaded before import = 0
Number of asset objects unloaded after import = 1
========================================================================
Received Import Request.
  Time of request: 2026-09-18T17:31:54.9034871Z
  Time since last request: 0.0002972 seconds.
  importAddress: GUID: 14a1338d3233f42aca614647651477ee - Path: Packages/com.unity.render-pipelines.universal/Runtime/Passes/PostProcess/DepthOfFieldGaussianPostProcessPass.cs - Importer: ScriptedImporter/UnityEditor.QuickSearchModule:UnityEditor.Search:ASIAI0B
Importing 'GUID: 14a1338d3233f42aca614647651477ee - Path: Packages/com.unity.render-pipelines.universal/Runtime/Passes/PostProcess/DepthOfFieldGaussianPostProcessPass.cs - Importer: ScriptedImporter/UnityEditor.QuickSearchModule:UnityEditor.Search:ASIAI0B' with importer (ScriptedImporter : UnityEditor.QuickSearchModule:UnityEditor.Search:ASIAI0B)
Imported 'GUID: 14a1338d3233f42aca614647651477ee' -> (Import Result ID: 'f3aea56821ad517ebfec120b4ecfca74') in 0.002 seconds [static and dynamic dependencies]. Details - ImportResultOutputID=97193270634c305aba6bc2b5f0a35d29 DependenciesID=8dbd1b5d8c8dcbfcd1547e36bd232da8 StaticDependenciesID=b26819fadc1c843bcce788de1b57e19d 
Number of updated asset objects reloaded before import = 0
Number of asset objects unloaded after import = 0
========================================================================
Received Import Request.
  Time of request: 2026-09-18T17:31:54.9216992Z
  Time since last request: 0.0003272 seconds.
  importAddress: GUID: 015eb3e4cffa84bdfb3961bc135baa65 - Path: Packages/com.unity.render-pipelines.universal/Runtime/Passes/PostProcess/StpPostProcessPass.cs - Importer: ScriptedImporter/UnityEditor.QuickSearchModule:UnityEditor.Search:ASIAI0B
Importing 'GUID: 015eb3e4cffa84bdfb3961bc135baa65 - Path: Packages/com.unity.render-pipelines.universal/Runtime/Passes/PostProcess/StpPostProcessPass.cs - Importer: ScriptedImporter/UnityEditor.QuickSearchModule:UnityEditor.Search:ASIAI0B' with importer (ScriptedImporter : UnityEditor.QuickSearchModule:UnityEditor.Search:ASIAI0B)
Imported 'GUID: 015eb3e4cffa84bdfb3961bc135baa65' -> (Import Result ID: 'b9fefef21a1dfb641c64eb8e1c57c4f9') in 0.002 seconds [static and dynamic dependencies]. Details - ImportResultOutputID=aa938def0cb74c266f6b97e6c295de74 DependenciesID=7b8ac174c45c9cbe4c803f6b36f9540f StaticDependenciesID=2d0b954f50435313417ce269cc5aafec 
Number of updated asset objects reloaded before import = 0
Number of asset objects unloaded after import = 0
========================================================================
Received Import Request.
  Time of request: 2026-09-18T17:31:54.9398321Z
  Time since last request: 0.0002616 seconds.
  importAddress: GUID: 95152aa728f8eec4d9d5c1988ddd90e6 - Path: Packages/com.unity.render-pipelines.universal/Runtime/MipGen/Shaders/ColorPyramidPS.hlsl - Importer: ScriptedImporter/UnityEditor.QuickSearchModule:UnityEditor.Search:ASIAI0B
Importing 'GUID: 95152aa728f8eec4d9d5c1988ddd90e6 - Path: Packages/com.unity.render-pipelines.universal/Runtime/MipGen/Shaders/ColorPyramidPS.hlsl - Importer: ScriptedImporter/UnityEditor.QuickSearchModule:UnityEditor.Search:ASIAI0B' with importer (ScriptedImporter : UnityEditor.QuickSearchModule:UnityEditor.Search:ASIAI0B)
Imported 'GUID: 95152aa728f8eec4d9d5c1988ddd90e6' -> (Import Result ID: '9983447b736fb0b718c91bc6724f7158') in 0.002 seconds [static and dynamic dependencies]. Details - ImportResultOutputID=b91d416d3a9227213b5a607c91f430e7 DependenciesID=5b278bf6188cc4093cf8ca3a798910b4 StaticDependenciesID=fc9e36fa5796dd6757a423f6f3ddbfe2 
Number of updated asset objects reloaded before import = 0
Number of asset objects unloaded after import = 1
========================================================================
Received Import Request.
  Time of request: 2026-09-18T17:31:54.9580842Z
  Time since last request: 0.0002527 seconds.
  importAddress: GUID: f2e2a7724f774533bd7fb6cc8d95b34d - Path: Packages/com.unity.render-pipelines.universal/Runtime/Passes/PostProcess/UberPostProcessPass.cs - Importer: ScriptedImporter/UnityEditor.QuickSearchModule:UnityEditor.Search:ASIAI0B
Importing 'GUID: f2e2a7724f774533bd7fb6cc8d95b34d - Path: Packages/com.unity.render-pipelines.universal/Runtime/Passes/PostProcess/UberPostProcessPass.cs - Importer: ScriptedImporter/UnityEditor.QuickSearchModule:UnityEditor.Search:ASIAI0B' with importer (ScriptedImporter : UnityEditor.QuickSearchModule:UnityEditor.Search:ASIAI0B)
Imported 'GUID: f2e2a7724f774533bd7fb6cc8d95b34d' -> (Import Result ID: 'ff85cf587b3bd4bd5679fca05adffac4') in 0.002 seconds [static and dynamic dependencies]. Details - ImportResultOutputID=e1462d0bf7ce4d6f8e00308e97d235a7 DependenciesID=3608e07fb9988d58b0f5c29b841e8ab7 StaticDependenciesID=41b6309972717921554f69e4d3bddc48 
Number of updated asset objects reloaded before import = 0
Number of asset objects unloaded after import = 0
========================================================================
Received Import Request.
  Time of request: 2026-09-18T17:31:54.9762554Z
  Time since last request: 0.0002558 seconds.
  importAddress: GUID: 28969cfddd9ef3f4e94b971690146a4f - Path: Packages/com.unity.render-pipelines.universal/Runtime/MipGen/Shaders/ColorPyramid.compute - Importer: ScriptedImporter/UnityEditor.QuickSearchModule:UnityEditor.Search:ASIAI0B
Importing 'GUID: 28969cfddd9ef3f4e94b971690146a4f - Path: Packages/com.unity.render-pipelines.universal/Runtime/MipGen/Shaders/ColorPyramid.compute - Importer: ScriptedImporter/UnityEditor.QuickSearchModule:UnityEditor.Search:ASIAI0B' with importer (ScriptedImporter : UnityEditor.QuickSearchModule:UnityEditor.Search:ASIAI0B)
Imported 'GUID: 28969cfddd9ef3f4e94b971690146a4f' -> (Import Result ID: 'ae60c34db91fb5d1fd351b7ef4dbbf80') in 0.002 seconds [static and dynamic dependencies]. Details - ImportResultOutputID=a71ae735a636d2f366245200cb0dd323 DependenciesID=e4054e9dc12027cbb24ff2c0cd3dd0ed StaticDependenciesID=3ae2ddd348c28a6bf22f1ffd6b817b0f 
Number of updated asset objects reloaded before import = 0
Number of asset objects unloaded after import = 1
========================================================================
Received Import Request.
  Time of request: 2026-09-18T17:31:54.9937591Z
  Time since last request: 0.0003284 seconds.
  importAddress: GUID: dfd932337eaf30646ab42d63eed8f822 - Path: Packages/com.unity.render-pipelines.universal/Runtime/2D/Shadows/ShadowCasterGroup2D.cs - Importer: ScriptedImporter/UnityEditor.QuickSearchModule:UnityEditor.Search:ASIAI0B
Importing 'GUID: dfd932337eaf30646ab42d63eed8f822 - Path: Packages/com.unity.render-pipelines.universal/Runtime/2D/Shadows/ShadowCasterGroup2D.cs - Importer: ScriptedImporter/UnityEditor.QuickSearchModule:UnityEditor.Search:ASIAI0B' with importer (ScriptedImporter : UnityEditor.QuickSearchModule:UnityEditor.Search:ASIAI0B)
Imported 'GUID: dfd932337eaf30646ab42d63eed8f822' -> (Import Result ID: '86c4c6991bf1dbbdf9c4772e269d9563') in 0.005 seconds [static and dynamic dependencies]. Details - ImportResultOutputID=3b2680e6c30d3fc9ede9669103905435 DependenciesID=b6066dd48bb1e8d551c46c873383ce7a StaticDependenciesID=7d843e2db06b99a0fdb6a614993ac1a5 
Number of updated asset objects reloaded before import = 0
Number of asset objects unloaded after import = 0
========================================================================
Received Import Request.
  Time of request: 2026-09-18T17:31:55.0141886Z
  Time since last request: 0.0002791 seconds.
  importAddress: GUID: 4083e05963a34a969d61631315469f1c - Path: Packages/com.unity.render-pipelines.universal/Runtime/Passes/PostProcess/UpscalerPostProcessPass.cs - Importer: ScriptedImporter/UnityEditor.QuickSearchModule:UnityEditor.Search:ASIAI0B
Importing 'GUID: 4083e05963a34a969d61631315469f1c - Path: Packages/com.unity.render-pipelines.universal/Runtime/Passes/PostProcess/UpscalerPostProcessPass.cs - Importer: ScriptedImporter/UnityEditor.QuickSearchModule:UnityEditor.Search:ASIAI0B' with importer (ScriptedImporter : UnityEditor.QuickSearchModule:UnityEditor.Search:ASIAI0B)
Imported 'GUID: 4083e05963a34a969d61631315469f1c' -> (Import Result ID: 'fd8706f9e911ed17f41935f97a51cd98') in 0.003 seconds [static and dynamic dependencies]. Details - ImportResultOutputID=a3f39d3a76f036621f776dd98b43344e DependenciesID=d74e86aed2eb608769375b6ee244f2b7 StaticDependenciesID=73babfdb70ed88ee90b113132d6e6807 
Number of updated asset objects reloaded before import = 0
Number of asset objects unloaded after import = 0
========================================================================
Received Import Request.
  Time of request: 2026-09-18T17:31:55.0333196Z
  Time since last request: 0.0003294 seconds.
  importAddress: GUID: ad9384b4a85870d429d445bbad3ed38d - Path: Packages/com.unity.render-pipelines.universal/Runtime/Decal/Entities/DecalSkipCulledSystem.cs - Importer: ScriptedImporter/UnityEditor.QuickSearchModule:UnityEditor.Search:ASIAI0B
Importing 'GUID: ad9384b4a85870d429d445bbad3ed38d - Path: Packages/com.unity.render-pipelines.universal/Runtime/Decal/Entities/DecalSkipCulledSystem.cs - Importer: ScriptedImporter/UnityEditor.QuickSearchModule:UnityEditor.Search:ASIAI0B' with importer (ScriptedImporter : UnityEditor.QuickSearchModule:UnityEditor.Search:ASIAI0B)
Imported 'GUID: ad9384b4a85870d429d445bbad3ed38d' -> (Import Result ID: '0874e2f280122b6d7d98c3d06c8ac1f0') in 0.003 seconds [static and dynamic dependencies]. Details - ImportResultOutputID=084f22a325033edccd30953b84d17862 DependenciesID=c91ab8d57e75bc0d2f92542c97c2a62d StaticDependenciesID=44e2726d29fe5e7fb9bc8985a4c4d5cb 
Number of updated asset objects reloaded before import = 0
Number of asset objects unloaded after import = 0
========================================================================
Received Import Request.
  Time of request: 2026-09-18T17:31:55.0518827Z
  Time since last request: 0.0002833 seconds.
  importAddress: GUID: 50b950943744ab94c835f03c29638265 - Path: Packages/com.unity.render-pipelines.universal/Runtime/Passes/ScreenSpaceAmbientOcclusion/GTAOPass.cs - Importer: ScriptedImporter/UnityEditor.QuickSearchModule:UnityEditor.Search:ASIAI0B
Importing 'GUID: 50b950943744ab94c835f03c29638265 - Path: Packages/com.unity.render-pipelines.universal/Runtime/Passes/ScreenSpaceAmbientOcclusion/GTAOPass.cs - Importer: ScriptedImporter/UnityEditor.QuickSearchModule:UnityEditor.Search:ASIAI0B' with importer (ScriptedImporter : UnityEditor.QuickSearchModule:UnityEditor.Search:ASIAI0B)
Imported 'GUID: 50b950943744ab94c835f03c29638265' -> (Import Result ID: '85640ae290e47fa41226f442db575b25') in 0.003 seconds [static and dynamic dependencies]. Details - ImportResultOutputID=ddbd0d958e9cfc9ed1111665cbb6bd6e DependenciesID=f99fc953e379f175550492e958ea26fc StaticDependenciesID=a5c7e9633e6f6d7a389d9cdb0bab15c6 
Number of updated asset objects reloaded before import = 0
Number of asset objects unloaded after import = 0
========================================================================
Received Import Request.
  Time of request: 2026-09-18T17:31:55.0705028Z
  Time since last request: 0.0002265 seconds.
  importAddress: GUID: bc72453fe7004b54a9b676b403c0ba54 - Path: Packages/com.unity.render-pipelines.universal/Runtime/Decal/DBuffer/DBufferDepthCopyPass.cs - Importer: ScriptedImporter/UnityEditor.QuickSearchModule:UnityEditor.Search:ASIAI0B
Importing 'GUID: bc72453fe7004b54a9b676b403c0ba54 - Path: Packages/com.unity.render-pipelines.universal/Runtime/Decal/DBuffer/DBufferDepthCopyPass.cs - Importer: ScriptedImporter/UnityEditor.QuickSearchModule:UnityEditor.Search:ASIAI0B' with importer (ScriptedImporter : UnityEditor.QuickSearchModule:UnityEditor.Search:ASIAI0B)
Imported 'GUID: bc72453fe7004b54a9b676b403c0ba54' -> (Import Result ID: 'c0020ec754d4df26dbf34937cbd7a252') in 0.002 seconds [static and dynamic dependencies]. Details - ImportResultOutputID=4d8e0df321f605f59d0df8407672d601 DependenciesID=d336d1c0c3ec09cf5370eb422194601e StaticDependenciesID=d6cb1302fa1667bdd9a3e9865b283d79 
Number of updated asset objects reloaded before import = 0
Number of asset objects unloaded after import = 0
========================================================================
Received Import Request.
  Time of request: 2026-09-18T17:31:55.0888016Z
  Time since last request: 0.0002952 seconds.
  importAddress: GUID: 968d592865a36d64abb3a8de86ddbc91 - Path: Packages/com.unity.render-pipelines.universal/Runtime/2D/Sources/IProvider2DSources.cs - Importer: ScriptedImporter/UnityEditor.QuickSearchModule:UnityEditor.Search:ASIAI0B
Importing 'GUID: 968d592865a36d64abb3a8de86ddbc91 - Path: Packages/com.unity.render-pipelines.universal/Runtime/2D/Sources/IProvider2DSources.cs - Importer: ScriptedImporter/UnityEditor.QuickSearchModule:UnityEditor.Search:ASIAI0B' with importer (ScriptedImporter : UnityEditor.QuickSearchModule:UnityEditor.Search:ASIAI0B)
Imported 'GUID: 968d592865a36d64abb3a8de86ddbc91' -> (Import Result ID: 'd45d264ee5d74dac1c91ffc09b0380f7') in 0.003 seconds [static and dynamic dependencies]. Details - ImportResultOutputID=a46b54c0eb4ee7e2c8f25200e92fd0e3 DependenciesID=e027431c47a17949c806e7cdbcc9c29d StaticDependenciesID=e220c0ce895060ace7c443ea77264385 
Number of updated asset objects reloaded before import = 0
Number of asset objects unloaded after import = 0
========================================================================
Received Import Request.
  Time of request: 2026-09-18T17:31:55.1074006Z
  Time since last request: 0.000309 seconds.
  importAddress: GUID: 013fd020dbca2ff4aa86ad4cf51ab0ef - Path: Packages/com.unity.render-pipelines.universal/Runtime/2D/Sources/Shadow2DSource_ShapeEditor.cs - Importer: ScriptedImporter/UnityEditor.QuickSearchModule:UnityEditor.Search:ASIAI0B
Importing 'GUID: 013fd020dbca2ff4aa86ad4cf51ab0ef - Path: Packages/com.unity.render-pipelines.universal/Runtime/2D/Sources/Shadow2DSource_ShapeEditor.cs - Importer: ScriptedImporter/UnityEditor.QuickSearchModule:UnityEditor.Search:ASIAI0B' with importer (ScriptedImporter : UnityEditor.QuickSearchModule:UnityEditor.Search:ASIAI0B)
Imported 'GUID: 013fd020dbca2ff4aa86ad4cf51ab0ef' -> (Import Result ID: '2ab3ba5c5b3db321cd9aa44e4e9a2419') in 0.003 seconds [static and dynamic dependencies]. Details - ImportResultOutputID=92b604d4e1919e1e7633174c64464889 DependenciesID=3784afdafec41a93ae7e015f5ae7f3ec StaticDependenciesID=aa2480766aacbdb8ad3912b3ce0c30e5 
Number of updated asset objects reloaded before import = 0
Number of asset objects unloaded after import = 0
========================================================================
Received Import Request.
  Time of request: 2026-09-18T17:31:55.1256873Z
  Time since last request: 0.0003474 seconds.
  importAddress: GUID: 30fa68ce467463643a86b839ca0eb195 - Path: Packages/com.unity.render-pipelines.universal/Runtime/Materials/ArnoldStandardSurface/ArnoldStandardSurfaceTransparent.shadergraph - Importer: ScriptedImporter/UnityEditor.QuickSearchModule:UnityEditor.Search:ASIAI0B
Importing 'GUID: 30fa68ce467463643a86b839ca0eb195 - Path: Packages/com.unity.render-pipelines.universal/Runtime/Materials/ArnoldStandardSurface/ArnoldStandardSurfaceTransparent.shadergraph - Importer: ScriptedImporter/UnityEditor.QuickSearchModule:UnityEditor.Search:ASIAI0B' with importer (ScriptedImporter : UnityEditor.QuickSearchModule:UnityEditor.Search:ASIAI0B)
Imported 'GUID: 30fa68ce467463643a86b839ca0eb195' -> (Import Result ID: 'f1cf4f7bd628fd214d8828ef578d3ffb') in 0.010 seconds [static and dynamic dependencies]. Details - ImportResultOutputID=fc4b3fee303e89c289d6806e37833ec2 DependenciesID=69d71384af509c92d7cb1b79ded65656 StaticDependenciesID=6081019a9a3646f326302365dbb3c971 
Number of updated asset objects reloaded before import = 0
Number of asset objects unloaded after import = 6
========================================================================
Received Import Request.
  Time of request: 2026-09-18T17:31:55.1512866Z
  Time since last request: 0.0001017 seconds.
  importAddress: GUID: fc978838bb481b649b885c2d6bbbbb4f - Path: Packages/com.unity.render-pipelines.universal/Runtime/2D/Sources/Shadow2DProviderSource.cs - Importer: ScriptedImporter/UnityEditor.QuickSearchModule:UnityEditor.Search:ASIAI0B
Importing 'GUID: fc978838bb481b649b885c2d6bbbbb4f - Path: Packages/com.unity.render-pipelines.universal/Runtime/2D/Sources/Shadow2DProviderSource.cs - Importer: ScriptedImporter/UnityEditor.QuickSearchModule:UnityEditor.Search:ASIAI0B' with importer (ScriptedImporter : UnityEditor.QuickSearchModule:UnityEditor.Search:ASIAI0B)
Imported 'GUID: fc978838bb481b649b885c2d6bbbbb4f' -> (Import Result ID: 'd420a59a5e0ce4e30e0ea5b0b8dc5830') in 0.003 seconds [static and dynamic dependencies]. Details - ImportResultOutputID=896f9415b2421ee28b1cb58d8262cdc8 DependenciesID=1361a3e0df1bd9cc2e10a7ba4fb429be StaticDependenciesID=1696602b1dd9eab5e45d7d0958832216 
Number of updated asset objects reloaded before import = 0
Number of asset objects unloaded after import = 0
========================================================================
Received Import Request.
  Time of request: 2026-09-18T17:31:55.1705413Z
  Time since last request: 0.0002899 seconds.
  importAddress: GUID: 60bde6145e88f154a99bf3cb5a724641 - Path: Packages/com.unity.render-pipelines.universal/Runtime/Passes/ScreenSpaceAmbientOcclusion/AAOPass.cs - Importer: ScriptedImporter/UnityEditor.QuickSearchModule:UnityEditor.Search:ASIAI0B
Importing 'GUID: 60bde6145e88f154a99bf3cb5a724641 - Path: Packages/com.unity.render-pipelines.universal/Runtime/Passes/ScreenSpaceAmbientOcclusion/AAOPass.cs - Importer: ScriptedImporter/UnityEditor.QuickSearchModule:UnityEditor.Search:ASIAI0B' with importer (ScriptedImporter : UnityEditor.QuickSearchModule:UnityEditor.Search:ASIAI0B)
Imported 'GUID: 60bde6145e88f154a99bf3cb5a724641' -> (Import Result ID: 'd8b9dcf135661838c8897070e7eb9b64') in 0.003 seconds [static and dynamic dependencies]. Details - ImportResultOutputID=5de3990e86ea05c79d1396adbe50cf90 DependenciesID=3ecea3484b200e2f3bdfbcf2a550457c StaticDependenciesID=6a579ec679261046e98f7f8788b03614 
Number of updated asset objects reloaded before import = 0
Number of asset objects unloaded after import = 0
========================================================================
Received Import Request.
  Time of request: 2026-09-18T17:31:55.1889775Z
  Time since last request: 0.0002854 seconds.
  importAddress: GUID: 939a2c8bde6318d4aae61003b98bafd0 - Path: Packages/com.unity.render-pipelines.universal/Runtime/Decal/Entities/DecalCreateDrawCallSystem.cs - Importer: ScriptedImporter/UnityEditor.QuickSearchModule:UnityEditor.Search:ASIAI0B
Importing 'GUID: 939a2c8bde6318d4aae61003b98bafd0 - Path: Packages/com.unity.render-pipelines.universal/Runtime/Decal/Entities/DecalCreateDrawCallSystem.cs - Importer: ScriptedImporter/UnityEditor.QuickSearchModule:UnityEditor.Search:ASIAI0B' with importer (ScriptedImporter : UnityEditor.QuickSearchModule:UnityEditor.Search:ASIAI0B)
Imported 'GUID: 939a2c8bde6318d4aae61003b98bafd0' -> (Import Result ID: 'f612ecedd96162f143fe7cd85dab419c') in 0.002 seconds [static and dynamic dependencies]. Details - ImportResultOutputID=aa0d69c7a0a3d235c6659c4a1d471fa0 DependenciesID=a0e7e8459c170eace447f36c11766352 StaticDependenciesID=73f8db4a96f8c0022f1a3384e67736b9 
Number of updated asset objects reloaded before import = 0
Number of asset objects unloaded after import = 0
Editor requested this worker to shutdown with reason: Editor is closing down
AcceleratorClientConnectionCallback - disconnected - :0
AssetImportWorker is now disconnected from the server
Process exiting
[ExitDontLaunchBugReporter] Exiting without the bug reporter. Application will exit with return code 0
