VBCSCompilerPreWarmer: pre-warm launched (dotnet PID 10528)
VBCSCompiler prewarm took 4.97 ms
[Licensing::Module] Trying to connect to existing licensing client channel...
Built from '6000.6/respin/6000.6.0f1-fa21a270ab12' branch; Version is '6000.6.0f1 (f7f8ed4d1e24) revision 16251117'; Using compiler version '194234433'; Build Type 'Release'
[Licensing::IpcConnector] Successfully connected to: "LicenseClient-kvdgs" at "2026-09-18T19:13:06.0170583Z"
OS: 'Windows 10  (10.0.19044) 64bit IoTEnterpriseS' Language: 'en' Physical Memory: 32553 MB
BatchMode: 0, IsHumanControllingUs: 1, StartBugReporterOnCrash: 1, Is64bit: 1
System  architecture: x64
Process architecture: x64
Date: 2026-09-18T19:13:06Z
[Licensing::Client] Code 10 while verifying Licensing Client signature (process Id: 8588, path: "C:/Program Files/Unity Hub/UnityLicensingClient_V1/Unity.Licensing.Client.exe")
[Licensing::Module] LicensingClient has failed validation; ignoring
[Licensing::Client] Handshaking with LicensingClient:
  Version:                 1.18.3+d7ffd15
  Session Id:              1a55e7866342442b98922640195d96c5
  Correlation Id:          350cd9fa84fd69a94817cc3720ce7558
  External correlation Id: 297049504541874078
  Machine Id:              e92fZFs8pw5YPi8nmDcnF+cruoE=
[Licensing::Module] Successfully connected to LicensingClient on channel: "LicenseClient-kvdgs" (connect: 0.00s, validation: 0.00s, handshake: 0.03s)
[Licensing::IpcConnector] Successfully connected to: "LicenseClient-kvdgs-notifications" at "2026-09-18T19:13:06.0446786Z"
[Licensing::Client] Successfully updated the access token
[Licensing::Module] Successfully updated the access token wF0vsXd1ho...
[Licensing::Client] Successfully resolved entitlement details
[Licensing::Module] License group:
  Id: 7972619309565-UnityPersXXXX
  Product: Unity Personal
  Type: Assigned
  Expiration: Unlimited
[Licensing::Client] Successfully updated license, isAsync: True, time: 0.01

COMMAND LINE ARGUMENTS:
C:\Program Files\Unity\Hub\Editor\6000.6.0f1\Editor\Unity.exe
-createproject
C:\Users\kvdgs\gra\moba-2d
-cloneFromTemplate
C:\Program Files\Unity\Hub\Editor\6000.6.0f1\Editor\Data\Resources\PackageManager\ProjectTemplates\com.unity.template.2d-cross-platform-2d-7.0.0.tgz
-cloudOrganization
7972619305381
-cloudProject
f88bda80-b30b-44c4-a84d-5052f03e1d65
-cloudEnvironment
production
-useHub
-hubIPC
-hubSessionId
fdc069ca-c794-4b2b-8361-09fd3b996b23
-accessToken
wF0vsXd1ho0tCqbtQGEnj5hAnwtFuirXSqF0hOcoxBo007f
[Licensing::Client] Successfully resolved entitlement details
[Licensing::Module] Licensing Background thread has ended after 0.05s
C:/Users/kvdgs/gra/moba-2d
[UnityMemory] Configuration Parameters - Can be set up in boot.config
    "memorysetup-temp-allocator-size-gi-baking-worker=262144"
    "memorysetup-temp-allocator-size-gi-baking-worker=262144"
    "memorysetup-temp-allocator-size-gi-baking-worker=262144"
    "memorysetup-temp-allocator-size-gi-baking-worker=262144"
    "memorysetup-temp-allocator-size-gi-baking-worker=262144"
    "memorysetup-temp-allocator-size-nav-mesh-worker=65536"
    "memorysetup-temp-allocator-size-audio-worker=65536"
    "memorysetup-temp-allocator-size-cloud-worker=32768"
    "memorysetup-temp-allocator-size-gfx=262144"
    "memorysetup-remapper-allocator-initial-capacity=32768"
    "memorysetup-temp-allocator-size-preload-manager=33554432"
    "memorysetup-allocator-temp-initial-block-size-main=262144"
    "memorysetup-allocator-temp-initial-block-size-worker=262144"
    "memorysetup-temp-allocator-size-job-worker=262144"
    "memorysetup-temp-allocator-size-background-worker=32768"
    "memorysetup-bucket-allocator-granularity=16"
    "memorysetup-bucket-allocator-bucket-count=8"
    "memorysetup-bucket-allocator-block-size=33554432"
    "memorysetup-bucket-allocator-block-count=8"
    "memorysetup-main-allocator-block-size=16777216"
    "memorysetup-thread-allocator-block-size=16777216"
    "memorysetup-main-allocator-mimalloc-enabled=1"
    "memorysetup-gfx-main-allocator-block-size=16777216"
    "memorysetup-gfx-thread-allocator-block-size=16777216"
    "memorysetup-cache-allocator-block-size=4194304"
    "memorysetup-typetree-allocator-block-size=2097152"
    "memorysetup-profiler-bucket-allocator-granularity=16"
    "memorysetup-profiler-bucket-allocator-bucket-count=8"
    "memorysetup-profiler-bucket-allocator-block-size=33554432"
    "memorysetup-profiler-bucket-allocator-block-count=8"
    "memorysetup-profiler-allocator-block-size=16777216"
    "memorysetup-profiler-editor-allocator-block-size=1048576"
    "memorysetup-temp-allocator-size-main=16777216"
    "memorysetup-job-temp-allocator-block-size=2097152"
    "memorysetup-job-temp-allocator-block-size-background=1048576"
    "memorysetup-job-temp-allocator-reduction-small-platforms=262144"
Player connection [21204]  Target information:

Player connection [21204]  * "[IP] 192.168.56.1 [Port] 55504 [Flags] 2 [Guid] 1473588521 [EditorId] 1473588521 [Version] 1048832 [Id] WindowsEditor(7,DESKTOP-S3V9965) [Debug] 1 [PackageName] WindowsEditor [ProjectName] Editor" 

Player connection [21204]  * "[IP] 192.168.1.76 [Port] 55504 [Flags] 2 [Guid] 1473588521 [EditorId] 1473588521 [Version] 1048832 [Id] WindowsEditor(7,DESKTOP-S3V9965) [Debug] 1 [PackageName] WindowsEditor [ProjectName] Editor" 

Player connection [21204] Host joined multi-casting on [225.0.0.222:54997]...
Player connection [21204] Host joined alternative multi-casting on [225.0.0.222:34997]...
Input System module state changed to: Initialized.
[Physics::Module] Initialized fallback backend.
[Physics::Module] Id: 0xdecafbad
[Package Manager] Connected to IPC stream "Upm-20812" after 0.0 seconds.
[Licensing::Client] Successfully resolved entitlement details
Library Redirect Path: Library/

[Upgrade] Starting artifact database upgrade: Missing DefaultAsset Output ID
[Upgrade]   Started collecting artifacts with missing importResultOutputID
[Upgrade]   Processed 1000 in 0.0002279 seconds

[Upgrade]   Processed 2000 in 0.0004643 seconds

[Upgrade]   Processed 3000 in 0.0006826 seconds

[Upgrade]   Processed 4000 in 0.0008874 seconds

[Upgrade]   Processed 5000 in 0.0010982 seconds


[Upgrade]   Collected 0 artifacts by searching 5010 artifacts
[Upgrade]   Processed 5011 in 0.0011092 seconds

[Upgrade]   Done collecting artifacts with missing importResultOutputID
[Upgrade]   Started patching artifacts with missing importResultOutputID
[Upgrade]   Patched 0 artifacts in import cache
[Upgrade]   Processed 1 in 0.0000043 seconds

[Upgrade]   Done patching artifacts with missing importResultOutputID
[Upgrade] Done artifact database upgrade: Missing DefaultAsset Output ID
Initialising UDS system complete:
  - System type: Client
  - Resource namespace: 1085f68d06cbf4ba334a464daee6d677
  - Shared memory size: 1073741824
  - Command buffer id: 1052576
  - Command buffer size: 8192
  - Hashmap size: 4194304
  - Service connected: false
Launching Unity Data Store - C:/Program Files/Unity/Hub/Editor/6000.6.0f1/Editor/Data/Tools/Unity.DataStore.exe 
Unity Data Store artifact dir = Library/DataStore, working dir = C:/Users/kvdgs/gra/moba-2d[Physics::Module] Selected backend.
[Physics::Module] Name: PhysX
[Physics::Module] Id: 0xf2b8ea05
[Physics::Module] SDK Version: 4.1.2
[Physics::Module] Integration Version: 1.0.0
[Physics::Module] Threading Mode: Multi-Threaded
Unity Data Store running and initialised
Initialize engine version: 6000.6.0f1 (f7f8ed4d1e24)
[EntityIdStore] init: VM path (explicit commit), pageSize=4096, blockCount=1048576, entitiesPerBlock=256, slots reserved=4294967296 bytes
[Subsystems] Discovering subsystems at path C:/Program Files/Unity/Hub/Editor/6000.6.0f1/Editor/Data/Resources/UnitySubsystems
[Subsystems] Discovering subsystems at path C:/Users/kvdgs/gra/moba-2d/Assets
[D3D12 Device Filter] Vendor Name: ATI
[D3D12 Device Filter] Device Name: AMD Radeon RX 7700 XT
[D3D12 Device Filter] Driver Version: 31.0.22030.2
[D3D12 Device Filter] Feature Level: 12.2
[D3D12 Device Filter] Graphics Memory: 12076 MB
[D3D12 Device Filter] Processor Count: 20
[D3D12 Device Filter] Device Type: Discrete
GfxDevice: creating device client; kGfxThreadingModeSplitJobs
d3d12: failed to query info queue interface (0x80004002).
Direct3D:
    Version:         Direct3D 12 [level 12.2]
    Renderer:        AMD Radeon RX 7700 XT (ID=0x747e)
    Vendor:          ATI
    VRAM:            12076 MB
    App VRAM Budget: 11308 MB
    Driver:          31.0.22030.2
Initialize mono
Mono path[0] = 'C:/Program Files/Unity/Hub/Editor/6000.6.0f1/Editor/Data/Managed'
Mono path[1] = 'C:/Program Files/Unity/Hub/Editor/6000.6.0f1/Editor/Data/BCLExtensions/runtime/netstandard2.1'
Mono path[2] = 'C:/Program Files/Unity/Hub/Editor/6000.6.0f1/Editor/Data/MonoBleedingEdge/lib/mono/unityjit-win32'
Mono config path = 'C:/Program Files/Unity/Hub/Editor/6000.6.0f1/Editor/Data/MonoBleedingEdge/etc'
Using monoOptions --debugger-agent=transport=dt_socket,embedding=1,server=y,suspend=n,address=127.0.0.1:56812
CodeReloadManager initialized
ImportWorker Server TCP listen port: 0
AcceleratorClientConnectionCallback - disconnected - :0
Begin MonoManager ReloadAssembly
Registering precompiled unity dll's ...
Register platform support module: C:/Program Files/Unity/Hub/Editor/6000.6.0f1/Editor/Data/PlaybackEngines/WebGLSupport/UnityEditor.WebGL.Extensions.dll
Register platform support module: C:/Program Files/Unity/Hub/Editor/6000.6.0f1/Editor/Data/PlaybackEngines/WindowsStandaloneSupport/UnityEditor.WindowsStandalone.Extensions.dll
Registered in 0.001968 seconds.
Native extension for WindowsStandalone target not found
Native extension for WebGL target not found
Package Manager log level set to [2]
ScheduleIndexationOnStartup MainProcess:False IndexOnStartup:False
Scripting: successfully reloaded assembly
- Finished resetting the current domain, in  0.785 seconds
Domain Reload Profiling: 1386ms
	BeginReloadAssembly (139ms)
		CreateAndSetChildDomain (9ms)
	RebuildCommonClasses (5ms)
	RebuildNativeTypeToScriptingClass (18ms)
	initialDomainReloadingComplete (65ms)
	LoadAllAssembliesAndSetupDomain (369ms)
		LoadAssemblies (129ms)
		TypeCache.Refresh (255ms)
			TypeCache.ScanAssembly (241ms)
		AnalyzeDomain (1ms)
	FinalizeReload (789ms)
		SetupLoadedEditorAssemblies (0ms)
			InitializePlatformSupportModulesInManaged (3ms)
			BeforeProcessingInitializeOnLoad (109ms)
			ProcessInitializeOnLoadAttributes (173ms)
			ProcessInitializeOnLoadMethodAttributes (241ms)
[Licensing::Client] Successfully resolved entitlement details
Application.AssetDatabase Initial Refresh Start
[Package Manager] Done resolving packages in 18.01 seconds
[Licensing::Client] Successfully resolved entitlement details
[Package Manager] Lock file was modified
[Package Manager] Registered 71 packages:
  Packages from [https://packages.unity.com]:
    com.unity.2d.animation@16.0.0 (location: C:\Users\kvdgs\gra\moba-2d\Library\PackageCache\com.unity.2d.animation@147f6a6d9e7f)
    com.unity.2d.aseprite@6.0.0 (location: C:\Users\kvdgs\gra\moba-2d\Library\PackageCache\com.unity.2d.aseprite@ab909e3e9b5f)
    com.unity.2d.psdimporter@15.0.0 (location: C:\Users\kvdgs\gra\moba-2d\Library\PackageCache\com.unity.2d.psdimporter@3ef8178676f6)
    com.unity.2d.spriteshape@16.0.0 (location: C:\Users\kvdgs\gra\moba-2d\Library\PackageCache\com.unity.2d.spriteshape@42798c9d35d3)
    com.unity.2d.tilemap.extras@9.0.0 (location: C:\Users\kvdgs\gra\moba-2d\Library\PackageCache\com.unity.2d.tilemap.extras@598e8b65eaae)
    com.unity.2d.tooling@4.0.0 (location: C:\Users\kvdgs\gra\moba-2d\Library\PackageCache\com.unity.2d.tooling@92c2769ac09c)
    com.unity.collab-proxy@2.13.6 (location: C:\Users\kvdgs\gra\moba-2d\Library\PackageCache\com.unity.collab-proxy@4628d2ba6ea4)
    com.unity.ide.rider@3.0.38 (location: C:\Users\kvdgs\gra\moba-2d\Library\PackageCache\com.unity.ide.rider@1f60b3138684)
    com.unity.ide.visualstudio@2.0.26 (location: C:\Users\kvdgs\gra\moba-2d\Library\PackageCache\com.unity.ide.visualstudio@a99d56dec63f)
    com.unity.inputsystem@1.20.0 (location: C:\Users\kvdgs\gra\moba-2d\Library\PackageCache\com.unity.inputsystem@7a4e1a2a8194)
    com.unity.learn.iet-framework@6.0.7 (location: C:\Users\kvdgs\gra\moba-2d\Library\PackageCache\com.unity.learn.iet-framework@96330db47073)
    com.unity.visualscripting@1.9.12 (location: C:\Users\kvdgs\gra\moba-2d\Library\PackageCache\com.unity.visualscripting@4edfcc09512f)
    com.unity.settings-manager@2.1.1 (location: C:\Users\kvdgs\gra\moba-2d\Library\PackageCache\com.unity.settings-manager@0b8638c5ce86)
    com.unity.2d.common@15.0.0 (location: C:\Users\kvdgs\gra\moba-2d\Library\PackageCache\com.unity.2d.common@b779c433ed47)
    com.unity.searcher@4.9.5 (location: C:\Users\kvdgs\gra\moba-2d\Library\PackageCache\com.unity.searcher@a463122f2c00)
    com.unity.profiling.core@1.0.3 (location: C:\Users\kvdgs\gra\moba-2d\Library\PackageCache\com.unity.profiling.core@8a49f7027d06)
    com.unity.nuget.mono-cecil@1.11.6 (location: C:\Users\kvdgs\gra\moba-2d\Library\PackageCache\com.unity.nuget.mono-cecil@ecb9724e46ff)
  Built-in packages:
    com.unity.2d.sprite@1.0.0 (location: C:\Users\kvdgs\gra\moba-2d\Library\PackageCache\com.unity.2d.sprite@947350d67f82)
    com.unity.2d.tilemap@1.0.0 (location: C:\Users\kvdgs\gra\moba-2d\Library\PackageCache\com.unity.2d.tilemap@639ca1d99254)
    com.unity.render-pipelines.universal@17.6.0 (location: C:\Users\kvdgs\gra\moba-2d\Library\PackageCache\com.unity.render-pipelines.universal@8457e85b8184)
    com.unity.test-framework@1.8.0 (location: C:\Users\kvdgs\gra\moba-2d\Library\PackageCache\com.unity.test-framework@7a3849e09bd0)
    com.unity.timeline@6.6.0 (location: C:\Users\kvdgs\gra\moba-2d\Library\PackageCache\com.unity.timeline@281d5f7e7d7d)
    com.unity.ugui@2.6.0 (location: C:\Users\kvdgs\gra\moba-2d\Library\PackageCache\com.unity.ugui@23caec89ae27)
    com.unity.modules.accessibility@1.0.0 (location: C:\Users\kvdgs\gra\moba-2d\Library\PackageCache\com.unity.modules.accessibility)
    com.unity.modules.adaptiveperformance@1.0.0 (location: C:\Users\kvdgs\gra\moba-2d\Library\PackageCache\com.unity.modules.adaptiveperformance)
    com.unity.modules.ai@1.0.0 (location: C:\Users\kvdgs\gra\moba-2d\Library\PackageCache\com.unity.modules.ai)
    com.unity.modules.androidjni@1.0.0 (location: C:\Users\kvdgs\gra\moba-2d\Library\PackageCache\com.unity.modules.androidjni)
    com.unity.modules.animation@1.0.0 (location: C:\Users\kvdgs\gra\moba-2d\Library\PackageCache\com.unity.modules.animation)
    com.unity.modules.assetbundle@1.0.0 (location: C:\Users\kvdgs\gra\moba-2d\Library\PackageCache\com.unity.modules.assetbundle)
    com.unity.modules.audio@1.0.0 (location: C:\Users\kvdgs\gra\moba-2d\Library\PackageCache\com.unity.modules.audio)
    com.unity.modules.cloth@1.0.0 (location: C:\Users\kvdgs\gra\moba-2d\Library\PackageCache\com.unity.modules.cloth)
    com.unity.modules.director@1.0.0 (location: C:\Users\kvdgs\gra\moba-2d\Library\PackageCache\com.unity.modules.director)
    com.unity.modules.imageconversion@1.0.0 (location: C:\Users\kvdgs\gra\moba-2d\Library\PackageCache\com.unity.modules.imageconversion)
    com.unity.modules.imgui@1.0.0 (location: C:\Users\kvdgs\gra\moba-2d\Library\PackageCache\com.unity.modules.imgui)
    com.unity.modules.jsonserialize@1.0.0 (location: C:\Users\kvdgs\gra\moba-2d\Library\PackageCache\com.unity.modules.jsonserialize)
    com.unity.modules.particlesystem@1.0.0 (location: C:\Users\kvdgs\gra\moba-2d\Library\PackageCache\com.unity.modules.particlesystem)
    com.unity.modules.physics@1.0.0 (location: C:\Users\kvdgs\gra\moba-2d\Library\PackageCache\com.unity.modules.physics)
    com.unity.modules.physics2d@1.0.0 (location: C:\Users\kvdgs\gra\moba-2d\Library\PackageCache\com.unity.modules.physics2d)
    com.unity.modules.physicscore2d@1.0.0 (location: C:\Users\kvdgs\gra\moba-2d\Library\PackageCache\com.unity.modules.physicscore2d)
    com.unity.modules.screencapture@1.0.0 (location: C:\Users\kvdgs\gra\moba-2d\Library\PackageCache\com.unity.modules.screencapture)
    com.unity.modules.terrain@1.0.0 (location: C:\Users\kvdgs\gra\moba-2d\Library\PackageCache\com.unity.modules.terrain)
    com.unity.modules.terrainphysics@1.0.0 (location: C:\Users\kvdgs\gra\moba-2d\Library\PackageCache\com.unity.modules.terrainphysics)
    com.unity.modules.tetgen@1.0.0 (location: C:\Users\kvdgs\gra\moba-2d\Library\PackageCache\com.unity.modules.tetgen)
    com.unity.modules.tilemap@1.0.0 (location: C:\Users\kvdgs\gra\moba-2d\Library\PackageCache\com.unity.modules.tilemap)
    com.unity.modules.timelinefoundation@1.0.0 (location: C:\Users\kvdgs\gra\moba-2d\Library\PackageCache\com.unity.modules.timelinefoundation)
    com.unity.modules.ui@1.0.0 (location: C:\Users\kvdgs\gra\moba-2d\Library\PackageCache\com.unity.modules.ui)
    com.unity.modules.uielements@1.0.0 (location: C:\Users\kvdgs\gra\moba-2d\Library\PackageCache\com.unity.modules.uielements)
    com.unity.modules.umbra@1.0.0 (location: C:\Users\kvdgs\gra\moba-2d\Library\PackageCache\com.unity.modules.umbra)
    com.unity.modules.unityanalytics@1.0.0 (location: C:\Users\kvdgs\gra\moba-2d\Library\PackageCache\com.unity.modules.unityanalytics)
    com.unity.modules.unitywebrequest@1.0.0 (location: C:\Users\kvdgs\gra\moba-2d\Library\PackageCache\com.unity.modules.unitywebrequest)
    com.unity.modules.unitywebrequestassetbundle@1.0.0 (location: C:\Users\kvdgs\gra\moba-2d\Library\PackageCache\com.unity.modules.unitywebrequestassetbundle)
    com.unity.modules.unitywebrequestaudio@1.0.0 (location: C:\Users\kvdgs\gra\moba-2d\Library\PackageCache\com.unity.modules.unitywebrequestaudio)
    com.unity.modules.unitywebrequesttexture@1.0.0 (location: C:\Users\kvdgs\gra\moba-2d\Library\PackageCache\com.unity.modules.unitywebrequesttexture)
    com.unity.modules.unitywebrequestwww@1.0.0 (location: C:\Users\kvdgs\gra\moba-2d\Library\PackageCache\com.unity.modules.unitywebrequestwww)
    com.unity.modules.vectorgraphics@1.0.0 (location: C:\Users\kvdgs\gra\moba-2d\Library\PackageCache\com.unity.modules.vectorgraphics)
    com.unity.modules.vehicles@1.0.0 (location: C:\Users\kvdgs\gra\moba-2d\Library\PackageCache\com.unity.modules.vehicles)
    com.unity.modules.video@1.0.0 (location: C:\Users\kvdgs\gra\moba-2d\Library\PackageCache\com.unity.modules.video)
    com.unity.modules.wind@1.0.0 (location: C:\Users\kvdgs\gra\moba-2d\Library\PackageCache\com.unity.modules.wind)
    com.unity.modules.xr@1.0.0 (location: C:\Users\kvdgs\gra\moba-2d\Library\PackageCache\com.unity.modules.xr)
    com.unity.modules.subsystems@1.0.0 (location: C:\Users\kvdgs\gra\moba-2d\Library\PackageCache\com.unity.modules.subsystems)
    com.unity.modules.hierarchycore@1.0.0 (location: C:\Users\kvdgs\gra\moba-2d\Library\PackageCache\com.unity.modules.hierarchycore)
    com.unity.ext.nunit@2.1.0 (location: C:\Users\kvdgs\gra\moba-2d\Library\PackageCache\com.unity.ext.nunit@0198eae3b53e)
    com.unity.render-pipelines.core@17.6.0 (location: C:\Users\kvdgs\gra\moba-2d\Library\PackageCache\com.unity.render-pipelines.core@2d66c71e606e)
    com.unity.shadergraph@17.6.0 (location: C:\Users\kvdgs\gra\moba-2d\Library\PackageCache\com.unity.shadergraph@ef6135652377)
    com.unity.render-pipelines.universal-config@17.6.0 (location: C:\Users\kvdgs\gra\moba-2d\Library\PackageCache\com.unity.render-pipelines.universal-config@561422b74439)
    com.unity.editorcoroutines@6.6.0 (location: C:\Users\kvdgs\gra\moba-2d\Library\PackageCache\com.unity.editorcoroutines@8cd72baa102a)
    com.unity.mathematics@1.4.0 (location: C:\Users\kvdgs\gra\moba-2d\Library\PackageCache\com.unity.mathematics@8306a64d0cd6)
    com.unity.collections@6.6.0 (location: C:\Users\kvdgs\gra\moba-2d\Library\PackageCache\com.unity.collections@10fff0607388)
    com.unity.graph-authoring@1.0.0 (location: C:\Users\kvdgs\gra\moba-2d\Library\PackageCache\com.unity.graph-authoring@cfd2588851ee)
    com.unity.burst@2.0.0 (location: C:\Users\kvdgs\gra\moba-2d\Library\PackageCache\com.unity.burst@626e66ab421b)
    com.unity.test-framework.performance@6.6.0 (location: C:\Users\kvdgs\gra\moba-2d\Library\PackageCache\com.unity.test-framework.performance@0a60b857a52e)
[Subsystems] No new subsystems found in resolved package list.
[Package Manager] Done registering packages in 0.00 seconds
AcceleratorClientConnectionCallback - disconnected - :0
[API Updater] Processing imported assemblies took 98 ms (0/0 assembly(ies)).
Assembly Updater Post Process Assets time: 0.100659s
[ScriptCompilation] Requested script compilation because: Assembly Definition File(s) changed
[ScriptCompilation] Requested script compilation because: AssetDatabase observed changes in script compilation related files
Starting: C:\Program Files\Unity\Hub\Editor\6000.6.0f1\Editor\Data\Tools\BuildPipeline\bee_backend.exe --ipc --defer-dag-verification --dagfile="Library/Bee/1900b0aE.dag" --continue-on-failure --profile="Library/Bee/backend1.traceevents" ScriptAssemblies
WorkingDir: C:/Users/kvdgs/gra/moba-2d
ExitCode: 4 Duration: 0s53ms
[             ] Require frontend run.  Library/Bee/1900b0aE.dag couldn't be loaded
Starting: C:\Program Files\Unity\Hub\Editor\6000.6.0f1\Editor\Data\DotNetSdk\dotnet.exe "C:\Program Files\Unity\Hub\Editor\6000.6.0f1\Editor\Data\Tools\BuildPipeline\ScriptCompilationBuildProgram.exe" "Library/Bee/1900b0aE.dag.json" "Library/Bee/1900b0aE-inputdata.json" "Library\Bee\buildprogram0.traceevents"
WorkingDir: C:/Users/kvdgs/gra/moba-2d
ExitCode: 0 Duration: 1s466ms
Starting: C:\Program Files\Unity\Hub\Editor\6000.6.0f1\Editor\Data\Tools\BuildPipeline\bee_backend.exe --ipc --defer-dag-verification --dagfile="Library/Bee/1900b0aE.dag" --continue-on-failure --dagfilejson="Library\Bee\1900b0aE.dag.json" --profile="Library/Bee/backend2.traceevents" ScriptAssemblies
WorkingDir: C:/Users/kvdgs/gra/moba-2d
warn: Unity.ILPP.Runner.PostProcessingAssemblyLoadContext[0]
      Assembly system.runtime.interopservices.windowsruntime has duplicate hint path. Ignoring "C:\Program Files\Unity\Hub\Editor\6000.6.0f1\Editor\Data\UnityReferenceAssemblies\unity-4.8-api\Facades\System.Runtime.InteropServices.WindowsRuntime.dll" in favor of "C:\Program Files\Unity\Hub\Editor\6000.6.0f1\Editor\Data\NetStandard\Extensions\2.0.0\System.Runtime.InteropServices.WindowsRuntime.dll"
warn: Unity.ILPP.Runner.PostProcessingAssemblyLoadContext[0]
      Assembly system.componentmodel.composition has duplicate hint path. Ignoring "C:\Program Files\Unity\Hub\Editor\6000.6.0f1\Editor\Data\UnityReferenceAssemblies\unity-4.8-api\System.ComponentModel.Composition.dll" in favor of "C:\Program Files\Unity\Hub\Editor\6000.6.0f1\Editor\Data\NetStandard\compat\2.1.0\shims\netfx\System.ComponentModel.Composition.dll"
ExitCode: 0 Duration: 23s
Finished compiling graph: 1230 nodes, 25068 flattened edges (21422 ToBuild, 200 ToUse), maximum node priority 1373
[   1/1227  0s] WriteText Library/Bee/artifacts/1900b0aE.dag/UnityEngine.TestRunner.rsp2
[   2/1227  0s] WriteText Library/Bee/artifacts/1900b0aE.dag/UnityEngine.TestRunner.UnityAdditionalFile.txt
[   3/1227  0s] MovedFromExtractor Library/Bee/artifacts/mvdfrm/UnityEditor.VFXModule.dll_2AEAB06D341C1AA5.mvfrm
[   4/1227  0s] MovedFromExtractor Library/Bee/artifacts/mvdfrm/UnityEngine.VirtualTexturingModule.dll_BF978659A1C374AF.mvfrm
[   5/1227  0s] MovedFromExtractor Library/Bee/artifacts/mvdfrm/UnityEngine.dll_0256361630CAB374.mvfrm
[   6/1227  0s] MovedFromExtractor Library/Bee/artifacts/mvdfrm/UnityEngine.WindModule.dll_D9C1460A377D13BA.mvfrm
[   7/1227  0s] MovedFromExtractor Library/Bee/artifacts/mvdfrm/UnityEngine.AdaptivePerformanceModule.dll_2FA1621B5E88EB8C.mvfrm
[   8/1227  0s] MovedFromExtractor Library/Bee/artifacts/mvdfrm/UnityEngine.VehiclesModule.dll_7994B41A980AFF49.mvfrm
[   9/1227  0s] MovedFromExtractor Library/Bee/artifacts/mvdfrm/UnityEngine.VideoModule.dll_34AC46ADFFBC667D.mvfrm
[  10/1227  0s] MovedFromExtractor Library/Bee/artifacts/mvdfrm/UnityEngine.XRModule.dll_8D9E220C45A2083C.mvfrm
[  11/1227  0s] MovedFromExtractor Library/Bee/artifacts/mvdfrm/UnityEditor.UmbraModule.dll_C44AB1F798D3C5A6.mvfrm
[  12/1227  0s] MovedFromExtractor Library/Bee/artifacts/mvdfrm/UnityEditor.VideoModule.dll_6E7F8A49CE3F35D8.mvfrm
[  13/1227  0s] MovedFromExtractor Library/Bee/artifacts/mvdfrm/UnityEditor.XRModule.dll_4F2F907CDA24D471.mvfrm
[  14/1227  0s] MovedFromExtractor Library/Bee/artifacts/mvdfrm/UnityEngine.AccessibilityModule.dll_73177A794A5784C0.mvfrm
[  15/1227  0s] MovedFromExtractor Library/Bee/artifacts/mvdfrm/UnityEditor.UnityConnectModule.dll_67A666FD4864EBDC.mvfrm
[  16/1227  0s] MovedFromExtractor Library/Bee/artifacts/mvdfrm/UnityEditor.VectorGraphicsModule.dll_FCACC05FEFD49355.mvfrm
[  17/1227  0s] MovedFromExtractor Library/Bee/artifacts/mvdfrm/UnityEngine.AIModule.dll_0C999A54BE662FBA.mvfrm
[  18/1227  0s] MovedFromExtractor Library/Bee/artifacts/mvdfrm/UnityEngine.VectorGraphicsModule.dll_B7D121FB0BC12760.mvfrm
[  19/1227  0s] MovedFromExtractor Library/Bee/artifacts/mvdfrm/UnityEditor.dll_CFB1EF3DD257268F.mvfrm
[  20/1227  0s] MovedFromExtractor Library/Bee/artifacts/mvdfrm/UnityEngine.VFXModule.dll_370C52C0A3CC28AA.mvfrm
[  21/1227  0s] MovedFromExtractor Library/Bee/artifacts/mvdfrm/UnityEngine.ARModule.dll_C60C5F581B838E83.mvfrm
[  22/1227  0s] MovedFromExtractor Library/Bee/artifacts/mvdfrm/UnityEngine.UnityWebRequestWWWModule.dll_3A0F2D32BA76CD39.mvfrm
[  23/1227  0s] MovedFromExtractor Library/Bee/artifacts/mvdfrm/UnityEngine.AudioModule.dll_0FA2C2433D2A4AD8.mvfrm
[  24/1227  0s] MovedFromExtractor Library/Bee/artifacts/mvdfrm/UnityEngine.ClusterInputModule.dll_E742DC12F9ECBEA2.mvfrm
[  25/1227  0s] MovedFromExtractor Library/Bee/artifacts/mvdfrm/UnityEngine.AnimationModule.dll_96F571211BAD3366.mvfrm
[  26/1227  0s] MovedFromExtractor Library/Bee/artifacts/mvdfrm/UnityEngine.ClothModule.dll_768B1F3E174729BC.mvfrm
[  27/1227  0s] MovedFromExtractor Library/Bee/artifacts/mvdfrm/UnityEngine.AssetBundleModule.dll_5D8772CFF7965354.mvfrm
[  28/1227  0s] MovedFromExtractor Library/Bee/artifacts/mvdfrm/UnityEngine.BurstModule.dll_789AB39B648062C2.mvfrm
[  29/1227  0s] MovedFromExtractor Library/Bee/artifacts/mvdfrm/UnityEngine.DirectorModule.dll_01D1BA9B1DE12FAE.mvfrm
[  30/1227  0s] MovedFromExtractor Library/Bee/artifacts/mvdfrm/UnityEngine.DSPGraphModule.dll_07231C04904200CF.mvfrm
[  31/1227  0s] MovedFromExtractor Library/Bee/artifacts/mvdfrm/UnityEngine.ContentLoadModule.dll_F69DCC10C618FB41.mvfrm
[  32/1227  0s] MovedFromExtractor Library/Bee/artifacts/mvdfrm/UnityEditor.TilemapModule.dll_60135022D82A835B.mvfrm
[  33/1227  0s] MovedFromExtractor Library/Bee/artifacts/mvdfrm/UnityEngine.AndroidJNIModule.dll_40E75C756F32D278.mvfrm
[  34/1227  0s] MovedFromExtractor Library/Bee/artifacts/mvdfrm/UnityEngine.ClusterRendererModule.dll_9D18376FF81613FF.mvfrm
[  35/1227  0s] MovedFromExtractor Library/Bee/artifacts/mvdfrm/UnityEngine.GIModule.dll_A4D5E3625A1517D4.mvfrm
[  36/1227  0s] MovedFromExtractor Library/Bee/artifacts/mvdfrm/UnityEngine.GameCenterModule.dll_6B34A6903573C369.mvfrm
[  37/1227  0s] MovedFromExtractor Library/Bee/artifacts/mvdfrm/UnityEngine.CrashReportingModule.dll_CD77A27A0BA92589.mvfrm
[  38/1227  0s] MovedFromExtractor Library/Bee/artifacts/mvdfrm/UnityEngine.HotReloadModule.dll_183E2F26F6E04EE8.mvfrm
[  39/1227  0s] MovedFromExtractor Library/Bee/artifacts/mvdfrm/UnityEngine.IMGUIModule.dll_480261AA035BDEB9.mvfrm
[  40/1227  0s] MovedFromExtractor Library/Bee/artifacts/mvdfrm/UnityEngine.GraphicsStateCollectionSerializerModule.dll_BAF52B2911ABB6E8.mvfrm
[  41/1227  0s] MovedFromExtractor Library/Bee/artifacts/mvdfrm/UnityEngine.GridModule.dll_40E386CFBE9B2B48.mvfrm
[  42/1227  0s] MovedFromExtractor Library/Bee/artifacts/mvdfrm/UnityEngine.HierarchyCoreModule.dll_EA321753B904DDB6.mvfrm
[  43/1227  0s] MovedFromExtractor Library/Bee/artifacts/mvdfrm/UnityEngine.IdentifiersModule.dll_3610FAC5BA0F216C.mvfrm
[  44/1227  0s] MovedFromExtractor Library/Bee/artifacts/mvdfrm/UnityEngine.InputForUIModule.dll_6DE700A995946025.mvfrm
[  45/1227  0s] MovedFromExtractor Library/Bee/artifacts/mvdfrm/UnityEngine.ImageConversionModule.dll_090A35207A3ACBF3.mvfrm
[  46/1227  0s] MovedFromExtractor Library/Bee/artifacts/mvdfrm/UnityEngine.InputLegacyModule.dll_EECC8DEE8F880945.mvfrm
[  47/1227  0s] MovedFromExtractor Library/Bee/artifacts/mvdfrm/UnityEngine.InputModule.dll_761889F3B3626F7C.mvfrm
[  48/1227  0s] MovedFromExtractor Library/Bee/artifacts/mvdfrm/UnityEngine.InsightsModule.dll_9B98832BA85E7F2D.mvfrm
[  49/1227  0s] MovedFromExtractor Library/Bee/artifacts/mvdfrm/UnityEngine.JSONSerializeModule.dll_D32F03B54992E54A.mvfrm
[  50/1227  0s] MovedFromExtractor Library/Bee/artifacts/mvdfrm/UnityEngine.LocalizationModule.dll_258FA6659168B19B.mvfrm
[  51/1227  0s] MovedFromExtractor Library/Bee/artifacts/mvdfrm/UnityEngine.MultiplayerModule.dll_DD2F8F5CB05DE0CC.mvfrm
[  52/1227  0s] MovedFromExtractor Library/Bee/artifacts/mvdfrm/UnityEngine.MathematicsModule.dll_829C20A96C0E4A88.mvfrm
[  53/1227  0s] MovedFromExtractor Library/Bee/artifacts/mvdfrm/UnityEngine.ManagedKernelModule.dll_95CDB2FE398CB3CE.mvfrm
[  54/1227  0s] MovedFromExtractor Library/Bee/artifacts/mvdfrm/UnityEngine.Physics2DModule.dll_E39B6111BCAA2AFB.mvfrm
[  55/1227  0s] MovedFromExtractor Library/Bee/artifacts/mvdfrm/UnityEngine.MarshallingModule.dll_05F01164DBBE80A6.mvfrm
[  56/1227  0s] MovedFromExtractor Library/Bee/artifacts/mvdfrm/UnityEngine.ParticleSystemModule.dll_2089EBC679BAB117.mvfrm
[  57/1227  0s] MovedFromExtractor Library/Bee/artifacts/mvdfrm/UnityEngine.PhysicsCore2DModule.dll_60DB5224A8FC79AA.mvfrm
[  58/1227  0s] MovedFromExtractor Library/Bee/artifacts/mvdfrm/UnityEngine.PhysicsModule.dll_994B25DD4FBE40A9.mvfrm
[  59/1227  0s] MovedFromExtractor Library/Bee/artifacts/mvdfrm/UnityEngine.PhysicsBackendPhysXModule.dll_09B549A841452E4B.mvfrm
[  60/1227  0s] MovedFromExtractor Library/Bee/artifacts/mvdfrm/UnityEngine.PerformanceReportingModule.dll_F8248BB2D335BB10.mvfrm
[  61/1227  0s] MovedFromExtractor Library/Bee/artifacts/mvdfrm/UnityEngine.RuntimeInitializeOnLoadManagerInitializerModule.dll_3DBF3BBF564211C4.mvfrm
[  62/1227  0s] MovedFromExtractor Library/Bee/artifacts/mvdfrm/UnityEngine.PropertiesModule.dll_986FE5CEA85F27A5.mvfrm
[  63/1227  0s] MovedFromExtractor Library/Bee/artifacts/mvdfrm/UnityEngine.ShaderVariantAnalyticsModule.dll_7E72D8A3053A1BF8.mvfrm
[  64/1227  0s] MovedFromExtractor Library/Bee/artifacts/mvdfrm/UnityEngine.SpriteMaskModule.dll_5461192056E358E3.mvfrm
[  65/1227  0s] MovedFromExtractor Library/Bee/artifacts/mvdfrm/UnityEngine.RenderAs2DModule.dll_D9A7A85487B971DC.mvfrm
[  66/1227  0s] MovedFromExtractor Library/Bee/artifacts/mvdfrm/UnityEngine.ScreenCaptureModule.dll_ED16B13A5DFF11AC.mvfrm
[  67/1227  0s] MovedFromExtractor Library/Bee/artifacts/mvdfrm/UnityEngine.StreamingModule.dll_4B8A5E716B34EAA4.mvfrm
[  68/1227  0s] MovedFromExtractor Library/Bee/artifacts/mvdfrm/UnityEngine.SpriteShapeModule.dll_76E8A02AAD388B5E.mvfrm
[  69/1227  0s] MovedFromExtractor Library/Bee/artifacts/mvdfrm/UnityEngine.SubsystemsModule.dll_BF0E7F82252B40F6.mvfrm
[  70/1227  0s] MovedFromExtractor Library/Bee/artifacts/mvdfrm/UnityEngine.TetgenModule.dll_C8165B974D39FB5F.mvfrm
[  71/1227  0s] MovedFromExtractor Library/Bee/artifacts/mvdfrm/UnityEngine.SubstanceModule.dll_283572BAB687E8B2.mvfrm
[  72/1227  0s] MovedFromExtractor Library/Bee/artifacts/mvdfrm/UnityEngine.TerrainModule.dll_B391A14C257C8997.mvfrm
[  73/1227  0s] MovedFromExtractor Library/Bee/artifacts/mvdfrm/UnityEngine.TextCoreTextEngineModule.dll_6F4CE7D6CAB710CD.mvfrm
[  74/1227  0s] MovedFromExtractor Library/Bee/artifacts/mvdfrm/UnityEngine.TLSModule.dll_B62DBA51CD5EBF3D.mvfrm
[  75/1227  0s] MovedFromExtractor Library/Bee/artifacts/mvdfrm/UnityEngine.TimelineFoundationModule.dll_29AA3071D585BCE6.mvfrm
[  76/1227  0s] MovedFromExtractor Library/Bee/artifacts/mvdfrm/UnityEngine.TerrainPhysicsModule.dll_2104949992FDABA4.mvfrm
[  77/1227  0s] MovedFromExtractor Library/Bee/artifacts/mvdfrm/UnityEngine.TilemapModule.dll_528E08CD3D396AA0.mvfrm
[  78/1227  0s] MovedFromExtractor Library/Bee/artifacts/mvdfrm/UnityEngine.TextCoreFontEngineModule.dll_2764B1653B3357AF.mvfrm
[  79/1227  0s] MovedFromExtractor Library/Bee/artifacts/mvdfrm/UnityEngine.U2DRuntimeModule.dll_8FEAD048F586B703.mvfrm
[  80/1227  0s] MovedFromExtractor Library/Bee/artifacts/mvdfrm/UnityEngine.UmbraModule.dll_8A776E5BCA50F64B.mvfrm
[  81/1227  0s] MovedFromExtractor Library/Bee/artifacts/mvdfrm/UnityEngine.TextRenderingModule.dll_16562345153691A1.mvfrm
[  82/1227  0s] MovedFromExtractor Library/Bee/artifacts/mvdfrm/UnityEngine.CoreModule.dll_63726AE1A6469551.mvfrm
[  83/1227  0s] MovedFromExtractor Library/Bee/artifacts/mvdfrm/UnityEngine.UnityAnalyticsCommonModule.dll_936348F6ED1E596E.mvfrm
[  84/1227  0s] MovedFromExtractor Library/Bee/artifacts/mvdfrm/UnityEngine.UIModule.dll_080D38821AAD3566.mvfrm
[  85/1227  0s] MovedFromExtractor Library/Bee/artifacts/mvdfrm/UnityEngine.UIElementsModule.dll_C34CE0EA28577CED.mvfrm
[  86/1227  0s] MovedFromExtractor Library/Bee/artifacts/mvdfrm/UnityEngine.UnityConnectModule.dll_5505EB0C42ECEC87.mvfrm
[  87/1227  0s] MovedFromExtractor Library/Bee/artifacts/mvdfrm/UnityEngine.UnityAnalyticsModule.dll_40295C9025E20313.mvfrm
[  88/1227  0s] MovedFromExtractor Library/Bee/artifacts/mvdfrm/UnityEngine.UnityCurlModule.dll_CA1212528BC12553.mvfrm
[  89/1227  0s] MovedFromExtractor Library/Bee/artifacts/mvdfrm/UnityEngine.UnityWebRequestModule.dll_1AA93CCA852F6672.mvfrm
[  90/1227  0s] MovedFromExtractor Library/Bee/artifacts/mvdfrm/UnityEngine.UnityConsentModule.dll_26AB82384FF782D7.mvfrm
[  91/1227  0s] MovedFromExtractor Library/Bee/artifacts/mvdfrm/UnityEditor.LightingModule.dll_00C26F96ED022153.mvfrm
[  92/1227  0s] MovedFromExtractor Library/Bee/artifacts/mvdfrm/UnityEngine.UnityWebRequestAssetBundleModule.dll_B93E92DF9829BC24.mvfrm
[  93/1227  0s] MovedFromExtractor Library/Bee/artifacts/mvdfrm/UnityEngine.UnityWebRequestAudioModule.dll_7020DF9159A085A8.mvfrm
[  94/1227  0s] MovedFromExtractor Library/Bee/artifacts/mvdfrm/UnityEditor.AccessibilityModule.dll_E6D68851D15F019B.mvfrm
[  95/1227  0s] MovedFromExtractor Library/Bee/artifacts/mvdfrm/UnityEditor.AIModule.dll_CE2B08C552E8FBEF.mvfrm
[  96/1227  0s] MovedFromExtractor Library/Bee/artifacts/mvdfrm/Unity.Scripting.dll_29E319F6551CD7FB.mvfrm
[  97/1227  0s] MovedFromExtractor Library/Bee/artifacts/mvdfrm/UnityEngine.UnityWebRequestTextureModule.dll_BDB8BAF2596DE07D.mvfrm
[  98/1227  0s] MovedFromExtractor Library/Bee/artifacts/mvdfrm/UnityEditor.AdaptivePerformanceModule.dll_6F11CD6523439887.mvfrm
[  99/1227  0s] MovedFromExtractor Library/Bee/artifacts/mvdfrm/UnityEditor.AnimationWindowModule.dll_32CF68D6BDE8F731.mvfrm
[ 100/1227  0s] MovedFromExtractor Library/Bee/artifacts/mvdfrm/UnityEditor.BuildAnalysisModule.dll_3F1FC5D4733909B7.mvfrm
[ 101/1227  0s] MovedFromExtractor Library/Bee/artifacts/mvdfrm/UnityEditor.AssetComplianceModule.dll_D04684ED0316EAA8.mvfrm
[ 102/1227  0s] MovedFromExtractor Library/Bee/artifacts/mvdfrm/UnityEditor.BurstModule.dll_B26DF7373303321D.mvfrm
[ 103/1227  0s] MovedFromExtractor Library/Bee/artifacts/mvdfrm/UnityEditor.BuildProfileModule.dll_6C6C5987238106C2.mvfrm
[ 104/1227  0s] MovedFromExtractor Library/Bee/artifacts/mvdfrm/UnityEditor.ClothModule.dll_B05E62D9E5C9F917.mvfrm
[ 105/1227  0s] MovedFromExtractor Library/Bee/artifacts/mvdfrm/UnityEditor.ContentLoadModule.dll_F0D7FC81B3DEEABC.mvfrm
[ 106/1227  0s] MovedFromExtractor Library/Bee/artifacts/mvdfrm/UnityEditor.EditorToolbarModule.dll_1CD29E244AF4B2EB.mvfrm
[ 107/1227  0s] MovedFromExtractor Library/Bee/artifacts/mvdfrm/UnityEditor.CoreBusinessMetricsModule.dll_EEFCC6DF498AC781.mvfrm
[ 108/1227  0s] MovedFromExtractor Library/Bee/artifacts/mvdfrm/UnityEditor.GIModule.dll_666751D2EE97E409.mvfrm
[ 109/1227  0s] MovedFromExtractor Library/Bee/artifacts/mvdfrm/UnityEditor.DeviceSimulatorModule.dll_976B74FE885B067B.mvfrm
[ 110/1227  0s] MovedFromExtractor Library/Bee/artifacts/mvdfrm/UnityEditor.EmbreeModule.dll_78166392F2BCF32F.mvfrm
[ 111/1227  0s] MovedFromExtractor Library/Bee/artifacts/mvdfrm/UnityEditor.DiagnosticsModule.dll_8E8EBED13C58A209.mvfrm
[ 112/1227  0s] MovedFromExtractor Library/Bee/artifacts/mvdfrm/UnityEditor.CoreModule.dll_4051978EFE412A26.mvfrm
[ 113/1227  0s] MovedFromExtractor Library/Bee/artifacts/mvdfrm/UnityEditor.GenericRemoteModule.dll_7CD7DE2D33032A9A.mvfrm
[ 114/1227  0s] MovedFromExtractor Library/Bee/artifacts/mvdfrm/UnityEditor.HierarchyModule.dll_B5E3FBD3FF2F9D82.mvfrm
[ 115/1227  0s] MovedFromExtractor Library/Bee/artifacts/mvdfrm/UnityEditor.GraphicsStateCollectionSerializerModule.dll_B2015E3944AC6D83.mvfrm
[ 116/1227  0s] MovedFromExtractor Library/Bee/artifacts/mvdfrm/UnityEditor.GridModule.dll_1DC2B37D1695C01D.mvfrm
[ 117/1227  0s] MovedFromExtractor Library/Bee/artifacts/mvdfrm/UnityEditor.GraphViewModule.dll_C86FF4F841505EC0.mvfrm
[ 118/1227  0s] MovedFromExtractor Library/Bee/artifacts/mvdfrm/UnityEditor.MediaModule.dll_15361F7089F9A2C1.mvfrm
[ 119/1227  0s] MovedFromExtractor Library/Bee/artifacts/mvdfrm/UnityEditor.MathematicsModule.dll_7CD6511A59D43A03.mvfrm
[ 120/1227  0s] MovedFromExtractor Library/Bee/artifacts/mvdfrm/UnityEditor.GraphToolkitModule.dll_88493E3214303547.mvfrm
[ 121/1227  0s] MovedFromExtractor Library/Bee/artifacts/mvdfrm/UnityEditor.GridAndSnapModule.dll_9847A552BFBD5EF8.mvfrm
[ 122/1227  0s] MovedFromExtractor Library/Bee/artifacts/mvdfrm/UnityEngine.ScriptingModule.dll_AE16C9E79B34E219.mvfrm
[ 123/1227  0s] MovedFromExtractor Library/Bee/artifacts/mvdfrm/UnityEditor.MultiplayerModule.dll_D769BFCD9E23D047.mvfrm
[ 124/1227  0s] MovedFromExtractor Library/Bee/artifacts/mvdfrm/UnityEditor.PhysicsModule.dll_A6D06D32EAAF5964.mvfrm
[ 125/1227  0s] MovedFromExtractor Library/Bee/artifacts/mvdfrm/UnityEditor.PhysicsCore2DModule.dll_D49A5FFD3003F685.mvfrm
[ 126/1227  0s] MovedFromExtractor Library/Bee/artifacts/mvdfrm/UnityEditor.Physics2DModule.dll_2DB57028D72A7916.mvfrm
[ 127/1227  0s] MovedFromExtractor Library/Bee/artifacts/mvdfrm/UnityEditor.PlayModeModule.dll_4CAEE9D438DF678E.mvfrm
[ 128/1227  0s] MovedFromExtractor Library/Bee/artifacts/mvdfrm/UnityEditor.PropertiesModule.dll_97C17886A61B0E5A.mvfrm
[ 129/1227  0s] MovedFromExtractor Library/Bee/artifacts/mvdfrm/UnityEditor.PresetsUIModule.dll_83D62DDA43A8B6C5.mvfrm
[ 130/1227  0s] MovedFromExtractor Library/Bee/artifacts/mvdfrm/UnityEditor.QuickInstallModule.dll_4B4BA7C6650774F5.mvfrm
[ 131/1227  0s] MovedFromExtractor Library/Bee/artifacts/mvdfrm/UnityEditor.SafeModeModule.dll_06BAF81A9A165827.mvfrm
[ 132/1227  0s] MovedFromExtractor Library/Bee/artifacts/mvdfrm/UnityEditor.QuickSearchModule.dll_199E3FDE952F9E62.mvfrm
[ 133/1227  0s] MovedFromExtractor Library/Bee/artifacts/mvdfrm/UnityEditor.ProjectAuditorModule.dll_B01A3490B266E26C.mvfrm
[ 134/1227  0s] MovedFromExtractor Library/Bee/artifacts/mvdfrm/UnityEditor.SceneTemplateModule.dll_40720EE249E15D23.mvfrm
[ 135/1227  0s] MovedFromExtractor Library/Bee/artifacts/mvdfrm/UnityEditor.ShaderCompilationModule.dll_D69435E7736582BB.mvfrm
[ 136/1227  0s] MovedFromExtractor Library/Bee/artifacts/mvdfrm/UnityEditor.ShaderBuildSettingsModule.dll_7738140DF642C9C9.mvfrm
[ 137/1227  0s] MovedFromExtractor Library/Bee/artifacts/mvdfrm/UnityEditor.SceneViewModule.dll_071FD80036732BCE.mvfrm
[ 138/1227  0s] WriteText Library/Bee/artifacts/1900b0aE.dag/UnityEngine.UI.UnityAdditionalFile.txt
[ 139/1227  0s] WriteText Library/Bee/artifacts/1900b0aE.dag/UnityEngine.UI.rsp2
[ 140/1227  0s] WriteText Library/Bee/artifacts/1900b0aE.dag/UnityEngine.TestRunner.dll.mvfrm.rsp
[ 141/1227  0s] WriteText Library/Bee/artifacts/1900b0aE.dag/UnityEngine.TestRunner.rsp
[ 142/1227  0s] MovedFromExtractor Library/Bee/artifacts/mvdfrm/UnityEditor.ShaderFoundryModule.dll_7F51DF256C90D9B1.mvfrm
[ 143/1227  0s] MovedFromExtractor Library/Bee/artifacts/mvdfrm/UnityEditor.SketchUpModule.dll_EECFDD6AE547F43E.mvfrm
[ 144/1227  0s] MovedFromExtractor Library/Bee/artifacts/mvdfrm/UnityEditor.ShaderPreprocessorModule.dll_CBEA3FB5265E6B7B.mvfrm
[ 145/1227  0s] MovedFromExtractor Library/Bee/artifacts/mvdfrm/UnityEditor.SyntaxTreeModule.dll_0FEF721A7EEB29A8.mvfrm
[ 146/1227  0s] MovedFromExtractor Library/Bee/artifacts/mvdfrm/UnityEditor.SpriteShapeModule.dll_7122D09B9AFE7AD9.mvfrm
[ 147/1227  0s] MovedFromExtractor Library/Bee/artifacts/mvdfrm/UnityEditor.SpriteMaskModule.dll_53B2ABD8549F3F98.mvfrm
[ 148/1227  0s] MovedFromExtractor Library/Bee/artifacts/mvdfrm/UnityEditor.SubstanceModule.dll_724F81D1D10836CD.mvfrm
[ 149/1227  0s] MovedFromExtractor Library/Bee/artifacts/mvdfrm/UnityEditor.TextCoreFontEngineModule.dll_A9053612283598E4.mvfrm
[ 150/1227  0s] MovedFromExtractor Library/Bee/artifacts/mvdfrm/UnityEditor.TextCoreTextEngineModule.dll_F0ED6C83B7B95202.mvfrm
[ 151/1227  0s] MovedFromExtractor Library/Bee/artifacts/mvdfrm/UnityEditor.TextRenderingModule.dll_8A15311D9C3E0E7C.mvfrm
[ 152/1227  0s] WriteText Library/Bee/artifacts/1900b0aE.dag/UnityEditor.TestRunner.UnityAdditionalFile.txt
[ 153/1227  0s] WriteText Library/Bee/artifacts/1900b0aE.dag/UnityEditor.TestRunner.rsp2
[ 154/1227  0s] WriteText Library/Bee/artifacts/1900b0aE.dag/UnityEngine.UI.dll.mvfrm.rsp
[ 155/1227  0s] WriteText Library/Bee/artifacts/1900b0aE.dag/UnityEngine.UI.rsp
[ 156/1227  0s] MovedFromExtractor Library/Bee/artifacts/mvdfrm/UnityEditor.UIAutomationModule.dll_1D0D4877BFF4CF82.mvfrm
[ 157/1227  0s] MovedFromExtractor Library/Bee/artifacts/mvdfrm/UnityEditor.TimelineFoundationModule.dll_AB4AB51EC287FE1B.mvfrm
[ 158/1227  0s] MovedFromExtractor Library/Bee/artifacts/mvdfrm/UnityEditor.TerrainModule.dll_C116E8A1C06DA252.mvfrm
[ 159/1227  0s] WriteText Library/Bee/artifacts/1900b0aE.dag/UnityEditor.TestRunner.dll.mvfrm.rsp
[ 160/1227  0s] WriteText Library/Bee/artifacts/1900b0aE.dag/UnityEditor.TestRunner.rsp
[ 161/1227  0s] MovedFromExtractor Library/Bee/artifacts/mvdfrm/UnityEditor.UIBuilderModule.dll_1CF8A214B408D7F4.mvfrm
[ 162/1227  0s] WriteText Library/Bee/artifacts/1900b0aE.dag/UnityEditor.UI.UnityAdditionalFile.txt
[ 163/1227  0s] WriteText Library/Bee/artifacts/1900b0aE.dag/UnityEditor.UI.rsp2
[ 164/1227  0s] WriteText Library/Bee/artifacts/1900b0aE.dag/UnityEditor.UI.dll.mvfrm.rsp
[ 165/1227  0s] WriteText Library/Bee/artifacts/1900b0aE.dag/UnityEditor.UI.rsp
[ 166/1227  0s] WriteText Library/Bee/artifacts/1900b0aE.dag/Unity.Mathematics.UnityAdditionalFile.txt
[ 167/1227  0s] WriteText Library/Bee/artifacts/1900b0aE.dag/Unity.Mathematics.rsp2
[ 168/1227  0s] WriteText Library/Bee/artifacts/1900b0aE.dag/Unity.Burst.UnityAdditionalFile.txt
[ 169/1227  0s] WriteText Library/Bee/artifacts/1900b0aE.dag/Unity.Burst.rsp2
[ 170/1227  0s] WriteText Library/Bee/artifacts/1900b0aE.dag/Unity.Mathematics.dll.mvfrm.rsp
[ 171/1227  0s] WriteText Library/Bee/artifacts/1900b0aE.dag/Unity.Mathematics.rsp
[ 172/1227  0s] WriteText Library/Bee/artifacts/1900b0aE.dag/Unity.Burst.dll.mvfrm.rsp
[ 173/1227  0s] WriteText Library/Bee/artifacts/1900b0aE.dag/Unity.Burst.rsp
[ 174/1227  0s] WriteText Library/Bee/artifacts/1900b0aE.dag/Unity.Collections.UnityAdditionalFile.txt
[ 175/1227  0s] WriteText Library/Bee/artifacts/1900b0aE.dag/Unity.Collections.rsp2
[ 176/1227  0s] WriteText Library/Bee/artifacts/1900b0aE.dag/Unity.Collections.dll.mvfrm.rsp
[ 177/1227  0s] WriteText Library/Bee/artifacts/1900b0aE.dag/Unity.Collections.rsp
[ 178/1227  0s] WriteText Library/Bee/artifacts/1900b0aE.dag/Unity.Collections.CodeGen.UnityAdditionalFile.txt
[ 179/1227  0s] WriteText Library/Bee/artifacts/1900b0aE.dag/Unity.Collections.CodeGen.rsp2
[ 180/1227  0s] WriteText Library/Bee/artifacts/1900b0aE.dag/Unity.InputSystem.UnityAdditionalFile.txt
[ 181/1227  0s] WriteText Library/Bee/artifacts/1900b0aE.dag/Unity.InputSystem.rsp2
[ 182/1227  0s] WriteText Library/Bee/artifacts/1900b0aE.dag/Unity.InputSystem.dll.mvfrm.rsp
[ 183/1227  0s] WriteText Library/Bee/artifacts/1900b0aE.dag/Unity.InputSystem.rsp
[ 184/1227  0s] WriteText Library/Bee/artifacts/1900b0aE.dag/Unity.RenderPipelines.Core.Runtime.rsp2
[ 185/1227  0s] WriteText Library/Bee/artifacts/1900b0aE.dag/Unity.RenderPipelines.Core.Runtime.UnityAdditionalFile.txt
[ 186/1227  0s] WriteText Library/Bee/artifacts/1900b0aE.dag/Unity.Collections.CodeGen.dll.mvfrm.rsp
[ 187/1227  0s] WriteText Library/Bee/artifacts/1900b0aE.dag/Unity.Collections.CodeGen.rsp
[ 188/1227  0s] WriteText Library/Bee/artifacts/1900b0aE.dag/Unity.UnifiedRayTracing.Runtime.rsp2
[ 189/1227  0s] WriteText Library/Bee/artifacts/1900b0aE.dag/Unity.UnifiedRayTracing.Runtime.UnityAdditionalFile.txt
[ 190/1227  0s] WriteText Library/Bee/artifacts/1900b0aE.dag/Unity.RenderPipelines.Core.Runtime.dll.mvfrm.rsp
[ 191/1227  0s] WriteText Library/Bee/artifacts/1900b0aE.dag/Unity.RenderPipelines.Core.Runtime.rsp
[ 192/1227  0s] WriteText Library/Bee/artifacts/1900b0aE.dag/Unity.UnifiedRayTracing.Runtime.dll.mvfrm.rsp
[ 193/1227  0s] WriteText Library/Bee/artifacts/1900b0aE.dag/Unity.UnifiedRayTracing.Runtime.rsp
[ 194/1227  0s] MovedFromExtractor Library/Bee/artifacts/mvdfrm/UnityEditor.UIElementsModule.dll_C29E73A2261363A2.mvfrm
[ 195/1227  0s] WriteText Library/Bee/artifacts/1900b0aE.dag/Unity.Profiling.Core.rsp2
[ 196/1227  0s] WriteText Library/Bee/artifacts/1900b0aE.dag/Unity.PathTracing.Runtime.UnityAdditionalFile.txt
[ 197/1227  0s] WriteText Library/Bee/artifacts/1900b0aE.dag/Unity.PathTracing.Runtime.rsp2
[ 198/1227  0s] WriteText Library/Bee/artifacts/1900b0aE.dag/Unity.Profiling.Core.dll.mvfrm.rsp
[ 199/1227  0s] WriteText Library/Bee/artifacts/1900b0aE.dag/Unity.Profiling.Core.rsp
[ 200/1227  0s] WriteText Library/Bee/artifacts/1900b0aE.dag/Unity.InternalAPIEngineBridge.RenderPipelines.Core.Runtime.Shared.UnityAdditionalFile.txt
[ 201/1227  0s] WriteText Library/Bee/artifacts/1900b0aE.dag/Unity.Profiling.Core.UnityAdditionalFile.txt
[ 202/1227  0s] WriteText Library/Bee/artifacts/1900b0aE.dag/Unity.InternalAPIEngineBridge.RenderPipelines.Core.Runtime.Shared.rsp2
[ 203/1227  0s] WriteText Library/Bee/artifacts/1900b0aE.dag/Unity.PathTracing.Runtime.dll.mvfrm.rsp
[ 204/1227  0s] WriteText Library/Bee/artifacts/1900b0aE.dag/Unity.PathTracing.Runtime.rsp
[ 205/1227  0s] WriteText Library/Bee/artifacts/1900b0aE.dag/Unity.RenderPipelines.GPUDriven.Runtime.rsp2
[ 206/1227  0s] WriteText Library/Bee/artifacts/1900b0aE.dag/Unity.RenderPipelines.GPUDriven.Runtime.UnityAdditionalFile.txt
[ 207/1227  0s] WriteText Library/Bee/artifacts/1900b0aE.dag/Unity.InternalAPIEngineBridge.RenderPipelines.Core.Runtime.Shared.dll.mvfrm.rsp
[ 208/1227  0s] WriteText Library/Bee/artifacts/1900b0aE.dag/Unity.2D.Common.Runtime.UnityAdditionalFile.txt
[ 209/1227  0s] WriteText Library/Bee/artifacts/1900b0aE.dag/Unity.2D.Common.Runtime.rsp2
[ 210/1227  0s] WriteText Library/Bee/artifacts/1900b0aE.dag/Unity.RenderPipelines.Core.Runtime.Shared.rsp2
[ 211/1227  0s] WriteText Library/Bee/artifacts/1900b0aE.dag/Unity.RenderPipelines.Core.Runtime.Shared.UnityAdditionalFile.txt
[ 212/1227  0s] WriteText Library/Bee/artifacts/1900b0aE.dag/Unity.SurfaceCache.Runtime.rsp2
[ 213/1227  0s] WriteText Library/Bee/artifacts/1900b0aE.dag/Unity.InternalAPIEngineBridge.RenderPipelines.Core.Runtime.Shared.rsp
[ 214/1227  0s] WriteText Library/Bee/artifacts/1900b0aE.dag/Unity.SurfaceCache.Runtime.UnityAdditionalFile.txt
[ 215/1227  0s] WriteText Library/Bee/artifacts/1900b0aE.dag/Unity.RenderPipeline.Universal.ShaderLibrary.UnityAdditionalFile.txt
[ 216/1227  0s] WriteText Library/Bee/artifacts/1900b0aE.dag/Unity.RenderPipelines.Universal.Config.Runtime.rsp2
[ 217/1227  0s] WriteText Library/Bee/artifacts/1900b0aE.dag/Unity.RenderPipeline.Universal.ShaderLibrary.rsp2
[ 218/1227  0s] WriteText Library/Bee/artifacts/1900b0aE.dag/Unity.RenderPipelines.Universal.Config.Runtime.UnityAdditionalFile.txt
[ 219/1227  0s] WriteText Library/Bee/artifacts/1900b0aE.dag/Unity.InternalAPIEngineBridge.ObjectDispatcher.Runtime.UnityAdditionalFile.txt
[ 220/1227  0s] WriteText Library/Bee/artifacts/1900b0aE.dag/Unity.InternalAPIEngineBridge.ObjectDispatcher.Runtime.rsp2
[ 221/1227  0s] WriteText Library/Bee/artifacts/1900b0aE.dag/Unity.RenderPipelines.GPUDriven.Runtime.dll.mvfrm.rsp
[ 222/1227  0s] WriteText Library/Bee/artifacts/1900b0aE.dag/Unity.VisualScripting.Core.UnityAdditionalFile.txt
[ 223/1227  0s] WriteText Library/Bee/artifacts/1900b0aE.dag/Unity.RenderPipelines.GPUDriven.Runtime.rsp
[ 224/1227  0s] WriteText Library/Bee/artifacts/1900b0aE.dag/Unity.VisualScripting.Core.rsp2
[ 225/1227  0s] WriteResponseFile Library/Bee/artifacts/rsp/4747638433968585886.rsp
[ 226/1227  0s] WriteText Library/Bee/artifacts/1900b0aE.dag/Unity.RenderPipelines.Core.Runtime.Shared.dll.mvfrm.rsp
[ 227/1227  0s] WriteText Library/Bee/artifacts/1900b0aE.dag/Unity.RenderPipeline.Universal.ShaderLibrary.dll.mvfrm.rsp
[ 228/1227  0s] WriteText Library/Bee/artifacts/1900b0aE.dag/Unity.RenderPipelines.Core.Runtime.Shared.rsp
[ 229/1227  0s] WriteText Library/Bee/artifacts/1900b0aE.dag/Unity.SurfaceCache.Runtime.dll.mvfrm.rsp
[ 230/1227  0s] WriteText Library/Bee/artifacts/1900b0aE.dag/Unity.InternalAPIEngineBridge.001.UnityAdditionalFile.txt
[ 231/1227  0s] WriteText Library/Bee/artifacts/1900b0aE.dag/Unity.InternalAPIEngineBridge.001.rsp2
[ 232/1227  0s] WriteText Library/Bee/artifacts/1900b0aE.dag/Unity.RenderPipeline.Universal.ShaderLibrary.rsp
[ 233/1227  0s] WriteText Library/Bee/artifacts/1900b0aE.dag/Unity.InternalAPIEngineBridge.ObjectDispatcher.Runtime.dll.mvfrm.rsp
[ 234/1227  0s] WriteText Library/Bee/artifacts/1900b0aE.dag/Unity.RenderPipelines.Universal.Config.Runtime.dll.mvfrm.rsp
[ 235/1227  0s] WriteText Library/Bee/artifacts/1900b0aE.dag/Unity.SurfaceCache.Runtime.rsp
[ 236/1227  0s] WriteText Library/Bee/artifacts/1900b0aE.dag/Unity.InternalAPIEngineBridge.ObjectDispatcher.Runtime.rsp
[ 237/1227  0s] WriteText Library/Bee/artifacts/1900b0aE.dag/Unity.RenderPipelines.Universal.Config.Runtime.rsp
[ 238/1227  0s] WriteText Library/Bee/artifacts/1900b0aE.dag/Unity.RenderPipelines.Universal.Runtime.rsp2
[ 239/1227  0s] WriteText Library/Bee/artifacts/1900b0aE.dag/Unity.RenderPipelines.Universal.Runtime.UnityAdditionalFile.txt
[ 240/1227  0s] WriteText Library/Bee/artifacts/1900b0aE.dag/Unity.2D.Sprite.Editor.rsp2
[ 241/1227  0s] WriteText Library/Bee/artifacts/1900b0aE.dag/Unity.2D.Sprite.Editor.UnityAdditionalFile.txt
[ 242/1227  0s] WriteText Library/Bee/artifacts/1900b0aE.dag/Unity.2D.Common.Runtime.dll.mvfrm.rsp
[ 243/1227  0s] WriteText Library/Bee/artifacts/1900b0aE.dag/Unity.2D.Common.Runtime.rsp
[ 244/1227  0s] WriteText Library/Bee/artifacts/1900b0aE.dag/Unity.VisualScripting.Core.dll.mvfrm.rsp
[ 245/1227  0s] WriteText Library/Bee/artifacts/1900b0aE.dag/Unity.VisualScripting.Core.rsp
[ 246/1227  0s] WriteText Library/Bee/artifacts/1900b0aE.dag/Unity.2D.Animation.Profiler.UnityAdditionalFile.txt
[ 247/1227  0s] WriteText Library/Bee/artifacts/1900b0aE.dag/Unity.2D.Animation.Profiler.rsp2
[ 248/1227  0s] WriteText Library/Bee/artifacts/1900b0aE.dag/Unity.InternalAPIEngineBridge.001.dll.mvfrm.rsp
[ 249/1227  0s] WriteText Library/Bee/artifacts/1900b0aE.dag/Unity.InternalAPIEngineBridge.001.rsp
[ 250/1227  0s] WriteText Library/Bee/artifacts/1900b0aE.dag/Unity.RenderPipelines.Universal.Runtime.dll.mvfrm.rsp
[ 251/1227  0s] WriteText Library/Bee/artifacts/1900b0aE.dag/Unity.RenderPipelines.Universal.Runtime.rsp
[ 252/1227  0s] WriteText Library/Bee/artifacts/1900b0aE.dag/Unity.2D.Sprite.Editor.dll.mvfrm.rsp
[ 253/1227  0s] WriteText Library/Bee/artifacts/1900b0aE.dag/Unity.2D.Sprite.Editor.rsp
[ 254/1227  0s] WriteText Library/Bee/artifacts/1900b0aE.dag/Unity.2D.Animation.Profiler.rsp
[ 255/1227  0s] WriteText Library/Bee/artifacts/1900b0aE.dag/Unity.2D.Animation.Profiler.dll.mvfrm.rsp
[ 256/1227  0s] WriteText Library/Bee/artifacts/1900b0aE.dag/Unity.VisualScripting.Flow.rsp2
[ 257/1227  0s] WriteText Library/Bee/artifacts/1900b0aE.dag/Unity.VisualScripting.Flow.UnityAdditionalFile.txt
[ 258/1227  0s] WriteText Library/Bee/artifacts/1900b0aE.dag/Unity.2D.Animation.Runtime.rsp2
[ 259/1227  0s] WriteText Library/Bee/artifacts/1900b0aE.dag/Unity.2D.Animation.Runtime.UnityAdditionalFile.txt
[ 260/1227  0s] WriteText Library/Bee/artifacts/1900b0aE.dag/Unity.InternalAPIEngineBridge.RenderPipelines.Core.Editor.rsp2
[ 261/1227  0s] WriteText Library/Bee/artifacts/1900b0aE.dag/Unity.InternalAPIEngineBridge.RenderPipelines.Core.Editor.UnityAdditionalFile.txt
[ 262/1227  0s] WriteText Library/Bee/artifacts/1900b0aE.dag/Unity.PathTracing.Editor.rsp2
[ 263/1227  0s] WriteText Library/Bee/artifacts/1900b0aE.dag/Unity.PathTracing.Editor.UnityAdditionalFile.txt
[ 264/1227  0s] WriteText Library/Bee/artifacts/1900b0aE.dag/Unity.VisualScripting.Core.Editor.rsp2
[ 265/1227  0s] WriteText Library/Bee/artifacts/1900b0aE.dag/Unity.VisualScripting.Core.Editor.UnityAdditionalFile.txt
[ 266/1227  0s] WriteText Library/Bee/artifacts/1900b0aE.dag/Unity.VisualScripting.Flow.dll.mvfrm.rsp
[ 267/1227  0s] WriteText Library/Bee/artifacts/1900b0aE.dag/Unity.InternalAPIEngineBridge.RenderPipelines.Core.Editor.dll.mvfrm.rsp
[ 268/1227  0s] WriteText Library/Bee/artifacts/1900b0aE.dag/Unity.InternalAPIEditorBridge.001.rsp2
[ 269/1227  0s] WriteText Library/Bee/artifacts/1900b0aE.dag/Unity.VisualScripting.Flow.rsp
[ 270/1227  0s] WriteText Library/Bee/artifacts/1900b0aE.dag/Unity.InternalAPIEditorBridge.001.UnityAdditionalFile.txt
[ 271/1227  0s] WriteText Library/Bee/artifacts/1900b0aE.dag/Unity.InternalAPIEngineBridge.RenderPipelines.Core.Editor.rsp
[ 272/1227  0s] WriteText Library/Bee/artifacts/1900b0aE.dag/Unity.PathTracing.Editor.dll.mvfrm.rsp
[ 273/1227  0s] WriteText Library/Bee/artifacts/1900b0aE.dag/Unity.PathTracing.Editor.rsp
[ 274/1227  0s] WriteText Library/Bee/artifacts/1900b0aE.dag/Unity.2D.Common.Editor.rsp2
[ 275/1227  0s] WriteText Library/Bee/artifacts/1900b0aE.dag/Unity.2D.Animation.Runtime.dll.mvfrm.rsp
[ 276/1227  0s] WriteText Library/Bee/artifacts/1900b0aE.dag/Unity.VisualScripting.Core.Editor.dll.mvfrm.rsp
[ 277/1227  0s] WriteText Library/Bee/artifacts/1900b0aE.dag/Unity.2D.Common.Editor.UnityAdditionalFile.txt
[ 278/1227  0s] WriteText Library/Bee/artifacts/1900b0aE.dag/Unity.2D.Animation.Runtime.rsp
[ 279/1227  0s] WriteText Library/Bee/artifacts/1900b0aE.dag/Unity.VisualScripting.Core.Editor.rsp
[ 280/1227  0s] WriteText Library/Bee/artifacts/1900b0aE.dag/Unity.RenderPipelines.Core.Editor.rsp2
[ 281/1227  0s] WriteText Library/Bee/artifacts/1900b0aE.dag/Unity.RenderPipelines.Core.Editor.UnityAdditionalFile.txt
[ 282/1227  0s] WriteText Library/Bee/artifacts/1900b0aE.dag/Unity.2D.SpriteShape.Runtime.rsp2
[ 283/1227  0s] WriteText Library/Bee/artifacts/1900b0aE.dag/Unity.2D.SpriteShape.Runtime.UnityAdditionalFile.txt
[ 284/1227  0s] WriteText Library/Bee/artifacts/1900b0aE.dag/Unity.InternalAPIEditorBridge.001.dll.mvfrm.rsp
[ 285/1227  0s] WriteText Library/Bee/artifacts/1900b0aE.dag/Unity.2D.Tilemap.Editor.UnityAdditionalFile.txt
[ 286/1227  0s] WriteText Library/Bee/artifacts/1900b0aE.dag/Unity.2D.Tilemap.Editor.rsp2
[ 287/1227  0s] WriteText Library/Bee/artifacts/1900b0aE.dag/Unity.InternalAPIEditorBridge.001.rsp
[ 288/1227  0s] WriteText Library/Bee/artifacts/1900b0aE.dag/Unity.2D.Common.Editor.dll.mvfrm.rsp
[ 289/1227  0s] WriteText Library/Bee/artifacts/1900b0aE.dag/Unity.2D.Common.Editor.rsp
[ 290/1227  0s] WriteText Library/Bee/artifacts/1900b0aE.dag/Unity.RenderPipelines.Core.Editor.dll.mvfrm.rsp
[ 291/1227  0s] WriteText Library/Bee/artifacts/1900b0aE.dag/Unity.VisualScripting.State.rsp2
[ 292/1227  0s] WriteText Library/Bee/artifacts/1900b0aE.dag/Unity.VisualScripting.Flow.Editor.rsp2
[ 293/1227  0s] WriteText Library/Bee/artifacts/1900b0aE.dag/Unity.2D.SpriteShape.Runtime.dll.mvfrm.rsp
[ 294/1227  0s] WriteText Library/Bee/artifacts/1900b0aE.dag/Unity.VisualScripting.Flow.Editor.UnityAdditionalFile.txt
[ 295/1227  0s] WriteText Library/Bee/artifacts/1900b0aE.dag/Unity.2D.SpriteShape.Runtime.rsp
[ 296/1227  0s] WriteText Library/Bee/artifacts/1900b0aE.dag/Unity.VisualScripting.State.UnityAdditionalFile.txt
[ 297/1227  0s] WriteText Library/Bee/artifacts/1900b0aE.dag/Unity.ShaderGraph.Utilities.rsp2
[ 298/1227  0s] WriteText Library/Bee/artifacts/1900b0aE.dag/Unity.RenderPipelines.Core.Editor.rsp
[ 299/1227  0s] WriteText Library/Bee/artifacts/1900b0aE.dag/Unity.ShaderGraph.Utilities.UnityAdditionalFile.txt
[ 300/1227  0s] WriteText Library/Bee/artifacts/1900b0aE.dag/Unity.Searcher.Editor.rsp2
[ 301/1227  0s] WriteText Library/Bee/artifacts/1900b0aE.dag/Unity.InternalAPIEngineBridge.004.rsp2
[ 302/1227  0s] WriteText Library/Bee/artifacts/1900b0aE.dag/Unity.InternalAPIEditorBridge.ShaderGraph.Editor.rsp2
[ 303/1227  0s] WriteText Library/Bee/artifacts/1900b0aE.dag/Unity.2D.Tilemap.Editor.dll.mvfrm.rsp
[ 304/1227  0s] WriteText Library/Bee/artifacts/1900b0aE.dag/Unity.InternalAPIEngineBridge.004.UnityAdditionalFile.txt
[ 305/1227  0s] WriteText Library/Bee/artifacts/1900b0aE.dag/Unity.GraphAuthoring.Editor.rsp2
[ 306/1227  0s] WriteText Library/Bee/artifacts/1900b0aE.dag/Unity.InternalAPIEditorBridge.ShaderGraph.Editor.UnityAdditionalFile.txt
[ 307/1227  0s] WriteText Library/Bee/artifacts/1900b0aE.dag/Unity.Searcher.Editor.UnityAdditionalFile.txt
[ 308/1227  0s] WriteText Library/Bee/artifacts/1900b0aE.dag/Unity.GraphAuthoring.Editor.UnityAdditionalFile.txt
[ 309/1227  0s] WriteText Library/Bee/artifacts/1900b0aE.dag/Unity.2D.Triangulation.Runtime.rsp2
[ 310/1227  0s] WriteText Library/Bee/artifacts/1900b0aE.dag/Unity.2D.Triangulation.Runtime.UnityAdditionalFile.txt
[ 311/1227  0s] WriteText Library/Bee/artifacts/1900b0aE.dag/Unity.2D.Tilemap.Editor.rsp
[ 312/1227  0s] WriteText Library/Bee/artifacts/1900b0aE.dag/Unity.VisualScripting.Flow.Editor.dll.mvfrm.rsp
[ 313/1227  0s] WriteText Library/Bee/artifacts/1900b0aE.dag/Unity.2D.Triangulation.Runtime.dll.mvfrm.rsp
[ 314/1227  0s] WriteText Library/Bee/artifacts/1900b0aE.dag/Unity.GraphAuthoring.Editor.dll.mvfrm.rsp
[ 315/1227  0s] WriteText Library/Bee/artifacts/1900b0aE.dag/Unity.ShaderGraph.Utilities.dll.mvfrm.rsp
[ 316/1227  0s] WriteText Library/Bee/artifacts/1900b0aE.dag/Unity.InternalAPIEngineBridge.004.dll.mvfrm.rsp
[ 317/1227  0s] WriteText Library/Bee/artifacts/1900b0aE.dag/Unity.VisualScripting.State.dll.mvfrm.rsp
[ 318/1227  0s] WriteText Library/Bee/artifacts/1900b0aE.dag/Unity.Searcher.Editor.dll.mvfrm.rsp
[ 319/1227  0s] WriteText Library/Bee/artifacts/1900b0aE.dag/Unity.VisualScripting.State.rsp
[ 320/1227  0s] WriteText Library/Bee/artifacts/1900b0aE.dag/Unity.VisualScripting.Flow.Editor.rsp
[ 321/1227  0s] WriteText Library/Bee/artifacts/1900b0aE.dag/Unity.GraphAuthoring.Editor.rsp
[ 322/1227  0s] WriteText Library/Bee/artifacts/1900b0aE.dag/Unity.2D.Triangulation.Runtime.rsp
[ 323/1227  0s] WriteText Library/Bee/artifacts/1900b0aE.dag/Unity.InternalAPIEditorBridge.ShaderGraph.Editor.dll.mvfrm.rsp
[ 324/1227  0s] WriteText Library/Bee/artifacts/1900b0aE.dag/Unity.InternalAPIEditorBridge.ShaderGraph.Editor.rsp
[ 325/1227  0s] WriteText Library/Bee/artifacts/1900b0aE.dag/Unity.InternalAPIEngineBridge.004.rsp
[ 326/1227  0s] WriteText Library/Bee/artifacts/1900b0aE.dag/Unity.Searcher.Editor.rsp
[ 327/1227  0s] WriteText Library/Bee/artifacts/1900b0aE.dag/Unity.ShaderGraph.Utilities.rsp
[ 328/1227  0s] WriteText Library/Bee/artifacts/1900b0aE.dag/Unity.PlasticSCM.Editor.UnityAdditionalFile.txt
[ 329/1227  0s] WriteText Library/Bee/artifacts/1900b0aE.dag/Unity.RenderPipelines.Universal.2D.Runtime.rsp2
[ 330/1227  0s] WriteText Library/Bee/artifacts/1900b0aE.dag/Unity.RenderPipelines.Universal.2D.Runtime.UnityAdditionalFile.txt
[ 331/1227  0s] WriteText Library/Bee/artifacts/1900b0aE.dag/Unity.2D.Animation.Editor.rsp2
[ 332/1227  0s] WriteText Library/Bee/artifacts/1900b0aE.dag/Unity.2D.Animation.Editor.UnityAdditionalFile.txt
[ 333/1227  0s] WriteText Library/Bee/artifacts/1900b0aE.dag/Unity.PlasticSCM.Editor.rsp2
[ 334/1227  0s] WriteText Library/Bee/artifacts/1900b0aE.dag/Unity.ShaderGraph.Editor.UnityAdditionalFile.txt
[ 335/1227  0s] WriteText Library/Bee/artifacts/1900b0aE.dag/Unity.ShaderGraph.Editor.rsp2
[ 336/1227  0s] WriteText Library/Bee/artifacts/1900b0aE.dag/Unity.RenderPipelines.Core.Editor.Shared.rsp2
[ 337/1227  0s] WriteText Library/Bee/artifacts/1900b0aE.dag/Unity.TextMeshPro.UnityAdditionalFile.txt
[ 338/1227  0s] WriteText Library/Bee/artifacts/1900b0aE.dag/Unity.TextMeshPro.rsp2
[ 339/1227  0s] WriteText Library/Bee/artifacts/1900b0aE.dag/Unity.2D.Common.Path.Editor.rsp2
[ 340/1227  0s] WriteText Library/Bee/artifacts/1900b0aE.dag/Unity.2D.Common.Path.Editor.UnityAdditionalFile.txt
[ 341/1227  0s] WriteText Library/Bee/artifacts/1900b0aE.dag/Unity.RenderPipelines.Core.Editor.Shared.UnityAdditionalFile.txt
[ 342/1227  0s] WriteText Library/Bee/artifacts/1900b0aE.dag/Unity.RenderPipelines.Universal.2D.Runtime.dll.mvfrm.rsp
[ 343/1227  0s] WriteText Library/Bee/artifacts/1900b0aE.dag/Unity.PlasticSCM.Editor.dll.mvfrm.rsp
[ 344/1227  0s] WriteText Library/Bee/artifacts/1900b0aE.dag/Unity.RenderPipelines.Universal.2D.Runtime.rsp
[ 345/1227  0s] WriteText Library/Bee/artifacts/1900b0aE.dag/Unity.2D.Animation.Editor.dll.mvfrm.rsp
[ 346/1227  0s] WriteText Library/Bee/artifacts/1900b0aE.dag/Unity.RenderPipelines.Core.Editor.Shared.dll.mvfrm.rsp
[ 347/1227  0s] WriteText Library/Bee/artifacts/1900b0aE.dag/Unity.PlasticSCM.Editor.rsp
[ 348/1227  0s] WriteText Library/Bee/artifacts/1900b0aE.dag/Unity.ShaderGraph.Editor.dll.mvfrm.rsp
[ 349/1227  0s] WriteText Library/Bee/artifacts/1900b0aE.dag/Unity.2D.Common.Path.Editor.dll.mvfrm.rsp
[ 350/1227  0s] WriteText Library/Bee/artifacts/1900b0aE.dag/Unity.TextMeshPro.dll.mvfrm.rsp
[ 351/1227  0s] WriteText Library/Bee/artifacts/1900b0aE.dag/Unity.Timeline.rsp2
[ 352/1227  0s] WriteText Library/Bee/artifacts/1900b0aE.dag/Unity.InternalAPIEditorBridge.007.rsp2
[ 353/1227  0s] WriteText Library/Bee/artifacts/1900b0aE.dag/Unity.2D.Aseprite.Common.UnityAdditionalFile.txt
[ 354/1227  0s] WriteText Library/Bee/artifacts/1900b0aE.dag/Unity.VisualScripting.State.Editor.rsp2
[ 355/1227  0s] WriteText Library/Bee/artifacts/1900b0aE.dag/Unity.InternalAPIEngineBridge.007.UnityAdditionalFile.txt
[ 356/1227  0s] WriteText Library/Bee/artifacts/1900b0aE.dag/Unity.InternalAPIEditorBridge.007.UnityAdditionalFile.txt
[ 357/1227  0s] WriteText Library/Bee/artifacts/1900b0aE.dag/Unity.InputSystem.ForUI.rsp2
[ 358/1227  0s] WriteText Library/Bee/artifacts/1900b0aE.dag/Unity.Tutorials.UnityAdditionalFile.txt
[ 359/1227  0s] WriteText Library/Bee/artifacts/1900b0aE.dag/Unity.2D.Aseprite.Common.rsp2
[ 360/1227  0s] WriteText Library/Bee/artifacts/1900b0aE.dag/Unity.InternalAPIEngineBridge.007.rsp2
[ 361/1227  0s] WriteText Library/Bee/artifacts/1900b0aE.dag/Unity.Settings.Editor.rsp2
[ 362/1227  0s] WriteText Library/Bee/artifacts/1900b0aE.dag/Unity.Settings.Editor.UnityAdditionalFile.txt
[ 363/1227  0s] WriteText Library/Bee/artifacts/1900b0aE.dag/Unity.PerformanceTesting.UnityAdditionalFile.txt
[ 364/1227  0s] WriteText Library/Bee/artifacts/1900b0aE.dag/Unity.Timeline.UnityAdditionalFile.txt
[ 365/1227  0s] WriteText Library/Bee/artifacts/1900b0aE.dag/Unity.InputSystem.ForUI.UnityAdditionalFile.txt
[ 366/1227  0s] WriteText Library/Bee/artifacts/1900b0aE.dag/Unity.Tutorials.rsp2
[ 367/1227  0s] WriteText Library/Bee/artifacts/1900b0aE.dag/Unity.PerformanceTesting.rsp2
[ 368/1227  0s] WriteText Library/Bee/artifacts/1900b0aE.dag/Unity.VisualScripting.State.Editor.UnityAdditionalFile.txt
[ 369/1227  0s] WriteText Library/Bee/artifacts/1900b0aE.dag/Unity.EditorCoroutines.Editor.rsp2
[ 370/1227  0s] WriteText Library/Bee/artifacts/1900b0aE.dag/Unity.2D.IK.Runtime.UnityAdditionalFile.txt
[ 371/1227  0s] WriteText Library/Bee/artifacts/1900b0aE.dag/Unity.EditorCoroutines.Editor.UnityAdditionalFile.txt
[ 372/1227  0s] WriteText Library/Bee/artifacts/1900b0aE.dag/Unity.2D.IK.Runtime.rsp2
[ 373/1227  0s] WriteText Library/Bee/artifacts/1900b0aE.dag/Unity.2D.Tilemap.Extras.UnityAdditionalFile.txt
[ 374/1227  0s] WriteText Library/Bee/artifacts/1900b0aE.dag/Unity.2D.Tilemap.Extras.rsp2
[ 375/1227  0s] WriteText Library/Bee/artifacts/1900b0aE.dag/Unity.2D.Animation.Editor.rsp
[ 376/1227  0s] WriteText Library/Bee/artifacts/1900b0aE.dag/Unity.TextMeshPro.rsp
[ 377/1227  0s] WriteText Library/Bee/artifacts/1900b0aE.dag/Unity.ShaderGraph.Editor.rsp
[ 378/1227  0s] WriteText Library/Bee/artifacts/1900b0aE.dag/Unity.2D.Common.Path.Editor.rsp
[ 379/1227  0s] WriteText Library/Bee/artifacts/1900b0aE.dag/Unity.RenderPipelines.Core.Editor.Shared.rsp
[ 380/1227  0s] WriteText Library/Bee/artifacts/1900b0aE.dag/Unity.InternalAPIEditorBridge.007.dll.mvfrm.rsp
[ 381/1227  0s] WriteText Library/Bee/artifacts/1900b0aE.dag/Unity.2D.Aseprite.Common.dll.mvfrm.rsp
[ 382/1227  0s] WriteText Library/Bee/artifacts/1900b0aE.dag/Unity.PerformanceTesting.dll.mvfrm.rsp
[ 383/1227  0s] WriteText Library/Bee/artifacts/1900b0aE.dag/Unity.Settings.Editor.dll.mvfrm.rsp
[ 384/1227  0s] WriteText Library/Bee/artifacts/1900b0aE.dag/Unity.Tutorials.dll.mvfrm.rsp
[ 385/1227  0s] WriteText Library/Bee/artifacts/1900b0aE.dag/Unity.VisualScripting.State.Editor.dll.mvfrm.rsp
[ 386/1227  0s] WriteText Library/Bee/artifacts/1900b0aE.dag/Unity.EditorCoroutines.Editor.dll.mvfrm.rsp
[ 387/1227  0s] WriteText Library/Bee/artifacts/1900b0aE.dag/Unity.2D.Tilemap.Extras.dll.mvfrm.rsp
[ 388/1227  0s] WriteText Library/Bee/artifacts/1900b0aE.dag/Unity.Timeline.dll.mvfrm.rsp
[ 389/1227  0s] WriteText Library/Bee/artifacts/1900b0aE.dag/Unity.2D.IK.Runtime.dll.mvfrm.rsp
[ 390/1227  0s] WriteText Library/Bee/artifacts/1900b0aE.dag/Unity.InputSystem.ForUI.dll.mvfrm.rsp
[ 391/1227  0s] WriteText Library/Bee/artifacts/1900b0aE.dag/Unity.InternalAPIEngineBridge.007.dll.mvfrm.rsp
[ 392/1227  0s] WriteText Library/Bee/artifacts/1900b0aE.dag/Unity.VisualScripting.State.Editor.rsp
[ 393/1227  0s] WriteText Library/Bee/artifacts/1900b0aE.dag/Unity.InputSystem.ForUI.rsp
[ 394/1227  0s] WriteText Library/Bee/artifacts/1900b0aE.dag/Unity.2D.Aseprite.Common.rsp
[ 395/1227  0s] WriteText Library/Bee/artifacts/1900b0aE.dag/Unity.EditorCoroutines.Editor.rsp
[ 396/1227  0s] WriteText Library/Bee/artifacts/1900b0aE.dag/Unity.2D.Tilemap.Extras.rsp
[ 397/1227  0s] WriteText Library/Bee/artifacts/1900b0aE.dag/Unity.2D.IK.Runtime.rsp
[ 398/1227  0s] WriteText Library/Bee/artifacts/1900b0aE.dag/Unity.PerformanceTesting.rsp
[ 399/1227  0s] WriteText Library/Bee/artifacts/1900b0aE.dag/Unity.Timeline.rsp
[ 400/1227  0s] WriteText Library/Bee/artifacts/1900b0aE.dag/Unity.Tutorials.rsp
[ 401/1227  0s] WriteText Library/Bee/artifacts/1900b0aE.dag/Unity.Settings.Editor.rsp
[ 402/1227  0s] WriteText Library/Bee/artifacts/1900b0aE.dag/Unity.InternalAPIEditorBridge.007.rsp
[ 403/1227  0s] WriteText Library/Bee/artifacts/1900b0aE.dag/Unity.InternalAPIEngineBridge.007.rsp
[ 404/1227  0s] WriteText Library/Bee/artifacts/1900b0aE.dag/PsdPlugin.rsp2
[ 405/1227  0s] WriteText Library/Bee/artifacts/1900b0aE.dag/PsdPlugin.UnityAdditionalFile.txt
[ 406/1227  0s] WriteText Library/Bee/artifacts/1900b0aE.dag/PsdPlugin.dll.mvfrm.rsp
[ 407/1227  0s] WriteText Library/Bee/artifacts/1900b0aE.dag/PsdPlugin.rsp
[ 408/1227  0s] WriteText Library/Bee/artifacts/1900b0aE.dag/Unity.InputSystem.TestFramework.dll.mvfrm.rsp
[ 409/1227  0s] WriteText Library/Bee/artifacts/1900b0aE.dag/Unity.Collections.Tests.CoreCLR.InternalJobNestedPrivate.dll.mvfrm.rsp
[ 410/1227  0s] WriteText Library/Bee/artifacts/1900b0aE.dag/Unity.RenderPipelines.Core.ShaderLibrary.dll.mvfrm.rsp
[ 411/1227  0s] WriteText Library/Bee/artifacts/1900b0aE.dag/Unity.RenderPipelines.ShaderGraph.ShaderGraphLibrary.dll.mvfrm.rsp
[ 412/1227  0s] WriteText Library/Bee/artifacts/1900b0aE.dag/Unity.Collections.Tests.CoreCLR.PrivateJobNested.dll.mvfrm.rsp
[ 413/1227  0s] WriteText Library/Bee/artifacts/1900b0aE.dag/Unity.Collections.Tests.CoreCLR.PublicJobPrivateGeneric.dll.mvfrm.rsp
[ 414/1227  0s] WriteText Library/Bee/artifacts/1900b0aE.dag/Unity.VisualScripting.DocCodeExamples.dll.mvfrm.rsp
[ 415/1227  0s] WriteText Library/Bee/artifacts/1900b0aE.dag/Unity.RenderPipelines.Universal.Shaders.dll.mvfrm.rsp
[ 416/1227  0s] WriteText Library/Bee/artifacts/1900b0aE.dag/Unity.Collections.Tests.CoreCLR.ProtectedJobNested.dll.mvfrm.rsp
[ 417/1227  0s] WriteText Library/Bee/artifacts/1900b0aE.dag/Unity.2D.Welcome.dll.mvfrm.rsp
[ 418/1227  0s] WriteText Library/Bee/artifacts/1900b0aE.dag/Unity.RenderPipelines.Universal.Editor.dll.mvfrm.rsp
[ 419/1227  0s] WriteText Library/Bee/artifacts/1900b0aE.dag/Unity.Collections.Tests.CoreCLR.ProtectedJobNested.UnityAdditionalFile.txt
[ 420/1227  0s] WriteText Library/Bee/artifacts/1900b0aE.dag/Unity.Collections.Tests.CoreCLR.ProtectedJobNested.rsp2
[ 421/1227  0s] WriteText Library/Bee/artifacts/1900b0aE.dag/Unity.RenderPipelines.Universal.2D.Editor.Overrides.dll.mvfrm.rsp
[ 422/1227  0s] WriteText Library/Bee/artifacts/1900b0aE.dag/Unity.2D.Psdimporter.Editor.dll.mvfrm.rsp
[ 423/1227  0s] WriteText Library/Bee/artifacts/1900b0aE.dag/Unity.2D.IK.Editor.dll.mvfrm.rsp
[ 424/1227  0s] WriteText Library/Bee/artifacts/1900b0aE.dag/Unity.2D.Aseprite.Editor.dll.mvfrm.rsp
[ 425/1227  0s] WriteText Library/Bee/artifacts/1900b0aE.dag/Unity.VisualScripting.Shared.Editor.dll.mvfrm.rsp
[ 426/1227  0s] WriteText Library/Bee/artifacts/1900b0aE.dag/Unity.VisualScripting.SettingsProvider.Editor.dll.mvfrm.rsp
[ 427/1227  0s] WriteText Library/Bee/artifacts/1900b0aE.dag/Unity.2D.SpriteShape.Editor.dll.mvfrm.rsp
[ 428/1227  0s] WriteText Library/Bee/artifacts/1900b0aE.dag/Unity.VisualScripting.DocCodeExamples.rsp2
[ 429/1227  0s] WriteText Library/Bee/artifacts/1900b0aE.dag/Unity.VisualScripting.DocCodeExamples.UnityAdditionalFile.txt
[ 430/1227  0s] WriteText Library/Bee/artifacts/1900b0aE.dag/Unity.TextMeshPro.Editor.dll.mvfrm.rsp
[ 431/1227  0s] WriteText Library/Bee/artifacts/1900b0aE.dag/ScriptablePacker.dll.mvfrm.rsp
[ 432/1227  0s] WriteText Library/Bee/artifacts/1900b0aE.dag/UnityEditor.UI.Analytics.dll.mvfrm.rsp
[ 433/1227  0s] WriteText Library/Bee/artifacts/1900b0aE.dag/Unity.InputSystem.ForUI.Editor.dll.mvfrm.rsp
[ 434/1227  0s] WriteText Library/Bee/artifacts/1900b0aE.dag/Unity.Collections.Tests.CoreCLR.PublicJobPrivateGeneric.rsp2
[ 435/1227  0s] WriteText Library/Bee/artifacts/1900b0aE.dag/Unity.InputSystem.DocCodeSamples.dll.mvfrm.rsp
[ 436/1227  0s] WriteText Library/Bee/artifacts/1900b0aE.dag/Unity.2D.Welcome.UnityAdditionalFile.txt
[ 437/1227  0s] WriteText Library/Bee/artifacts/1900b0aE.dag/Unity.2D.Welcome.rsp2
[ 438/1227  0s] WriteText Library/Bee/artifacts/1900b0aE.dag/Unity.RenderPipelines.Core.ShaderLibrary.UnityAdditionalFile.txt
[ 439/1227  0s] WriteText Library/Bee/artifacts/1900b0aE.dag/Unity.RenderPipelines.ShaderGraph.ShaderGraphLibrary.UnityAdditionalFile.txt
[ 440/1227  0s] WriteText Library/Bee/artifacts/1900b0aE.dag/Unity.RenderPipelines.ShaderGraph.ShaderGraphLibrary.rsp2
[ 441/1227  0s] WriteText Library/Bee/artifacts/1900b0aE.dag/Unity.RenderPipelines.Core.ShaderLibrary.rsp2
[ 442/1227  0s] WriteText Library/Bee/artifacts/1900b0aE.dag/Unity.RenderPipelines.Universal.Shaders.UnityAdditionalFile.txt
[ 443/1227  0s] WriteText Library/Bee/artifacts/1900b0aE.dag/Unity.RenderPipelines.Universal.Shaders.rsp2
[ 444/1227  0s] WriteText Library/Bee/artifacts/1900b0aE.dag/Unity.Rendering.LightTransport.Editor.dll.mvfrm.rsp
[ 445/1227  0s] WriteText Library/Bee/artifacts/1900b0aE.dag/Unity.Collections.Tests.CoreCLR.PublicJobPrivateGeneric.UnityAdditionalFile.txt
[ 446/1227  0s] WriteText Library/Bee/artifacts/1900b0aE.dag/Unity.CollabProxy.Editor.dll.mvfrm.rsp
[ 447/1227  0s] WriteText Library/Bee/artifacts/1900b0aE.dag/Unity.InputSystem.TestFramework.UnityAdditionalFile.txt
[ 448/1227  0s] WriteText Library/Bee/artifacts/1900b0aE.dag/Unity.InputSystem.TestFramework.rsp2
[ 449/1227  0s] WriteText Library/Bee/artifacts/1900b0aE.dag/Unity.PerformanceTesting.Editor.dll.mvfrm.rsp
[ 450/1227  0s] WriteText Library/Bee/artifacts/1900b0aE.dag/Unity.PlasticSCM.Editor.Assistant.dll.mvfrm.rsp
[ 451/1227  0s] WriteText Library/Bee/artifacts/1900b0aE.dag/Unity.PlasticSCM.Editor.Entities.dll.mvfrm.rsp
[ 452/1227  0s] WriteText Library/Bee/artifacts/1900b0aE.dag/Unity.Timeline.Editor.dll.mvfrm.rsp
[ 453/1227  0s] WriteText Library/Bee/artifacts/1900b0aE.dag/Unity.Tutorials.Editor.dll.mvfrm.rsp
[ 454/1227  0s] WriteText Library/Bee/artifacts/1900b0aE.dag/Unity.2D.Tilemap.Extras.Editor.dll.mvfrm.rsp
[ 455/1227  0s] WriteText Library/Bee/artifacts/1900b0aE.dag/Unity.2D.Animation.Profiler.Editor.dll.mvfrm.rsp
[ 456/1227  0s] WriteText Library/Bee/artifacts/1900b0aE.dag/Unity.2D.Tooling.Editor.dll.mvfrm.rsp
[ 457/1227  0s] WriteText Library/Bee/artifacts/1900b0aE.dag/Unity.Collections.Editor.dll.mvfrm.rsp
[ 458/1227  0s] WriteText Library/Bee/artifacts/1900b0aE.dag/Unity.Collections.Tests.CoreCLR.InternalJobNestedPrivate.UnityAdditionalFile.txt
[ 459/1227  0s] WriteText Library/Bee/artifacts/1900b0aE.dag/Unity.Collections.Tests.CoreCLR.InternalJobNestedPrivate.rsp2
[ 460/1227  0s] WriteText Library/Bee/artifacts/1900b0aE.dag/Unity.Collections.Tests.CoreCLR.PrivateJobNested.UnityAdditionalFile.txt
[ 461/1227  0s] WriteText Library/Bee/artifacts/1900b0aE.dag/Unity.Collections.Tests.CoreCLR.PrivateJobNested.rsp2
[ 462/1227  0s] WriteText Library/Bee/artifacts/1900b0aE.dag/Unity.RenderPipelines.Universal.Editor.rsp2
[ 463/1227  0s] WriteText Library/Bee/artifacts/1900b0aE.dag/Unity.2D.Animation.Profiler.Editor.UnityAdditionalFile.txt
[ 464/1227  0s] WriteText Library/Bee/artifacts/1900b0aE.dag/ScriptablePacker.rsp2
[ 465/1227  0s] WriteText Library/Bee/artifacts/1900b0aE.dag/Unity.TextMeshPro.Editor.rsp2
[ 466/1227  0s] WriteText Library/Bee/artifacts/1900b0aE.dag/Unity.Tutorials.Editor.rsp2
[ 467/1227  0s] WriteText Library/Bee/artifacts/1900b0aE.dag/Unity.VisualScripting.DocCodeExamples.rsp
[ 468/1227  0s] WriteText Library/Bee/artifacts/1900b0aE.dag/Unity.Tutorials.Editor.UnityAdditionalFile.txt
[ 469/1227  0s] WriteText Library/Bee/artifacts/1900b0aE.dag/Unity.Timeline.Editor.rsp2
[ 470/1227  0s] WriteText Library/Bee/artifacts/1900b0aE.dag/Unity.2D.SpriteShape.Editor.UnityAdditionalFile.txt
[ 471/1227  0s] WriteText Library/Bee/artifacts/1900b0aE.dag/Unity.2D.Tooling.Editor.rsp2
[ 472/1227  0s] WriteText Library/Bee/artifacts/1900b0aE.dag/Unity.2D.SpriteShape.Editor.rsp2
[ 473/1227  0s] WriteText Library/Bee/artifacts/1900b0aE.dag/Unity.Timeline.Editor.UnityAdditionalFile.txt
[ 474/1227  0s] WriteText Library/Bee/artifacts/1900b0aE.dag/ScriptablePacker.UnityAdditionalFile.txt
[ 475/1227  0s] WriteText Library/Bee/artifacts/1900b0aE.dag/Unity.PlasticSCM.Editor.Entities.rsp2
[ 476/1227  0s] WriteText Library/Bee/artifacts/1900b0aE.dag/Unity.VisualScripting.SettingsProvider.Editor.UnityAdditionalFile.txt
[ 477/1227  0s] WriteText Library/Bee/artifacts/1900b0aE.dag/Unity.PlasticSCM.Editor.Entities.UnityAdditionalFile.txt
[ 478/1227  0s] WriteText Library/Bee/artifacts/1900b0aE.dag/Unity.VisualScripting.SettingsProvider.Editor.rsp2
[ 479/1227  0s] WriteText Library/Bee/artifacts/1900b0aE.dag/Unity.PlasticSCM.Editor.Assistant.rsp2
[ 480/1227  0s] WriteText Library/Bee/artifacts/1900b0aE.dag/Unity.PlasticSCM.Editor.Assistant.UnityAdditionalFile.txt
[ 481/1227  0s] WriteText Library/Bee/artifacts/1900b0aE.dag/UnityEditor.UI.Analytics.rsp2
[ 482/1227  0s] WriteText Library/Bee/artifacts/1900b0aE.dag/Unity.Collections.Tests.CoreCLR.PublicJobPrivateGeneric.rsp
[ 483/1227  0s] WriteText Library/Bee/artifacts/1900b0aE.dag/Unity.VisualScripting.Shared.Editor.UnityAdditionalFile.txt
[ 484/1227  0s] WriteText Library/Bee/artifacts/1900b0aE.dag/Unity.RenderPipelines.Core.ShaderLibrary.rsp
[ 485/1227  0s] WriteText Library/Bee/artifacts/1900b0aE.dag/Unity.VisualScripting.Shared.Editor.rsp2
[ 486/1227  0s] WriteText Library/Bee/artifacts/1900b0aE.dag/Unity.PerformanceTesting.Editor.rsp2
[ 487/1227  0s] WriteText Library/Bee/artifacts/1900b0aE.dag/Unity.2D.IK.Editor.rsp2
[ 488/1227  0s] WriteText Library/Bee/artifacts/1900b0aE.dag/Unity.PerformanceTesting.Editor.UnityAdditionalFile.txt
[ 489/1227  0s] WriteText Library/Bee/artifacts/1900b0aE.dag/Unity.InputSystem.ForUI.Editor.UnityAdditionalFile.txt
[ 490/1227  0s] WriteText Library/Bee/artifacts/1900b0aE.dag/Unity.RenderPipelines.Universal.2D.Editor.Overrides.UnityAdditionalFile.txt
[ 491/1227  0s] WriteText Library/Bee/artifacts/1900b0aE.dag/Unity.RenderPipelines.ShaderGraph.ShaderGraphLibrary.rsp
[ 492/1227  0s] WriteText Library/Bee/artifacts/1900b0aE.dag/Unity.2D.Aseprite.Editor.UnityAdditionalFile.txt
[ 493/1227  0s] WriteText Library/Bee/artifacts/1900b0aE.dag/Unity.InputSystem.TestFramework.rsp
[ 494/1227  0s] WriteText Library/Bee/artifacts/1900b0aE.dag/Unity.InputSystem.ForUI.Editor.rsp2
[ 495/1227  0s] WriteText Library/Bee/artifacts/1900b0aE.dag/Unity.2D.Aseprite.Editor.rsp2
[ 496/1227  0s] WriteText Library/Bee/artifacts/1900b0aE.dag/UnityEditor.UI.Analytics.UnityAdditionalFile.txt
[ 497/1227  0s] WriteText Library/Bee/artifacts/1900b0aE.dag/Unity.RenderPipelines.Universal.Shaders.rsp
[ 498/1227  0s] WriteText Library/Bee/artifacts/1900b0aE.dag/Unity.InputSystem.DocCodeSamples.rsp2
[ 499/1227  0s] WriteText Library/Bee/artifacts/1900b0aE.dag/Unity.2D.Psdimporter.Editor.UnityAdditionalFile.txt
[ 500/1227  0s] WriteText Library/Bee/artifacts/1900b0aE.dag/Unity.InputSystem.DocCodeSamples.UnityAdditionalFile.txt
[ 501/1227  0s] WriteText Library/Bee/artifacts/1900b0aE.dag/Unity.Rendering.LightTransport.Editor.UnityAdditionalFile.txt
[ 502/1227  0s] WriteText Library/Bee/artifacts/1900b0aE.dag/Unity.2D.Psdimporter.Editor.rsp2
[ 503/1227  0s] WriteText Library/Bee/artifacts/1900b0aE.dag/Unity.Rendering.LightTransport.Editor.rsp2
[ 504/1227  0s] WriteText Library/Bee/artifacts/1900b0aE.dag/Unity.2D.IK.Editor.UnityAdditionalFile.txt
[ 505/1227  0s] WriteText Library/Bee/artifacts/1900b0aE.dag/Unity.RenderPipelines.Universal.Editor.UnityAdditionalFile.txt
[ 506/1227  0s] WriteText Library/Bee/artifacts/1900b0aE.dag/Unity.TextMeshPro.Editor.UnityAdditionalFile.txt
[ 507/1227  0s] WriteText Library/Bee/artifacts/1900b0aE.dag/Unity.Collections.Tests.CoreCLR.PrivateJobNested.rsp
[ 508/1227  0s] WriteText Library/Bee/artifacts/1900b0aE.dag/Unity.Collections.Tests.CoreCLR.ProtectedJobNested.rsp
[ 509/1227  0s] WriteText Library/Bee/artifacts/1900b0aE.dag/Unity.RenderPipelines.Universal.2D.Editor.Overrides.rsp2
[ 510/1227  0s] WriteText Library/Bee/artifacts/1900b0aE.dag/Unity.Collections.Editor.rsp2
[ 511/1227  0s] WriteText Library/Bee/artifacts/1900b0aE.dag/Unity.Collections.Tests.CoreCLR.InternalJobNestedPrivate.rsp
[ 512/1227  0s] WriteText Library/Bee/artifacts/1900b0aE.dag/Unity.CollabProxy.Editor.rsp2
[ 513/1227  0s] WriteText Library/Bee/artifacts/1900b0aE.dag/Unity.Collections.Editor.UnityAdditionalFile.txt
[ 514/1227  0s] WriteText Library/Bee/artifacts/1900b0aE.dag/Unity.2D.Welcome.rsp
[ 515/1227  0s] WriteText Library/Bee/artifacts/1900b0aE.dag/Unity.CollabProxy.Editor.UnityAdditionalFile.txt
[ 516/1227  0s] WriteText Library/Bee/artifacts/1900b0aE.dag/Unity.2D.Tooling.Editor.UnityAdditionalFile.txt
[ 517/1227  0s] WriteText Library/Bee/artifacts/1900b0aE.dag/Unity.2D.Tilemap.Extras.Editor.UnityAdditionalFile.txt
[ 518/1227  0s] WriteText Library/Bee/artifacts/1900b0aE.dag/Unity.2D.Animation.Profiler.Editor.rsp2
[ 519/1227  0s] WriteText Library/Bee/artifacts/1900b0aE.dag/Unity.RenderPipelines.Universal.Editor.rsp
[ 520/1227  0s] WriteText Library/Bee/artifacts/1900b0aE.dag/Unity.2D.Tilemap.Extras.Editor.rsp2
[ 521/1227  0s] WriteText Library/Bee/artifacts/1900b0aE.dag/Unity.TextMeshPro.Editor.rsp
[ 522/1227  0s] WriteText Library/Bee/artifacts/1900b0aE.dag/Unity.Rider.Editor.UnityAdditionalFile.txt
[ 523/1227  0s] WriteText Library/Bee/artifacts/1900b0aE.dag/Unity.VisualStudio.Editor.dll.mvfrm.rsp
[ 524/1227  0s] WriteText Library/Bee/artifacts/1900b0aE.dag/Unity.2D.IK.Editor.rsp
[ 525/1227  0s] WriteText Library/Bee/artifacts/1900b0aE.dag/Unity.2D.SpriteShape.Editor.rsp
[ 526/1227  0s] WriteText Library/Bee/artifacts/1900b0aE.dag/Unity.InputSystem.ForUI.Editor.rsp
[ 527/1227  0s] WriteText Library/Bee/artifacts/1900b0aE.dag/Unity.Timeline.Editor.rsp
[ 528/1227  0s] WriteText Library/Bee/artifacts/1900b0aE.dag/Unity.Rendering.LightTransport.Editor.rsp
[ 529/1227  0s] WriteText Library/Bee/artifacts/1900b0aE.dag/Unity.VisualScripting.SettingsProvider.Editor.rsp
[ 530/1227  0s] WriteText Library/Bee/artifacts/1900b0aE.dag/Unity.2D.Psdimporter.Editor.rsp
[ 531/1227  0s] WriteText Library/Bee/artifacts/1900b0aE.dag/Unity.InputSystem.DocCodeSamples.rsp
[ 532/1227  0s] WriteText Library/Bee/artifacts/1900b0aE.dag/Unity.CollabProxy.Editor.rsp
[ 533/1227  0s] WriteText Library/Bee/artifacts/1900b0aE.dag/Unity.VisualScripting.Shared.Editor.rsp
[ 534/1227  0s] WriteText Library/Bee/artifacts/1900b0aE.dag/UnityEditor.UI.Analytics.rsp
[ 535/1227  0s] WriteText Library/Bee/artifacts/1900b0aE.dag/Unity.RenderPipelines.Universal.2D.Editor.Overrides.rsp
[ 536/1227  0s] WriteText Library/Bee/artifacts/1900b0aE.dag/Unity.PerformanceTesting.Editor.rsp
[ 537/1227  0s] WriteText Library/Bee/artifacts/1900b0aE.dag/Unity.PlasticSCM.Editor.Assistant.rsp
[ 538/1227  0s] WriteText Library/Bee/artifacts/1900b0aE.dag/ScriptablePacker.rsp
[ 539/1227  0s] WriteText Library/Bee/artifacts/1900b0aE.dag/Unity.PlasticSCM.Editor.Entities.rsp
[ 540/1227  0s] WriteText Library/Bee/artifacts/1900b0aE.dag/Unity.Tutorials.Editor.rsp
[ 541/1227  0s] WriteText Library/Bee/artifacts/1900b0aE.dag/Unity.2D.Animation.Profiler.Editor.rsp
[ 542/1227  0s] WriteText Library/Bee/artifacts/1900b0aE.dag/Unity.2D.Aseprite.Editor.rsp
[ 543/1227  0s] WriteText Library/Bee/artifacts/1900b0aE.dag/Unity.2D.Tilemap.Extras.Editor.rsp
[ 544/1227  0s] WriteText Library/Bee/artifacts/1900b0aE.dag/Unity.2D.Tooling.Editor.rsp
[ 545/1227  0s] WriteText Library/Bee/artifacts/1900b0aE.dag/Unity.Rider.Editor.rsp2
[ 546/1227  0s] WriteText Library/Bee/artifacts/1900b0aE.dag/Unity.Rider.Editor.dll.mvfrm.rsp
[ 547/1227  0s] WriteText Library/Bee/artifacts/1900b0aE.dag/Unity.VisualStudio.Editor.UnityAdditionalFile.txt
[ 548/1227  0s] WriteText Library/Bee/artifacts/1900b0aE.dag/Unity.Collections.Editor.rsp
[ 549/1227  0s] WriteText Library/Bee/artifacts/1900b0aE.dag/Unity.VisualStudio.Editor.rsp2
[ 550/1227  0s] WriteResponseFile Library/Bee/artifacts/rsp/8899139255040401798.rsp
[ 551/1227  0s] WriteResponseFile Library/Bee/artifacts/rsp/5916180605834378387.rsp
[ 552/1227  0s] WriteResponseFile Library/Bee/artifacts/rsp/2776885639716096202.rsp
[ 553/1227  0s] WriteResponseFile Library/Bee/artifacts/rsp/4691676790321305727.rsp
[ 554/1227  0s] WriteResponseFile Library/Bee/artifacts/rsp/15966515983506956808.rsp
[ 555/1227  0s] WriteResponseFile Library/Bee/artifacts/rsp/1478594098268573080.rsp
[ 556/1227  0s] WriteResponseFile Library/Bee/artifacts/rsp/12912871946893575143.rsp
[ 557/1227  0s] WriteResponseFile Library/Bee/artifacts/rsp/18218310762646611085.rsp
[ 558/1227  0s] WriteResponseFile Library/Bee/artifacts/rsp/5546506141355401238.rsp
[ 559/1227  0s] WriteResponseFile Library/Bee/artifacts/rsp/10010842633742469623.rsp
[ 560/1227  0s] WriteResponseFile Library/Bee/artifacts/rsp/10745884157788120225.rsp
[ 561/1227  0s] WriteResponseFile Library/Bee/artifacts/rsp/11932646040550446581.rsp
[ 562/1227  0s] WriteResponseFile Library/Bee/artifacts/rsp/10571807241835812913.rsp
[ 563/1227  0s] WriteResponseFile Library/Bee/artifacts/rsp/7606483801609891643.rsp
[ 564/1227  0s] WriteResponseFile Library/Bee/artifacts/rsp/11344994280883157806.rsp
[ 565/1227  0s] WriteResponseFile Library/Bee/artifacts/rsp/7038082120299526273.rsp
[ 566/1227  0s] WriteResponseFile Library/Bee/artifacts/rsp/2897256077774953845.rsp
[ 567/1227  0s] WriteResponseFile Library/Bee/artifacts/rsp/1237274906319909237.rsp
[ 568/1227  0s] WriteResponseFile Library/Bee/artifacts/rsp/10654656162358534522.rsp
[ 569/1227  0s] WriteResponseFile Library/Bee/artifacts/rsp/17346584914308636752.rsp
[ 570/1227  0s] WriteResponseFile Library/Bee/artifacts/rsp/5249134988916615986.rsp
[ 571/1227  0s] WriteResponseFile Library/Bee/artifacts/rsp/3258459190130463912.rsp
[ 572/1227  0s] WriteResponseFile Library/Bee/artifacts/rsp/5803490648119114145.rsp
[ 573/1227  0s] WriteResponseFile Library/Bee/artifacts/rsp/1418726328684876121.rsp
[ 574/1227  0s] WriteResponseFile Library/Bee/artifacts/rsp/2157608619508796868.rsp
[ 575/1227  0s] WriteResponseFile Library/Bee/artifacts/rsp/17857907764234547985.rsp
[ 576/1227  0s] WriteResponseFile Library/Bee/artifacts/rsp/4466190206555885892.rsp
[ 577/1227  0s] WriteResponseFile Library/Bee/artifacts/rsp/3064155424177982801.rsp
[ 578/1227  0s] WriteResponseFile Library/Bee/artifacts/rsp/1410676725171572189.rsp
[ 579/1227  0s] WriteResponseFile Library/Bee/artifacts/rsp/9362519405459664194.rsp
[ 580/1227  0s] WriteResponseFile Library/Bee/artifacts/rsp/15183482696195477058.rsp
[ 581/1227  0s] WriteResponseFile Library/Bee/artifacts/rsp/17525389461119239690.rsp
[ 582/1227  0s] WriteResponseFile Library/Bee/artifacts/rsp/4014436084419441659.rsp
[ 583/1227  0s] WriteResponseFile Library/Bee/artifacts/rsp/11294775302662683298.rsp
[ 584/1227  0s] WriteResponseFile Library/Bee/artifacts/rsp/10882039081662076641.rsp
[ 585/1227  0s] WriteResponseFile Library/Bee/artifacts/rsp/9870516708743257357.rsp
[ 586/1227  0s] WriteResponseFile Library/Bee/artifacts/rsp/10397561839769426034.rsp
[ 587/1227  0s] WriteResponseFile Library/Bee/artifacts/rsp/11787665206494273547.rsp
[ 588/1227  0s] WriteResponseFile Library/Bee/artifacts/rsp/3232911574759799904.rsp
[ 589/1227  0s] WriteResponseFile Library/Bee/artifacts/rsp/10411718816959651794.rsp
[ 590/1227  0s] WriteResponseFile Library/Bee/artifacts/rsp/14316143403170570236.rsp
[ 591/1227  0s] WriteResponseFile Library/Bee/artifacts/rsp/15085861467720516389.rsp
[ 592/1227  0s] WriteResponseFile Library/Bee/artifacts/rsp/13909235412005675431.rsp
[ 593/1227  0s] WriteResponseFile Library/Bee/artifacts/rsp/13686715218353603589.rsp
[ 594/1227  0s] WriteResponseFile Library/Bee/artifacts/rsp/3071285868016441895.rsp
[ 595/1227  0s] WriteResponseFile Library/Bee/artifacts/rsp/15312589170787849123.rsp
[ 596/1227  0s] WriteResponseFile Library/Bee/artifacts/rsp/17738801749825545598.rsp
[ 597/1227  0s] WriteResponseFile Library/Bee/artifacts/rsp/9963604852455136489.rsp
[ 598/1227  0s] WriteResponseFile Library/Bee/artifacts/rsp/7759033573704817190.rsp
[ 599/1227  0s] WriteResponseFile Library/Bee/artifacts/rsp/9703144790800738880.rsp
[ 600/1227  0s] WriteResponseFile Library/Bee/artifacts/rsp/2240406767038398906.rsp
[ 601/1227  0s] WriteResponseFile Library/Bee/artifacts/rsp/1723042715960067801.rsp
[ 602/1227  0s] WriteResponseFile Library/Bee/artifacts/rsp/6841316898876630997.rsp
[ 603/1227  0s] WriteResponseFile Library/Bee/artifacts/rsp/6210570011482043853.rsp
[ 604/1227  0s] WriteText Library/Bee/artifacts/1900b0aE.dag/Unity.Rider.Editor.rsp
[ 605/1227  0s] WriteText Library/Bee/artifacts/1900b0aE.dag/Unity.VisualStudio.Editor.rsp
[ 606/1227  0s] WriteResponseFile Library/Bee/artifacts/rsp/3938377011463375229.rsp
[ 607/1227  0s] WriteResponseFile Library/Bee/artifacts/rsp/17296387151066238333.rsp
[ 608/1227  0s] WriteResponseFile Library/Bee/artifacts/rsp/15183149355271759364.rsp
[ 609/1227  0s] WriteResponseFile Library/Bee/artifacts/rsp/8863518860715653438.rsp
[ 610/1227  0s] WriteResponseFile Library/Bee/artifacts/rsp/9675442845102135732.rsp
[ 611/1227  0s] WriteResponseFile Library/Bee/artifacts/rsp/13439087796855272166.rsp
[ 612/1227  0s] WriteResponseFile Library/Bee/artifacts/rsp/2953117779104569460.rsp
[ 613/1227  0s] WriteResponseFile Library/Bee/artifacts/rsp/1177933628359149393.rsp
[ 614/1227  0s] WriteResponseFile Library/Bee/artifacts/rsp/13445476680238899994.rsp
[ 615/1227  0s] WriteResponseFile Library/Bee/artifacts/rsp/11295897478892413411.rsp
[ 616/1227  0s] WriteResponseFile Library/Bee/artifacts/rsp/3043913547040211301.rsp
[ 617/1227  0s] WriteResponseFile Library/Bee/artifacts/rsp/15394042617203071315.rsp
[ 618/1227  0s] WriteResponseFile Library/Bee/artifacts/rsp/12900333509587573630.rsp
[ 619/1227  0s] WriteResponseFile Library/Bee/artifacts/rsp/9111662996337956171.rsp
[ 620/1227  0s] WriteResponseFile Library/Bee/artifacts/rsp/2499735490941455596.rsp
[ 621/1227  0s] WriteResponseFile Library/Bee/artifacts/rsp/14566447020836459352.rsp
[ 622/1227  0s] WriteResponseFile Library/Bee/artifacts/rsp/5652260764500437206.rsp
[ 623/1227  0s] WriteResponseFile Library/Bee/artifacts/rsp/6083568660615989563.rsp
[ 624/1227  0s] WriteResponseFile Library/Bee/artifacts/rsp/16978334608904336561.rsp
[ 625/1227  0s] WriteResponseFile Library/Bee/artifacts/rsp/6413563044966999158.rsp
[ 626/1227  0s] WriteResponseFile Library/Bee/artifacts/rsp/4772145154433932943.rsp
[ 627/1227  0s] WriteResponseFile Library/Bee/artifacts/rsp/7896521298153392796.rsp
[ 628/1227  0s] WriteResponseFile Library/Bee/artifacts/rsp/3867973322336625480.rsp
[ 629/1227  0s] WriteResponseFile Library/Bee/artifacts/rsp/3388064732626934676.rsp
[ 630/1227  0s] WriteResponseFile Library/Bee/artifacts/rsp/5806762800881712256.rsp
[ 631/1227  0s] WriteResponseFile Library/Bee/artifacts/rsp/5776641215966470922.rsp
[ 632/1227  0s] WriteResponseFile Library/Bee/artifacts/rsp/6262281476893245489.rsp
[ 633/1227  0s] WriteResponseFile Library/Bee/artifacts/rsp/3648465134513896125.rsp
[ 634/1227  0s] WriteResponseFile Library/Bee/artifacts/rsp/1000725841676588325.rsp
[ 635/1227  0s] WriteResponseFile Library/Bee/artifacts/rsp/10292501669419677951.rsp
[ 636/1227  0s] WriteResponseFile Library/Bee/artifacts/rsp/3957322666043905931.rsp
[ 637/1227  0s] WriteResponseFile Library/Bee/artifacts/rsp/15154896315304165303.rsp
[ 638/1227  0s] WriteResponseFile Library/Bee/artifacts/rsp/12812556936427222528.rsp
[ 639/1227  0s] WriteResponseFile Library/Bee/artifacts/rsp/5521740788080646575.rsp
[ 640/1227  0s] WriteResponseFile Library/Bee/artifacts/rsp/6591615775254759062.rsp
[ 641/1227  0s] WriteResponseFile Library/Bee/artifacts/rsp/11820488456832421373.rsp
[ 642/1227  0s] WriteResponseFile Library/Bee/artifacts/rsp/1488387367365330867.rsp
[ 643/1227  0s] WriteResponseFile Library/Bee/artifacts/rsp/17723086061372457914.rsp
[ 644/1227  0s] WriteResponseFile Library/Bee/artifacts/rsp/8336928665352126947.rsp
[ 645/1227  0s] WriteResponseFile Library/Bee/artifacts/rsp/16942202937359522267.rsp
[ 646/1227  0s] WriteResponseFile Library/Bee/artifacts/rsp/3818876520345881085.rsp
[ 647/1227  0s] WriteResponseFile Library/Bee/artifacts/rsp/2655319114021734818.rsp
[ 648/1227  0s] WriteResponseFile Library/Bee/artifacts/rsp/12697856024727907050.rsp
[ 649/1227  0s] MovedFromExtractor Library/Bee/artifacts/mvdfrm/UnityEditor.TreeModule.dll_9DFD8C9D8606BF65.mvfrm
[ 650/1227  0s] MovedFromExtractor Library/Bee/artifacts/mvdfrm/UnityEditor.UIElementsSamplesModule.dll_CAC5D36F90618DEB.mvfrm
[ 651/1227  0s] MovedFromExtractor Library/Bee/artifacts/mvdfrm/UnityEditor.UIToolkitAuthoringModule.dll_DC5BCA9F46BC1CA4.mvfrm
[ 652/1227  0s] MovedFromExtractor Library/Bee/artifacts/mvdfrm/UnityEditor.U2DModule.dll_56C35B5069B87B04.mvfrm
[ 653/1227  0s] MovedFromExtractor Library/Bee/artifacts/mvdfrm/UnityEditor.Graphs.dll_FE3AB981DA5A0E58.mvfrm
[ 654/1227  0s] MovedFromExtractor Library/Bee/artifacts/mvdfrm/Unity.VisualScripting.TextureAssets.dll_CFA038DE66389063.mvfrm
[ 655/1227  0s] MovedFromExtractor Library/Bee/artifacts/mvdfrm/UnityEditor.WebGL.Extensions.dll_57AC3C475C2A55EA.mvfrm
[ 656/1227  0s] MovedFromExtractor Library/Bee/artifacts/mvdfrm/UnityEditor.WindowsStandalone.Extensions.dll_2B5DC5117BA4DFDA.mvfrm
[ 657/1227  0s] MovedFromExtractor Library/Bee/artifacts/mvdfrm/Unity.Plastic.Newtonsoft.Json.dll_ED3944E5E8A516CB.mvfrm
[ 658/1227  0s] MovedFromExtractor Library/Bee/artifacts/mvdfrm/Unity.VisualScripting.YamlDotNet.dll_38820F8AA56B326B.mvfrm
[ 659/1227  0s] MovedFromExtractor Library/Bee/artifacts/mvdfrm/Unity.Collections.LowLevel.ILSupport.dll_EE544B55637299A5.mvfrm
[ 660/1227  0s] MovedFromExtractor Library/Bee/artifacts/mvdfrm/Unity.VisualScripting.IonicZip.dll_415BC0E8E440EB61.mvfrm
[ 661/1227  0s] MovedFromExtractor Library/Bee/artifacts/mvdfrm/Unity.Plastic.Antlr3.Runtime.dll_4A7ACD353CCE2CCA.mvfrm
[ 662/1227  0s] MovedFromExtractor Library/Bee/artifacts/mvdfrm/Unity.VisualScripting.Antlr3.Runtime.dll_E9EF366BD634428A.mvfrm
[ 663/1227  0s] MovedFromExtractor Library/Bee/artifacts/mvdfrm/UnityEngine.NVIDIAModule.dll_D0277B7A505A0DDD.mvfrm
[ 664/1227  0s] MovedFromExtractor Library/Bee/artifacts/mvdfrm/UnityEngine.AMDModule.dll_B79DF6ECA62E43EA.mvfrm
[ 665/1227  0s] MovedFromExtractor Library/Bee/artifacts/mvdfrm/Unity.CompilationPipeline.Common.dll_B1BADB018CAE1E14.mvfrm
[ 666/1227  0s] MovedFromExtractor-Combine Library/Bee/artifacts/1900b0aE.dag/UnityEngine.TestRunner.dll.mvfrm
[ 667/1227  0s] MovedFromExtractor Library/Bee/artifacts/mvdfrm/UnityEngine.HierarchyModule.dll_6BC9ECBCE4AF4F67.mvfrm
[ 668/1227  0s] MovedFromExtractor-Combine Library/Bee/artifacts/1900b0aE.dag/UnityEngine.UI.dll.mvfrm
[           0s] Csc Library/Bee/artifacts/1900b0aE.dag/UnityEngine.UI.dll (+2 others) [CacheMiss 8edf8dd17c3bdc265b6e4f7413ec4cfa00000000000000000000000000000006]
[ 668/1227  0s] Csc Library/Bee/artifacts/1900b0aE.dag/UnityEngine.TestRunner.dll (+2 others) [CacheHit 1c40c6be11ca04234ddbc68e986cbbc500000000000000000000000000000006]
[ 669/1227  0s] Csc Library/Bee/artifacts/1900b0aE.dag/UnityEngine.TestRunner.dll (+2 others)
[ 671/1227  0s] MovedFromExtractor Library/Bee/artifacts/mvdfrm/UnityEngine.TestRunner.ref.dll_E55D0F7C63F01D9E.mvfrm
[ 672/1227  0s] MovedFromExtractor-Combine Library/Bee/artifacts/1900b0aE.dag/UnityEditor.TestRunner.dll.mvfrm
[ 671/1227  0s] Csc Library/Bee/artifacts/1900b0aE.dag/UnityEditor.TestRunner.dll (+2 others) [CacheHit 0fef7521639a4f07c0fc8952809f419e00000000000000000000000000000006]
[ 673/1227  0s] Csc Library/Bee/artifacts/1900b0aE.dag/UnityEditor.TestRunner.dll (+2 others)
[ 675/1227  0s] MovedFromExtractor Library/Bee/artifacts/mvdfrm/UnityEditor.TestRunner.ref.dll_193EC4CE382CBFB3.mvfrm
[ 676/1227  1s] Csc Library/Bee/artifacts/1900b0aE.dag/UnityEngine.UI.dll (+2 others)
[           0s] Csc Library/Bee/artifacts/1900b0aE.dag/UnityEngine.UI.dll (+2 others) [CacheWrite 8edf8dd17c3bdc265b6e4f7413ec4cfa00000000000000000000000000000006]
[ 677/1227  0s] MovedFromExtractor Library/Bee/artifacts/mvdfrm/UnityEngine.UI.ref.dll_08FEAA520A2EFD60.mvfrm
[ 678/1227  0s] MovedFromExtractor-Combine Library/Bee/artifacts/1900b0aE.dag/UnityEditor.UI.dll.mvfrm
[           0s] Csc Library/Bee/artifacts/1900b0aE.dag/UnityEditor.UI.dll (+2 others) [CacheMiss bea7d6ae20ed99c3a5d7a6c01ed966a300000000000000000000000000000006]
[ 679/1227  0s] Csc Library/Bee/artifacts/1900b0aE.dag/UnityEditor.UI.dll (+2 others)
[           0s] Csc Library/Bee/artifacts/1900b0aE.dag/UnityEditor.UI.dll (+2 others) [CacheWrite bea7d6ae20ed99c3a5d7a6c01ed966a300000000000000000000000000000006]
[ 680/1227  0s] MovedFromExtractor Library/Bee/artifacts/mvdfrm/UnityEditor.UI.ref.dll_4C98D3F7040CD4F5.mvfrm
[ 681/1227  0s] MovedFromExtractor-Combine Library/Bee/artifacts/1900b0aE.dag/Unity.InternalAPIEngineBridge.ObjectDispatcher.Runtime.dll.mvfrm
[ 682/1227  0s] MovedFromExtractor-Combine Library/Bee/artifacts/1900b0aE.dag/Unity.Searcher.Editor.dll.mvfrm
[ 683/1227  0s] MovedFromExtractor-Combine Library/Bee/artifacts/1900b0aE.dag/Unity.InternalAPIEngineBridge.001.dll.mvfrm
[ 684/1227  0s] MovedFromExtractor-Combine Library/Bee/artifacts/1900b0aE.dag/Unity.2D.Sprite.Editor.dll.mvfrm
[ 685/1227  0s] MovedFromExtractor-Combine Library/Bee/artifacts/1900b0aE.dag/Unity.Settings.Editor.dll.mvfrm
[ 686/1227  0s] MovedFromExtractor-Combine Library/Bee/artifacts/1900b0aE.dag/Unity.Profiling.Core.dll.mvfrm
[ 687/1227  0s] MovedFromExtractor-Combine Library/Bee/artifacts/1900b0aE.dag/Unity.2D.Common.Path.Editor.dll.mvfrm
[ 688/1227  0s] MovedFromExtractor-Combine Library/Bee/artifacts/1900b0aE.dag/Unity.Mathematics.dll.mvfrm
[ 689/1227  0s] MovedFromExtractor-Combine Library/Bee/artifacts/1900b0aE.dag/Unity.InternalAPIEngineBridge.RenderPipelines.Core.Runtime.Shared.dll.mvfrm
[ 690/1227  0s] MovedFromExtractor-Combine Library/Bee/artifacts/1900b0aE.dag/Unity.EditorCoroutines.Editor.dll.mvfrm
[ 691/1227  0s] MovedFromExtractor-Combine Library/Bee/artifacts/1900b0aE.dag/Unity.InternalAPIEngineBridge.004.dll.mvfrm
[ 692/1227  0s] MovedFromExtractor-Combine Library/Bee/artifacts/1900b0aE.dag/Unity.Burst.dll.mvfrm
[ 693/1227  0s] MovedFromExtractor-Combine Library/Bee/artifacts/1900b0aE.dag/Unity.InputSystem.dll.mvfrm
[ 694/1227  0s] MovedFromExtractor-Combine Library/Bee/artifacts/1900b0aE.dag/Unity.InternalAPIEditorBridge.ShaderGraph.Editor.dll.mvfrm
[ 695/1227  0s] MovedFromExtractor-Combine Library/Bee/artifacts/1900b0aE.dag/Unity.PlasticSCM.Editor.dll.mvfrm
[ 696/1227  0s] MovedFromExtractor-Combine Library/Bee/artifacts/1900b0aE.dag/Unity.PerformanceTesting.dll.mvfrm
[ 697/1227  0s] MovedFromExtractor-Combine Library/Bee/artifacts/1900b0aE.dag/Unity.InternalAPIEngineBridge.RenderPipelines.Core.Editor.dll.mvfrm
[ 698/1227  0s] MovedFromExtractor-Combine Library/Bee/artifacts/1900b0aE.dag/Unity.2D.Tilemap.Editor.dll.mvfrm
[ 696/1227  0s] Csc Library/Bee/artifacts/1900b0aE.dag/Unity.Searcher.Editor.dll (+2 others) [CacheHit 9df52a56f3b936ff2eb281ee1b951f8300000000000000000000000000000006]
[ 699/1227  0s] Csc Library/Bee/artifacts/1900b0aE.dag/Unity.Searcher.Editor.dll (+2 others)
[ 701/1227  0s] MovedFromExtractor-Combine Library/Bee/artifacts/1900b0aE.dag/Unity.GraphAuthoring.Editor.dll.mvfrm
[           0s] Csc Library/Bee/artifacts/1900b0aE.dag/Unity.2D.Sprite.Editor.dll (+2 others) [CacheMiss f3d0a44b7fbc442fd228ee6821f1225300000000000000000000000000000006]
[           0s] Csc Library/Bee/artifacts/1900b0aE.dag/Unity.InternalAPIEngineBridge.RenderPipelines.Core.Runtime.Shared.dll (+2 others) [CacheMiss 008f3d0db4800995d6c0740bfe03048000000000000000000000000000000006]
[ 702/1227  0s] MovedFromExtractor-Combine Library/Bee/artifacts/1900b0aE.dag/Unity.ShaderGraph.Utilities.dll.mvfrm
[           0s] Csc Library/Bee/artifacts/1900b0aE.dag/Unity.InternalAPIEngineBridge.ObjectDispatcher.Runtime.dll (+2 others) [CacheMiss b08a5edfa3a91f00c71882899fb7d1d400000000000000000000000000000006]
[           0s] Csc Library/Bee/artifacts/1900b0aE.dag/Unity.Mathematics.dll (+2 others) [CacheMiss bc4332bae509dee48ce00e2f0b9a155e00000000000000000000000000000006]
[           0s] Csc Library/Bee/artifacts/1900b0aE.dag/Unity.InternalAPIEditorBridge.ShaderGraph.Editor.dll (+2 others) [CacheMiss 92b40b83e87e8c9bcb1c445131c2575700000000000000000000000000000006]
[           0s] Csc Library/Bee/artifacts/1900b0aE.dag/Unity.Burst.dll (+2 others) [CacheMiss eee8ec4914e17708789fc13161ad1dbd00000000000000000000000000000006]
[           0s] Csc Library/Bee/artifacts/1900b0aE.dag/Unity.InternalAPIEngineBridge.001.dll (+2 others) [CacheMiss 88fe366e768499c64b435c986b0b29cf00000000000000000000000000000006]
[           0s] Csc Library/Bee/artifacts/1900b0aE.dag/Unity.GraphAuthoring.Editor.dll (+2 others) [CacheMiss 80e2b82b94a8238db3c884133db1210f00000000000000000000000000000006]
[           0s] Csc Library/Bee/artifacts/1900b0aE.dag/Unity.InternalAPIEngineBridge.004.dll (+2 others) [CacheMiss fbf5ab19043f55d6555e1a011fc2429500000000000000000000000000000006]
[           0s] Csc Library/Bee/artifacts/1900b0aE.dag/Unity.2D.Tilemap.Editor.dll (+2 others) [CacheMiss d02fa71332e0522c3542da6653fe095800000000000000000000000000000006]
[           0s] Csc Library/Bee/artifacts/1900b0aE.dag/Unity.InternalAPIEngineBridge.RenderPipelines.Core.Editor.dll (+2 others) [CacheMiss ad67a2d8dc9fb02b042b602537b2353700000000000000000000000000000006]
[           0s] Csc Library/Bee/artifacts/1900b0aE.dag/Unity.ShaderGraph.Utilities.dll (+2 others) [CacheMiss b0be56ed59577deec729e539018dce7500000000000000000000000000000006]
[ 703/1227  0s] MovedFromExtractor-Combine Library/Bee/artifacts/1900b0aE.dag/Unity.Timeline.dll.mvfrm
[           0s] Csc Library/Bee/artifacts/1900b0aE.dag/Unity.Profiling.Core.dll (+2 others) [CacheMiss e7da49a828c2144fdc9550bff79a372800000000000000000000000000000006]
[ 700/1227  0s] Csc Library/Bee/artifacts/1900b0aE.dag/Unity.InputSystem.dll (+2 others) [CacheHit 89ad4e8c516afe24b9737f49679b235d00000000000000000000000000000006]
[ 704/1227  0s] Csc Library/Bee/artifacts/1900b0aE.dag/Unity.InputSystem.dll (+2 others)
[ 706/1227  0s] MovedFromExtractor-Combine Library/Bee/artifacts/1900b0aE.dag/Unity.InternalAPIEngineBridge.007.dll.mvfrm
[ 707/1227  0s] MovedFromExtractor-Combine Library/Bee/artifacts/1900b0aE.dag/Unity.Tutorials.dll.mvfrm
[           0s] Csc Library/Bee/artifacts/1900b0aE.dag/Unity.PlasticSCM.Editor.dll (+2 others) [CacheMiss e75eabff0972309f50654ba74b26766e00000000000000000000000000000006]
[ 708/1227  0s] MovedFromExtractor Library/Bee/artifacts/mvdfrm/Unity.Searcher.Editor.ref.dll_12B7E1785E41BE0E.mvfrm
[ 704/1227  0s] Csc Library/Bee/artifacts/1900b0aE.dag/Unity.Tutorials.dll (+2 others) [CacheHit df6358ddd44604ab40a89d9ca2c8b3f500000000000000000000000000000006]
[ 709/1227  0s] Csc Library/Bee/artifacts/1900b0aE.dag/Unity.Tutorials.dll (+2 others)
[ 705/1227  0s] Csc Library/Bee/artifacts/1900b0aE.dag/Unity.InternalAPIEngineBridge.007.dll (+2 others) [CacheHit 047cc09e555680b739ac823a3af875bc00000000000000000000000000000006]
[ 711/1227  0s] Csc Library/Bee/artifacts/1900b0aE.dag/Unity.InternalAPIEngineBridge.007.dll (+2 others)
[           0s] Csc Library/Bee/artifacts/1900b0aE.dag/Unity.Timeline.dll (+2 others) [CacheMiss 0fdd13c192d64dfa3e879e0e2dfb6c4300000000000000000000000000000006]
[ 713/1227  0s] MovedFromExtractor-Combine Library/Bee/artifacts/1900b0aE.dag/Unity.InternalAPIEditorBridge.007.dll.mvfrm
[           0s] Csc Library/Bee/artifacts/1900b0aE.dag/Unity.EditorCoroutines.Editor.dll (+2 others) [CacheMiss 9e202c850ac535b40d0469fdb81d58e100000000000000000000000000000006]
[ 707/1227  0s] Csc Library/Bee/artifacts/1900b0aE.dag/Unity.PerformanceTesting.dll (+2 others) [CacheHit 43af91399f341f61448812ec59184f5500000000000000000000000000000006]
[ 714/1227  0s] Csc Library/Bee/artifacts/1900b0aE.dag/Unity.PerformanceTesting.dll (+2 others)
[ 708/1227  0s] Csc Library/Bee/artifacts/1900b0aE.dag/Unity.InternalAPIEditorBridge.007.dll (+2 others) [CacheHit 96ae19c81117a8b9f0f6bc5d98a937ff00000000000000000000000000000006]
[ 716/1227  0s] Csc Library/Bee/artifacts/1900b0aE.dag/Unity.InternalAPIEditorBridge.007.dll (+2 others)
[ 718/1227  0s] MovedFromExtractor Library/Bee/artifacts/mvdfrm/Unity.InputSystem.ref.dll_FD2EC87C14EBE081.mvfrm
[ 719/1227  0s] Csc Library/Bee/artifacts/1900b0aE.dag/Unity.InternalAPIEngineBridge.ObjectDispatcher.Runtime.dll (+2 others)
[           0s] Csc Library/Bee/artifacts/1900b0aE.dag/Unity.InternalAPIEngineBridge.ObjectDispatcher.Runtime.dll (+2 others) [CacheWrite b08a5edfa3a91f00c71882899fb7d1d400000000000000000000000000000006]
[ 720/1227  0s] Csc Library/Bee/artifacts/1900b0aE.dag/Unity.InternalAPIEngineBridge.RenderPipelines.Core.Runtime.Shared.dll (+2 others)
[ 721/1227  0s] Csc Library/Bee/artifacts/1900b0aE.dag/Unity.InternalAPIEditorBridge.ShaderGraph.Editor.dll (+2 others)
[ 722/1227  0s] MovedFromExtractor Library/Bee/artifacts/mvdfrm/Unity.InternalAPIEditorBridge.007.ref.dll_97B87E3425FBC6C4.mvfrm
[ 723/1227  0s] Csc Library/Bee/artifacts/1900b0aE.dag/Unity.InternalAPIEngineBridge.001.dll (+2 others)
[ 724/1227  0s] Csc Library/Bee/artifacts/1900b0aE.dag/Unity.InternalAPIEngineBridge.RenderPipelines.Core.Editor.dll (+2 others)
[ 725/1227  0s] Csc Library/Bee/artifacts/1900b0aE.dag/Unity.Mathematics.dll (+2 others)
[ 726/1227  0s] Csc Library/Bee/artifacts/1900b0aE.dag/Unity.Burst.dll (+2 others)
[           0s] Csc Library/Bee/artifacts/1900b0aE.dag/Unity.Settings.Editor.dll (+2 others) [CacheMiss 6a026d6ba9dc52934da9601d87f8abc600000000000000000000000000000006]
[           0s] Csc Library/Bee/artifacts/1900b0aE.dag/Unity.InternalAPIEditorBridge.ShaderGraph.Editor.dll (+2 others) [CacheWrite 92b40b83e87e8c9bcb1c445131c2575700000000000000000000000000000006]
[           0s] Csc Library/Bee/artifacts/1900b0aE.dag/Unity.InternalAPIEngineBridge.RenderPipelines.Core.Runtime.Shared.dll (+2 others) [CacheWrite 008f3d0db4800995d6c0740bfe03048000000000000000000000000000000006]
[ 727/1227  0s] MovedFromExtractor-Combine Library/Bee/artifacts/1900b0aE.dag/Unity.VisualScripting.Core.dll.mvfrm
[ 728/1227  0s] Csc Library/Bee/artifacts/1900b0aE.dag/Unity.ShaderGraph.Utilities.dll (+2 others)
[ 729/1227  0s] Csc Library/Bee/artifacts/1900b0aE.dag/Unity.InternalAPIEngineBridge.004.dll (+2 others)
[           0s] Csc Library/Bee/artifacts/1900b0aE.dag/Unity.Mathematics.dll (+2 others) [CacheWrite bc4332bae509dee48ce00e2f0b9a155e00000000000000000000000000000006]
[ 730/1227  0s] MovedFromExtractor Library/Bee/artifacts/mvdfrm/Unity.InternalAPIEngineBridge.ObjectDispatcher.Runtime.ref.dll_A1D41508ACC00104.mvfrm
[           0s] Csc Library/Bee/artifacts/1900b0aE.dag/Unity.InternalAPIEngineBridge.001.dll (+2 others) [CacheWrite 88fe366e768499c64b435c986b0b29cf00000000000000000000000000000006]
[ 731/1227  0s] MovedFromExtractor-Combine Library/Bee/artifacts/1900b0aE.dag/Unity.InputSystem.ForUI.dll.mvfrm
[           0s] Csc Library/Bee/artifacts/1900b0aE.dag/Unity.Burst.dll (+2 others) [CacheWrite eee8ec4914e17708789fc13161ad1dbd00000000000000000000000000000006]
[           0s] Csc Library/Bee/artifacts/1900b0aE.dag/Unity.InternalAPIEngineBridge.RenderPipelines.Core.Editor.dll (+2 others) [CacheWrite ad67a2d8dc9fb02b042b602537b2353700000000000000000000000000000006]
[ 732/1227  0s] Csc Library/Bee/artifacts/1900b0aE.dag/Unity.Profiling.Core.dll (+2 others)
[           0s] Csc Library/Bee/artifacts/1900b0aE.dag/Unity.ShaderGraph.Utilities.dll (+2 others) [CacheWrite b0be56ed59577deec729e539018dce7500000000000000000000000000000006]
[           0s] Csc Library/Bee/artifacts/1900b0aE.dag/Unity.InternalAPIEngineBridge.004.dll (+2 others) [CacheWrite fbf5ab19043f55d6555e1a011fc2429500000000000000000000000000000006]
[ 733/1227  0s] Csc Library/Bee/artifacts/1900b0aE.dag/Unity.GraphAuthoring.Editor.dll (+2 others)
[           0s] Csc Library/Bee/artifacts/1900b0aE.dag/Unity.VisualScripting.Core.dll (+2 others) [CacheMiss 5126228ff24fd10b174892f4e658901f00000000000000000000000000000006]
[ 734/1227  0s] Csc Library/Bee/artifacts/1900b0aE.dag/Unity.EditorCoroutines.Editor.dll (+2 others)
[ 723/1227  0s] Csc Library/Bee/artifacts/1900b0aE.dag/Unity.InputSystem.ForUI.dll (+2 others) [CacheHit d0c922ac47cbfcc59cd73147fe3161a500000000000000000000000000000006]
[ 735/1227  0s] MovedFromExtractor Library/Bee/artifacts/mvdfrm/Unity.InternalAPIEditorBridge.ShaderGraph.Editor.ref.dll_F96C86A2A70A815B.mvfrm
[ 736/1227  0s] Csc Library/Bee/artifacts/1900b0aE.dag/Unity.InputSystem.ForUI.dll (+2 others)
[ 738/1227  0s] MovedFromExtractor Library/Bee/artifacts/mvdfrm/Unity.InternalAPIEngineBridge.RenderPipelines.Core.Runtime.Shared.ref.dll_5653DD95D72A0F49.mvfrm
[           0s] Csc Library/Bee/artifacts/1900b0aE.dag/Unity.2D.Common.Path.Editor.dll (+2 others) [CacheMiss 884dfd35a216e3f7e6da019b58ad709400000000000000000000000000000006]
[ 739/1227  0s] MovedFromExtractor Library/Bee/artifacts/mvdfrm/Unity.Burst.ref.dll_F30DFA20C0DD1968.mvfrm
[           0s] Csc Library/Bee/artifacts/1900b0aE.dag/Unity.Profiling.Core.dll (+2 others) [CacheWrite e7da49a828c2144fdc9550bff79a372800000000000000000000000000000006]
[           0s] Csc Library/Bee/artifacts/1900b0aE.dag/Unity.GraphAuthoring.Editor.dll (+2 others) [CacheWrite 80e2b82b94a8238db3c884133db1210f00000000000000000000000000000006]
[ 740/1227  0s] MovedFromExtractor Library/Bee/artifacts/mvdfrm/Unity.PerformanceTesting.ref.dll_F99DC928B1D72E5E.mvfrm
[ 741/1227  0s] MovedFromExtractor Library/Bee/artifacts/mvdfrm/Unity.ShaderGraph.Utilities.ref.dll_0524057423981A9D.mvfrm
[ 742/1227  0s] MovedFromExtractor Library/Bee/artifacts/mvdfrm/Unity.Mathematics.ref.dll_E8EFDB1B8D5C174E.mvfrm
[ 743/1227  0s] MovedFromExtractor Library/Bee/artifacts/mvdfrm/Unity.InternalAPIEngineBridge.001.ref.dll_B4F0ACC15A996E43.mvfrm
[ 744/1227  0s] MovedFromExtractor Library/Bee/artifacts/mvdfrm/Unity.InternalAPIEngineBridge.004.ref.dll_9F91F1CFF2D20E26.mvfrm
[           0s] Csc Library/Bee/artifacts/1900b0aE.dag/Unity.EditorCoroutines.Editor.dll (+2 others) [CacheWrite 9e202c850ac535b40d0469fdb81d58e100000000000000000000000000000006]
[ 745/1227  0s] MovedFromExtractor Library/Bee/artifacts/mvdfrm/Unity.InternalAPIEngineBridge.RenderPipelines.Core.Editor.ref.dll_9BED7CE7214FD91B.mvfrm
[ 746/1227  0s] MovedFromExtractor Library/Bee/artifacts/mvdfrm/Unity.Profiling.Core.ref.dll_DDC12D7300735955.mvfrm
[ 747/1227  0s] MovedFromExtractor Library/Bee/artifacts/mvdfrm/Unity.GraphAuthoring.Editor.ref.dll_7A473DE0FAD2FBAA.mvfrm
[ 748/1227  0s] MovedFromExtractor Library/Bee/artifacts/mvdfrm/Unity.InternalAPIEngineBridge.007.ref.dll_8A3336DE8B0AAE09.mvfrm
[ 749/1227  0s] MovedFromExtractor-Combine Library/Bee/artifacts/1900b0aE.dag/PsdPlugin.dll.mvfrm
[ 750/1227  0s] MovedFromExtractor Library/Bee/artifacts/mvdfrm/Unity.Tutorials.ref.dll_DAD0ABCE5E4DB78D.mvfrm
[ 751/1227  0s] MovedFromExtractor-Combine Library/Bee/artifacts/1900b0aE.dag/Unity.InputSystem.TestFramework.dll.mvfrm
[ 752/1227  0s] MovedFromExtractor-Combine Library/Bee/artifacts/1900b0aE.dag/Unity.RenderPipelines.Core.ShaderLibrary.dll.mvfrm
[ 753/1227  0s] MovedFromExtractor-Combine Library/Bee/artifacts/1900b0aE.dag/Unity.Collections.dll.mvfrm
[ 754/1227  0s] MovedFromExtractor-Combine Library/Bee/artifacts/1900b0aE.dag/Unity.RenderPipelines.Universal.Shaders.dll.mvfrm
[ 755/1227  0s] MovedFromExtractor Library/Bee/artifacts/mvdfrm/Unity.InputSystem.ForUI.ref.dll_0478B67D1094CE70.mvfrm
[ 756/1227  0s] MovedFromExtractor-Combine Library/Bee/artifacts/1900b0aE.dag/Unity.TextMeshPro.dll.mvfrm
[           0s] Csc Library/Bee/artifacts/1900b0aE.dag/Unity.RenderPipelines.Universal.Shaders.dll (+2 others) [CacheMiss ec4abdd18e09f6852f5b7fcb2191e26600000000000000000000000000000006]
[ 757/1227  0s] MovedFromExtractor-Combine Library/Bee/artifacts/1900b0aE.dag/Unity.2D.Welcome.dll.mvfrm
[ 758/1227  0s] MovedFromExtractor Library/Bee/artifacts/mvdfrm/Unity.EditorCoroutines.Editor.ref.dll_34ED10A34098B2DB.mvfrm
[           0s] Csc Library/Bee/artifacts/1900b0aE.dag/Unity.Collections.dll (+2 others) [CacheMiss f2f45f15ee7da8bdd33629cb7fd2dadc00000000000000000000000000000006]
[           0s] Csc Library/Bee/artifacts/1900b0aE.dag/Unity.RenderPipelines.Core.ShaderLibrary.dll (+2 others) [CacheMiss 32c36f250fc5e3c45dceca7508bb85fb00000000000000000000000000000006]
[ 759/1227  1s] Csc Library/Bee/artifacts/1900b0aE.dag/Unity.Timeline.dll (+2 others)
[ 760/1227  1s] Csc Library/Bee/artifacts/1900b0aE.dag/Unity.2D.Sprite.Editor.dll (+2 others)
[           0s] Csc Library/Bee/artifacts/1900b0aE.dag/Unity.TextMeshPro.dll (+2 others) [CacheMiss 4af07bf304b4568f9cbe2b147dc28c3300000000000000000000000000000006]
[ 761/1227  0s] MovedFromExtractor-Combine Library/Bee/artifacts/1900b0aE.dag/Unity.RenderPipelines.ShaderGraph.ShaderGraphLibrary.dll.mvfrm
[ 762/1227  0s] MovedFromExtractor-Combine Library/Bee/artifacts/1900b0aE.dag/Unity.InputSystem.DocCodeSamples.dll.mvfrm
[ 763/1227  0s] MovedFromExtractor-Combine Library/Bee/artifacts/1900b0aE.dag/Unity.2D.Animation.Profiler.dll.mvfrm
[ 764/1227  0s] MovedFromExtractor-Combine Library/Bee/artifacts/1900b0aE.dag/Unity.PerformanceTesting.Editor.dll.mvfrm
[ 765/1227  0s] Csc Library/Bee/artifacts/1900b0aE.dag/Unity.Settings.Editor.dll (+2 others)
[ 766/1227  0s] MovedFromExtractor-Combine Library/Bee/artifacts/1900b0aE.dag/Unity.Rendering.LightTransport.Editor.dll.mvfrm
[ 754/1227  0s] Csc Library/Bee/artifacts/1900b0aE.dag/Unity.InputSystem.TestFramework.dll (+2 others) [CacheHit 34ae1825264c9322dd4d9bddf727c87900000000000000000000000000000006]
[ 767/1227  0s] Csc Library/Bee/artifacts/1900b0aE.dag/Unity.InputSystem.TestFramework.dll (+2 others)
[ 755/1227  0s] Csc Library/Bee/artifacts/1900b0aE.dag/Unity.InputSystem.DocCodeSamples.dll (+2 others) [CacheHit a5970452d86a159f804958ee840f88a700000000000000000000000000000006]
[ 769/1227  0s] Csc Library/Bee/artifacts/1900b0aE.dag/Unity.InputSystem.DocCodeSamples.dll (+2 others)
[           0s] Csc Library/Bee/artifacts/1900b0aE.dag/Unity.Timeline.dll (+2 others) [CacheWrite 0fdd13c192d64dfa3e879e0e2dfb6c4300000000000000000000000000000006]
[ 757/1227  0s] Csc Library/Bee/artifacts/1900b0aE.dag/Unity.PerformanceTesting.Editor.dll (+2 others) [CacheHit b89264358b2648e5e1c476cb7a0bb08400000000000000000000000000000006]
[ 771/1227  0s] MovedFromExtractor-Combine Library/Bee/artifacts/1900b0aE.dag/Unity.InputSystem.ForUI.Editor.dll.mvfrm
[ 772/1227  0s] Csc Library/Bee/artifacts/1900b0aE.dag/Unity.PerformanceTesting.Editor.dll (+2 others)
[           0s] Csc Library/Bee/artifacts/1900b0aE.dag/Unity.RenderPipelines.ShaderGraph.ShaderGraphLibrary.dll (+2 others) [CacheMiss 73a0f02623d3b9fb3a792ba2c130f86d00000000000000000000000000000006]
[           0s] Csc Library/Bee/artifacts/1900b0aE.dag/Unity.2D.Sprite.Editor.dll (+2 others) [CacheWrite f3d0a44b7fbc442fd228ee6821f1225300000000000000000000000000000006]
[           0s] Csc Library/Bee/artifacts/1900b0aE.dag/Unity.Rendering.LightTransport.Editor.dll (+2 others) [CacheMiss 9935f5b596cb7e19a51a1b4519c71f7d00000000000000000000000000000006]
[           0s] Csc Library/Bee/artifacts/1900b0aE.dag/Unity.2D.Animation.Profiler.dll (+2 others) [CacheMiss bf2948657cb6b02ab9fed60acec3b51300000000000000000000000000000006]
[           0s] Csc Library/Bee/artifacts/1900b0aE.dag/Unity.Settings.Editor.dll (+2 others) [CacheWrite 6a026d6ba9dc52934da9601d87f8abc600000000000000000000000000000006]
[ 761/1227  0s] Csc Library/Bee/artifacts/1900b0aE.dag/Unity.InputSystem.ForUI.Editor.dll (+2 others) [CacheHit 0478a3ff979881bb827dc203f20213c100000000000000000000000000000006]
[ 774/1227  0s] Csc Library/Bee/artifacts/1900b0aE.dag/Unity.InputSystem.ForUI.Editor.dll (+2 others)
[ 776/1227  0s] MovedFromExtractor-Combine Library/Bee/artifacts/1900b0aE.dag/Unity.VisualStudio.Editor.dll.mvfrm
[ 777/1227  0s] MovedFromExtractor-Combine Library/Bee/artifacts/1900b0aE.dag/Unity.Rider.Editor.dll.mvfrm
[ 778/1227  0s] MovedFromExtractor Library/Bee/artifacts/mvdfrm/Unity.Timeline.ref.dll_621CDDF9C514DF8F.mvfrm
[ 779/1227  0s] MovedFromExtractor Library/Bee/artifacts/mvdfrm/Unity.2D.Sprite.Editor.ref.dll_DDBAA27A82CE9E28.mvfrm
[ 780/1227  0s] MovedFromExtractor Library/Bee/artifacts/mvdfrm/Unity.Settings.Editor.ref.dll_7F5B154C05A780B0.mvfrm
[ 781/1227  0s] Csc Library/Bee/artifacts/1900b0aE.dag/Unity.2D.Welcome.dll (+2 others)
[           0s] Csc Library/Bee/artifacts/1900b0aE.dag/PsdPlugin.dll (+2 others) [CacheMiss 46083bf8e931e2de43575ec73b49007900000000000000000000000000000006]
[ 782/1227  0s] Csc Library/Bee/artifacts/1900b0aE.dag/Unity.RenderPipelines.Core.ShaderLibrary.dll (+2 others)
[ 783/1227  0s] MovedFromExtractor-Combine Library/Bee/artifacts/1900b0aE.dag/Unity.2D.Aseprite.Common.dll.mvfrm
[ 784/1227  0s] Csc Library/Bee/artifacts/1900b0aE.dag/Unity.RenderPipelines.Universal.Shaders.dll (+2 others)
[ 785/1227  0s] MovedFromExtractor-Combine Library/Bee/artifacts/1900b0aE.dag/Unity.Timeline.Editor.dll.mvfrm
[ 786/1227  0s] MovedFromExtractor-Combine Library/Bee/artifacts/1900b0aE.dag/Unity.InternalAPIEditorBridge.001.dll.mvfrm
[ 787/1227  0s] MovedFromExtractor-Combine Library/Bee/artifacts/1900b0aE.dag/Unity.Tutorials.Editor.dll.mvfrm
[ 788/1227  1s] Csc Library/Bee/artifacts/1900b0aE.dag/Unity.2D.Tilemap.Editor.dll (+2 others)
[           0s] Csc Library/Bee/artifacts/1900b0aE.dag/Unity.RenderPipelines.Core.ShaderLibrary.dll (+2 others) [CacheWrite 32c36f250fc5e3c45dceca7508bb85fb00000000000000000000000000000006]
[           0s] Csc Library/Bee/artifacts/1900b0aE.dag/Unity.2D.Aseprite.Common.dll (+2 others) [CacheMiss c5545e77b7c5bf100c61e7d50bfc812500000000000000000000000000000006]
[           0s] Csc Library/Bee/artifacts/1900b0aE.dag/Unity.RenderPipelines.Universal.Shaders.dll (+2 others) [CacheWrite ec4abdd18e09f6852f5b7fcb2191e26600000000000000000000000000000006]
[ 789/1227  0s] Csc Library/Bee/artifacts/1900b0aE.dag/Unity.Rendering.LightTransport.Editor.dll (+2 others)
[           0s] Csc Library/Bee/artifacts/1900b0aE.dag/Unity.Timeline.Editor.dll (+2 others) [CacheMiss e5bbc9c1c400e857a072fdb540f4d13e00000000000000000000000000000006]
[           0s] Csc Library/Bee/artifacts/1900b0aE.dag/Unity.2D.Tilemap.Editor.dll (+2 others) [CacheWrite d02fa71332e0522c3542da6653fe095800000000000000000000000000000006]
[           0s] Csc Library/Bee/artifacts/1900b0aE.dag/Unity.Rendering.LightTransport.Editor.dll (+2 others) [CacheWrite 9935f5b596cb7e19a51a1b4519c71f7d00000000000000000000000000000006]
[ 774/1227  0s] Csc Library/Bee/artifacts/1900b0aE.dag/Unity.Tutorials.Editor.dll (+2 others) [CacheHit 5121185eb69f0531c722b0df7fe8f86100000000000000000000000000000006]
[ 790/1227  0s] Csc Library/Bee/artifacts/1900b0aE.dag/Unity.Tutorials.Editor.dll (+2 others)
[ 792/1227  0s] Csc Library/Bee/artifacts/1900b0aE.dag/Unity.RenderPipelines.ShaderGraph.ShaderGraphLibrary.dll (+2 others)
[ 793/1227  0s] Csc Library/Bee/artifacts/1900b0aE.dag/Unity.2D.Animation.Profiler.dll (+2 others)
[           0s] Csc Library/Bee/artifacts/1900b0aE.dag/Unity.RenderPipelines.ShaderGraph.ShaderGraphLibrary.dll (+2 others) [CacheWrite 73a0f02623d3b9fb3a792ba2c130f86d00000000000000000000000000000006]
[           0s] Csc Library/Bee/artifacts/1900b0aE.dag/Unity.2D.Animation.Profiler.dll (+2 others) [CacheWrite bf2948657cb6b02ab9fed60acec3b51300000000000000000000000000000006]
[ 794/1227  1s] Csc Library/Bee/artifacts/1900b0aE.dag/Unity.2D.Common.Path.Editor.dll (+2 others)
[ 795/1227  0s] MovedFromExtractor Library/Bee/artifacts/mvdfrm/Unity.2D.Tilemap.Editor.ref.dll_436C0E2610862891.mvfrm
[           0s] Csc Library/Bee/artifacts/1900b0aE.dag/Unity.2D.Common.Path.Editor.dll (+2 others) [CacheWrite 884dfd35a216e3f7e6da019b58ad709400000000000000000000000000000006]
[           0s] Csc Library/Bee/artifacts/1900b0aE.dag/Unity.InternalAPIEditorBridge.001.dll (+2 others) [CacheMiss 30872755cb9a678271cc9c1d36b37ff900000000000000000000000000000006]
[ 796/1227  0s] MovedFromExtractor Library/Bee/artifacts/mvdfrm/Unity.2D.Animation.Profiler.ref.dll_18FB886F513E44A7.mvfrm
[ 797/1227  0s] Csc Library/Bee/artifacts/1900b0aE.dag/Unity.2D.Aseprite.Common.dll (+2 others)
[ 782/1227  0s] Csc Library/Bee/artifacts/1900b0aE.dag/Unity.Rider.Editor.dll (+2 others) [CacheHit 60d2a9b403cb1905044034ec23ed654600000000000000000000000000000006]
[ 798/1227  0s] Csc Library/Bee/artifacts/1900b0aE.dag/Unity.Rider.Editor.dll (+2 others)
[ 800/1227  0s] CopyFiles Library/ScriptAssemblies/Unity.Rider.Editor.pdb
[           0s] Csc Library/Bee/artifacts/1900b0aE.dag/Unity.2D.Aseprite.Common.dll (+2 others) [CacheWrite c5545e77b7c5bf100c61e7d50bfc812500000000000000000000000000000006]
[ 801/1227  0s] MovedFromExtractor-Combine Library/Bee/artifacts/1900b0aE.dag/Unity.2D.Tilemap.Extras.dll.mvfrm
[ 802/1227  0s] MovedFromExtractor Library/Bee/artifacts/mvdfrm/Unity.2D.Common.Path.Editor.ref.dll_011CCB039EE5F887.mvfrm
[ 787/1227  0s] Csc Library/Bee/artifacts/1900b0aE.dag/Unity.VisualStudio.Editor.dll (+2 others) [CacheHit d7e6650eaa953803518486139ce3dc0b00000000000000000000000000000006]
[ 803/1227  0s] Csc Library/Bee/artifacts/1900b0aE.dag/Unity.VisualStudio.Editor.dll (+2 others)
[ 805/1227  0s] CopyFiles Library/ScriptAssemblies/Unity.VisualStudio.Editor.pdb
[ 806/1227  0s] MovedFromExtractor-Combine Library/Bee/artifacts/1900b0aE.dag/Unity.2D.Animation.Profiler.Editor.dll.mvfrm
[ 807/1227  0s] CopyFiles Library/ScriptAssemblies/Unity.Rider.Editor.dll
[ 808/1227  0s] CopyFiles Library/ScriptAssemblies/Unity.VisualStudio.Editor.dll
[ 809/1227  0s] MovedFromExtractor Library/Bee/artifacts/mvdfrm/Unity.2D.Aseprite.Common.ref.dll_8F79B00F05E033D6.mvfrm
[ 810/1227  0s] Csc Library/Bee/artifacts/1900b0aE.dag/PsdPlugin.dll (+2 others)
[           0s] Csc Library/Bee/artifacts/1900b0aE.dag/Unity.2D.Tilemap.Extras.dll (+2 others) [CacheMiss fb7c40a5adae1762ade5c01ec0abb36000000000000000000000000000000006]
[           0s] Csc Library/Bee/artifacts/1900b0aE.dag/PsdPlugin.dll (+2 others) [CacheWrite 46083bf8e931e2de43575ec73b49007900000000000000000000000000000006]
[           0s] Csc Library/Bee/artifacts/1900b0aE.dag/Unity.2D.Animation.Profiler.Editor.dll (+2 others) [CacheMiss c50e073653bcfa210495cff3513f964e00000000000000000000000000000006]
[ 811/1227  0s] Csc Library/Bee/artifacts/1900b0aE.dag/Unity.InternalAPIEditorBridge.001.dll (+2 others)
[           0s] Csc Library/Bee/artifacts/1900b0aE.dag/Unity.InternalAPIEditorBridge.001.dll (+2 others) [CacheWrite 30872755cb9a678271cc9c1d36b37ff900000000000000000000000000000006]
[ 812/1227  0s] MovedFromExtractor Library/Bee/artifacts/mvdfrm/Unity.InternalAPIEditorBridge.001.ref.dll_C275F416F58A86FE.mvfrm
[ 813/1227  0s] MovedFromExtractor-Combine Library/Bee/artifacts/1900b0aE.dag/Unity.2D.Tooling.Editor.dll.mvfrm
[ 814/1227  1s] Csc Library/Bee/artifacts/1900b0aE.dag/Unity.2D.Tilemap.Extras.dll (+2 others)
[ 815/1227  1s] Csc Library/Bee/artifacts/1900b0aE.dag/Unity.2D.Animation.Profiler.Editor.dll (+2 others)
[           0s] Csc Library/Bee/artifacts/1900b0aE.dag/Unity.2D.Tilemap.Extras.dll (+2 others) [CacheWrite fb7c40a5adae1762ade5c01ec0abb36000000000000000000000000000000006]
[           0s] Csc Library/Bee/artifacts/1900b0aE.dag/Unity.2D.Animation.Profiler.Editor.dll (+2 others) [CacheWrite c50e073653bcfa210495cff3513f964e00000000000000000000000000000006]
[ 816/1227  3s] Csc Library/Bee/artifacts/1900b0aE.dag/Unity.VisualScripting.Core.dll (+2 others)
[ 817/1227  0s] MovedFromExtractor Library/Bee/artifacts/mvdfrm/Unity.2D.Tilemap.Extras.ref.dll_371E356D6F5B6577.mvfrm
[           0s] Csc Library/Bee/artifacts/1900b0aE.dag/Unity.2D.Tooling.Editor.dll (+2 others) [CacheMiss 5fa4ece05d60d9d41a062716f7c7747e00000000000000000000000000000006]
[           0s] Csc Library/Bee/artifacts/1900b0aE.dag/Unity.VisualScripting.Core.dll (+2 others) [CacheWrite 5126228ff24fd10b174892f4e658901f00000000000000000000000000000006]
[ 818/1227  0s] MovedFromExtractor-Combine Library/Bee/artifacts/1900b0aE.dag/Unity.2D.Tilemap.Extras.Editor.dll.mvfrm
[ 819/1227  0s] MovedFromExtractor Library/Bee/artifacts/mvdfrm/Unity.VisualScripting.Core.ref.dll_D75DF4EA1AFE54F4.mvfrm
[ 820/1227  0s] MovedFromExtractor-Combine Library/Bee/artifacts/1900b0aE.dag/Unity.VisualScripting.Flow.dll.mvfrm
[ 821/1227  0s] MovedFromExtractor-Combine Library/Bee/artifacts/1900b0aE.dag/Unity.VisualScripting.Core.Editor.dll.mvfrm
[           0s] Csc Library/Bee/artifacts/1900b0aE.dag/Unity.2D.Tilemap.Extras.Editor.dll (+2 others) [CacheMiss 2be0b6b24b630ba3d1bc70ed1d38902100000000000000000000000000000006]
[           0s] Csc Library/Bee/artifacts/1900b0aE.dag/Unity.VisualScripting.Flow.dll (+2 others) [CacheMiss a299bd6b9ab443f5f88dc44a36a3c20f00000000000000000000000000000006]
[           0s] Csc Library/Bee/artifacts/1900b0aE.dag/Unity.VisualScripting.Core.Editor.dll (+2 others) [CacheMiss 4318c097b99d486e5c467a1da408f5f000000000000000000000000000000006]
[ 822/1227  0s] Csc Library/Bee/artifacts/1900b0aE.dag/Unity.2D.Tooling.Editor.dll (+2 others)
[           0s] Csc Library/Bee/artifacts/1900b0aE.dag/Unity.2D.Tooling.Editor.dll (+2 others) [CacheWrite 5fa4ece05d60d9d41a062716f7c7747e00000000000000000000000000000006]
[ 823/1227  3s] Csc Library/Bee/artifacts/1900b0aE.dag/Unity.TextMeshPro.dll (+2 others)
[ 824/1227  0s] Csc Library/Bee/artifacts/1900b0aE.dag/Unity.2D.Tilemap.Extras.Editor.dll (+2 others)
[           0s] Csc Library/Bee/artifacts/1900b0aE.dag/Unity.TextMeshPro.dll (+2 others) [CacheWrite 4af07bf304b4568f9cbe2b147dc28c3300000000000000000000000000000006]
[           0s] Csc Library/Bee/artifacts/1900b0aE.dag/Unity.2D.Tilemap.Extras.Editor.dll (+2 others) [CacheWrite 2be0b6b24b630ba3d1bc70ed1d38902100000000000000000000000000000006]
[ 825/1227  3s] Csc Library/Bee/artifacts/1900b0aE.dag/Unity.Collections.dll (+2 others)
[ 826/1227  3s] Csc Library/Bee/artifacts/1900b0aE.dag/Unity.Timeline.Editor.dll (+2 others)
[ 827/1227  0s] MovedFromExtractor Library/Bee/artifacts/mvdfrm/Unity.TextMeshPro.ref.dll_84A4293DBDD182DB.mvfrm
[           0s] Csc Library/Bee/artifacts/1900b0aE.dag/Unity.Timeline.Editor.dll (+2 others) [CacheWrite e5bbc9c1c400e857a072fdb540f4d13e00000000000000000000000000000006]
[           0s] Csc Library/Bee/artifacts/1900b0aE.dag/Unity.Collections.dll (+2 others) [CacheWrite f2f45f15ee7da8bdd33629cb7fd2dadc00000000000000000000000000000006]
[ 828/1227  0s] MovedFromExtractor-Combine Library/Bee/artifacts/1900b0aE.dag/UnityEditor.UI.Analytics.dll.mvfrm
[ 829/1227  0s] MovedFromExtractor Library/Bee/artifacts/mvdfrm/Unity.Collections.ref.dll_656D7410E7809ECD.mvfrm
[           0s] Csc Library/Bee/artifacts/1900b0aE.dag/UnityEditor.UI.Analytics.dll (+2 others) [CacheMiss a55cf0421a349757169db60761c961f900000000000000000000000000000006]
[ 830/1227  5s] Csc Library/Bee/artifacts/1900b0aE.dag/Unity.PlasticSCM.Editor.dll (+2 others)
[ 831/1227  0s] MovedFromExtractor-Combine Library/Bee/artifacts/1900b0aE.dag/Unity.2D.Common.Runtime.dll.mvfrm
[ 832/1227  0s] MovedFromExtractor-Combine Library/Bee/artifacts/1900b0aE.dag/Unity.Collections.Editor.dll.mvfrm
[ 833/1227  0s] MovedFromExtractor-Combine Library/Bee/artifacts/1900b0aE.dag/Unity.Collections.Tests.CoreCLR.ProtectedJobNested.dll.mvfrm
[ 834/1227  0s] MovedFromExtractor-Combine Library/Bee/artifacts/1900b0aE.dag/Unity.Collections.Tests.CoreCLR.InternalJobNestedPrivate.dll.mvfrm
[ 835/1227  0s] MovedFromExtractor-Combine Library/Bee/artifacts/1900b0aE.dag/Unity.UnifiedRayTracing.Runtime.dll.mvfrm
[ 836/1227  0s] MovedFromExtractor-Combine Library/Bee/artifacts/1900b0aE.dag/Unity.Collections.CodeGen.dll.mvfrm
[ 837/1227  0s] MovedFromExtractor-Combine Library/Bee/artifacts/1900b0aE.dag/Unity.Collections.Tests.CoreCLR.PrivateJobNested.dll.mvfrm
[ 838/1227  0s] MovedFromExtractor-Combine Library/Bee/artifacts/1900b0aE.dag/Unity.RenderPipelines.Core.Runtime.dll.mvfrm
[           0s] Csc Library/Bee/artifacts/1900b0aE.dag/Unity.PlasticSCM.Editor.dll (+2 others) [CacheWrite e75eabff0972309f50654ba74b26766e00000000000000000000000000000006]
[ 839/1227  0s] MovedFromExtractor-Combine Library/Bee/artifacts/1900b0aE.dag/Unity.Collections.Tests.CoreCLR.PublicJobPrivateGeneric.dll.mvfrm
[           0s] Csc Library/Bee/artifacts/1900b0aE.dag/Unity.Collections.Tests.CoreCLR.ProtectedJobNested.dll (+2 others) [CacheMiss 93e4656555f78d92268ef8c57e65990100000000000000000000000000000006]
[           0s] Csc Library/Bee/artifacts/1900b0aE.dag/Unity.Collections.Tests.CoreCLR.InternalJobNestedPrivate.dll (+2 others) [CacheMiss a835c939e5b471bd0f41a52a7c68b16a00000000000000000000000000000006]
[           0s] Csc Library/Bee/artifacts/1900b0aE.dag/Unity.UnifiedRayTracing.Runtime.dll (+2 others) [CacheMiss 55f96dd5b3a7c2ec9cb91f5c572c7a4300000000000000000000000000000006]
[           0s] Csc Library/Bee/artifacts/1900b0aE.dag/Unity.Collections.Editor.dll (+2 others) [CacheMiss 7a9d3dab1d48717c5c831002a3b244a500000000000000000000000000000006]
[           0s] Csc Library/Bee/artifacts/1900b0aE.dag/Unity.Collections.CodeGen.dll (+2 others) [CacheMiss b9951734a0931a9b1c001274df30c49b00000000000000000000000000000006]
[           0s] Csc Library/Bee/artifacts/1900b0aE.dag/Unity.Collections.Tests.CoreCLR.PrivateJobNested.dll (+2 others) [CacheMiss 221973cd7f9a52637d025feb6398dad700000000000000000000000000000006]
[           0s] Csc Library/Bee/artifacts/1900b0aE.dag/Unity.RenderPipelines.Core.Runtime.dll (+2 others) [CacheMiss 174d52cfa71472a09fe73d6f26ca570b00000000000000000000000000000006]
[           0s] Csc Library/Bee/artifacts/1900b0aE.dag/Unity.Collections.Tests.CoreCLR.PublicJobPrivateGeneric.dll (+2 others) [CacheMiss 21dc21f6469cf8ff2417554432765a9400000000000000000000000000000006]
[           0s] Csc Library/Bee/artifacts/1900b0aE.dag/Unity.2D.Common.Runtime.dll (+2 others) [CacheMiss 7debd7763a6baa5e7a86e1adceb621b300000000000000000000000000000006]
[ 840/1227  0s] MovedFromExtractor Library/Bee/artifacts/mvdfrm/Unity.PlasticSCM.Editor.ref.dll_257AEB342BE77856.mvfrm
[ 841/1227  0s] Csc Library/Bee/artifacts/1900b0aE.dag/UnityEditor.UI.Analytics.dll (+2 others)
[           0s] Csc Library/Bee/artifacts/1900b0aE.dag/UnityEditor.UI.Analytics.dll (+2 others) [CacheWrite a55cf0421a349757169db60761c961f900000000000000000000000000000006]
[ 842/1227  0s] MovedFromExtractor-Combine Library/Bee/artifacts/1900b0aE.dag/Unity.PlasticSCM.Editor.Assistant.dll.mvfrm
[ 843/1227  0s] MovedFromExtractor-Combine Library/Bee/artifacts/1900b0aE.dag/Unity.CollabProxy.Editor.dll.mvfrm
[ 844/1227  0s] MovedFromExtractor-Combine Library/Bee/artifacts/1900b0aE.dag/Unity.PlasticSCM.Editor.Entities.dll.mvfrm
[           0s] Csc Library/Bee/artifacts/1900b0aE.dag/Unity.PlasticSCM.Editor.Assistant.dll (+2 others) [CacheMiss 40b8c300218153e42e2562324f0451e700000000000000000000000000000006]
[           0s] Csc Library/Bee/artifacts/1900b0aE.dag/Unity.PlasticSCM.Editor.Entities.dll (+2 others) [CacheMiss f3d6928560f58153eb298ad2190a3d0100000000000000000000000000000006]
[           0s] Csc Library/Bee/artifacts/1900b0aE.dag/Unity.CollabProxy.Editor.dll (+2 others) [CacheMiss 0d58a736a402b1a5b35aa330c859519d00000000000000000000000000000006]
[ 845/1227  0s] Csc Library/Bee/artifacts/1900b0aE.dag/Unity.Collections.Tests.CoreCLR.ProtectedJobNested.dll (+2 others)
[ 846/1227  0s] Csc Library/Bee/artifacts/1900b0aE.dag/Unity.Collections.Tests.CoreCLR.PublicJobPrivateGeneric.dll (+2 others)
[ 847/1227  0s] Csc Library/Bee/artifacts/1900b0aE.dag/Unity.Collections.Tests.CoreCLR.InternalJobNestedPrivate.dll (+2 others)
[ 848/1227  0s] Csc Library/Bee/artifacts/1900b0aE.dag/Unity.Collections.Tests.CoreCLR.PrivateJobNested.dll (+2 others)
[ 849/1227  0s] Csc Library/Bee/artifacts/1900b0aE.dag/Unity.Collections.Editor.dll (+2 others)
[           0s] Csc Library/Bee/artifacts/1900b0aE.dag/Unity.Collections.Tests.CoreCLR.PublicJobPrivateGeneric.dll (+2 others) [CacheWrite 21dc21f6469cf8ff2417554432765a9400000000000000000000000000000006]
[           0s] Csc Library/Bee/artifacts/1900b0aE.dag/Unity.Collections.Tests.CoreCLR.ProtectedJobNested.dll (+2 others) [CacheWrite 93e4656555f78d92268ef8c57e65990100000000000000000000000000000006]
[           0s] Csc Library/Bee/artifacts/1900b0aE.dag/Unity.Collections.Tests.CoreCLR.InternalJobNestedPrivate.dll (+2 others) [CacheWrite a835c939e5b471bd0f41a52a7c68b16a00000000000000000000000000000006]
[           0s] Csc Library/Bee/artifacts/1900b0aE.dag/Unity.Collections.Tests.CoreCLR.PrivateJobNested.dll (+2 others) [CacheWrite 221973cd7f9a52637d025feb6398dad700000000000000000000000000000006]
[           0s] Csc Library/Bee/artifacts/1900b0aE.dag/Unity.Collections.Editor.dll (+2 others) [CacheWrite 7a9d3dab1d48717c5c831002a3b244a500000000000000000000000000000006]
[ 850/1227  0s] Csc Library/Bee/artifacts/1900b0aE.dag/Unity.Collections.CodeGen.dll (+2 others)
[           0s] Csc Library/Bee/artifacts/1900b0aE.dag/Unity.Collections.CodeGen.dll (+2 others) [CacheWrite b9951734a0931a9b1c001274df30c49b00000000000000000000000000000006]
[ 851/1227  0s] CopyFiles Library/ScriptAssemblies/Unity.Collections.CodeGen.pdb
[ 852/1227  0s] CopyFiles Library/ScriptAssemblies/Unity.Collections.CodeGen.dll
[ 853/1227  1s] Csc Library/Bee/artifacts/1900b0aE.dag/Unity.VisualScripting.Flow.dll (+2 others)
[ 854/1227  0s] Csc Library/Bee/artifacts/1900b0aE.dag/Unity.PlasticSCM.Editor.Assistant.dll (+2 others)
[ 855/1227  0s] Csc Library/Bee/artifacts/1900b0aE.dag/Unity.UnifiedRayTracing.Runtime.dll (+2 others)
[ 856/1227  0s] Csc Library/Bee/artifacts/1900b0aE.dag/Unity.PlasticSCM.Editor.Entities.dll (+2 others)
[ 857/1227  0s] Csc Library/Bee/artifacts/1900b0aE.dag/Unity.2D.Common.Runtime.dll (+2 others)
[ 858/1227  0s] Csc Library/Bee/artifacts/1900b0aE.dag/Unity.CollabProxy.Editor.dll (+2 others)
[           0s] Csc Library/Bee/artifacts/1900b0aE.dag/Unity.VisualScripting.Flow.dll (+2 others) [CacheWrite a299bd6b9ab443f5f88dc44a36a3c20f00000000000000000000000000000006]
[           0s] Csc Library/Bee/artifacts/1900b0aE.dag/Unity.PlasticSCM.Editor.Assistant.dll (+2 others) [CacheWrite 40b8c300218153e42e2562324f0451e700000000000000000000000000000006]
[           0s] Csc Library/Bee/artifacts/1900b0aE.dag/Unity.UnifiedRayTracing.Runtime.dll (+2 others) [CacheWrite 55f96dd5b3a7c2ec9cb91f5c572c7a4300000000000000000000000000000006]
[           0s] Csc Library/Bee/artifacts/1900b0aE.dag/Unity.PlasticSCM.Editor.Entities.dll (+2 others) [CacheWrite f3d6928560f58153eb298ad2190a3d0100000000000000000000000000000006]
[           0s] Csc Library/Bee/artifacts/1900b0aE.dag/Unity.2D.Common.Runtime.dll (+2 others) [CacheWrite 7debd7763a6baa5e7a86e1adceb621b300000000000000000000000000000006]
[           0s] Csc Library/Bee/artifacts/1900b0aE.dag/Unity.CollabProxy.Editor.dll (+2 others) [CacheWrite 0d58a736a402b1a5b35aa330c859519d00000000000000000000000000000006]
[ 859/1227  0s] MovedFromExtractor Library/Bee/artifacts/mvdfrm/Unity.UnifiedRayTracing.Runtime.ref.dll_1311DEF2651EFE0C.mvfrm
[ 860/1227  0s] MovedFromExtractor Library/Bee/artifacts/mvdfrm/Unity.2D.Common.Runtime.ref.dll_77798F371487C3E9.mvfrm
[ 861/1227  0s] MovedFromExtractor Library/Bee/artifacts/mvdfrm/Unity.VisualScripting.Flow.ref.dll_1E6ED5409D07C9A3.mvfrm
[ 862/1227  0s] MovedFromExtractor-Combine Library/Bee/artifacts/1900b0aE.dag/Unity.2D.SpriteShape.Runtime.dll.mvfrm
[ 863/1227  0s] MovedFromExtractor-Combine Library/Bee/artifacts/1900b0aE.dag/Unity.2D.Common.Editor.dll.mvfrm
[ 864/1227  0s] MovedFromExtractor-Combine Library/Bee/artifacts/1900b0aE.dag/Unity.VisualScripting.DocCodeExamples.dll.mvfrm
[ 865/1227  0s] MovedFromExtractor-Combine Library/Bee/artifacts/1900b0aE.dag/Unity.VisualScripting.State.dll.mvfrm
[ 866/1227  0s] MovedFromExtractor-Combine Library/Bee/artifacts/1900b0aE.dag/Unity.2D.Triangulation.Runtime.dll.mvfrm
[ 867/1227  0s] MovedFromExtractor-Combine Library/Bee/artifacts/1900b0aE.dag/ScriptablePacker.dll.mvfrm
[           0s] Csc Library/Bee/artifacts/1900b0aE.dag/Unity.VisualScripting.DocCodeExamples.dll (+2 others) [CacheMiss c72126af6db73c4ee90f46461c56e9da00000000000000000000000000000006]
[           0s] Csc Library/Bee/artifacts/1900b0aE.dag/Unity.VisualScripting.State.dll (+2 others) [CacheMiss efe5d0824ca9fd68db4f12354b44f7b600000000000000000000000000000006]
[           0s] Csc Library/Bee/artifacts/1900b0aE.dag/Unity.2D.Triangulation.Runtime.dll (+2 others) [CacheMiss 0bed1fb3e80b5ce698dc2df3276d92ac00000000000000000000000000000006]
[           0s] Csc Library/Bee/artifacts/1900b0aE.dag/ScriptablePacker.dll (+2 others) [CacheMiss 26822a9e296ae396bb313ef844ac402f00000000000000000000000000000006]
[           0s] Csc Library/Bee/artifacts/1900b0aE.dag/Unity.2D.Common.Editor.dll (+2 others) [CacheMiss b8d30736b999274dd2562e1ace3bb17500000000000000000000000000000006]
[ 868/1227  0s] Csc Library/Bee/artifacts/1900b0aE.dag/Unity.VisualScripting.DocCodeExamples.dll (+2 others)
[ 869/1227  0s] ILPP-Configuration Library/ilpp-configuration.nevergeneratedoutput
[           0s] Csc Library/Bee/artifacts/1900b0aE.dag/Unity.VisualScripting.DocCodeExamples.dll (+2 others) [CacheWrite c72126af6db73c4ee90f46461c56e9da00000000000000000000000000000006]
[ 870/1227  0s] Csc Library/Bee/artifacts/1900b0aE.dag/Unity.VisualScripting.State.dll (+2 others)
[           0s] Csc Library/Bee/artifacts/1900b0aE.dag/Unity.2D.SpriteShape.Runtime.dll (+2 others) [CacheMiss a8b6ee95fc0aa32a17d1ba4b56a7f76400000000000000000000000000000006]
[           0s] Csc Library/Bee/artifacts/1900b0aE.dag/Unity.VisualScripting.State.dll (+2 others) [CacheWrite efe5d0824ca9fd68db4f12354b44f7b600000000000000000000000000000006]
[ 871/1227  0s] Csc Library/Bee/artifacts/1900b0aE.dag/ScriptablePacker.dll (+2 others)
[ 872/1227  0s] Csc Library/Bee/artifacts/1900b0aE.dag/Unity.2D.Triangulation.Runtime.dll (+2 others)
[           0s] Csc Library/Bee/artifacts/1900b0aE.dag/ScriptablePacker.dll (+2 others) [CacheWrite 26822a9e296ae396bb313ef844ac402f00000000000000000000000000000006]
[           0s] Csc Library/Bee/artifacts/1900b0aE.dag/Unity.2D.Triangulation.Runtime.dll (+2 others) [CacheWrite 0bed1fb3e80b5ce698dc2df3276d92ac00000000000000000000000000000006]
[ 873/1227  0s] MovedFromExtractor Library/Bee/artifacts/mvdfrm/Unity.VisualScripting.State.ref.dll_D91762B7076BE462.mvfrm
[ 874/1227  2s] Csc Library/Bee/artifacts/1900b0aE.dag/Unity.VisualScripting.Core.Editor.dll (+2 others)
[ 875/1227  0s] MovedFromExtractor Library/Bee/artifacts/mvdfrm/Unity.2D.Triangulation.Runtime.ref.dll_8B997CFE6C11A6CB.mvfrm
[ 876/1227  0s] Csc Library/Bee/artifacts/1900b0aE.dag/Unity.2D.Common.Editor.dll (+2 others)
[           0s] Csc Library/Bee/artifacts/1900b0aE.dag/Unity.VisualScripting.Core.Editor.dll (+2 others) [CacheWrite 4318c097b99d486e5c467a1da408f5f000000000000000000000000000000006]
[           0s] Csc Library/Bee/artifacts/1900b0aE.dag/Unity.2D.Common.Editor.dll (+2 others) [CacheWrite b8d30736b999274dd2562e1ace3bb17500000000000000000000000000000006]
[ 877/1227  0s] MovedFromExtractor Library/Bee/artifacts/mvdfrm/Unity.VisualScripting.Core.Editor.ref.dll_EDC8690F57C5BDFD.mvfrm
[ 878/1227  0s] MovedFromExtractor Library/Bee/artifacts/mvdfrm/Unity.2D.Common.Editor.ref.dll_BD59A5CBF9D52B22.mvfrm
[ 879/1227  0s] MovedFromExtractor-Combine Library/Bee/artifacts/1900b0aE.dag/Unity.VisualScripting.Flow.Editor.dll.mvfrm
[           0s] Csc Library/Bee/artifacts/1900b0aE.dag/Unity.VisualScripting.Flow.Editor.dll (+2 others) [CacheMiss 7af4ae6a5ea93ac53e9a62ca41dba4b900000000000000000000000000000006]
[ 880/1227  0s] Csc Library/Bee/artifacts/1900b0aE.dag/Unity.2D.SpriteShape.Runtime.dll (+2 others)
[           0s] Csc Library/Bee/artifacts/1900b0aE.dag/Unity.2D.SpriteShape.Runtime.dll (+2 others) [CacheWrite a8b6ee95fc0aa32a17d1ba4b56a7f76400000000000000000000000000000006]
[ 881/1227  0s] ILPostProcess Library/Bee/artifacts/1900b0aE.dag/post-processed/Unity.Tutorials.dll (+pdb)
Processing assembly Library/Bee/artifacts/1900b0aE.dag/Unity.Tutorials.dll, with 148 defines and 305 references

processors: Unity.Jobs.CodeGen.JobsILPostProcessor, zzzUnity.Burst.CodeGen.BurstILPostProcessor

1 processor(s) skipped this assembly

running Unity.Jobs.CodeGen.JobsILPostProcessor
[ 882/1227  0s] ILPostProcess Library/Bee/artifacts/1900b0aE.dag/post-processed/Unity.InternalAPIEngineBridge.ObjectDispatcher.Runtime.dll (+pdb)
Processing assembly Library/Bee/artifacts/1900b0aE.dag/Unity.InternalAPIEngineBridge.ObjectDispatcher.Runtime.dll, with 148 defines and 305 references

processors: Unity.Jobs.CodeGen.JobsILPostProcessor, zzzUnity.Burst.CodeGen.BurstILPostProcessor

1 processor(s) skipped this assembly

running Unity.Jobs.CodeGen.JobsILPostProcessor
[ 883/1227  0s] ILPostProcess Library/Bee/artifacts/1900b0aE.dag/post-processed/Unity.2D.Welcome.dll (+pdb)
Processing assembly Library/Bee/artifacts/1900b0aE.dag/Unity.2D.Welcome.dll, with 148 defines and 305 references

processors: Unity.Jobs.CodeGen.JobsILPostProcessor, zzzUnity.Burst.CodeGen.BurstILPostProcessor

1 processor(s) skipped this assembly

running Unity.Jobs.CodeGen.JobsILPostProcessor
[ 884/1227  0s] ILPostProcess Library/Bee/artifacts/1900b0aE.dag/post-processed/Unity.Profiling.Core.dll (+pdb)
Processing assembly Library/Bee/artifacts/1900b0aE.dag/Unity.Profiling.Core.dll, with 148 defines and 305 references

processors: Unity.Jobs.CodeGen.JobsILPostProcessor, zzzUnity.Burst.CodeGen.BurstILPostProcessor

1 processor(s) skipped this assembly

running Unity.Jobs.CodeGen.JobsILPostProcessor
[ 885/1227  0s] ILPostProcess Library/Bee/artifacts/1900b0aE.dag/post-processed/Unity.InternalAPIEngineBridge.001.dll (+pdb)
Processing assembly Library/Bee/artifacts/1900b0aE.dag/Unity.InternalAPIEngineBridge.001.dll, with 148 defines and 305 references

processors: Unity.Jobs.CodeGen.JobsILPostProcessor, zzzUnity.Burst.CodeGen.BurstILPostProcessor

1 processor(s) skipped this assembly

running Unity.Jobs.CodeGen.JobsILPostProcessor
[ 886/1227  0s] ILPostProcess Library/Bee/artifacts/1900b0aE.dag/post-processed/Unity.VisualScripting.DocCodeExamples.dll (+pdb)
Processing assembly Library/Bee/artifacts/1900b0aE.dag/Unity.VisualScripting.DocCodeExamples.dll, with 148 defines and 293 references

processors: Unity.Jobs.CodeGen.JobsILPostProcessor, zzzUnity.Burst.CodeGen.BurstILPostProcessor

1 processor(s) skipped this assembly

running Unity.Jobs.CodeGen.JobsILPostProcessor
[ 887/1227  0s] MovedFromExtractor Library/Bee/artifacts/mvdfrm/Unity.2D.SpriteShape.Runtime.ref.dll_BCD600250821B9C8.mvfrm
[ 888/1227  0s] ILPostProcess Library/Bee/artifacts/1900b0aE.dag/post-processed/Unity.PerformanceTesting.dll (+pdb)
Processing assembly Library/Bee/artifacts/1900b0aE.dag/Unity.PerformanceTesting.dll, with 149 defines and 290 references

processors: Unity.Jobs.CodeGen.JobsILPostProcessor, zzzUnity.Burst.CodeGen.BurstILPostProcessor

1 processor(s) skipped this assembly

running Unity.Jobs.CodeGen.JobsILPostProcessor
[ 889/1227  0s] ILPostProcess Library/Bee/artifacts/1900b0aE.dag/post-processed/Unity.Burst.dll (+pdb)
Processing assembly Library/Bee/artifacts/1900b0aE.dag/Unity.Burst.dll, with 148 defines and 305 references

processors: Unity.Jobs.CodeGen.JobsILPostProcessor, zzzUnity.Burst.CodeGen.BurstILPostProcessor

running Unity.Jobs.CodeGen.JobsILPostProcessor

running zzzUnity.Burst.CodeGen.BurstILPostProcessor
[ 890/1227  0s] ILPostProcess Library/Bee/artifacts/1900b0aE.dag/post-processed/Unity.InputSystem.TestFramework.dll (+pdb)
Processing assembly Library/Bee/artifacts/1900b0aE.dag/Unity.InputSystem.TestFramework.dll, with 150 defines and 292 references

processors: Unity.Jobs.CodeGen.JobsILPostProcessor, zzzUnity.Burst.CodeGen.BurstILPostProcessor

1 processor(s) skipped this assembly

running Unity.Jobs.CodeGen.JobsILPostProcessor
[ 891/1227  0s] MovedFromExtractor-Combine Library/Bee/artifacts/1900b0aE.dag/Unity.2D.SpriteShape.Editor.dll.mvfrm
[           0s] Csc Library/Bee/artifacts/1900b0aE.dag/Unity.2D.SpriteShape.Editor.dll (+2 others) [CacheMiss 0e821e8feb6024b63a9a962c4680d3f500000000000000000000000000000006]
[ 892/1227  2s] Csc Library/Bee/artifacts/1900b0aE.dag/Unity.RenderPipelines.Core.Runtime.dll (+2 others)
[           0s] Csc Library/Bee/artifacts/1900b0aE.dag/Unity.RenderPipelines.Core.Runtime.dll (+2 others) [CacheWrite 174d52cfa71472a09fe73d6f26ca570b00000000000000000000000000000006]
[ 893/1227  0s] ILPostProcess Library/Bee/artifacts/1900b0aE.dag/post-processed/Unity.Mathematics.dll (+pdb)
Processing assembly Library/Bee/artifacts/1900b0aE.dag/Unity.Mathematics.dll, with 148 defines and 305 references

processors: Unity.Jobs.CodeGen.JobsILPostProcessor, zzzUnity.Burst.CodeGen.BurstILPostProcessor

1 processor(s) skipped this assembly

running Unity.Jobs.CodeGen.JobsILPostProcessor
[ 894/1227  1s] ILPostProcess Library/Bee/artifacts/1900b0aE.dag/post-processed/Unity.VisualScripting.State.dll (+pdb)
Processing assembly Library/Bee/artifacts/1900b0aE.dag/Unity.VisualScripting.State.dll, with 148 defines and 307 references

processors: Unity.Jobs.CodeGen.JobsILPostProcessor, zzzUnity.Burst.CodeGen.BurstILPostProcessor

1 processor(s) skipped this assembly

running Unity.Jobs.CodeGen.JobsILPostProcessor
[ 895/1227  1s] ILPostProcess Library/Bee/artifacts/1900b0aE.dag/post-processed/Unity.Collections.Tests.CoreCLR.InternalJobNestedPrivate.dll (+pdb)
Processing assembly Library/Bee/artifacts/1900b0aE.dag/Unity.Collections.Tests.CoreCLR.InternalJobNestedPrivate.dll, with 148 defines and 306 references

processors: Unity.Jobs.CodeGen.JobsILPostProcessor, zzzUnity.Burst.CodeGen.BurstILPostProcessor

1 processor(s) skipped this assembly

running Unity.Jobs.CodeGen.JobsILPostProcessor
[ 896/1227  0s] Csc Library/Bee/artifacts/1900b0aE.dag/Unity.VisualScripting.Flow.Editor.dll (+2 others)
[           0s] Csc Library/Bee/artifacts/1900b0aE.dag/Unity.VisualScripting.Flow.Editor.dll (+2 others) [CacheWrite 7af4ae6a5ea93ac53e9a62ca41dba4b900000000000000000000000000000006]
[ 897/1227  0s] ILPostProcess Library/Bee/artifacts/1900b0aE.dag/post-processed/Unity.2D.Common.Runtime.dll (+pdb)
Processing assembly Library/Bee/artifacts/1900b0aE.dag/Unity.2D.Common.Runtime.dll, with 148 defines and 308 references

processors: Unity.Jobs.CodeGen.JobsILPostProcessor, zzzUnity.Burst.CodeGen.BurstILPostProcessor

1 processor(s) skipped this assembly

running Unity.Jobs.CodeGen.JobsILPostProcessor
[ 898/1227  1s] ILPostProcess Library/Bee/artifacts/1900b0aE.dag/post-processed/Unity.Collections.Tests.CoreCLR.PrivateJobNested.dll (+pdb)
Processing assembly Library/Bee/artifacts/1900b0aE.dag/Unity.Collections.Tests.CoreCLR.PrivateJobNested.dll, with 148 defines and 306 references

processors: Unity.Jobs.CodeGen.JobsILPostProcessor, zzzUnity.Burst.CodeGen.BurstILPostProcessor

1 processor(s) skipped this assembly

running Unity.Jobs.CodeGen.JobsILPostProcessor
[ 899/1227  0s] MovedFromExtractor Library/Bee/artifacts/mvdfrm/Unity.RenderPipelines.Core.Runtime.ref.dll_CE6A42C97D96EB0A.mvfrm
[ 900/1227  1s] ILPostProcess Library/Bee/artifacts/1900b0aE.dag/post-processed/UnityEngine.TestRunner.dll (+pdb)
Processing assembly Library/Bee/artifacts/1900b0aE.dag/UnityEngine.TestRunner.dll, with 149 defines and 287 references

processors: Unity.Jobs.CodeGen.JobsILPostProcessor, zzzUnity.Burst.CodeGen.BurstILPostProcessor

1 processor(s) skipped this assembly

running Unity.Jobs.CodeGen.JobsILPostProcessor
[ 901/1227  0s] ILPostProcess Library/Bee/artifacts/1900b0aE.dag/post-processed/Unity.2D.Tilemap.Extras.dll (+pdb)
Processing assembly Library/Bee/artifacts/1900b0aE.dag/Unity.2D.Tilemap.Extras.dll, with 148 defines and 306 references

processors: Unity.Jobs.CodeGen.JobsILPostProcessor, zzzUnity.Burst.CodeGen.BurstILPostProcessor

1 processor(s) skipped this assembly

running Unity.Jobs.CodeGen.JobsILPostProcessor
[ 902/1227  0s] ILPostProcess Library/Bee/artifacts/1900b0aE.dag/post-processed/Unity.RenderPipelines.Core.ShaderLibrary.dll (+pdb)
Processing assembly Library/Bee/artifacts/1900b0aE.dag/Unity.RenderPipelines.Core.ShaderLibrary.dll, with 148 defines and 305 references

processors: Unity.Jobs.CodeGen.JobsILPostProcessor, zzzUnity.Burst.CodeGen.BurstILPostProcessor

1 processor(s) skipped this assembly

running Unity.Jobs.CodeGen.JobsILPostProcessor
[ 903/1227  0s] ILPostProcess Library/Bee/artifacts/1900b0aE.dag/post-processed/Unity.RenderPipelines.ShaderGraph.ShaderGraphLibrary.dll (+pdb)
Processing assembly Library/Bee/artifacts/1900b0aE.dag/Unity.RenderPipelines.ShaderGraph.ShaderGraphLibrary.dll, with 148 defines and 305 references

processors: Unity.Jobs.CodeGen.JobsILPostProcessor, zzzUnity.Burst.CodeGen.BurstILPostProcessor

1 processor(s) skipped this assembly

running Unity.Jobs.CodeGen.JobsILPostProcessor
[ 904/1227  0s] Csc Library/Bee/artifacts/1900b0aE.dag/Unity.2D.SpriteShape.Editor.dll (+2 others)
[ 905/1227  0s] MovedFromExtractor-Combine Library/Bee/artifacts/1900b0aE.dag/Unity.PathTracing.Runtime.dll.mvfrm
[ 906/1227  0s] MovedFromExtractor Library/Bee/artifacts/mvdfrm/Unity.VisualScripting.Flow.Editor.ref.dll_6AF951BE66A4493E.mvfrm
[           0s] Csc Library/Bee/artifacts/1900b0aE.dag/Unity.2D.SpriteShape.Editor.dll (+2 others) [CacheWrite 0e821e8feb6024b63a9a962c4680d3f500000000000000000000000000000006]
[ 907/1227  0s] MovedFromExtractor-Combine Library/Bee/artifacts/1900b0aE.dag/Unity.RenderPipelines.Core.Runtime.Shared.dll.mvfrm
[           0s] Csc Library/Bee/artifacts/1900b0aE.dag/Unity.PathTracing.Runtime.dll (+2 others) [CacheMiss 6ffbfd9c1413cffe1addd714a065c53200000000000000000000000000000006]
[ 908/1227  0s] MovedFromExtractor-Combine Library/Bee/artifacts/1900b0aE.dag/Unity.RenderPipelines.GPUDriven.Runtime.dll.mvfrm
[ 909/1227  0s] ILPostProcess Library/Bee/artifacts/1900b0aE.dag/post-processed/Unity.Collections.Tests.CoreCLR.ProtectedJobNested.dll (+pdb)
Processing assembly Library/Bee/artifacts/1900b0aE.dag/Unity.Collections.Tests.CoreCLR.ProtectedJobNested.dll, with 148 defines and 306 references

processors: Unity.Jobs.CodeGen.JobsILPostProcessor, zzzUnity.Burst.CodeGen.BurstILPostProcessor

1 processor(s) skipped this assembly

running Unity.Jobs.CodeGen.JobsILPostProcessor
[           0s] Csc Library/Bee/artifacts/1900b0aE.dag/Unity.RenderPipelines.Core.Runtime.Shared.dll (+2 others) [CacheMiss 36910937cac95e8aaa32a30e9fa5412500000000000000000000000000000006]
[           0s] Csc Library/Bee/artifacts/1900b0aE.dag/Unity.RenderPipelines.GPUDriven.Runtime.dll (+2 others) [CacheMiss 8fa910154d74c6c0bb851b95befa591b00000000000000000000000000000006]
[ 910/1227  0s] MovedFromExtractor-Combine Library/Bee/artifacts/1900b0aE.dag/Unity.RenderPipelines.Universal.Config.Runtime.dll.mvfrm
[ 911/1227  0s] MovedFromExtractor-Combine Library/Bee/artifacts/1900b0aE.dag/Unity.RenderPipeline.Universal.ShaderLibrary.dll.mvfrm
[ 912/1227  0s] MovedFromExtractor-Combine Library/Bee/artifacts/1900b0aE.dag/Unity.TextMeshPro.Editor.dll.mvfrm
[ 913/1227  0s] MovedFromExtractor-Combine Library/Bee/artifacts/1900b0aE.dag/Unity.VisualScripting.State.Editor.dll.mvfrm
[           0s] Csc Library/Bee/artifacts/1900b0aE.dag/Unity.RenderPipelines.Universal.Config.Runtime.dll (+2 others) [CacheMiss 4037c591a81a99ae83b252781d0a409b00000000000000000000000000000006]
[           0s] Csc Library/Bee/artifacts/1900b0aE.dag/Unity.RenderPipeline.Universal.ShaderLibrary.dll (+2 others) [CacheMiss cba7937156200b6d173d099000876b1300000000000000000000000000000006]
[           0s] Csc Library/Bee/artifacts/1900b0aE.dag/Unity.TextMeshPro.Editor.dll (+2 others) [CacheMiss 99ba0fb67d16b78dcc349bccb4aaa85800000000000000000000000000000006]
[ 914/1227  1s] ILPostProcess Library/Bee/artifacts/1900b0aE.dag/post-processed/Unity.VisualScripting.Flow.dll (+pdb)
Processing assembly Library/Bee/artifacts/1900b0aE.dag/Unity.VisualScripting.Flow.dll, with 156 defines and 307 references

processors: Unity.Jobs.CodeGen.JobsILPostProcessor, zzzUnity.Burst.CodeGen.BurstILPostProcessor

1 processor(s) skipped this assembly

running Unity.Jobs.CodeGen.JobsILPostProcessor
[ 915/1227  0s] MovedFromExtractor-Combine Library/Bee/artifacts/1900b0aE.dag/Unity.VisualScripting.SettingsProvider.Editor.dll.mvfrm
[           0s] Csc Library/Bee/artifacts/1900b0aE.dag/Unity.VisualScripting.State.Editor.dll (+2 others) [CacheMiss ca6f9ebf046e7cd24e4441dea9f294f400000000000000000000000000000006]
[ 916/1227  0s] ILPostProcess Library/Bee/artifacts/1900b0aE.dag/post-processed/Unity.2D.Animation.Profiler.dll (+pdb)
Processing assembly Library/Bee/artifacts/1900b0aE.dag/Unity.2D.Animation.Profiler.dll, with 149 defines and 306 references

processors: Unity.Jobs.CodeGen.JobsILPostProcessor, zzzUnity.Burst.CodeGen.BurstILPostProcessor

1 processor(s) skipped this assembly

running Unity.Jobs.CodeGen.JobsILPostProcessor
[           0s] Csc Library/Bee/artifacts/1900b0aE.dag/Unity.VisualScripting.SettingsProvider.Editor.dll (+2 others) [CacheMiss 81d6e5140f7a9c0cbeea858c5128982600000000000000000000000000000006]
[ 917/1227  1s] ILPostProcess Library/Bee/artifacts/1900b0aE.dag/post-processed/Unity.TextMeshPro.dll (+pdb)
Processing assembly Library/Bee/artifacts/1900b0aE.dag/Unity.TextMeshPro.dll, with 149 defines and 306 references

processors: Unity.Jobs.CodeGen.JobsILPostProcessor, zzzUnity.Burst.CodeGen.BurstILPostProcessor

1 processor(s) skipped this assembly

running Unity.Jobs.CodeGen.JobsILPostProcessor
[ 918/1227  0s] Csc Library/Bee/artifacts/1900b0aE.dag/Unity.RenderPipelines.Core.Runtime.Shared.dll (+2 others)
[ 919/1227  0s] Csc Library/Bee/artifacts/1900b0aE.dag/Unity.RenderPipelines.Universal.Config.Runtime.dll (+2 others)
[ 920/1227  0s] Csc Library/Bee/artifacts/1900b0aE.dag/Unity.RenderPipeline.Universal.ShaderLibrary.dll (+2 others)
[ 921/1227  0s] ILPostProcess Library/Bee/artifacts/1900b0aE.dag/post-processed/Unity.RenderPipelines.Universal.Shaders.dll (+pdb)
Processing assembly Library/Bee/artifacts/1900b0aE.dag/Unity.RenderPipelines.Universal.Shaders.dll, with 148 defines and 305 references

processors: Unity.Jobs.CodeGen.JobsILPostProcessor, zzzUnity.Burst.CodeGen.BurstILPostProcessor

1 processor(s) skipped this assembly

running Unity.Jobs.CodeGen.JobsILPostProcessor
[           0s] Csc Library/Bee/artifacts/1900b0aE.dag/Unity.RenderPipelines.Core.Runtime.Shared.dll (+2 others) [CacheWrite 36910937cac95e8aaa32a30e9fa5412500000000000000000000000000000006]
[           0s] Csc Library/Bee/artifacts/1900b0aE.dag/Unity.RenderPipelines.Universal.Config.Runtime.dll (+2 others) [CacheWrite 4037c591a81a99ae83b252781d0a409b00000000000000000000000000000006]
[           0s] Csc Library/Bee/artifacts/1900b0aE.dag/Unity.RenderPipeline.Universal.ShaderLibrary.dll (+2 others) [CacheWrite cba7937156200b6d173d099000876b1300000000000000000000000000000006]
[ 922/1227  0s] Csc Library/Bee/artifacts/1900b0aE.dag/Unity.VisualScripting.SettingsProvider.Editor.dll (+2 others)
[ 923/1227  0s] MovedFromExtractor Library/Bee/artifacts/mvdfrm/Unity.RenderPipelines.Core.Runtime.Shared.ref.dll_547B576A1A56EABF.mvfrm
[ 924/1227  0s] MovedFromExtractor Library/Bee/artifacts/mvdfrm/Unity.RenderPipelines.Universal.Config.Runtime.ref.dll_5D92000A132D4840.mvfrm
[           0s] Csc Library/Bee/artifacts/1900b0aE.dag/Unity.VisualScripting.SettingsProvider.Editor.dll (+2 others) [CacheWrite 81d6e5140f7a9c0cbeea858c5128982600000000000000000000000000000006]
[ 925/1227  0s] MovedFromExtractor Library/Bee/artifacts/mvdfrm/Unity.RenderPipeline.Universal.ShaderLibrary.ref.dll_5436F99F8BDCED8B.mvfrm
[ 926/1227  0s] Csc Library/Bee/artifacts/1900b0aE.dag/Unity.PathTracing.Runtime.dll (+2 others)
[ 927/1227  0s] Csc Library/Bee/artifacts/1900b0aE.dag/Unity.VisualScripting.State.Editor.dll (+2 others)
[           0s] Csc Library/Bee/artifacts/1900b0aE.dag/Unity.PathTracing.Runtime.dll (+2 others) [CacheWrite 6ffbfd9c1413cffe1addd714a065c53200000000000000000000000000000006]
[           0s] Csc Library/Bee/artifacts/1900b0aE.dag/Unity.VisualScripting.State.Editor.dll (+2 others) [CacheWrite ca6f9ebf046e7cd24e4441dea9f294f400000000000000000000000000000006]
[ 928/1227  0s] MovedFromExtractor Library/Bee/artifacts/mvdfrm/Unity.PathTracing.Runtime.ref.dll_A3836DD8411AE5EF.mvfrm
[ 929/1227  0s] ILPostProcess Library/Bee/artifacts/1900b0aE.dag/post-processed/Unity.InputSystem.ForUI.dll (+pdb)
Processing assembly Library/Bee/artifacts/1900b0aE.dag/Unity.InputSystem.ForUI.dll, with 148 defines and 306 references

processors: Unity.Jobs.CodeGen.JobsILPostProcessor, zzzUnity.Burst.CodeGen.BurstILPostProcessor

1 processor(s) skipped this assembly

running Unity.Jobs.CodeGen.JobsILPostProcessor
[ 930/1227  0s] ILPostProcess Library/Bee/artifacts/1900b0aE.dag/post-processed/Unity.InternalAPIEngineBridge.RenderPipelines.Core.Runtime.Shared.dll (+pdb)
Processing assembly Library/Bee/artifacts/1900b0aE.dag/Unity.InternalAPIEngineBridge.RenderPipelines.Core.Runtime.Shared.dll, with 148 defines and 305 references

processors: Unity.Jobs.CodeGen.JobsILPostProcessor, zzzUnity.Burst.CodeGen.BurstILPostProcessor

1 processor(s) skipped this assembly

running Unity.Jobs.CodeGen.JobsILPostProcessor
[ 931/1227  0s] ILPostProcess Library/Bee/artifacts/1900b0aE.dag/post-processed/Unity.Collections.Tests.CoreCLR.PublicJobPrivateGeneric.dll (+pdb)
Processing assembly Library/Bee/artifacts/1900b0aE.dag/Unity.Collections.Tests.CoreCLR.PublicJobPrivateGeneric.dll, with 148 defines and 306 references

processors: Unity.Jobs.CodeGen.JobsILPostProcessor, zzzUnity.Burst.CodeGen.BurstILPostProcessor

1 processor(s) skipped this assembly

running Unity.Jobs.CodeGen.JobsILPostProcessor
[ 932/1227  0s] MovedFromExtractor Library/Bee/artifacts/mvdfrm/Unity.VisualScripting.State.Editor.ref.dll_E03858E727F23F6F.mvfrm
[ 933/1227  0s] MovedFromExtractor-Combine Library/Bee/artifacts/1900b0aE.dag/Unity.SurfaceCache.Runtime.dll.mvfrm
[ 934/1227  0s] Csc Library/Bee/artifacts/1900b0aE.dag/Unity.TextMeshPro.Editor.dll (+2 others)
[           0s] Csc Library/Bee/artifacts/1900b0aE.dag/Unity.SurfaceCache.Runtime.dll (+2 others) [CacheMiss 033fbd27aca2660ebcfa67a9f481cb5400000000000000000000000000000006]
[ 935/1227  0s] Csc Library/Bee/artifacts/1900b0aE.dag/Unity.RenderPipelines.GPUDriven.Runtime.dll (+2 others)
[           0s] Csc Library/Bee/artifacts/1900b0aE.dag/Unity.TextMeshPro.Editor.dll (+2 others) [CacheWrite 99ba0fb67d16b78dcc349bccb4aaa85800000000000000000000000000000006]
[ 936/1227  0s] MovedFromExtractor-Combine Library/Bee/artifacts/1900b0aE.dag/Unity.PathTracing.Editor.dll.mvfrm
[           0s] Csc Library/Bee/artifacts/1900b0aE.dag/Unity.RenderPipelines.GPUDriven.Runtime.dll (+2 others) [CacheWrite 8fa910154d74c6c0bb851b95befa591b00000000000000000000000000000006]
[ 937/1227  0s] MovedFromExtractor-Combine Library/Bee/artifacts/1900b0aE.dag/Unity.VisualScripting.Shared.Editor.dll.mvfrm
[           0s] Csc Library/Bee/artifacts/1900b0aE.dag/Unity.PathTracing.Editor.dll (+2 others) [CacheMiss 3c616f22133d71cc0acf73828711e8f200000000000000000000000000000006]
[           0s] Csc Library/Bee/artifacts/1900b0aE.dag/Unity.VisualScripting.Shared.Editor.dll (+2 others) [CacheMiss 5a3847db94e6f049300acda4f1bdccfc00000000000000000000000000000006]
[ 938/1227  1s] ILPostProcess Library/Bee/artifacts/1900b0aE.dag/post-processed/Unity.Timeline.dll (+pdb)
Processing assembly Library/Bee/artifacts/1900b0aE.dag/Unity.Timeline.dll, with 149 defines and 305 references

processors: Unity.Jobs.CodeGen.JobsILPostProcessor, zzzUnity.Burst.CodeGen.BurstILPostProcessor

1 processor(s) skipped this assembly

running Unity.Jobs.CodeGen.JobsILPostProcessor
[ 939/1227  0s] ILPostProcess Library/Bee/artifacts/1900b0aE.dag/post-processed/Unity.VisualScripting.SettingsProvider.Editor.dll (+pdb)
Processing assembly Library/Bee/artifacts/1900b0aE.dag/Unity.VisualScripting.SettingsProvider.Editor.dll, with 146 defines and 319 references

processors: Unity.Jobs.CodeGen.JobsILPostProcessor, zzzUnity.Burst.CodeGen.BurstILPostProcessor

1 processor(s) skipped this assembly

running Unity.Jobs.CodeGen.JobsILPostProcessor
[ 940/1227  1s] ILPostProcess Library/Bee/artifacts/1900b0aE.dag/post-processed/Unity.UnifiedRayTracing.Runtime.dll (+pdb)
Processing assembly Library/Bee/artifacts/1900b0aE.dag/Unity.UnifiedRayTracing.Runtime.dll, with 150 defines and 308 references

processors: Unity.Jobs.CodeGen.JobsILPostProcessor, zzzUnity.Burst.CodeGen.BurstILPostProcessor

running Unity.Jobs.CodeGen.JobsILPostProcessor

running zzzUnity.Burst.CodeGen.BurstILPostProcessor
[ 941/1227  0s] ILPostProcess Library/Bee/artifacts/1900b0aE.dag/post-processed/Unity.RenderPipelines.Universal.Config.Runtime.dll (+pdb)
Processing assembly Library/Bee/artifacts/1900b0aE.dag/Unity.RenderPipelines.Universal.Config.Runtime.dll, with 148 defines and 306 references

processors: Unity.Jobs.CodeGen.JobsILPostProcessor, zzzUnity.Burst.CodeGen.BurstILPostProcessor

1 processor(s) skipped this assembly

running Unity.Jobs.CodeGen.JobsILPostProcessor
[ 942/1227  0s] ILPostProcess Library/Bee/artifacts/1900b0aE.dag/post-processed/Unity.InternalAPIEngineBridge.004.dll (+pdb)
Processing assembly Library/Bee/artifacts/1900b0aE.dag/Unity.InternalAPIEngineBridge.004.dll, with 148 defines and 305 references

processors: Unity.Jobs.CodeGen.JobsILPostProcessor, zzzUnity.Burst.CodeGen.BurstILPostProcessor

1 processor(s) skipped this assembly

running Unity.Jobs.CodeGen.JobsILPostProcessor
[ 943/1227  0s] ILPostProcess Library/Bee/artifacts/1900b0aE.dag/post-processed/Unity.RenderPipelines.Core.Runtime.Shared.dll (+pdb)
Processing assembly Library/Bee/artifacts/1900b0aE.dag/Unity.RenderPipelines.Core.Runtime.Shared.dll, with 148 defines and 308 references

processors: Unity.Jobs.CodeGen.JobsILPostProcessor, zzzUnity.Burst.CodeGen.BurstILPostProcessor

1 processor(s) skipped this assembly

running Unity.Jobs.CodeGen.JobsILPostProcessor
[ 944/1227  0s] ILPostProcess Library/Bee/artifacts/1900b0aE.dag/post-processed/Unity.RenderPipeline.Universal.ShaderLibrary.dll (+pdb)
Processing assembly Library/Bee/artifacts/1900b0aE.dag/Unity.RenderPipeline.Universal.ShaderLibrary.dll, with 148 defines and 306 references

processors: Unity.Jobs.CodeGen.JobsILPostProcessor, zzzUnity.Burst.CodeGen.BurstILPostProcessor

1 processor(s) skipped this assembly

running Unity.Jobs.CodeGen.JobsILPostProcessor
[ 945/1227  0s] MovedFromExtractor Library/Bee/artifacts/mvdfrm/Unity.RenderPipelines.GPUDriven.Runtime.ref.dll_94F5458D7254E99F.mvfrm
[ 946/1227  0s] Csc Library/Bee/artifacts/1900b0aE.dag/Unity.SurfaceCache.Runtime.dll (+2 others)
[ 947/1227  0s] Csc Library/Bee/artifacts/1900b0aE.dag/Unity.VisualScripting.Shared.Editor.dll (+2 others)
[           0s] Csc Library/Bee/artifacts/1900b0aE.dag/Unity.SurfaceCache.Runtime.dll (+2 others) [CacheWrite 033fbd27aca2660ebcfa67a9f481cb5400000000000000000000000000000006]
[           0s] Csc Library/Bee/artifacts/1900b0aE.dag/Unity.VisualScripting.Shared.Editor.dll (+2 others) [CacheWrite 5a3847db94e6f049300acda4f1bdccfc00000000000000000000000000000006]
[ 948/1227  0s] MovedFromExtractor Library/Bee/artifacts/mvdfrm/Unity.SurfaceCache.Runtime.ref.dll_1F80B23B2A61B75D.mvfrm
[ 949/1227  0s] ILPostProcess Library/Bee/artifacts/1900b0aE.dag/post-processed/Unity.Rendering.LightTransport.Editor.dll (+pdb)
Processing assembly Library/Bee/artifacts/1900b0aE.dag/Unity.Rendering.LightTransport.Editor.dll, with 146 defines and 314 references

processors: Unity.Jobs.CodeGen.JobsILPostProcessor, zzzUnity.Burst.CodeGen.BurstILPostProcessor

1 processor(s) skipped this assembly

running Unity.Jobs.CodeGen.JobsILPostProcessor
[ 950/1227  1s] ILPostProcess Library/Bee/artifacts/1900b0aE.dag/post-processed/Unity.2D.SpriteShape.Runtime.dll (+pdb)
Processing assembly Library/Bee/artifacts/1900b0aE.dag/Unity.2D.SpriteShape.Runtime.dll, with 149 defines and 309 references

processors: Unity.Jobs.CodeGen.JobsILPostProcessor, zzzUnity.Burst.CodeGen.BurstILPostProcessor

running Unity.Jobs.CodeGen.JobsILPostProcessor

running zzzUnity.Burst.CodeGen.BurstILPostProcessor
[ 951/1227  0s] Csc Library/Bee/artifacts/1900b0aE.dag/Unity.PathTracing.Editor.dll (+2 others)
[           0s] Csc Library/Bee/artifacts/1900b0aE.dag/Unity.PathTracing.Editor.dll (+2 others) [CacheWrite 3c616f22133d71cc0acf73828711e8f200000000000000000000000000000006]
[ 952/1227  0s] MovedFromExtractor-Combine Library/Bee/artifacts/1900b0aE.dag/Unity.RenderPipelines.Universal.Runtime.dll.mvfrm
[ 953/1227  0s] ILPostProcess Library/Bee/artifacts/1900b0aE.dag/post-processed/Unity.InternalAPIEngineBridge.007.dll (+pdb)
Processing assembly Library/Bee/artifacts/1900b0aE.dag/Unity.InternalAPIEngineBridge.007.dll, with 146 defines and 314 references

processors: Unity.Jobs.CodeGen.JobsILPostProcessor, zzzUnity.Burst.CodeGen.BurstILPostProcessor

1 processor(s) skipped this assembly

running Unity.Jobs.CodeGen.JobsILPostProcessor
[           0s] Csc Library/Bee/artifacts/1900b0aE.dag/Unity.RenderPipelines.Universal.Runtime.dll (+2 others) [CacheMiss fc37d6397ea0bf3ae822bdd7a1ab269900000000000000000000000000000006]
[ 954/1227  0s] MovedFromExtractor Library/Bee/artifacts/mvdfrm/Unity.PathTracing.Editor.ref.dll_D122108C09459E7C.mvfrm
[ 955/1227  0s] ILPostProcess Library/Bee/artifacts/1900b0aE.dag/post-processed/Unity.SurfaceCache.Runtime.dll (+pdb)
Processing assembly Library/Bee/artifacts/1900b0aE.dag/Unity.SurfaceCache.Runtime.dll, with 149 defines and 309 references

processors: Unity.Jobs.CodeGen.JobsILPostProcessor, zzzUnity.Burst.CodeGen.BurstILPostProcessor

1 processor(s) skipped this assembly

running Unity.Jobs.CodeGen.JobsILPostProcessor
[ 956/1227  0s] ILPostProcess Library/Bee/artifacts/1900b0aE.dag/post-processed/Unity.InternalAPIEditorBridge.007.dll (+pdb)
Processing assembly Library/Bee/artifacts/1900b0aE.dag/Unity.InternalAPIEditorBridge.007.dll, with 146 defines and 314 references

processors: Unity.Jobs.CodeGen.JobsILPostProcessor, zzzUnity.Burst.CodeGen.BurstILPostProcessor

1 processor(s) skipped this assembly

running Unity.Jobs.CodeGen.JobsILPostProcessor
[ 957/1227  0s] ILPostProcess Library/Bee/artifacts/1900b0aE.dag/post-processed/UnityEditor.UI.Analytics.dll (+pdb)
Processing assembly Library/Bee/artifacts/1900b0aE.dag/UnityEditor.UI.Analytics.dll, with 146 defines and 315 references

processors: Unity.Jobs.CodeGen.JobsILPostProcessor, zzzUnity.Burst.CodeGen.BurstILPostProcessor

1 processor(s) skipped this assembly

running Unity.Jobs.CodeGen.JobsILPostProcessor
[ 958/1227  0s] ILPostProcess Library/Bee/artifacts/1900b0aE.dag/post-processed/Unity.Collections.Editor.dll (+pdb)
Processing assembly Library/Bee/artifacts/1900b0aE.dag/Unity.Collections.Editor.dll, with 147 defines and 315 references

processors: Unity.Jobs.CodeGen.JobsILPostProcessor, zzzUnity.Burst.CodeGen.BurstILPostProcessor

1 processor(s) skipped this assembly

running Unity.Jobs.CodeGen.JobsILPostProcessor
[ 959/1227  0s] MovedFromExtractor-Combine Library/Bee/artifacts/1900b0aE.dag/Unity.RenderPipelines.Core.Editor.dll.mvfrm
[           0s] Csc Library/Bee/artifacts/1900b0aE.dag/Unity.RenderPipelines.Core.Editor.dll (+2 others) [CacheMiss fd468131384f7fc3c005bf436c185d2200000000000000000000000000000006]
[ 960/1227  1s] Csc Library/Bee/artifacts/1900b0aE.dag/Unity.RenderPipelines.Universal.Runtime.dll (+2 others)
[ 961/1227  1s] Csc Library/Bee/artifacts/1900b0aE.dag/Unity.RenderPipelines.Core.Editor.dll (+2 others)
[           0s] Csc Library/Bee/artifacts/1900b0aE.dag/Unity.RenderPipelines.Universal.Runtime.dll (+2 others) [CacheWrite fc37d6397ea0bf3ae822bdd7a1ab269900000000000000000000000000000006]
[           0s] Csc Library/Bee/artifacts/1900b0aE.dag/Unity.RenderPipelines.Core.Editor.dll (+2 others) [CacheWrite fd468131384f7fc3c005bf436c185d2200000000000000000000000000000006]
[ 962/1227  0s] MovedFromExtractor Library/Bee/artifacts/mvdfrm/Unity.RenderPipelines.Universal.Runtime.ref.dll_5400A10AF7CC6BEA.mvfrm
[ 963/1227  0s] MovedFromExtractor Library/Bee/artifacts/mvdfrm/Unity.RenderPipelines.Core.Editor.ref.dll_46EB9B6930B27991.mvfrm
[ 964/1227  0s] MovedFromExtractor-Combine Library/Bee/artifacts/1900b0aE.dag/Unity.2D.Animation.Runtime.dll.mvfrm
[ 965/1227  0s] MovedFromExtractor-Combine Library/Bee/artifacts/1900b0aE.dag/Unity.ShaderGraph.Editor.dll.mvfrm
[ 966/1227  0s] MovedFromExtractor-Combine Library/Bee/artifacts/1900b0aE.dag/Unity.RenderPipelines.Core.Editor.Shared.dll.mvfrm
[           0s] Csc Library/Bee/artifacts/1900b0aE.dag/Unity.RenderPipelines.Core.Editor.Shared.dll (+2 others) [CacheMiss c257538a9bab9261504570310f0d5d6600000000000000000000000000000006]
[ 967/1227  2s] ILPostProcess Library/Bee/artifacts/1900b0aE.dag/post-processed/Unity.RenderPipelines.GPUDriven.Runtime.dll (+pdb)
Processing assembly Library/Bee/artifacts/1900b0aE.dag/Unity.RenderPipelines.GPUDriven.Runtime.dll, with 149 defines and 310 references

processors: Unity.Jobs.CodeGen.JobsILPostProcessor, zzzUnity.Burst.CodeGen.BurstILPostProcessor

running Unity.Jobs.CodeGen.JobsILPostProcessor

running zzzUnity.Burst.CodeGen.BurstILPostProcessor
[ 968/1227  2s] ILPostProcess Library/Bee/artifacts/1900b0aE.dag/post-processed/Unity.2D.Common.Path.Editor.dll (+pdb)
Processing assembly Library/Bee/artifacts/1900b0aE.dag/Unity.2D.Common.Path.Editor.dll, with 146 defines and 314 references

processors: Unity.Jobs.CodeGen.JobsILPostProcessor, zzzUnity.Burst.CodeGen.BurstILPostProcessor

1 processor(s) skipped this assembly

running Unity.Jobs.CodeGen.JobsILPostProcessor
[ 969/1227  2s] ILPostProcess Library/Bee/artifacts/1900b0aE.dag/post-processed/Unity.2D.Tooling.Editor.dll (+pdb)
Processing assembly Library/Bee/artifacts/1900b0aE.dag/Unity.2D.Tooling.Editor.dll, with 146 defines and 317 references

processors: Unity.Jobs.CodeGen.JobsILPostProcessor, zzzUnity.Burst.CodeGen.BurstILPostProcessor

running Unity.Jobs.CodeGen.JobsILPostProcessor

running zzzUnity.Burst.CodeGen.BurstILPostProcessor
[ 970/1227  2s] ILPostProcess Library/Bee/artifacts/1900b0aE.dag/post-processed/PsdPlugin.dll (+pdb)
Processing assembly Library/Bee/artifacts/1900b0aE.dag/PsdPlugin.dll, with 146 defines and 315 references

processors: Unity.Jobs.CodeGen.JobsILPostProcessor, zzzUnity.Burst.CodeGen.BurstILPostProcessor

running Unity.Jobs.CodeGen.JobsILPostProcessor

running zzzUnity.Burst.CodeGen.BurstILPostProcessor
[ 971/1227  2s] ILPostProcess Library/Bee/artifacts/1900b0aE.dag/post-processed/Unity.2D.Triangulation.Runtime.dll (+pdb)
Processing assembly Library/Bee/artifacts/1900b0aE.dag/Unity.2D.Triangulation.Runtime.dll, with 146 defines and 304 references

processors: Unity.Jobs.CodeGen.JobsILPostProcessor, zzzUnity.Burst.CodeGen.BurstILPostProcessor

running Unity.Jobs.CodeGen.JobsILPostProcessor

running zzzUnity.Burst.CodeGen.BurstILPostProcessor
[ 972/1227  2s] ILPostProcess Library/Bee/artifacts/1900b0aE.dag/post-processed/Unity.VisualScripting.State.Editor.dll (+pdb)
Processing assembly Library/Bee/artifacts/1900b0aE.dag/Unity.VisualScripting.State.Editor.dll, with 146 defines and 319 references

processors: Unity.Jobs.CodeGen.JobsILPostProcessor, zzzUnity.Burst.CodeGen.BurstILPostProcessor

1 processor(s) skipped this assembly

running Unity.Jobs.CodeGen.JobsILPostProcessor
[           0s] Csc Library/Bee/artifacts/1900b0aE.dag/Unity.ShaderGraph.Editor.dll (+2 others) [CacheMiss ae4f17e017785d06e5fc6dd33e49a42c00000000000000000000000000000006]
[           0s] Csc Library/Bee/artifacts/1900b0aE.dag/Unity.2D.Animation.Runtime.dll (+2 others) [CacheMiss 3099ce6ae8ba0af663f5a5efb1d89cf600000000000000000000000000000006]
[ 973/1227  2s] ILPostProcess Library/Bee/artifacts/1900b0aE.dag/post-processed/Unity.TextMeshPro.Editor.dll (+pdb)
Processing assembly Library/Bee/artifacts/1900b0aE.dag/Unity.TextMeshPro.Editor.dll, with 146 defines and 316 references

processors: Unity.Jobs.CodeGen.JobsILPostProcessor, zzzUnity.Burst.CodeGen.BurstILPostProcessor

1 processor(s) skipped this assembly

running Unity.Jobs.CodeGen.JobsILPostProcessor
[ 974/1227  2s] ILPostProcess Library/Bee/artifacts/1900b0aE.dag/post-processed/Unity.PathTracing.Runtime.dll (+pdb)
Processing assembly Library/Bee/artifacts/1900b0aE.dag/Unity.PathTracing.Runtime.dll, with 151 defines and 309 references

processors: Unity.Jobs.CodeGen.JobsILPostProcessor, zzzUnity.Burst.CodeGen.BurstILPostProcessor

1 processor(s) skipped this assembly

running Unity.Jobs.CodeGen.JobsILPostProcessor
[ 975/1227  3s] ILPostProcess Library/Bee/artifacts/1900b0aE.dag/post-processed/UnityEngine.UI.dll (+pdb)
Processing assembly Library/Bee/artifacts/1900b0aE.dag/UnityEngine.UI.dll, with 154 defines and 303 references

processors: Unity.Jobs.CodeGen.JobsILPostProcessor, zzzUnity.Burst.CodeGen.BurstILPostProcessor

1 processor(s) skipped this assembly

running Unity.Jobs.CodeGen.JobsILPostProcessor
[ 976/1227  5s] ILPostProcess Library/Bee/artifacts/1900b0aE.dag/post-processed/Unity.VisualScripting.Core.dll (+pdb)
Processing assembly Library/Bee/artifacts/1900b0aE.dag/Unity.VisualScripting.Core.dll, with 153 defines and 306 references

processors: Unity.Jobs.CodeGen.JobsILPostProcessor, zzzUnity.Burst.CodeGen.BurstILPostProcessor

1 processor(s) skipped this assembly

running Unity.Jobs.CodeGen.JobsILPostProcessor
[ 977/1227  2s] ILPostProcess Library/Bee/artifacts/1900b0aE.dag/post-processed/Unity.2D.Tilemap.Editor.dll (+pdb)
Processing assembly Library/Bee/artifacts/1900b0aE.dag/Unity.2D.Tilemap.Editor.dll, with 146 defines and 314 references

processors: Unity.Jobs.CodeGen.JobsILPostProcessor, zzzUnity.Burst.CodeGen.BurstILPostProcessor

1 processor(s) skipped this assembly

running Unity.Jobs.CodeGen.JobsILPostProcessor
[ 978/1227  0s] Csc Library/Bee/artifacts/1900b0aE.dag/Unity.RenderPipelines.Core.Editor.Shared.dll (+2 others)
[           0s] Csc Library/Bee/artifacts/1900b0aE.dag/Unity.RenderPipelines.Core.Editor.Shared.dll (+2 others) [CacheWrite c257538a9bab9261504570310f0d5d6600000000000000000000000000000006]
[ 979/1227  0s] ILPostProcess Library/Bee/artifacts/1900b0aE.dag/post-processed/Unity.2D.Aseprite.Common.dll (+pdb)
Processing assembly Library/Bee/artifacts/1900b0aE.dag/Unity.2D.Aseprite.Common.dll, with 146 defines and 317 references

processors: Unity.Jobs.CodeGen.JobsILPostProcessor, zzzUnity.Burst.CodeGen.BurstILPostProcessor

1 processor(s) skipped this assembly

running Unity.Jobs.CodeGen.JobsILPostProcessor
[ 980/1227  2s] ILPostProcess Library/Bee/artifacts/1900b0aE.dag/post-processed/Unity.2D.SpriteShape.Editor.dll (+pdb)
Processing assembly Library/Bee/artifacts/1900b0aE.dag/Unity.2D.SpriteShape.Editor.dll, with 147 defines and 319 references

processors: Unity.Jobs.CodeGen.JobsILPostProcessor, zzzUnity.Burst.CodeGen.BurstILPostProcessor

1 processor(s) skipped this assembly

running Unity.Jobs.CodeGen.JobsILPostProcessor
[ 981/1227  0s] ILPostProcess Library/Bee/artifacts/1900b0aE.dag/post-processed/Unity.EditorCoroutines.Editor.dll (+pdb)
Processing assembly Library/Bee/artifacts/1900b0aE.dag/Unity.EditorCoroutines.Editor.dll, with 146 defines and 314 references

processors: Unity.Jobs.CodeGen.JobsILPostProcessor, zzzUnity.Burst.CodeGen.BurstILPostProcessor

1 processor(s) skipped this assembly

running Unity.Jobs.CodeGen.JobsILPostProcessor
[ 982/1227  0s] MovedFromExtractor Library/Bee/artifacts/mvdfrm/Unity.RenderPipelines.Core.Editor.Shared.ref.dll_FAA396FB17B8C1A8.mvfrm
[ 983/1227  0s] Csc Library/Bee/artifacts/1900b0aE.dag/Unity.2D.Animation.Runtime.dll (+2 others)
[           0s] Csc Library/Bee/artifacts/1900b0aE.dag/Unity.2D.Animation.Runtime.dll (+2 others) [CacheWrite 3099ce6ae8ba0af663f5a5efb1d89cf600000000000000000000000000000006]
[ 984/1227  0s] ILPostProcess Library/Bee/artifacts/1900b0aE.dag/post-processed/Unity.PlasticSCM.Editor.Entities.dll (+pdb)
Processing assembly Library/Bee/artifacts/1900b0aE.dag/Unity.PlasticSCM.Editor.Entities.dll, with 146 defines and 315 references

processors: Unity.Jobs.CodeGen.JobsILPostProcessor, zzzUnity.Burst.CodeGen.BurstILPostProcessor

1 processor(s) skipped this assembly

running Unity.Jobs.CodeGen.JobsILPostProcessor
[ 985/1227  3s] ILPostProcess Library/Bee/artifacts/1900b0aE.dag/post-processed/Unity.RenderPipelines.Core.Runtime.dll (+pdb)
Processing assembly Library/Bee/artifacts/1900b0aE.dag/Unity.RenderPipelines.Core.Runtime.dll, with 153 defines and 309 references

processors: Unity.Jobs.CodeGen.JobsILPostProcessor, zzzUnity.Burst.CodeGen.BurstILPostProcessor

1 processor(s) skipped this assembly

running Unity.Jobs.CodeGen.JobsILPostProcessor
[ 986/1227  0s] ILPostProcess Library/Bee/artifacts/1900b0aE.dag/post-processed/Unity.PathTracing.Editor.dll (+pdb)
Processing assembly Library/Bee/artifacts/1900b0aE.dag/Unity.PathTracing.Editor.dll, with 147 defines and 318 references

processors: Unity.Jobs.CodeGen.JobsILPostProcessor, zzzUnity.Burst.CodeGen.BurstILPostProcessor

1 processor(s) skipped this assembly

running Unity.Jobs.CodeGen.JobsILPostProcessor
[ 987/1227  2s] ILPostProcess Library/Bee/artifacts/1900b0aE.dag/post-processed/ScriptablePacker.dll (+pdb)
Processing assembly Library/Bee/artifacts/1900b0aE.dag/ScriptablePacker.dll, with 146 defines and 304 references

processors: Unity.Jobs.CodeGen.JobsILPostProcessor, zzzUnity.Burst.CodeGen.BurstILPostProcessor

running Unity.Jobs.CodeGen.JobsILPostProcessor

running zzzUnity.Burst.CodeGen.BurstILPostProcessor
[ 988/1227  4s] ILPostProcess Library/Bee/artifacts/1900b0aE.dag/post-processed/Unity.InputSystem.dll (+pdb)
Processing assembly Library/Bee/artifacts/1900b0aE.dag/Unity.InputSystem.dll, with 161 defines and 305 references

processors: Unity.Jobs.CodeGen.JobsILPostProcessor, zzzUnity.Burst.CodeGen.BurstILPostProcessor

1 processor(s) skipped this assembly

running Unity.Jobs.CodeGen.JobsILPostProcessor
[ 989/1227  0s] ILPostProcess Library/Bee/artifacts/1900b0aE.dag/post-processed/Unity.2D.Tilemap.Extras.Editor.dll (+pdb)
Processing assembly Library/Bee/artifacts/1900b0aE.dag/Unity.2D.Tilemap.Extras.Editor.dll, with 146 defines and 316 references

processors: Unity.Jobs.CodeGen.JobsILPostProcessor, zzzUnity.Burst.CodeGen.BurstILPostProcessor

1 processor(s) skipped this assembly

running Unity.Jobs.CodeGen.JobsILPostProcessor
[ 990/1227  0s] ILPostProcess Library/Bee/artifacts/1900b0aE.dag/post-processed/Unity.ShaderGraph.Utilities.dll (+pdb)
Processing assembly Library/Bee/artifacts/1900b0aE.dag/Unity.ShaderGraph.Utilities.dll, with 146 defines and 314 references

processors: Unity.Jobs.CodeGen.JobsILPostProcessor, zzzUnity.Burst.CodeGen.BurstILPostProcessor

1 processor(s) skipped this assembly

running Unity.Jobs.CodeGen.JobsILPostProcessor
[ 991/1227  0s] ILPostProcess Library/Bee/artifacts/1900b0aE.dag/post-processed/Unity.InternalAPIEditorBridge.ShaderGraph.Editor.dll (+pdb)
Processing assembly Library/Bee/artifacts/1900b0aE.dag/Unity.InternalAPIEditorBridge.ShaderGraph.Editor.dll, with 146 defines and 314 references

processors: Unity.Jobs.CodeGen.JobsILPostProcessor, zzzUnity.Burst.CodeGen.BurstILPostProcessor

1 processor(s) skipped this assembly

running Unity.Jobs.CodeGen.JobsILPostProcessor
[ 992/1227  0s] ILPostProcess Library/Bee/artifacts/1900b0aE.dag/post-processed/Unity.VisualScripting.Shared.Editor.dll (+pdb)
Processing assembly Library/Bee/artifacts/1900b0aE.dag/Unity.VisualScripting.Shared.Editor.dll, with 146 defines and 320 references

processors: Unity.Jobs.CodeGen.JobsILPostProcessor, zzzUnity.Burst.CodeGen.BurstILPostProcessor

1 processor(s) skipped this assembly

running Unity.Jobs.CodeGen.JobsILPostProcessor
[ 993/1227  0s] MovedFromExtractor Library/Bee/artifacts/mvdfrm/Unity.2D.Animation.Runtime.ref.dll_6747672A37E369F0.mvfrm
[ 994/1227  0s] ILPostProcess Library/Bee/artifacts/1900b0aE.dag/post-processed/Unity.InputSystem.ForUI.Editor.dll (+pdb)
Processing assembly Library/Bee/artifacts/1900b0aE.dag/Unity.InputSystem.ForUI.Editor.dll, with 146 defines and 316 references

processors: Unity.Jobs.CodeGen.JobsILPostProcessor, zzzUnity.Burst.CodeGen.BurstILPostProcessor

1 processor(s) skipped this assembly

running Unity.Jobs.CodeGen.JobsILPostProcessor
[ 995/1227  2s] ILPostProcess Library/Bee/artifacts/1900b0aE.dag/post-processed/Unity.GraphAuthoring.Editor.dll (+pdb)
Processing assembly Library/Bee/artifacts/1900b0aE.dag/Unity.GraphAuthoring.Editor.dll, with 146 defines and 314 references

processors: Unity.Jobs.CodeGen.JobsILPostProcessor, zzzUnity.Burst.CodeGen.BurstILPostProcessor

1 processor(s) skipped this assembly

running Unity.Jobs.CodeGen.JobsILPostProcessor
[ 996/1227  0s] ILPostProcess Library/Bee/artifacts/1900b0aE.dag/post-processed/Unity.CollabProxy.Editor.dll (+pdb)
Processing assembly Library/Bee/artifacts/1900b0aE.dag/Unity.CollabProxy.Editor.dll, with 146 defines and 315 references

processors: Unity.Jobs.CodeGen.JobsILPostProcessor, zzzUnity.Burst.CodeGen.BurstILPostProcessor

1 processor(s) skipped this assembly

running Unity.Jobs.CodeGen.JobsILPostProcessor
[ 997/1227  0s] MovedFromExtractor-Combine Library/Bee/artifacts/1900b0aE.dag/Unity.RenderPipelines.Universal.2D.Runtime.dll.mvfrm
[           0s] Csc Library/Bee/artifacts/1900b0aE.dag/Unity.RenderPipelines.Universal.2D.Runtime.dll (+2 others) [CacheMiss 700ad173cc6b847a25b10674e26ff1e300000000000000000000000000000006]
[ 998/1227  2s] ILPostProcess Library/Bee/artifacts/1900b0aE.dag/post-processed/Unity.Tutorials.Editor.dll (+pdb)
Processing assembly Library/Bee/artifacts/1900b0aE.dag/Unity.Tutorials.Editor.dll, with 146 defines and 319 references

processors: Unity.Jobs.CodeGen.JobsILPostProcessor, zzzUnity.Burst.CodeGen.BurstILPostProcessor

1 processor(s) skipped this assembly

running Unity.Jobs.CodeGen.JobsILPostProcessor
[ 999/1227  0s] ILPostProcess Library/Bee/artifacts/1900b0aE.dag/post-processed/Unity.PlasticSCM.Editor.Assistant.dll (+pdb)
Processing assembly Library/Bee/artifacts/1900b0aE.dag/Unity.PlasticSCM.Editor.Assistant.dll, with 146 defines and 315 references

processors: Unity.Jobs.CodeGen.JobsILPostProcessor, zzzUnity.Burst.CodeGen.BurstILPostProcessor

1 processor(s) skipped this assembly

running Unity.Jobs.CodeGen.JobsILPostProcessor
[1000/1227  0s] MovedFromExtractor-Combine Library/Bee/artifacts/1900b0aE.dag/Unity.2D.Animation.Editor.dll.mvfrm
[1001/1227  0s] ILPostProcess Library/Bee/artifacts/1900b0aE.dag/post-processed/Unity.InputSystem.DocCodeSamples.dll (+pdb)
Processing assembly Library/Bee/artifacts/1900b0aE.dag/Unity.InputSystem.DocCodeSamples.dll, with 146 defines and 301 references

processors: Unity.Jobs.CodeGen.JobsILPostProcessor, zzzUnity.Burst.CodeGen.BurstILPostProcessor

1 processor(s) skipped this assembly

running Unity.Jobs.CodeGen.JobsILPostProcessor
[1002/1227  0s] MovedFromExtractor-Combine Library/Bee/artifacts/1900b0aE.dag/Unity.2D.IK.Runtime.dll.mvfrm
[1003/1227  0s] ILPostProcess Library/Bee/artifacts/1900b0aE.dag/post-processed/Unity.InternalAPIEngineBridge.RenderPipelines.Core.Editor.dll (+pdb)
Processing assembly Library/Bee/artifacts/1900b0aE.dag/Unity.InternalAPIEngineBridge.RenderPipelines.Core.Editor.dll, with 146 defines and 314 references

processors: Unity.Jobs.CodeGen.JobsILPostProcessor, zzzUnity.Burst.CodeGen.BurstILPostProcessor

1 processor(s) skipped this assembly

running Unity.Jobs.CodeGen.JobsILPostProcessor
[           0s] Csc Library/Bee/artifacts/1900b0aE.dag/Unity.2D.IK.Runtime.dll (+2 others) [CacheMiss cdf1d66dcb96efb67ea2d840ee66db5700000000000000000000000000000006]
[1004/1227  0s] Csc Library/Bee/artifacts/1900b0aE.dag/Unity.2D.IK.Runtime.dll (+2 others)
[           0s] Csc Library/Bee/artifacts/1900b0aE.dag/Unity.2D.IK.Runtime.dll (+2 others) [CacheWrite cdf1d66dcb96efb67ea2d840ee66db5700000000000000000000000000000006]
[1005/1227  0s] MovedFromExtractor Library/Bee/artifacts/mvdfrm/Unity.2D.IK.Runtime.ref.dll_16F22BA31A1D34C0.mvfrm
[1006/1227  0s] Csc Library/Bee/artifacts/1900b0aE.dag/Unity.RenderPipelines.Universal.2D.Runtime.dll (+2 others)
[           0s] Csc Library/Bee/artifacts/1900b0aE.dag/Unity.RenderPipelines.Universal.2D.Runtime.dll (+2 others) [CacheWrite 700ad173cc6b847a25b10674e26ff1e300000000000000000000000000000006]
[1007/1227  0s] MovedFromExtractor Library/Bee/artifacts/mvdfrm/Unity.RenderPipelines.Universal.2D.Runtime.ref.dll_D60199621A6AEC70.mvfrm
[1008/1227  0s] MovedFromExtractor-Combine Library/Bee/artifacts/1900b0aE.dag/Unity.2D.Aseprite.Editor.dll.mvfrm
[           0s] Csc Library/Bee/artifacts/1900b0aE.dag/Unity.2D.Aseprite.Editor.dll (+2 others) [CacheMiss ef5239f042b2dd1ac10c1efb4743422600000000000000000000000000000006]
[           0s] Csc Library/Bee/artifacts/1900b0aE.dag/Unity.2D.Animation.Editor.dll (+2 others) [CacheMiss 458c3238d5e02c19879289ea9afd5e5d00000000000000000000000000000006]
[1009/1227  7s] ILPostProcess Library/Bee/artifacts/1900b0aE.dag/post-processed/Unity.Collections.dll (+pdb)
Processing assembly Library/Bee/artifacts/1900b0aE.dag/Unity.Collections.dll, with 150 defines and 307 references

processors: Unity.Jobs.CodeGen.JobsILPostProcessor, zzzUnity.Burst.CodeGen.BurstILPostProcessor

running Unity.Jobs.CodeGen.JobsILPostProcessor

running zzzUnity.Burst.CodeGen.BurstILPostProcessor
[1010/1227  2s] ILPostProcess Library/Bee/artifacts/1900b0aE.dag/post-processed/Unity.RenderPipelines.Universal.Runtime.dll (+pdb)
Processing assembly Library/Bee/artifacts/1900b0aE.dag/Unity.RenderPipelines.Universal.Runtime.dll, with 157 defines and 316 references

processors: Unity.Jobs.CodeGen.JobsILPostProcessor, zzzUnity.Burst.CodeGen.BurstILPostProcessor

running Unity.Jobs.CodeGen.JobsILPostProcessor

running zzzUnity.Burst.CodeGen.BurstILPostProcessor
[1011/1227  1s] ILPostProcess Library/Bee/artifacts/1900b0aE.dag/post-processed/Unity.Searcher.Editor.dll (+pdb)
Processing assembly Library/Bee/artifacts/1900b0aE.dag/Unity.Searcher.Editor.dll, with 146 defines and 314 references

processors: Unity.Jobs.CodeGen.JobsILPostProcessor, zzzUnity.Burst.CodeGen.BurstILPostProcessor

1 processor(s) skipped this assembly

running Unity.Jobs.CodeGen.JobsILPostProcessor
[1012/1227  1s] ILPostProcess Library/Bee/artifacts/1900b0aE.dag/post-processed/UnityEditor.UI.dll (+pdb)
Processing assembly Library/Bee/artifacts/1900b0aE.dag/UnityEditor.UI.dll, with 149 defines and 313 references

processors: Unity.Jobs.CodeGen.JobsILPostProcessor, zzzUnity.Burst.CodeGen.BurstILPostProcessor

1 processor(s) skipped this assembly

running Unity.Jobs.CodeGen.JobsILPostProcessor
[1013/1227  2s] ILPostProcess Library/Bee/artifacts/1900b0aE.dag/post-processed/Unity.2D.Common.Editor.dll (+pdb)
Processing assembly Library/Bee/artifacts/1900b0aE.dag/Unity.2D.Common.Editor.dll, with 146 defines and 318 references

processors: Unity.Jobs.CodeGen.JobsILPostProcessor, zzzUnity.Burst.CodeGen.BurstILPostProcessor

running Unity.Jobs.CodeGen.JobsILPostProcessor

running zzzUnity.Burst.CodeGen.BurstILPostProcessor
[1014/1227  1s] ILPostProcess Library/Bee/artifacts/1900b0aE.dag/post-processed/Unity.2D.Sprite.Editor.dll (+pdb)
Processing assembly Library/Bee/artifacts/1900b0aE.dag/Unity.2D.Sprite.Editor.dll, with 146 defines and 314 references

processors: Unity.Jobs.CodeGen.JobsILPostProcessor, zzzUnity.Burst.CodeGen.BurstILPostProcessor

1 processor(s) skipped this assembly

running Unity.Jobs.CodeGen.JobsILPostProcessor
[1015/1227  1s] ILPostProcess Library/Bee/artifacts/1900b0aE.dag/post-processed/Unity.Settings.Editor.dll (+pdb)
Processing assembly Library/Bee/artifacts/1900b0aE.dag/Unity.Settings.Editor.dll, with 146 defines and 314 references

processors: Unity.Jobs.CodeGen.JobsILPostProcessor, zzzUnity.Burst.CodeGen.BurstILPostProcessor

1 processor(s) skipped this assembly

running Unity.Jobs.CodeGen.JobsILPostProcessor
[1016/1227  2s] ILPostProcess Library/Bee/artifacts/1900b0aE.dag/post-processed/Unity.VisualScripting.Flow.Editor.dll (+pdb)
Processing assembly Library/Bee/artifacts/1900b0aE.dag/Unity.VisualScripting.Flow.Editor.dll, with 148 defines and 318 references

processors: Unity.Jobs.CodeGen.JobsILPostProcessor, zzzUnity.Burst.CodeGen.BurstILPostProcessor

1 processor(s) skipped this assembly

running Unity.Jobs.CodeGen.JobsILPostProcessor
[1017/1227  0s] CopyFiles Library/ScriptAssemblies/Unity.InternalAPIEngineBridge.001.dll
[1018/1227  0s] CopyFiles Library/ScriptAssemblies/Unity.2D.Animation.Profiler.dll
[1019/1227  0s] CopyFiles Library/ScriptAssemblies/Unity.InputSystem.TestFramework.dll
[1020/1227  0s] CopyFiles Library/ScriptAssemblies/Unity.RenderPipelines.Core.Runtime.Shared.dll
[1021/1227  0s] CopyFiles Library/ScriptAssemblies/Unity.Collections.Tests.CoreCLR.ProtectedJobNested.dll
[1022/1227  0s] CopyFiles Library/ScriptAssemblies/Unity.2D.Common.Runtime.dll
[1023/1227  0s] CopyFiles Library/ScriptAssemblies/Unity.UnifiedRayTracing.Runtime.dll
[1024/1227  0s] CopyFiles Library/ScriptAssemblies/Unity.RenderPipelines.Universal.Shaders.dll
[1025/1227  0s] CopyFiles Library/ScriptAssemblies/UnityEngine.UI.dll
[1026/1227  0s] CopyFiles Library/ScriptAssemblies/Unity.PerformanceTesting.dll
[1027/1227  0s] CopyFiles Library/ScriptAssemblies/Unity.2D.SpriteShape.Runtime.dll
[1028/1227  0s] CopyFiles Library/ScriptAssemblies/Unity.Collections.dll
[1029/1227  0s] CopyFiles Library/ScriptAssemblies/UnityEngine.TestRunner.dll
[1030/1227  0s] CopyFiles Library/ScriptAssemblies/Unity.InternalAPIEngineBridge.004.dll
[1031/1227  0s] CopyFiles Library/ScriptAssemblies/Unity.RenderPipelines.Universal.Config.Runtime.dll
[1032/1227  0s] CopyFiles Library/ScriptAssemblies/Unity.Mathematics.dll
[1033/1227  0s] CopyFiles Library/ScriptAssemblies/Unity.RenderPipelines.GPUDriven.Runtime.dll
[1034/1227  0s] CopyFiles Library/ScriptAssemblies/Unity.TextMeshPro.dll
[1035/1227  0s] CopyFiles Library/ScriptAssemblies/Unity.2D.Welcome.dll
[1036/1227  0s] CopyFiles Library/ScriptAssemblies/Unity.Collections.Tests.CoreCLR.PublicJobPrivateGeneric.dll
[1037/1227  0s] CopyFiles Library/ScriptAssemblies/Unity.VisualScripting.Flow.dll
[1038/1227  0s] CopyFiles Library/ScriptAssemblies/Unity.RenderPipeline.Universal.ShaderLibrary.dll
[1039/1227  0s] CopyFiles Library/ScriptAssemblies/Unity.VisualScripting.DocCodeExamples.dll
[1040/1227  0s] CopyFiles Library/ScriptAssemblies/Unity.InternalAPIEngineBridge.ObjectDispatcher.Runtime.dll
[1041/1227  0s] CopyFiles Library/ScriptAssemblies/Unity.InputSystem.dll
[1042/1227  0s] CopyFiles Library/ScriptAssemblies/Unity.SurfaceCache.Runtime.dll
[1043/1227  0s] CopyFiles Library/ScriptAssemblies/Unity.2D.Tilemap.Extras.dll
[1044/1227  0s] CopyFiles Library/ScriptAssemblies/Unity.RenderPipelines.Core.ShaderLibrary.dll
[1045/1227  0s] CopyFiles Library/ScriptAssemblies/Unity.Burst.dll
[1046/1227  0s] CopyFiles Library/ScriptAssemblies/Unity.InputSystem.ForUI.dll
[1047/1227  0s] CopyFiles Library/ScriptAssemblies/Unity.Collections.Tests.CoreCLR.InternalJobNestedPrivate.dll
[1048/1227  0s] CopyFiles Library/ScriptAssemblies/Unity.Tutorials.dll
[1049/1227  0s] CopyFiles Library/ScriptAssemblies/Unity.RenderPipelines.ShaderGraph.ShaderGraphLibrary.dll
[1050/1227  0s] CopyFiles Library/ScriptAssemblies/Unity.VisualScripting.Core.dll
[1051/1227  0s] CopyFiles Library/ScriptAssemblies/Unity.Collections.Tests.CoreCLR.PrivateJobNested.dll
[1052/1227  0s] CopyFiles Library/ScriptAssemblies/Unity.InternalAPIEngineBridge.RenderPipelines.Core.Runtime.Shared.dll
[1053/1227  0s] CopyFiles Library/ScriptAssemblies/Unity.PathTracing.Runtime.dll
[1054/1227  0s] CopyFiles Library/ScriptAssemblies/Unity.VisualScripting.State.dll
[1055/1227  0s] CopyFiles Library/ScriptAssemblies/Unity.Profiling.Core.dll
[1056/1227  0s] CopyFiles Library/ScriptAssemblies/Unity.Timeline.dll
[1057/1227  0s] CopyFiles Library/ScriptAssemblies/Unity.RenderPipelines.Core.Runtime.dll
[1058/1227  0s] CopyFiles Library/ScriptAssemblies/Unity.VisualScripting.Flow.Editor.pdb
[1059/1227  0s] CopyFiles Library/ScriptAssemblies/Unity.2D.Sprite.Editor.pdb
[1060/1227  0s] CopyFiles Library/ScriptAssemblies/UnityEditor.UI.pdb
[1061/1227  0s] CopyFiles Library/ScriptAssemblies/Unity.Searcher.Editor.pdb
[1062/1227  0s] CopyFiles Library/ScriptAssemblies/Unity.2D.Sprite.Editor.dll
[1063/1227  0s] CopyFiles Library/ScriptAssemblies/Unity.Settings.Editor.pdb
[1064/1227  0s] CopyFiles Library/ScriptAssemblies/Unity.Searcher.Editor.dll
[1065/1227  0s] CopyFiles Library/ScriptAssemblies/Unity.Settings.Editor.dll
[1066/1227  0s] CopyFiles Library/ScriptAssemblies/Unity.VisualScripting.Flow.Editor.dll
[1067/1227  0s] CopyFiles Library/ScriptAssemblies/Unity.2D.Common.Editor.dll
[1068/1227  0s] CopyFiles Library/ScriptAssemblies/Unity.2D.Common.Editor.pdb
[1069/1227  0s] CopyFiles Library/ScriptAssemblies/Unity.RenderPipelines.Universal.Runtime.pdb
[1070/1227  0s] CopyFiles Library/ScriptAssemblies/Unity.InternalAPIEngineBridge.RenderPipelines.Core.Editor.dll
[1071/1227  0s] CopyFiles Library/ScriptAssemblies/Unity.Collections.pdb
[1072/1227  0s] CopyFiles Library/ScriptAssemblies/Unity.InternalAPIEngineBridge.RenderPipelines.Core.Editor.pdb
[1073/1227  0s] CopyFiles Library/ScriptAssemblies/Unity.InputSystem.DocCodeSamples.dll
[1074/1227  0s] CopyFiles Library/ScriptAssemblies/Unity.InputSystem.DocCodeSamples.pdb
[1075/1227  0s] CopyFiles Library/ScriptAssemblies/Unity.Tutorials.Editor.dll
[1076/1227  0s] CopyFiles Library/ScriptAssemblies/Unity.Tutorials.Editor.pdb
[1077/1227  0s] CopyFiles Library/ScriptAssemblies/Unity.PlasticSCM.Editor.Assistant.dll
[1078/1227  0s] CopyFiles Library/ScriptAssemblies/Unity.PlasticSCM.Editor.Assistant.pdb
[1079/1227  0s] CopyFiles Library/ScriptAssemblies/Unity.CollabProxy.Editor.dll
[1080/1227  0s] CopyFiles Library/ScriptAssemblies/Unity.CollabProxy.Editor.pdb
[1081/1227  0s] CopyFiles Library/ScriptAssemblies/Unity.GraphAuthoring.Editor.pdb
[1082/1227  0s] CopyFiles Library/ScriptAssemblies/Unity.GraphAuthoring.Editor.dll
[1083/1227  0s] CopyFiles Library/ScriptAssemblies/Unity.InputSystem.ForUI.Editor.dll
[1084/1227  0s] CopyFiles Library/ScriptAssemblies/Unity.InputSystem.ForUI.Editor.pdb
[1085/1227  0s] CopyFiles Library/ScriptAssemblies/Unity.VisualScripting.Shared.Editor.dll
[1086/1227  0s] CopyFiles Library/ScriptAssemblies/ScriptablePacker.dll
[1087/1227  0s] CopyFiles Library/ScriptAssemblies/Unity.VisualScripting.Shared.Editor.pdb
[1088/1227  0s] CopyFiles Library/ScriptAssemblies/ScriptablePacker.pdb
[1089/1227  0s] CopyFiles Library/ScriptAssemblies/Unity.ShaderGraph.Utilities.pdb
[1090/1227  0s] CopyFiles Library/ScriptAssemblies/Unity.ShaderGraph.Utilities.dll
[1091/1227  0s] CopyFiles Library/ScriptAssemblies/Unity.PathTracing.Editor.pdb
[1092/1227  0s] CopyFiles Library/ScriptAssemblies/Unity.PathTracing.Editor.dll
[1093/1227  0s] CopyFiles Library/ScriptAssemblies/Unity.2D.Tilemap.Extras.Editor.dll
[1094/1227  0s] CopyFiles Library/ScriptAssemblies/Unity.2D.Tilemap.Extras.Editor.pdb
[1095/1227  0s] CopyFiles Library/ScriptAssemblies/Unity.InternalAPIEditorBridge.ShaderGraph.Editor.pdb
[1096/1227  0s] CopyFiles Library/ScriptAssemblies/Unity.InternalAPIEditorBridge.ShaderGraph.Editor.dll
[1097/1227  0s] CopyFiles Library/ScriptAssemblies/Unity.InputSystem.pdb
[1098/1227  0s] CopyFiles Library/ScriptAssemblies/Unity.PlasticSCM.Editor.Entities.dll
[1099/1227  0s] CopyFiles Library/ScriptAssemblies/Unity.RenderPipelines.Core.Runtime.pdb
[1100/1227  0s] CopyFiles Library/ScriptAssemblies/Unity.PlasticSCM.Editor.Entities.pdb
[1101/1227  0s] CopyFiles Library/ScriptAssemblies/Unity.EditorCoroutines.Editor.dll
[1102/1227  0s] CopyFiles Library/ScriptAssemblies/Unity.EditorCoroutines.Editor.pdb
[1103/1227  0s] CopyFiles Library/ScriptAssemblies/Unity.2D.SpriteShape.Editor.pdb
[1104/1227  0s] CopyFiles Library/ScriptAssemblies/Unity.2D.SpriteShape.Editor.dll
[1105/1227  0s] CopyFiles Library/ScriptAssemblies/Unity.2D.Aseprite.Common.dll
[1106/1227  0s] CopyFiles Library/ScriptAssemblies/Unity.2D.Tilemap.Editor.pdb
[1107/1227  0s] CopyFiles Library/ScriptAssemblies/Unity.2D.Aseprite.Common.pdb
[1108/1227  0s] CopyFiles Library/ScriptAssemblies/Unity.2D.Tilemap.Editor.dll
[1109/1227  0s] CopyFiles Library/ScriptAssemblies/Unity.PathTracing.Runtime.pdb
[1110/1227  0s] CopyFiles Library/ScriptAssemblies/Unity.VisualScripting.Core.pdb
[1111/1227  0s] CopyFiles Library/ScriptAssemblies/UnityEngine.UI.pdb
[1112/1227  0s] CopyFiles Library/ScriptAssemblies/Unity.TextMeshPro.Editor.pdb
[1113/1227  0s] CopyFiles Library/ScriptAssemblies/Unity.TextMeshPro.Editor.dll
[1114/1227  0s] CopyFiles Library/ScriptAssemblies/Unity.VisualScripting.State.Editor.dll
[1115/1227  0s] CopyFiles Library/ScriptAssemblies/Unity.VisualScripting.State.Editor.pdb
[1116/1227  0s] CopyFiles Library/ScriptAssemblies/Unity.2D.Tooling.Editor.pdb
[1117/1227  0s] CopyFiles Library/ScriptAssemblies/Unity.2D.Tooling.Editor.dll
[1118/1227  0s] CopyFiles Library/ScriptAssemblies/PsdPlugin.pdb
[1119/1227  0s] CopyFiles Library/ScriptAssemblies/Unity.2D.Triangulation.Runtime.dll
[1120/1227  0s] CopyFiles Library/ScriptAssemblies/Unity.2D.Triangulation.Runtime.pdb
[1121/1227  0s] CopyFiles Library/ScriptAssemblies/Unity.2D.Common.Path.Editor.pdb
[1122/1227  0s] CopyFiles Library/ScriptAssemblies/Unity.2D.Common.Path.Editor.dll
[1123/1227  0s] CopyFiles Library/ScriptAssemblies/Unity.Collections.Editor.pdb
[1124/1227  0s] CopyFiles Library/ScriptAssemblies/Unity.RenderPipelines.GPUDriven.Runtime.pdb
[1125/1227  0s] CopyFiles Library/ScriptAssemblies/Unity.Collections.Editor.dll
[1126/1227  0s] CopyFiles Library/ScriptAssemblies/UnityEditor.UI.Analytics.dll
[1127/1227  0s] CopyFiles Library/ScriptAssemblies/Unity.InternalAPIEditorBridge.007.dll
[1128/1227  0s] CopyFiles Library/ScriptAssemblies/Unity.RenderPipelines.Universal.Runtime.dll
[1129/1227  0s] CopyFiles Library/ScriptAssemblies/UnityEditor.UI.Analytics.pdb
[1130/1227  0s] CopyFiles Library/ScriptAssemblies/Unity.InternalAPIEditorBridge.007.pdb
[1131/1227  0s] CopyFiles Library/ScriptAssemblies/Unity.SurfaceCache.Runtime.pdb
[1132/1227  0s] CopyFiles Library/ScriptAssemblies/Unity.2D.SpriteShape.Runtime.pdb
[1133/1227  0s] CopyFiles Library/ScriptAssemblies/Unity.InternalAPIEngineBridge.007.pdb
[1134/1227  0s] CopyFiles Library/ScriptAssemblies/Unity.Rendering.LightTransport.Editor.pdb
[1135/1227  0s] CopyFiles Library/ScriptAssemblies/Unity.InternalAPIEngineBridge.007.dll
[1136/1227  0s] CopyFiles Library/ScriptAssemblies/Unity.Rendering.LightTransport.Editor.dll
[1137/1227  0s] CopyFiles Library/ScriptAssemblies/Unity.RenderPipelines.Core.Runtime.Shared.pdb
[1138/1227  0s] CopyFiles Library/ScriptAssemblies/Unity.VisualScripting.SettingsProvider.Editor.pdb
[1139/1227  0s] CopyFiles Library/ScriptAssemblies/Unity.InternalAPIEngineBridge.004.pdb
[1140/1227  0s] CopyFiles Library/ScriptAssemblies/Unity.VisualScripting.SettingsProvider.Editor.dll
[1141/1227  0s] CopyFiles Library/ScriptAssemblies/Unity.Timeline.pdb
[1142/1227  0s] CopyFiles Library/ScriptAssemblies/Unity.RenderPipeline.Universal.ShaderLibrary.pdb
[1143/1227  0s] CopyFiles Library/ScriptAssemblies/Unity.RenderPipelines.Universal.Config.Runtime.pdb
[1144/1227  0s] CopyFiles Library/ScriptAssemblies/Unity.UnifiedRayTracing.Runtime.pdb
[1145/1227  0s] CopyFiles Library/ScriptAssemblies/Unity.Collections.Tests.CoreCLR.PublicJobPrivateGeneric.pdb
[1146/1227  0s] CopyFiles Library/ScriptAssemblies/Unity.InternalAPIEngineBridge.RenderPipelines.Core.Runtime.Shared.pdb
[1147/1227  0s] CopyFiles Library/ScriptAssemblies/Unity.InputSystem.ForUI.pdb
[1148/1227  0s] CopyFiles Library/ScriptAssemblies/Unity.RenderPipelines.Universal.Shaders.pdb
[1149/1227  0s] CopyFiles Library/ScriptAssemblies/Unity.TextMeshPro.pdb
[1150/1227  0s] CopyFiles Library/ScriptAssemblies/Unity.VisualScripting.Flow.pdb
[1151/1227  0s] CopyFiles Library/ScriptAssemblies/Unity.2D.Animation.Profiler.pdb
[1152/1227  0s] CopyFiles Library/ScriptAssemblies/Unity.RenderPipelines.ShaderGraph.ShaderGraphLibrary.pdb
[1153/1227  0s] CopyFiles Library/ScriptAssemblies/Unity.Collections.Tests.CoreCLR.ProtectedJobNested.pdb
[1154/1227  0s] CopyFiles Library/ScriptAssemblies/Unity.2D.Tilemap.Extras.pdb
[1155/1227  0s] CopyFiles Library/ScriptAssemblies/Unity.RenderPipelines.Core.ShaderLibrary.pdb
[1156/1227  0s] CopyFiles Library/ScriptAssemblies/PsdPlugin.dll
[1157/1227  0s] CopyFiles Library/ScriptAssemblies/Unity.2D.Common.Runtime.pdb
[1158/1227  0s] CopyFiles Library/ScriptAssemblies/UnityEngine.TestRunner.pdb
[1159/1227  0s] CopyFiles Library/ScriptAssemblies/Unity.Collections.Tests.CoreCLR.PrivateJobNested.pdb
[1160/1227  0s] CopyFiles Library/ScriptAssemblies/Unity.VisualScripting.State.pdb
[1161/1227  0s] CopyFiles Library/ScriptAssemblies/Unity.PerformanceTesting.pdb
[1162/1227  0s] CopyFiles Library/ScriptAssemblies/Unity.InputSystem.TestFramework.pdb
[1163/1227  0s] CopyFiles Library/ScriptAssemblies/Unity.Collections.Tests.CoreCLR.InternalJobNestedPrivate.pdb
[1164/1227  0s] CopyFiles Library/ScriptAssemblies/Unity.Mathematics.pdb
[1165/1227  0s] CopyFiles Library/ScriptAssemblies/Unity.Tutorials.pdb
[1166/1227  0s] CopyFiles Library/ScriptAssemblies/Unity.Burst.pdb
[1167/1227  0s] CopyFiles Library/ScriptAssemblies/Unity.InternalAPIEngineBridge.001.pdb
[1168/1227  0s] CopyFiles Library/ScriptAssemblies/Unity.InternalAPIEngineBridge.ObjectDispatcher.Runtime.pdb
[1169/1227  0s] CopyFiles Library/ScriptAssemblies/Unity.2D.Welcome.pdb
[1170/1227  0s] CopyFiles Library/ScriptAssemblies/Unity.VisualScripting.DocCodeExamples.pdb
[1171/1227  0s] CopyFiles Library/ScriptAssemblies/Unity.Profiling.Core.pdb
[1172/1227  2s] ILPostProcess Library/Bee/artifacts/1900b0aE.dag/post-processed/UnityEditor.TestRunner.dll (+pdb)
Processing assembly Library/Bee/artifacts/1900b0aE.dag/UnityEditor.TestRunner.dll, with 147 defines and 301 references

processors: Unity.Jobs.CodeGen.JobsILPostProcessor, zzzUnity.Burst.CodeGen.BurstILPostProcessor

1 processor(s) skipped this assembly

running Unity.Jobs.CodeGen.JobsILPostProcessor
[1173/1227  1s] ILPostProcess Library/Bee/artifacts/1900b0aE.dag/post-processed/Unity.PerformanceTesting.Editor.dll (+pdb)
Processing assembly Library/Bee/artifacts/1900b0aE.dag/Unity.PerformanceTesting.Editor.dll, with 147 defines and 301 references

processors: Unity.Jobs.CodeGen.JobsILPostProcessor, zzzUnity.Burst.CodeGen.BurstILPostProcessor

1 processor(s) skipped this assembly

running Unity.Jobs.CodeGen.JobsILPostProcessor
[1174/1227  0s] CopyFiles Library/ScriptAssemblies/UnityEditor.UI.dll
[1175/1227  0s] CopyFiles Library/ScriptAssemblies/UnityEditor.TestRunner.pdb
[1176/1227  0s] CopyFiles Library/ScriptAssemblies/UnityEditor.TestRunner.dll
[1177/1227  0s] CopyFiles Library/ScriptAssemblies/Unity.PerformanceTesting.Editor.pdb
[1178/1227  2s] ILPostProcess Library/Bee/artifacts/1900b0aE.dag/post-processed/Unity.2D.Animation.Runtime.dll (+pdb)
Processing assembly Library/Bee/artifacts/1900b0aE.dag/Unity.2D.Animation.Runtime.dll, with 151 defines and 313 references

processors: Unity.Jobs.CodeGen.JobsILPostProcessor, zzzUnity.Burst.CodeGen.BurstILPostProcessor

running Unity.Jobs.CodeGen.JobsILPostProcessor

running zzzUnity.Burst.CodeGen.BurstILPostProcessor
[1179/1227  0s] ILPostProcess Library/Bee/artifacts/1900b0aE.dag/post-processed/Unity.2D.Animation.Profiler.Editor.dll (+pdb)
Processing assembly Library/Bee/artifacts/1900b0aE.dag/Unity.2D.Animation.Profiler.Editor.dll, with 147 defines and 316 references

processors: Unity.Jobs.CodeGen.JobsILPostProcessor, zzzUnity.Burst.CodeGen.BurstILPostProcessor

1 processor(s) skipped this assembly

running Unity.Jobs.CodeGen.JobsILPostProcessor
[1180/1227  0s] ILPostProcess Library/Bee/artifacts/1900b0aE.dag/post-processed/Unity.InternalAPIEditorBridge.001.dll (+pdb)
Processing assembly Library/Bee/artifacts/1900b0aE.dag/Unity.InternalAPIEditorBridge.001.dll, with 147 defines and 315 references

processors: Unity.Jobs.CodeGen.JobsILPostProcessor, zzzUnity.Burst.CodeGen.BurstILPostProcessor

1 processor(s) skipped this assembly

running Unity.Jobs.CodeGen.JobsILPostProcessor
[1181/1227  0s] CopyFiles Library/ScriptAssemblies/Unity.2D.Animation.Runtime.pdb
[1182/1227  0s] CopyFiles Library/ScriptAssemblies/Unity.2D.Animation.Profiler.Editor.pdb
[1183/1227  0s] CopyFiles Library/ScriptAssemblies/Unity.InternalAPIEditorBridge.001.pdb
[1184/1227  0s] CopyFiles Library/ScriptAssemblies/Unity.PerformanceTesting.Editor.dll
[1185/1227  0s] CopyFiles Library/ScriptAssemblies/Unity.2D.Animation.Profiler.Editor.dll
[1186/1227  1s] ILPostProcess Library/Bee/artifacts/1900b0aE.dag/post-processed/Unity.RenderPipelines.Core.Editor.Shared.dll (+pdb)
Processing assembly Library/Bee/artifacts/1900b0aE.dag/Unity.RenderPipelines.Core.Editor.Shared.dll, with 146 defines and 321 references

processors: Unity.Jobs.CodeGen.JobsILPostProcessor, zzzUnity.Burst.CodeGen.BurstILPostProcessor

1 processor(s) skipped this assembly

running Unity.Jobs.CodeGen.JobsILPostProcessor
[1187/1227  0s] CopyFiles Library/ScriptAssemblies/Unity.InternalAPIEditorBridge.001.dll
[1188/1227  0s] CopyFiles Library/ScriptAssemblies/Unity.RenderPipelines.Core.Editor.Shared.pdb
[1189/1227  0s] CopyFiles Library/ScriptAssemblies/Unity.2D.Animation.Runtime.dll
[1190/1227  0s] Csc Library/Bee/artifacts/1900b0aE.dag/Unity.2D.Aseprite.Editor.dll (+2 others)
[1191/1227  0s] CopyFiles Library/ScriptAssemblies/Unity.RenderPipelines.Core.Editor.Shared.dll
[           0s] Csc Library/Bee/artifacts/1900b0aE.dag/Unity.2D.Aseprite.Editor.dll (+2 others) [CacheWrite ef5239f042b2dd1ac10c1efb4743422600000000000000000000000000000006]
[1192/1227  1s] ILPostProcess Library/Bee/artifacts/1900b0aE.dag/post-processed/Unity.2D.IK.Runtime.dll (+pdb)
Processing assembly Library/Bee/artifacts/1900b0aE.dag/Unity.2D.IK.Runtime.dll, with 148 defines and 309 references

processors: Unity.Jobs.CodeGen.JobsILPostProcessor, zzzUnity.Burst.CodeGen.BurstILPostProcessor

running Unity.Jobs.CodeGen.JobsILPostProcessor

running zzzUnity.Burst.CodeGen.BurstILPostProcessor
[1193/1227  0s] CopyFiles Library/ScriptAssemblies/Unity.2D.IK.Runtime.pdb
[1194/1227  0s] CopyFiles Library/ScriptAssemblies/Unity.2D.IK.Runtime.dll
[1195/1227  3s] Csc Library/Bee/artifacts/1900b0aE.dag/Unity.ShaderGraph.Editor.dll (+2 others)
[           0s] Csc Library/Bee/artifacts/1900b0aE.dag/Unity.ShaderGraph.Editor.dll (+2 others) [CacheWrite ae4f17e017785d06e5fc6dd33e49a42c00000000000000000000000000000006]
[1196/1227  0s] MovedFromExtractor Library/Bee/artifacts/mvdfrm/Unity.ShaderGraph.Editor.ref.dll_0F50152946DB09D0.mvfrm
[1197/1227  0s] MovedFromExtractor-Combine Library/Bee/artifacts/1900b0aE.dag/Unity.RenderPipelines.Universal.Editor.dll.mvfrm
[1198/1227  0s] MovedFromExtractor-Combine Library/Bee/artifacts/1900b0aE.dag/Unity.RenderPipelines.Universal.2D.Editor.Overrides.dll.mvfrm
[           0s] Csc Library/Bee/artifacts/1900b0aE.dag/Unity.RenderPipelines.Universal.2D.Editor.Overrides.dll (+2 others) [CacheMiss c725aa01498255c67b34eb9a5f5a427500000000000000000000000000000006]
[           0s] Csc Library/Bee/artifacts/1900b0aE.dag/Unity.RenderPipelines.Universal.Editor.dll (+2 others) [CacheMiss 5e243a42e29e329541cda8f0a0c400f700000000000000000000000000000006]
[1199/1227  1s] Csc Library/Bee/artifacts/1900b0aE.dag/Unity.2D.Animation.Editor.dll (+2 others)
[           0s] Csc Library/Bee/artifacts/1900b0aE.dag/Unity.2D.Animation.Editor.dll (+2 others) [CacheWrite 458c3238d5e02c19879289ea9afd5e5d00000000000000000000000000000006]
[1200/1227  0s] MovedFromExtractor Library/Bee/artifacts/mvdfrm/Unity.2D.Animation.Editor.ref.dll_A13BD6459BB26E0B.mvfrm
[1201/1227  0s] Csc Library/Bee/artifacts/1900b0aE.dag/Unity.RenderPipelines.Universal.2D.Editor.Overrides.dll (+2 others)
[           0s] Csc Library/Bee/artifacts/1900b0aE.dag/Unity.RenderPipelines.Universal.2D.Editor.Overrides.dll (+2 others) [CacheWrite c725aa01498255c67b34eb9a5f5a427500000000000000000000000000000006]
[1202/1227  0s] MovedFromExtractor-Combine Library/Bee/artifacts/1900b0aE.dag/Unity.2D.IK.Editor.dll.mvfrm
[1203/1227  0s] MovedFromExtractor-Combine Library/Bee/artifacts/1900b0aE.dag/Unity.2D.Psdimporter.Editor.dll.mvfrm
[           0s] Csc Library/Bee/artifacts/1900b0aE.dag/Unity.2D.IK.Editor.dll (+2 others) [CacheMiss d8a98f845ef7e96dbe07ceece156497e00000000000000000000000000000006]
[1204/1227  1s] ILPostProcess Library/Bee/artifacts/1900b0aE.dag/post-processed/Unity.RenderPipelines.Universal.2D.Runtime.dll (+pdb)
Processing assembly Library/Bee/artifacts/1900b0aE.dag/Unity.RenderPipelines.Universal.2D.Runtime.dll, with 155 defines and 314 references

processors: Unity.Jobs.CodeGen.JobsILPostProcessor, zzzUnity.Burst.CodeGen.BurstILPostProcessor

running Unity.Jobs.CodeGen.JobsILPostProcessor

running zzzUnity.Burst.CodeGen.BurstILPostProcessor
[1205/1227  0s] ILPostProcess Library/Bee/artifacts/1900b0aE.dag/post-processed/Unity.RenderPipelines.Universal.2D.Editor.Overrides.dll (+pdb)
Processing assembly Library/Bee/artifacts/1900b0aE.dag/Unity.RenderPipelines.Universal.2D.Editor.Overrides.dll, with 148 defines and 323 references

processors: Unity.Jobs.CodeGen.JobsILPostProcessor, zzzUnity.Burst.CodeGen.BurstILPostProcessor

1 processor(s) skipped this assembly

running Unity.Jobs.CodeGen.JobsILPostProcessor
[1206/1227  3s] ILPostProcess Library/Bee/artifacts/1900b0aE.dag/post-processed/Unity.VisualScripting.Core.Editor.dll (+pdb)
Processing assembly Library/Bee/artifacts/1900b0aE.dag/Unity.VisualScripting.Core.Editor.dll, with 146 defines and 315 references

processors: Unity.Jobs.CodeGen.JobsILPostProcessor, zzzUnity.Burst.CodeGen.BurstILPostProcessor

1 processor(s) skipped this assembly

running Unity.Jobs.CodeGen.JobsILPostProcessor
[1207/1227  0s] CopyFiles Library/ScriptAssemblies/Unity.RenderPipelines.Universal.2D.Runtime.pdb
[1208/1227  0s] CopyFiles Library/ScriptAssemblies/Unity.RenderPipelines.Universal.2D.Editor.Overrides.dll
[1209/1227  0s] CopyFiles Library/ScriptAssemblies/Unity.RenderPipelines.Universal.2D.Editor.Overrides.pdb
[1210/1227  0s] CopyFiles Library/ScriptAssemblies/Unity.VisualScripting.Core.Editor.pdb
[1211/1227  0s] CopyFiles Library/ScriptAssemblies/Unity.VisualScripting.Core.Editor.dll
[1212/1227  0s] CopyFiles Library/ScriptAssemblies/Unity.RenderPipelines.Universal.2D.Runtime.dll
[           0s] Csc Library/Bee/artifacts/1900b0aE.dag/Unity.2D.Psdimporter.Editor.dll (+2 others) [CacheMiss c8779888a24a3e4eb10d592dfdc4836d00000000000000000000000000000006]
[1213/1227  0s] Csc Library/Bee/artifacts/1900b0aE.dag/Unity.2D.IK.Editor.dll (+2 others)
[1214/1227  3s] ILPostProcess Library/Bee/artifacts/1900b0aE.dag/post-processed/Unity.RenderPipelines.Core.Editor.dll (+pdb)
Processing assembly Library/Bee/artifacts/1900b0aE.dag/Unity.RenderPipelines.Core.Editor.dll, with 150 defines and 323 references

processors: Unity.Jobs.CodeGen.JobsILPostProcessor, zzzUnity.Burst.CodeGen.BurstILPostProcessor

1 processor(s) skipped this assembly

running Unity.Jobs.CodeGen.JobsILPostProcessor
[1215/1227  0s] CopyFiles Library/ScriptAssemblies/Unity.RenderPipelines.Core.Editor.pdb
[           0s] Csc Library/Bee/artifacts/1900b0aE.dag/Unity.2D.IK.Editor.dll (+2 others) [CacheWrite d8a98f845ef7e96dbe07ceece156497e00000000000000000000000000000006]
[1216/1227  3s] ILPostProcess Library/Bee/artifacts/1900b0aE.dag/post-processed/Unity.Timeline.Editor.dll (+pdb)
Processing assembly Library/Bee/artifacts/1900b0aE.dag/Unity.Timeline.Editor.dll, with 147 defines and 315 references

processors: Unity.Jobs.CodeGen.JobsILPostProcessor, zzzUnity.Burst.CodeGen.BurstILPostProcessor

1 processor(s) skipped this assembly

running Unity.Jobs.CodeGen.JobsILPostProcessor
[1217/1227  0s] CopyFiles Library/ScriptAssemblies/Unity.Timeline.Editor.pdb
[1218/1227  0s] CopyFiles Library/ScriptAssemblies/Unity.RenderPipelines.Core.Editor.dll
[1219/1227  0s] CopyFiles Library/ScriptAssemblies/Unity.Timeline.Editor.dll
[1220/1227  1s] ILPostProcess Library/Bee/artifacts/1900b0aE.dag/post-processed/Unity.2D.Aseprite.Editor.dll (+pdb)
Processing assembly Library/Bee/artifacts/1900b0aE.dag/Unity.2D.Aseprite.Editor.dll, with 148 defines and 324 references

processors: Unity.Jobs.CodeGen.JobsILPostProcessor, zzzUnity.Burst.CodeGen.BurstILPostProcessor

running Unity.Jobs.CodeGen.JobsILPostProcessor

running zzzUnity.Burst.CodeGen.BurstILPostProcessor
[1221/1227  0s] ILPostProcess Library/Bee/artifacts/1900b0aE.dag/post-processed/Unity.2D.IK.Editor.dll (+pdb)
Processing assembly Library/Bee/artifacts/1900b0aE.dag/Unity.2D.IK.Editor.dll, with 146 defines and 321 references

processors: Unity.Jobs.CodeGen.JobsILPostProcessor, zzzUnity.Burst.CodeGen.BurstILPostProcessor

1 processor(s) skipped this assembly

running Unity.Jobs.CodeGen.JobsILPostProcessor
[1222/1227  0s] CopyFiles Library/ScriptAssemblies/Unity.2D.Aseprite.Editor.pdb
[1223/1227  0s] CopyFiles Library/ScriptAssemblies/Unity.2D.IK.Editor.pdb
[1224/1227  0s] Csc Library/Bee/artifacts/1900b0aE.dag/Unity.2D.Psdimporter.Editor.dll (+2 others)
[1225/1227  0s] CopyFiles Library/ScriptAssemblies/Unity.2D.Aseprite.Editor.dll
[1226/1227  0s] CopyFiles Library/ScriptAssemblies/Unity.2D.IK.Editor.dll
[           0s] Csc Library/Bee/artifacts/1900b0aE.dag/Unity.2D.Psdimporter.Editor.dll (+2 others) [CacheWrite c8779888a24a3e4eb10d592dfdc4836d00000000000000000000000000000006]
[1227/1227  1s] Csc Library/Bee/artifacts/1900b0aE.dag/Unity.RenderPipelines.Universal.Editor.dll (+2 others)
[           0s] Csc Library/Bee/artifacts/1900b0aE.dag/Unity.RenderPipelines.Universal.Editor.dll (+2 others) [CacheWrite 5e243a42e29e329541cda8f0a0c400f700000000000000000000000000000006]
[1228/1227  0s] ILPostProcess Library/Bee/artifacts/1900b0aE.dag/post-processed/Unity.2D.Psdimporter.Editor.dll (+pdb)
Processing assembly Library/Bee/artifacts/1900b0aE.dag/Unity.2D.Psdimporter.Editor.dll, with 148 defines and 324 references

processors: Unity.Jobs.CodeGen.JobsILPostProcessor, zzzUnity.Burst.CodeGen.BurstILPostProcessor

running Unity.Jobs.CodeGen.JobsILPostProcessor

running zzzUnity.Burst.CodeGen.BurstILPostProcessor
[1229/1227  0s] CopyFiles Library/ScriptAssemblies/Unity.2D.Psdimporter.Editor.pdb
[1230/1227  0s] CopyFiles Library/ScriptAssemblies/Unity.2D.Psdimporter.Editor.dll
[1231/1227  5s] ILPostProcess Library/Bee/artifacts/1900b0aE.dag/post-processed/Unity.PlasticSCM.Editor.dll (+pdb)
Processing assembly Library/Bee/artifacts/1900b0aE.dag/Unity.PlasticSCM.Editor.dll, with 147 defines and 304 references

processors: Unity.Jobs.CodeGen.JobsILPostProcessor, zzzUnity.Burst.CodeGen.BurstILPostProcessor

1 processor(s) skipped this assembly

running Unity.Jobs.CodeGen.JobsILPostProcessor
[1232/1227  0s] CopyFiles Library/ScriptAssemblies/Unity.PlasticSCM.Editor.pdb
[1233/1227  0s] CopyFiles Library/ScriptAssemblies/Unity.PlasticSCM.Editor.dll
[1234/1227  0s] ILPostProcess Library/Bee/artifacts/1900b0aE.dag/post-processed/Unity.RenderPipelines.Universal.Editor.dll (+pdb)
Processing assembly Library/Bee/artifacts/1900b0aE.dag/Unity.RenderPipelines.Universal.Editor.dll, with 152 defines and 328 references

processors: Unity.Jobs.CodeGen.JobsILPostProcessor, zzzUnity.Burst.CodeGen.BurstILPostProcessor

1 processor(s) skipped this assembly

running Unity.Jobs.CodeGen.JobsILPostProcessor
[1235/1227  0s] CopyFiles Library/ScriptAssemblies/Unity.RenderPipelines.Universal.Editor.pdb
[1236/1227  2s] ILPostProcess Library/Bee/artifacts/1900b0aE.dag/post-processed/Unity.ShaderGraph.Editor.dll (+pdb)
Processing assembly Library/Bee/artifacts/1900b0aE.dag/Unity.ShaderGraph.Editor.dll, with 146 defines and 320 references

processors: Unity.Jobs.CodeGen.JobsILPostProcessor, zzzUnity.Burst.CodeGen.BurstILPostProcessor

1 processor(s) skipped this assembly

running Unity.Jobs.CodeGen.JobsILPostProcessor
[1237/1227  0s] CopyFiles Library/ScriptAssemblies/Unity.ShaderGraph.Editor.pdb
[1238/1227  0s] CopyFiles Library/ScriptAssemblies/Unity.RenderPipelines.Universal.Editor.dll
[1239/1227  0s] CopyFiles Library/ScriptAssemblies/Unity.ShaderGraph.Editor.dll
[1240/1227  2s] ILPostProcess Library/Bee/artifacts/1900b0aE.dag/post-processed/Unity.2D.Animation.Editor.dll (+pdb)
Processing assembly Library/Bee/artifacts/1900b0aE.dag/Unity.2D.Animation.Editor.dll, with 148 defines and 324 references

processors: Unity.Jobs.CodeGen.JobsILPostProcessor, zzzUnity.Burst.CodeGen.BurstILPostProcessor

running Unity.Jobs.CodeGen.JobsILPostProcessor

running zzzUnity.Burst.CodeGen.BurstILPostProcessor
[1241/1227  0s] CopyFiles Library/ScriptAssemblies/Unity.2D.Animation.Editor.pdb
[1242/1227  0s] CopyFiles Library/ScriptAssemblies/Unity.2D.Animation.Editor.dll
*** Tundra build success (23.32 seconds), 1210 items updated, 1227 evaluated
Total cache size 299688780
Total cache size after purge 268355500, took 00:00:00.2858589
AssetDatabase: script compilation time: 30.280784s
Begin MonoManager ReloadAssembly
'Packages/com.unity.render-pipelines.core/Editor/Deprecated.cs' contains partial class of Unity.Object, exactly 1 of the partial classes needs to be in a file with the same filename. This is to know the one that can be referenced from ie. GameObjects
'Packages/com.unity.render-pipelines.core/Editor/Deprecated.cs' contains partial class of Unity.Object, exactly 1 of the partial classes needs to be in a file with the same filename. This is to know the one that can be referenced from ie. GameObjects
Importing 'GUID: 00000000000000004000000000000000 - Path: ProjectSettings/ProjectSettings.asset' with importer (LibraryAssetImporter)
Imported 'GUID: 00000000000000004000000000000000' -> (Import Result ID: '5ca7642072ac02f5e5ed73ad9b78db41') in 0.010 seconds [static dependencies only]. Details - ImportResultOutputID=054c890a8f4b6dddbea933bc5e4b7df4 DependenciesID=0b6e5ec05c332955cc0ec4d21919bed8 StaticDependenciesID=ec9483a0bb39e084699c4c969e996310 
Importing 'GUID: 0000000000000000a100000000000000 - Path: ProjectSettings/UnityConnectSettings.asset' with importer (LibraryAssetImporter)
Imported 'GUID: 0000000000000000a100000000000000' -> (Import Result ID: 'ccfbcdf02dc745f916046a7dd3000df3') in 0.001 seconds [static dependencies only]. Details - ImportResultOutputID=a2c5944bc70168a38041609ba26dc022 DependenciesID=16628efba34cb190d4b39ded765831df StaticDependenciesID=d7d7e6a0191d04e9669a446c6be8239d 
Importing 'GUID: a0f2da1350319d97932402a50c6d1941 - Path: Packages/com.unity.render-pipelines.universal' with importer (DefaultImporter)
Imported 'GUID: a0f2da1350319d97932402a50c6d1941' -> (Import Result ID: '2bf365a0ed9b48aa883590294ca67c3d') in 0.001 seconds [static dependencies only]. Details - ImportResultOutputID=8892e2989b91052b0d4ced7d5d154ac1 DependenciesID=4a592f742cac084b6246d43cb5a35413 StaticDependenciesID=6fefa74f40d5ada67d6c7df5ffaa13e8 
Importing 'GUID: c138f0ce34ee7ebd7668c5fec052bd8b - Path: Packages/com.unity.learn.iet-framework' with importer (DefaultImporter)
Imported 'GUID: c138f0ce34ee7ebd7668c5fec052bd8b' -> (Import Result ID: 'cf48bafd441d72f6dae8fa5094160a2f') in 0.000 seconds [static dependencies only]. Details - ImportResultOutputID=c90a4e16de049353a8f7afd54c6e287c DependenciesID=2fa552b8cc3999402b0643a11f788bd5 StaticDependenciesID=0200e2cd43b676aed370404f4cbb935a 
Importing 'GUID: 42a7aa83e165f37a84c96e5d9348202d - Path: Packages/com.unity.searcher' with importer (DefaultImporter)
Imported 'GUID: 42a7aa83e165f37a84c96e5d9348202d' -> (Import Result ID: '745c7e82d78ee799c4ef8803eab3a81a') in 0.000 seconds [static dependencies only]. Details - ImportResultOutputID=d5c71cbec8b2daa8de25c1854be12436 DependenciesID=55f9ac3d437232dbf356769630df08da StaticDependenciesID=9c40bd9f035eaa088bf1c4795fafe2c7 
Importing 'GUID: e2714e623a7d2305df8acf3bfb1e8c90 - Path: Packages/com.unity.shadergraph' with importer (DefaultImporter)
Imported 'GUID: e2714e623a7d2305df8acf3bfb1e8c90' -> (Import Result ID: '0269ea1292389d36c42ff0179b8a7a95') in 0.000 seconds [static dependencies only]. Details - ImportResultOutputID=477ae48d7f6280fbef843a174f22f2c6 DependenciesID=b5d2f82f701fb325b1889598e12e552a StaticDependenciesID=ac6fe480c651b0b4be9ef26238184393 
Importing 'GUID: 134d3eb06e46321ed28691921c460960 - Path: Packages/com.unity.burst' with importer (DefaultImporter)
Imported 'GUID: 134d3eb06e46321ed28691921c460960' -> (Import Result ID: '9b95fdaef7b45e9e2b965a594af1406c') in 0.000 seconds [static dependencies only]. Details - ImportResultOutputID=63f1486dfadd3677c4135bfbd4e26c46 DependenciesID=d49e19dcba998afeae74736d5ab15aaf StaticDependenciesID=e6dc5ed2bbe42b1489e425156305d8cb 
Importing 'GUID: a39e9b2bb659c51bcd404be69e7ec9d4 - Path: Packages/com.unity.inputsystem' with importer (DefaultImporter)
Imported 'GUID: a39e9b2bb659c51bcd404be69e7ec9d4' -> (Import Result ID: 'd1dbb21b00799cb5a0def12a20bf9885') in 0.000 seconds [static dependencies only]. Details - ImportResultOutputID=11f363d00f8668bc27090698a64494d8 DependenciesID=7a0b516aaad4be5d155eb39e641f899b StaticDependenciesID=fc1a823188654c5f8e7d1d778b822edc 
Importing 'GUID: 04c6898809c37620ac863cc2a5d7c4d0 - Path: Packages/com.unity.modules.vectorgraphics' with importer (DefaultImporter)
Imported 'GUID: 04c6898809c37620ac863cc2a5d7c4d0' -> (Import Result ID: 'd21bec1616e53d255574d9cd0201e3f9') in 0.000 seconds [static dependencies only]. Details - ImportResultOutputID=98c0b597d8afa397b819beb7a43f5fac DependenciesID=6667ea3006c4561dd0dfaf5412302ccf StaticDependenciesID=88905f6b6cdccd2cb95e2927cc1a3df1 
Importing 'GUID: 25151ed74dce0c18857ead186416ac0c - Path: Packages/com.unity.modules.tetgen' with importer (DefaultImporter)
Imported 'GUID: 25151ed74dce0c18857ead186416ac0c' -> (Import Result ID: 'ad3d3ff065b099f3d3d989c01a95b76e') in 0.000 seconds [static dependencies only]. Details - ImportResultOutputID=7135452d37129296f8f5f522edc0cf0e DependenciesID=e34149d0dd79a755583c28b3d97cab01 StaticDependenciesID=fca226df487fba45a034e6c70bc853ff 
Importing 'GUID: 858f94473ad913aff461287e3cd62bfe - Path: Packages/com.unity.2d.tilemap' with importer (DefaultImporter)
Imported 'GUID: 858f94473ad913aff461287e3cd62bfe' -> (Import Result ID: '248e28c9993d2d79a922512f9f84d378') in 0.000 seconds [static dependencies only]. Details - ImportResultOutputID=02112e749d136833d5aa45c15862f55a DependenciesID=0c6cd6a93d7629d45b76015a37f64153 StaticDependenciesID=1fdf768da5e9b7c67280b608659567d8 
Importing 'GUID: f577e6e8e371d49098ffa149f119d052 - Path: Packages/com.unity.visualscripting' with importer (DefaultImporter)
Imported 'GUID: f577e6e8e371d49098ffa149f119d052' -> (Import Result ID: '430e4a3c43fb29de0e0b2bb02f100af1') in 0.000 seconds [static dependencies only]. Details - ImportResultOutputID=24da09fbe0b3697c071b09438695fb81 DependenciesID=2ee9570e0d8d448df2ab930307568684 StaticDependenciesID=67475b9a8de8a0737c7c1fa4fa50ecef 
Importing 'GUID: 060ddbd15749dceff5026527a3d7a56d - Path: Packages/com.unity.render-pipelines.core' with importer (DefaultImporter)
Imported 'GUID: 060ddbd15749dceff5026527a3d7a56d' -> (Import Result ID: 'f4e3204a7298d5ebf3c9533d6df98b5b') in 0.000 seconds [static dependencies only]. Details - ImportResultOutputID=7db9f525f2fa88aa2e230fbe7530b380 DependenciesID=0de2892183377b95a6386a9de8c698bd StaticDependenciesID=8a037eacc33f8befdd7dc1b3ac694ea3 
Importing 'GUID: c7996f53d58fc3918d988080b6e917ea - Path: Packages/com.unity.collab-proxy' with importer (DefaultImporter)
Imported 'GUID: c7996f53d58fc3918d988080b6e917ea' -> (Import Result ID: '0c6e1da212ba9b31d34affdb544fd78c') in 0.000 seconds [static dependencies only]. Details - ImportResultOutputID=ff84faf3792a19fde4d4329e1a2fcf83 DependenciesID=1028880d08d36c60b22bcbca794c0a77 StaticDependenciesID=9e2847d0222145ab59ec9e88554dae33 
Importing 'GUID: b975297a992381c1f3257d0e96892c8a - Path: Packages/com.unity.modules.adaptiveperformance' with importer (DefaultImporter)
Imported 'GUID: b975297a992381c1f3257d0e96892c8a' -> (Import Result ID: '5dd5375c68fa3e6abf2dd2eab8f3129b') in 0.000 seconds [static dependencies only]. Details - ImportResultOutputID=0cd6330dcea8a5bd6d28730f133919ed DependenciesID=0ff1fb351239dca6cd6b0fbaafdc6d08 StaticDependenciesID=992c185302a1e43be8290147a49a88b4 
Importing 'GUID: f9d56601f537268cc5e3c8a44a8e1dff - Path: Packages/com.unity.2d.sprite' with importer (DefaultImporter)
Imported 'GUID: f9d56601f537268cc5e3c8a44a8e1dff' -> (Import Result ID: 'af515c0f6fe65946e5f31be646be94e0') in 0.000 seconds [static dependencies only]. Details - ImportResultOutputID=a4144bd1877140a170c5444dd460f894 DependenciesID=d75e1d4459bdc8ac19a29f3cbda04e5c StaticDependenciesID=6474c619f9cb5ddda38e2593e18095ac 
Importing 'GUID: cae78bb88f8c8675e30d16908805e79d - Path: Packages/com.unity.modules.timelinefoundation' with importer (DefaultImporter)
Imported 'GUID: cae78bb88f8c8675e30d16908805e79d' -> (Import Result ID: 'ea0e075dc8747fa2dad92aa60a98d1eb') in 0.000 seconds [static dependencies only]. Details - ImportResultOutputID=35905693e3216167cee053e3e1b8184e DependenciesID=8f823fd19bdbf3d450ef6f4a3159c9b1 StaticDependenciesID=b16c0b43e2d1595a5fdf54aaaf0e3f3e 
Importing 'GUID: 8c718689612384464c230d1066fd1ace - Path: Packages/com.unity.test-framework.performance' with importer (DefaultImporter)
Imported 'GUID: 8c718689612384464c230d1066fd1ace' -> (Import Result ID: 'fe8c460c64a88c3bc5b60e340635049c') in 0.000 seconds [static dependencies only]. Details - ImportResultOutputID=e35e89e9eb24095b1c75d86400dfaec2 DependenciesID=5fe96202c90a63b4d2c60be1a501dfc4 StaticDependenciesID=4de6f162fe7dcb85c548b2d73713578e 
Importing 'GUID: cd697a842015c734ff4c7715eea6b193 - Path: Packages/com.unity.collections' with importer (DefaultImporter)
Imported 'GUID: cd697a842015c734ff4c7715eea6b193' -> (Import Result ID: '9bb5ea7e3621aafc5030fbfbb3c9ed3b') in 0.000 seconds [static dependencies only]. Details - ImportResultOutputID=e38bd3775475fb6ff962e6c4159a2b4d DependenciesID=cf34989a794c868da2ed2cde2d001662 StaticDependenciesID=37c68b9e8ef747da7acd603830ef110f 
Importing 'GUID: fe4917d0f6ea59979b332b4bbffbb92e - Path: Packages/com.unity.ugui' with importer (DefaultImporter)
Imported 'GUID: fe4917d0f6ea59979b332b4bbffbb92e' -> (Import Result ID: '503eabd386a94c0a4aff3110ba4878b9') in 0.000 seconds [static dependencies only]. Details - ImportResultOutputID=c6d61d0e62bfaff1d751b536deb047dd DependenciesID=f5494983030038c40ec887cf7419a529 StaticDependenciesID=707f431529516103cfaf62260722e1dd 
Importing 'GUID: 3fc097d3131b60b2095addee914c1b2b - Path: Packages/com.unity.timeline' with importer (DefaultImporter)
Imported 'GUID: 3fc097d3131b60b2095addee914c1b2b' -> (Import Result ID: '8098ba0340abe2f9b38add6655660ac2') in 0.000 seconds [static dependencies only]. Details - ImportResultOutputID=ae9f892684f2815f0b5bf7e5afd16fec DependenciesID=79e5c81a2f4075f9293dfce2e6ea8ed1 StaticDependenciesID=d591b8020a965fef288c233c338ec855 
Importing 'GUID: 31ce049756c541d48e0b6e2f8e3b6d45 - Path: Packages/com.unity.burst/Runtime' with importer (DefaultImporter)
Imported 'GUID: 31ce049756c541d48e0b6e2f8e3b6d45' -> (Import Result ID: 'b47cf5fd834184441ff60b384c930a8c') in 0.000 seconds [static dependencies only]. Details - ImportResultOutputID=1018057ef75857992307ede8bb38a439 DependenciesID=f72f4f590a27360e4729177de8529d13 StaticDependenciesID=38ba55866b75540af05b1d7aa397ee07 
Importing 'GUID: f27b222630c0f4b09a77a69bead14201 - Path: Packages/com.unity.inputsystem/InputSystem' with importer (DefaultImporter)
Imported 'GUID: f27b222630c0f4b09a77a69bead14201' -> (Import Result ID: 'f07891f3be27182f7d4b8754df5787c8') in 0.000 seconds [static dependencies only]. Details - ImportResultOutputID=0fae852111f85749544051294d222415 DependenciesID=dd94229bfdd852e452ab607b9e38b26c StaticDependenciesID=6f4716804673808d3af50fcad2f37bb1 
Importing 'GUID: 0ab0ee80bd6254516b667cb61b05e521 - Path: Packages/com.unity.learn.iet-framework/Tests' with importer (DefaultImporter)
Imported 'GUID: 0ab0ee80bd6254516b667cb61b05e521' -> (Import Result ID: '26b0596ecfe9ff66a3ba1ecd8c428011') in 0.000 seconds [static dependencies only]. Details - ImportResultOutputID=8da3b7e9d481c26258752c8fbf8f9f90 DependenciesID=ebcdd155ef3863ffb123138a4cae2ede StaticDependenciesID=a6f9ca4e7976be8319872533544c39e0 
Importing 'GUID: 23e5421c4b890463d8eee87d7c4bb32b - Path: Packages/com.unity.learn.iet-framework/Tests/Editor' with importer (DefaultImporter)
Imported 'GUID: 23e5421c4b890463d8eee87d7c4bb32b' -> (Import Result ID: 'bc74a12e89104843d71d50308bf57110') in 0.000 seconds [static dependencies only]. Details - ImportResultOutputID=4ed7edb1816079f48043c94d23a6a0f5 DependenciesID=5f514541952d83dd7d86ee95de304e46 StaticDependenciesID=18e84e8c04bb9b5ffa61d06430b080fe 
Importing 'GUID: 432210e3fbc6542d4b9770ed939fc0a7 - Path: Packages/com.unity.inputsystem/InputSystem/Runtime' with importer (DefaultImporter)
Imported 'GUID: 432210e3fbc6542d4b9770ed939fc0a7' -> (Import Result ID: 'd53456953a7c31c9402174ee070d32a0') in 0.000 seconds [static dependencies only]. Details - ImportResultOutputID=f999257d9695dffbc649888d1c51bf93 DependenciesID=b58081e886196d5b116157f9f4b550f7 StaticDependenciesID=5aa76650cb7d5c910a154c608dd09eb1 
Importing 'GUID: 36aef18097f54068bfc3cb06c187131a - Path: Packages/com.unity.collab-proxy/Editor/Assistant' with importer (DefaultImporter)
Imported 'GUID: 36aef18097f54068bfc3cb06c187131a' -> (Import Result ID: 'a2c1f6383e4f8209b6e0e7e8a79c17c7') in 0.000 seconds [static dependencies only]. Details - ImportResultOutputID=e47fc59fd82a99ab02e493754dbee2c0 DependenciesID=81a9067eb401fc45159577551aebbada StaticDependenciesID=bb07e266c1d7548410bedefbddd27a71 
Importing 'GUID: a6b1b777c4ca40aca82d62ea496fcb84 - Path: Packages/com.unity.collab-proxy/Editor/Api' with importer (DefaultImporter)
Imported 'GUID: a6b1b777c4ca40aca82d62ea496fcb84' -> (Import Result ID: 'bb91d36ac7a51cb32e859b31b6f1c050') in 0.000 seconds [static dependencies only]. Details - ImportResultOutputID=f1842d4184885141cdccb29297b54dc9 DependenciesID=424fb39c94596bfb5babe561e3972605 StaticDependenciesID=abdfe73097ce722111e6ecbc60230fbe 
Importing 'GUID: 0b7bda0ba8124480691d0d615a642b91 - Path: Packages/com.unity.inputsystem/InputSystem/Editor' with importer (DefaultImporter)
Imported 'GUID: 0b7bda0ba8124480691d0d615a642b91' -> (Import Result ID: '2ae8da896e1214381f6fc48e1a028cdc') in 0.000 seconds [static dependencies only]. Details - ImportResultOutputID=049bc207ba002d8198f07cfbf4d60916 DependenciesID=6bf1e2d545c3f6c5651f1ec56e412a05 StaticDependenciesID=96964c83f7b6e7b702d06cca9307c5df 
Importing 'GUID: bb5f68d238f084064b7cd7fd959f8659 - Path: Packages/com.unity.collab-proxy/Editor/Hashing' with importer (DefaultImporter)
Imported 'GUID: bb5f68d238f084064b7cd7fd959f8659' -> (Import Result ID: 'dc86dc38efc6a5bc578173daae9848a4') in 0.000 seconds [static dependencies only]. Details - ImportResultOutputID=50fd1c88acf9c3195ba5685166bcf536 DependenciesID=a0fd17ebb78925f8ea5af7e6756a4742 StaticDependenciesID=479369b27784ad996e46313ad87ad498 
Importing 'GUID: 0c5b615422acd45049de003ce7134437 - Path: Packages/com.unity.inputsystem/InputSystem/Actions' with importer (DefaultImporter)
Imported 'GUID: 0c5b615422acd45049de003ce7134437' -> (Import Result ID: 'f610d0603bc2f647f00be6215d3c0dfa') in 0.000 seconds [static dependencies only]. Details - ImportResultOutputID=deef9434811a78d00480af6d80375f52 DependenciesID=923bd3cc4d60a2fe8b0c9f5b3cd86e23 StaticDependenciesID=eac3793f1c698d3e274cd8946c32a2ce 
Importing 'GUID: 5022e1fdc4b042789f6ec7926a26dffd - Path: Packages/com.unity.collab-proxy/Editor/Diff/SyntaxHighlight' with importer (DefaultImporter)
Imported 'GUID: 5022e1fdc4b042789f6ec7926a26dffd' -> (Import Result ID: '9388ef1e376e8ef799c7213954d518b8') in 0.000 seconds [static dependencies only]. Details - ImportResultOutputID=11e783194e3dd7e359c523b106d6d64f DependenciesID=1bf0a7dd01c13f78a633d6ec02056456 StaticDependenciesID=c0f63626bbf99f09fb7786ffa15c0c36 
Importing 'GUID: b02a1b8123a74716b340c4f28b0e4c84 - Path: Packages/com.unity.collab-proxy/Editor/Assistant/UI' with importer (DefaultImporter)
Imported 'GUID: b02a1b8123a74716b340c4f28b0e4c84' -> (Import Result ID: '4e601c2b1261e7fe9dd4cb33dfa046de') in 0.000 seconds [static dependencies only]. Details - ImportResultOutputID=71d083da22f25140222d451c9c6b8252 DependenciesID=ff54540901be59a7438785867db47922 StaticDependenciesID=8a59d42a063b8b0e5c802c0f0144c543 
Importing 'GUID: 9264bbaac8fbe403b987d9584bb1ffc5 - Path: Packages/com.unity.inputsystem/InputSystem/Editor/Plugins' with importer (DefaultImporter)
Imported 'GUID: 9264bbaac8fbe403b987d9584bb1ffc5' -> (Import Result ID: '3e00187fb14c76ea4de9ce29b064f189') in 0.000 seconds [static dependencies only]. Details - ImportResultOutputID=e76688f4bd79cd0090de19e733b6980f DependenciesID=fbec2b33cbb6b8ba9e0c97984a8b3ce5 StaticDependenciesID=f5762e0a47381447a068f44f8a0139ee 
Importing 'GUID: c216a661aa5746b19c689c48a2f4d091 - Path: Packages/com.unity.collab-proxy/Editor/Assistant/Tools' with importer (DefaultImporter)
Imported 'GUID: c216a661aa5746b19c689c48a2f4d091' -> (Import Result ID: '43c19b64d948c9033b3dc558a71870e3') in 0.000 seconds [static dependencies only]. Details - ImportResultOutputID=6e95af706c0c9261a6ce17a0f4f140ac DependenciesID=50dc8c5918b9234006f1f721f471119c StaticDependenciesID=8603b75b43859e98efdf0ed70c6969b7 
Importing 'GUID: 93f1a63777a7b49e7a6bb3f2eb183b23 - Path: Packages/com.unity.collab-proxy/Editor/CodeEditor/Search' with importer (DefaultImporter)
Imported 'GUID: 93f1a63777a7b49e7a6bb3f2eb183b23' -> (Import Result ID: '4c1c49013b9e301af33280a4990b6088') in 0.000 seconds [static dependencies only]. Details - ImportResultOutputID=62bf4ab9fb843239551d81aafe471260 DependenciesID=122866682c3f2723e211a890664c2b0d StaticDependenciesID=c90317ef7d5225e01a3785d901c6f72d 
Importing 'GUID: 5496fd86b17c44691945a8d416eff7fc - Path: Packages/com.unity.collab-proxy/Editor/Diff/History' with importer (DefaultImporter)
Imported 'GUID: 5496fd86b17c44691945a8d416eff7fc' -> (Import Result ID: '5e1dbd142ed150825e18e471bda12378') in 0.000 seconds [static dependencies only]. Details - ImportResultOutputID=14cfb017a7dde4091aff7f0a32169898 DependenciesID=52de910712028f041f7914532ac9484f StaticDependenciesID=9959d5f65d4de1a1d8db361b4124dcdc 
Importing 'GUID: 48b3efd3f5d914c53a4b7be35baf09a9 - Path: Packages/com.unity.inputsystem/InputSystem/Editor/Devices' with importer (DefaultImporter)
Imported 'GUID: 48b3efd3f5d914c53a4b7be35baf09a9' -> (Import Result ID: '87aafaab903b8d78fdc1e62a3731d6e4') in 0.000 seconds [static dependencies only]. Details - ImportResultOutputID=52bf8ceea09769b2861494da4393acb5 DependenciesID=f387ace82f0921fe619a1ab45ba5e56d StaticDependenciesID=ae6af3cc4f8f4d9be6426c83f6d5430e 
Importing 'GUID: cbd7102e0064b4e64be5ff61a77aba3a - Path: Packages/com.unity.inputsystem/InputSystem/Editor/Utilities' with importer (DefaultImporter)
Imported 'GUID: cbd7102e0064b4e64be5ff61a77aba3a' -> (Import Result ID: '629266a0c80d253dfbca9507e0dab4f9') in 0.000 seconds [static dependencies only]. Details - ImportResultOutputID=add64593ea8a2535133e8ab226703e64 DependenciesID=8218d1349e0f65d65a7c13513f6374de StaticDependenciesID=2fd8365e11f1b9567d0414b6f1a1d207 
Importing 'GUID: bcff3f2833bb241549d7b4be7dddc1de - Path: Packages/com.unity.inputsystem/InputSystem/Editor/Actions' with importer (DefaultImporter)
Imported 'GUID: bcff3f2833bb241549d7b4be7dddc1de' -> (Import Result ID: 'ffea1f6f77ef95d1b320c700a68c4f0e') in 0.000 seconds [static dependencies only]. Details - ImportResultOutputID=9860f78ab29de33c54dddc069aa0cbca DependenciesID=dd143dabea0f63ad3e25214b8d788b64 StaticDependenciesID=6e1629fd7b265f0d5d76502f3feee9e6 
Importing 'GUID: dce36297a61ee468f92d0fe7f7e28441 - Path: Packages/com.unity.inputsystem/InputSystem/Editor/Controls' with importer (DefaultImporter)
Imported 'GUID: dce36297a61ee468f92d0fe7f7e28441' -> (Import Result ID: '7a94bc58e46efddd52a4931e5157055d') in 0.000 seconds [static dependencies only]. Details - ImportResultOutputID=8d97828211d734317430d7b35fd2cb7b DependenciesID=34019635af014cfb321a2e0b6e755ce8 StaticDependenciesID=8ac3edc1d790cf7f733a923ded04659a 
Importing 'GUID: f027141a193544959a71baea4a57d3f7 - Path: Packages/com.unity.inputsystem/InputSystem/Editor/Plugins/OnScreen' with importer (DefaultImporter)
Imported 'GUID: f027141a193544959a71baea4a57d3f7' -> (Import Result ID: '03501d377b74442ebd1d3ab7a0f942cb') in 0.000 seconds [static dependencies only]. Details - ImportResultOutputID=4c9a99d8cb10d5edc989e4e0487e8b1a DependenciesID=2244bd3f7f8f69525eb946e695617fe0 StaticDependenciesID=e0e8391b3bd29c0f6b0dfa6ea3ee0203 
Importing 'GUID: 0210636210b964e4cb07b817e5ce6481 - Path: Packages/com.unity.inputsystem/InputSystem/Editor/Plugins/iOS' with importer (DefaultImporter)
Imported 'GUID: 0210636210b964e4cb07b817e5ce6481' -> (Import Result ID: '65b5566d46759b8e9da9543ca2bc4493') in 0.000 seconds [static dependencies only]. Details - ImportResultOutputID=95cdd4a2b236dca44f12edfa79cafab1 DependenciesID=3c9059e754438439c0a5231a38aed187 StaticDependenciesID=1a2df437074e164fe89dcd0efe93e19e 
Importing 'GUID: 324df26159c3d422783de457f2915b96 - Path: Packages/com.unity.collab-proxy/Editor/Diff/Asset/Content' with importer (DefaultImporter)
Imported 'GUID: 324df26159c3d422783de457f2915b96' -> (Import Result ID: '08a10c32771436c312280cad6a4faed0') in 0.000 seconds [static dependencies only]. Details - ImportResultOutputID=cb0c8a6996cb37ed59c7dfef80d74e14 DependenciesID=5ee53db454bff34d836dd05ef3d1b77e StaticDependenciesID=7934c20c8c542c17e7ac7327a9d2449d 
Importing 'GUID: 32ddb0dc6b2099d40b5a6968f6fba9fb - Path: Packages/com.unity.render-pipelines.core/Tests/Editor/Tools/Converter' with importer (DefaultImporter)
Imported 'GUID: 32ddb0dc6b2099d40b5a6968f6fba9fb' -> (Import Result ID: '3b165cad6e278a2e5c4c4192170ba6b5') in 0.000 seconds [static dependencies only]. Details - ImportResultOutputID=25bffe99e679f13d9845df092ed3480a DependenciesID=6a9b85c997112504e50cad69098921db StaticDependenciesID=551f1d404d9712266e3d79b9c7b232aa 
Importing 'GUID: 03672f9d7e73f4134820c35a3cd46a86 - Path: Packages/com.unity.inputsystem/InputSystem/Editor/Plugins/UI' with importer (DefaultImporter)
Imported 'GUID: 03672f9d7e73f4134820c35a3cd46a86' -> (Import Result ID: '69e1db4662c6509785346a1caeadec2b') in 0.000 seconds [static dependencies only]. Details - ImportResultOutputID=72ca6269b5247e140a3b90c4a28511d5 DependenciesID=12c89f0d8d0cd63c45e0db395a2c083e StaticDependenciesID=172901d505dc63fd4d92f51f47ac9693 
Importing 'GUID: 83dbde7dc514d4e839b561f0df9bcad3 - Path: Packages/com.unity.collab-proxy/Editor/Diff/Asset/Common' with importer (DefaultImporter)
Imported 'GUID: 83dbde7dc514d4e839b561f0df9bcad3' -> (Import Result ID: 'ac74e7ee893f88123cadd2e5e1af4a2c') in 0.000 seconds [static dependencies only]. Details - ImportResultOutputID=ecbeabb0f803c01af06f446c0c13cf55 DependenciesID=1c12dd79a79593992d5b491e0628a151 StaticDependenciesID=f3054d10c4d6a0ac6348f91e7b422517 
Importing 'GUID: e37b431b8b93e4719910a045d05ba3cb - Path: Packages/com.unity.inputsystem/InputSystem/Editor/Plugins/InputForUI' with importer (DefaultImporter)
Imported 'GUID: e37b431b8b93e4719910a045d05ba3cb' -> (Import Result ID: 'bdd42cbfcd536f6c9d3f6919acdab06f') in 0.000 seconds [static dependencies only]. Details - ImportResultOutputID=267cdda5793338687082f747769d5cb4 DependenciesID=3069d3c045eaa19c34706ba421b622a2 StaticDependenciesID=73c11cc0c3b71e65c576f663c59b6319 
Importing 'GUID: e38cdda355b6f4f8fb66876f964f570e - Path: Packages/com.unity.inputsystem/InputSystem/Editor/Plugins/HID' with importer (DefaultImporter)
Imported 'GUID: e38cdda355b6f4f8fb66876f964f570e' -> (Import Result ID: 'e19b3d5780c174813cea2cc17aa9f8f1') in 0.001 seconds [static dependencies only]. Details - ImportResultOutputID=28839a80d27c038f998b67e19f4fd95a DependenciesID=ad3789d12c0272cfcd4e70f07bd9592a StaticDependenciesID=5cfd8db8ea195a39ed8397f7b1f2cbf1 
Importing 'GUID: e4bf910aee5784821a3ebd59e4cdac79 - Path: Packages/com.unity.inputsystem/InputSystem/Editor/Actions/Interactions' with importer (DefaultImporter)
Imported 'GUID: e4bf910aee5784821a3ebd59e4cdac79' -> (Import Result ID: 'b0205cafd7f0aadef80b752c7ab82e99') in 0.000 seconds [static dependencies only]. Details - ImportResultOutputID=1a260fee07a71b0ca4cb470c6c13c5e5 DependenciesID=3e9715398593714ddab73b307fc25b9e StaticDependenciesID=1d295e2ac4a02a0de553aab101a9bf37 
Importing 'GUID: 95a3b96623aff409fad313b971f84743 - Path: Packages/com.unity.inputsystem/InputSystem/Editor/Plugins/PlayerInput' with importer (DefaultImporter)
Imported 'GUID: 95a3b96623aff409fad313b971f84743' -> (Import Result ID: '4b82d965bdc1c8b89f494a8ba58d2675') in 0.000 seconds [static dependencies only]. Details - ImportResultOutputID=aedaa42632e6b36b0354976ab979ddb7 DependenciesID=93106c11479474c93523d2851339edf3 StaticDependenciesID=d27ee722423be0c4968a093fc1aed7b8 
Importing 'GUID: c52dccb0f71c4bc0b587555b3017d7ec - Path: Packages/com.unity.collab-proxy/Editor/Diff/Asset/Diff' with importer (DefaultImporter)
Imported 'GUID: c52dccb0f71c4bc0b587555b3017d7ec' -> (Import Result ID: '04362b53e74b0d23ad31cddcea605d11') in 0.000 seconds [static dependencies only]. Details - ImportResultOutputID=1876b4773d22b8485040a0198dfcbd9b DependenciesID=2c6d29ff296cf6a18d269d2dee81bfa1 StaticDependenciesID=1071817cd25efd9018b6c713cc6e3fcf 
Importing 'GUID: b67ddb076aa7b4301b132a1012ba666d - Path: Packages/com.unity.inputsystem/InputSystem/Editor/Plugins/UnityRemote' with importer (DefaultImporter)
Imported 'GUID: b67ddb076aa7b4301b132a1012ba666d' -> (Import Result ID: 'bf6fd9855ad16b1f954d912fb2967f85') in 0.000 seconds [static dependencies only]. Details - ImportResultOutputID=ecd0de7e11b825fb9f0a0323a746aabb DependenciesID=365c323befec9570bcc14b0337b9cc84 StaticDependenciesID=78ad3e7d682097c54d89745b90296eaa 
Importing 'GUID: 29656219f4bec4af4b3720997e749957 - Path: Packages/com.unity.inputsystem/InputSystem/Editor/Plugins/EnhancedTouch' with importer (DefaultImporter)
Imported 'GUID: 29656219f4bec4af4b3720997e749957' -> (Import Result ID: '29584d191ec2989a12e2c0b06975d3bb') in 0.000 seconds [static dependencies only]. Details - ImportResultOutputID=cb1a32b68ae6a09cd31551539f1b20eb DependenciesID=776b86f568c488a6c5757b487879359c StaticDependenciesID=6a211395a76d3fdbc1714660b3371c6b 
Importing 'GUID: 0a40837a6cb5749b69436d6839711335 - Path: Packages/com.unity.inputsystem/InputSystem/Editor/Plugins/Steam' with importer (DefaultImporter)
Imported 'GUID: 0a40837a6cb5749b69436d6839711335' -> (Import Result ID: 'ab182129cab9dc7937d909a2dde39a18') in 0.000 seconds [static dependencies only]. Details - ImportResultOutputID=6b9cb5385f9e0a87d633133c0e9037bd DependenciesID=d53c776a3c83bda795dc5db3fd7d6d18 StaticDependenciesID=c1ec17fdea843d556302f2d2ee3e1dd6 
Importing 'GUID: 0b923e169a5f4f878c5dba1c299ee4ab - Path: Packages/com.unity.collab-proxy/Editor/Diff/Image/Toolbar' with importer (DefaultImporter)
Imported 'GUID: 0b923e169a5f4f878c5dba1c299ee4ab' -> (Import Result ID: '80bcd101a6a9cbd8c29a428209669f83') in 0.000 seconds [static dependencies only]. Details - ImportResultOutputID=82590437af9d24f0066c190339d3f73e DependenciesID=bc37ad4382819ff75a84fa3f17923262 StaticDependenciesID=8767bda41325abb08b7e2f4163992d78 
Importing 'GUID: 5c1340178d3942abb42c8b680d301bf1 - Path: Packages/com.unity.collab-proxy/Editor/Diff/Image/Views' with importer (DefaultImporter)
Imported 'GUID: 5c1340178d3942abb42c8b680d301bf1' -> (Import Result ID: '07a16d7a7db7ec11825f25cece5fa95f') in 0.000 seconds [static dependencies only]. Details - ImportResultOutputID=81e8c6ca653da8694363fe6fa3ad415a DependenciesID=ac0e17c215ec20e57b1af465e85eb82f StaticDependenciesID=cf4b311cd46ae01d9c23b629723259dd 
Importing 'GUID: 4ea5bd36bf3924ec18c263bbdb10e425 - Path: Packages/com.unity.inputsystem/InputSystem/Editor/Devices/Remote' with importer (DefaultImporter)
Imported 'GUID: 4ea5bd36bf3924ec18c263bbdb10e425' -> (Import Result ID: 'a9c3f8ed8d5b8c01fc19f4e5ef7b7799') in 0.000 seconds [static dependencies only]. Details - ImportResultOutputID=67470110b4c0300f5f9a6536e05b7288 DependenciesID=3e0cd98f552e2fba3d0e6e05022f64ef StaticDependenciesID=188c41abf28961a39e82acb2bd28b257 
Importing 'GUID: 5e167cf5b25c44f35919e4082e725d71 - Path: Packages/com.unity.inputsystem/InputSystem/Editor/Controls/Processors' with importer (DefaultImporter)
Imported 'GUID: 5e167cf5b25c44f35919e4082e725d71' -> (Import Result ID: 'b90a32bacfe6450958cb818e26d2b046') in 0.000 seconds [static dependencies only]. Details - ImportResultOutputID=0376561a74b8da5e8aa10cde0a39d02d DependenciesID=4093a20f9cc7918d1cee7f9363df9e1e StaticDependenciesID=9965e719b6528dc6d4f54259917eb58d 
Importing 'GUID: 6ed4af135d46444bb82543c0676535c8 - Path: Packages/com.unity.collab-proxy/Editor/Assistant/UI/Interactions' with importer (DefaultImporter)
Imported 'GUID: 6ed4af135d46444bb82543c0676535c8' -> (Import Result ID: '49a19540f8f8baaf10f746089c058285') in 0.000 seconds [static dependencies only]. Details - ImportResultOutputID=1a60077b857d6ce1ae12b66376e647d3 DependenciesID=b06362234c8f0484a89e3ede4b1b8a0e StaticDependenciesID=55178c688570cef482351e9016f44f1e 
Importing 'GUID: cfd47b21b6c654315bf28318c87beb98 - Path: Packages/com.unity.inputsystem/InputSystem/Editor/Actions/Composites' with importer (DefaultImporter)
Imported 'GUID: cfd47b21b6c654315bf28318c87beb98' -> (Import Result ID: 'b062695015d2f2e1f538ea4162ef9e5c') in 0.000 seconds [static dependencies only]. Details - ImportResultOutputID=0793b1d401cdfcdeb278e7157aa699c5 DependenciesID=5f5e7ab95e4869499255c28ceca04f97 StaticDependenciesID=d2958526c38bde75969bc8758c4da2ee 
Importing 'GUID: d0a9ebc8de8b8428fae0574a3a7abc3f - Path: Packages/com.unity.collab-proxy/Editor/Diff/Asset/Common/Property' with importer (DefaultImporter)
Imported 'GUID: d0a9ebc8de8b8428fae0574a3a7abc3f' -> (Import Result ID: 'b3899b2d9ca50b7ba58ca3093400b4db') in 0.000 seconds [static dependencies only]. Details - ImportResultOutputID=a7e90847888df5ed959b9cef6f1058a0 DependenciesID=b5fec4fe674d80e868d66ef617a5a0fd StaticDependenciesID=6b6d46b5ace919b0c61575bb576b9ca8 
Importing 'GUID: e0f244660204c468a8fe30e330135e0d - Path: Packages/com.unity.collab-proxy/Editor/Diff/Asset/Content/Filtering' with importer (DefaultImporter)
Imported 'GUID: e0f244660204c468a8fe30e330135e0d' -> (Import Result ID: 'a2269a4dc4668a78e271524ff407dba7') in 0.000 seconds [static dependencies only]. Details - ImportResultOutputID=32c664e9a945046d54366dbf044b860d DependenciesID=22fbf5230632066e5bfcbd81efb8fa4b StaticDependenciesID=748ba863165bf024103cc7d5590d80c3 
Importing 'GUID: 018268bdd48d54121b0fe237a6571615 - Path: Packages/com.unity.collab-proxy/Editor/Diff/Asset/Content/Property' with importer (DefaultImporter)
Imported 'GUID: 018268bdd48d54121b0fe237a6571615' -> (Import Result ID: '0ad27890927841cd13f4e7dbdbf47402') in 0.000 seconds [static dependencies only]. Details - ImportResultOutputID=1a888794823f06593035e4d07c80760f DependenciesID=e26cf6698e12ea39319cd1dd83d7e566 StaticDependenciesID=74aa0cee8d4eae2c0e3682d61bec40ab 
Importing 'GUID: 215b9f47294ba41a09021a89ed5f5dc1 - Path: Packages/com.unity.collab-proxy/Editor/Diff/Image/Views/Swipe' with importer (DefaultImporter)
Imported 'GUID: 215b9f47294ba41a09021a89ed5f5dc1' -> (Import Result ID: 'c50df84a4a1817b8108a294ed61aaf61') in 0.000 seconds [static dependencies only]. Details - ImportResultOutputID=795ace561a1e71c51bed05044876baa2 DependenciesID=296a75ed881b778cfd0a2b236fbca25c StaticDependenciesID=605206b3155dd9b3166c34179b62dce4 
Importing 'GUID: e1ed640bd70fd427bbd3b9e95533ce87 - Path: Packages/com.unity.collab-proxy/Editor/Diff/Image/Views/OnionSkin' with importer (DefaultImporter)
Imported 'GUID: e1ed640bd70fd427bbd3b9e95533ce87' -> (Import Result ID: '52947fb15b75c31c96e0c99f90ed902b') in 0.000 seconds [static dependencies only]. Details - ImportResultOutputID=527f74c51dc6a27c2d0921f752e3eff0 DependenciesID=ba43e3859a8cbcd8e7427f3ae913bce4 StaticDependenciesID=896ce416438c4746043ab05889dae89f 
Importing 'GUID: 4230d3b9af6f940719414ab4bd67a08e - Path: Packages/com.unity.collab-proxy/Editor/Diff/Asset/Common/UnityObject' with importer (DefaultImporter)
Imported 'GUID: 4230d3b9af6f940719414ab4bd67a08e' -> (Import Result ID: '0e8d3f38510655291ba234914e0946e5') in 0.000 seconds [static dependencies only]. Details - ImportResultOutputID=32676ee0ea7b3bf4dd7d8f9faadbbd01 DependenciesID=70a633fc381c296d25e74905ea66a008 StaticDependenciesID=6b187bc2bba832bb4f8c52907b25c4c6 
Importing 'GUID: 232fff0341b3476d9eae6e83059c7aa0 - Path: Packages/com.unity.collab-proxy/Editor/Diff/Image/Views/ImageViewer' with importer (DefaultImporter)
Imported 'GUID: 232fff0341b3476d9eae6e83059c7aa0' -> (Import Result ID: '5ee5118e5aea78049e5600bcaa2ce751') in 0.000 seconds [static dependencies only]. Details - ImportResultOutputID=975eb412f9578a447c9f2a16b91bd31c DependenciesID=55d52ed88497e8c2a9ffd84a98f30f15 StaticDependenciesID=fa129f6ebf19f58bacbc64eee4d7a1d4 
Importing 'GUID: 54ada74a1e58348099b007e35677f3aa - Path: Packages/com.unity.collab-proxy/Editor/Diff/Asset/Common/Meta' with importer (DefaultImporter)
Imported 'GUID: 54ada74a1e58348099b007e35677f3aa' -> (Import Result ID: 'd5ede5591cd96e9e8b479c5ac4ef7570') in 0.000 seconds [static dependencies only]. Details - ImportResultOutputID=044e5bab994b2b8be65b9b9edcdc6350 DependenciesID=001bcc418c288a747cc3345e34da0a62 StaticDependenciesID=ddc1a393d28dffebaaa67966f1962d14 
Importing 'GUID: c5fe7e62b877408882a2c7096800559b - Path: Packages/com.unity.collab-proxy/Editor/Diff/Asset/Diff/Property' with importer (DefaultImporter)
Imported 'GUID: c5fe7e62b877408882a2c7096800559b' -> (Import Result ID: 'b61aa199949c54ef09aca2487f3baa30') in 0.000 seconds [static dependencies only]. Details - ImportResultOutputID=301ae36693ebec1a6a2abfa51584ef8e DependenciesID=78def198f1492a688fe24ee4257c252f StaticDependenciesID=3c9b78335fdb4513e4d273077dfbdb57 
Importing 'GUID: 17560f2306bb24c3f829b2c849fdf839 - Path: Packages/com.unity.collab-proxy/Editor/Diff/Asset/Content/UnityObject' with importer (DefaultImporter)
Imported 'GUID: 17560f2306bb24c3f829b2c849fdf839' -> (Import Result ID: 'beb38ff7b4bad4b550b1395807dae317') in 0.000 seconds [static dependencies only]. Details - ImportResultOutputID=1c91e411d3de408ab87a2c75f3a9a243 DependenciesID=cd5897986ae7154d9369fb86bb99313d StaticDependenciesID=c4a0ac583144e057940b58a787466c78 
Importing 'GUID: 6702045c2697453fae61a67931fbef13 - Path: Packages/com.unity.collab-proxy/Editor/Diff/Image/Views/Differences' with importer (DefaultImporter)
Imported 'GUID: 6702045c2697453fae61a67931fbef13' -> (Import Result ID: '558b615602fdb2c7d8309f4337d5a086') in 0.000 seconds [static dependencies only]. Details - ImportResultOutputID=2f06875a517283efb6721096564a5dc5 DependenciesID=43b9471ad0a8f0b348e57a6ebefeb68c StaticDependenciesID=8993dbf3ab108583380dbc0fed1839be 
Importing 'GUID: 772402f8aab2e44a089edb3142c706cd - Path: Packages/com.unity.collab-proxy/Editor/Diff/Asset/Diff/Meta' with importer (DefaultImporter)
Imported 'GUID: 772402f8aab2e44a089edb3142c706cd' -> (Import Result ID: '81df41ca75023306c59bd36ebddf25ea') in 0.000 seconds [static dependencies only]. Details - ImportResultOutputID=679bcb6f282fab45388f4c8e786976de DependenciesID=04d078609165fdb882a299bd19ae90f2 StaticDependenciesID=7fb8d5c5d34fc8ecfb8a52bc81746652 
Importing 'GUID: b76140aafe154f1aaa659bebc7f9316e - Path: Packages/com.unity.collab-proxy/Editor/Diff/Asset/Diff/UnityObject' with importer (DefaultImporter)
Imported 'GUID: b76140aafe154f1aaa659bebc7f9316e' -> (Import Result ID: '8c62292f1339a93b3d7b9c94ab8a948d') in 0.000 seconds [static dependencies only]. Details - ImportResultOutputID=72a1414c08370041610b0f2413e83ba7 DependenciesID=91268b4d98675cd316fb952fa4e2f12c StaticDependenciesID=f81d880563317874308b9b726a417c6f 
Importing 'GUID: 9831c3a3f4a4645309f76e99ac9844c2 - Path: Packages/com.unity.collab-proxy/Editor/Diff/Asset/Diff/Filtering' with importer (DefaultImporter)
Imported 'GUID: 9831c3a3f4a4645309f76e99ac9844c2' -> (Import Result ID: '05a218cee7281b4673645748a896274f') in 0.000 seconds [static dependencies only]. Details - ImportResultOutputID=ff5d0667c0a17bac06ee3dde4fc3a242 DependenciesID=111b2dc1dc2b489aad0ad2633629533e StaticDependenciesID=57890fff0717687bcb967af0f3bcbe64 
Importing 'GUID: 4ab5cfecaea4f4c34a32783932e0b88e - Path: Packages/com.unity.collab-proxy/Editor/Diff/Asset/Diff/Search' with importer (DefaultImporter)
Imported 'GUID: 4ab5cfecaea4f4c34a32783932e0b88e' -> (Import Result ID: '13f151740516d8357926aed42116ae05') in 0.000 seconds [static dependencies only]. Details - ImportResultOutputID=a30fc11d6bea4afc5fdfc1d95f6ace85 DependenciesID=3d02df97daca38725cc6fdfbcf57f763 StaticDependenciesID=6ba25354ffcd44a5458da8c292c96af1 
Importing 'GUID: ca0b25f6cad2c45419e69a71c9f47695 - Path: Packages/com.unity.collab-proxy/Editor/Diff/Image/Views/SideBySide' with importer (DefaultImporter)
Imported 'GUID: ca0b25f6cad2c45419e69a71c9f47695' -> (Import Result ID: '0608881c52fcdc4c6f46fb331b3873a9') in 0.000 seconds [static dependencies only]. Details - ImportResultOutputID=26ab153e54321454cbb13546e93d3f25 DependenciesID=d8d996ae0a85ebc97d1a7421a06f3bf3 StaticDependenciesID=3d56be46fe6f372b65a4be147217da4e 
Importing 'GUID: 7b2b4aac3415145888e9c580fb869826 - Path: Packages/com.unity.collab-proxy/Editor/Diff/Asset/Content/Search' with importer (DefaultImporter)
Imported 'GUID: 7b2b4aac3415145888e9c580fb869826' -> (Import Result ID: 'ead893a3aaf2980d4bf0268c5ee15883') in 0.000 seconds [static dependencies only]. Details - ImportResultOutputID=23659f419a5c86cdf261123d7a4f2e44 DependenciesID=64b465885ad07966a920f06657fbc6e3 StaticDependenciesID=433426f90e76ad7f28579d9ee483f00c 
Importing 'GUID: 0c9e6fa111057499c9ed2c22d2c00f95 - Path: Packages/com.unity.collab-proxy/Editor/Diff/Asset/Content/Meta' with importer (DefaultImporter)
Imported 'GUID: 0c9e6fa111057499c9ed2c22d2c00f95' -> (Import Result ID: 'fd423f12e53689122fed1d5e29639876') in 0.000 seconds [static dependencies only]. Details - ImportResultOutputID=5b15ba22a5389d750ed7a04a742a13ec DependenciesID=8c6548934f9a7e5cb4b16090861233f7 StaticDependenciesID=f1c3e42f776970c4b3f48c191c3445ff 
Importing 'GUID: 319e0e95bdd5841b7b1808ef2f0ffd7f - Path: Packages/com.unity.inputsystem/InputSystem/Editor/Plugins/InputForUI/InputSystemForUI.Editor.asmdef' with importer (AssemblyDefinitionImporter)
Imported 'GUID: 319e0e95bdd5841b7b1808ef2f0ffd7f' -> (Import Result ID: '51fa08f80d625a62fc22a026e1692f51') in 0.001 seconds [static dependencies only]. Details - ImportResultOutputID=960a4a78a23e40003c240b09f7c7a851 DependenciesID=0568fcac41d167ba78d97ed900bf26dc StaticDependenciesID=0c008709502f3974a26a1cf09fa64378 
Importing 'GUID: 75469ad4d38634e559750d17036d5f7c - Path: Packages/com.unity.inputsystem/InputSystem/Unity.InputSystem.asmdef' with importer (AssemblyDefinitionImporter)
Imported 'GUID: 75469ad4d38634e559750d17036d5f7c' -> (Import Result ID: '0f0b122cc68906f5fb1cc90f27501646') in 0.001 seconds [static dependencies only]. Details - ImportResultOutputID=c3085425e0f20b4be10f09d72f58d729 DependenciesID=e3cf4076228534b9924619085238df25 StaticDependenciesID=d6349313be51864503b64b83ef25f1b2 
Importing 'GUID: 2665a8d13d1b3f18800f46e256720795 - Path: Packages/com.unity.burst/Runtime/Unity.Burst.asmdef' with importer (AssemblyDefinitionImporter)
Imported 'GUID: 2665a8d13d1b3f18800f46e256720795' -> (Import Result ID: '1c3307c95a098cc1a6316b4371758da7') in 0.000 seconds [static dependencies only]. Details - ImportResultOutputID=8444b201c3c2d7163f4268f64a1b2073 DependenciesID=9a1f0b73a5cf07bc53b6436bd80881e5 StaticDependenciesID=5570d81e7f209c351680d29877d168b8 
Importing 'GUID: 08b014b6ad65b429395b1cea46c18057 - Path: Packages/com.unity.learn.iet-framework/Tests/Editor/Unity.Tutorials.Editor.Placeholder.Tests.asmdef' with importer (AssemblyDefinitionImporter)
Imported 'GUID: 08b014b6ad65b429395b1cea46c18057' -> (Import Result ID: '6250a49fc7efd6fcc539d52bec909df9') in 0.001 seconds [static dependencies only]. Details - ImportResultOutputID=87066bd0b9fdb51275478e784873c9ae DependenciesID=0160f3205a2ff0fdebafebb763a09197 StaticDependenciesID=7b6f72498aa8c67ed4c796ad26273ae4 
Importing 'GUID: 1a494b476833467f9df3a23e8804595b - Path: Packages/com.unity.collab-proxy/Editor/Assistant/Unity.PlasticSCM.Editor.Assistant.asmdef' with importer (AssemblyDefinitionImporter)
Imported 'GUID: 1a494b476833467f9df3a23e8804595b' -> (Import Result ID: 'b5ace6ad956bc8ee10ae8c8d295856bd') in 0.001 seconds [static dependencies only]. Details - ImportResultOutputID=1be88d187b4a59a7f8042f67fb12bdc5 DependenciesID=b319bf4283691ece695b6cdf7edc95e0 StaticDependenciesID=f73e190e33e67798503fcb6607e974fd 
Importing 'GUID: 3ae5734e49d646442ad24f37762ebdd2 - Path: Packages/com.unity.inputsystem/Tests/IntegrationTests/Unity.InputSystem.IntegrationTests.asmdef' with importer (AssemblyDefinitionImporter)
Imported 'GUID: 3ae5734e49d646442ad24f37762ebdd2' -> (Import Result ID: '6ab54ae0f8825b381135f49487b46185') in 0.001 seconds [static dependencies only]. Details - ImportResultOutputID=33cd661def08dda903db74f4cad7b54d DependenciesID=7fbd1c687df9e631af4597ee9d74333b StaticDependenciesID=cec541ee6c267be98f9d2676d5915a1c 
Importing 'GUID: 4b84427fd7ace4b4cb623ef8a46124ed - Path: Packages/com.unity.collab-proxy/Editor/Unity.PlasticSCM.Editor.asmdef' with importer (AssemblyDefinitionImporter)
Imported 'GUID: 4b84427fd7ace4b4cb623ef8a46124ed' -> (Import Result ID: '9b6200f70b27594572a715298351b03a') in 0.001 seconds [static dependencies only]. Details - ImportResultOutputID=5b36d179a5f47d9cfd5f849ec9aa8a5f DependenciesID=4ca5a233798bed1cb2a8b4738f2662dc StaticDependenciesID=c4f699b0438d4dc43223df86f163bfa7 
Importing 'GUID: dc04f38471c3a459fb4d31124ee9127d - Path: Packages/com.unity.inputsystem/Tests/TestFixture/Unity.InputSystem.TestFramework.asmdef' with importer (AssemblyDefinitionImporter)
Imported 'GUID: dc04f38471c3a459fb4d31124ee9127d' -> (Import Result ID: '7de221763bd89eaa80b7d27b73c8ea63') in 0.001 seconds [static dependencies only]. Details - ImportResultOutputID=d2a9c4fe3958000876052a80f5875f1b DependenciesID=886615b81eeeab58c1cb8bb296699f41 StaticDependenciesID=154f9b563f9aab023da32b8f79e4635a 
Importing 'GUID: 6e5480588ffa37d4f82fe96c45e8ce9c - Path: Packages/com.unity.render-pipelines.core/Tests/Editor/Unity.RenderPipelines.Core.Editor.Tests.asmdef' with importer (AssemblyDefinitionImporter)
Imported 'GUID: 6e5480588ffa37d4f82fe96c45e8ce9c' -> (Import Result ID: 'e3a22b57862303ba6cc58b3db6e6693d') in 0.001 seconds [static dependencies only]. Details - ImportResultOutputID=4c2b8d072dc6d62cadd6cf48e9faaede DependenciesID=153a7cafaafa70a1bc5d1a94ee86afca StaticDependenciesID=8c849cbbb692bed2b125dbe568fbb5c5 
Importing 'GUID: 71e7167b55a3448b38774a3bb6e05bac - Path: Packages/com.unity.modules.timelinefoundation/package.ModuleCompilationTrigger' with importer (DefaultImporter)
Imported 'GUID: 71e7167b55a3448b38774a3bb6e05bac' -> (Import Result ID: 'a6bec22fa10db9f7f35c7bd13e010a27') in 0.019 seconds [static dependencies only]. Details - ImportResultOutputID=c5890c0237407de11fec9407c846284f DependenciesID=36a0517f4d644b89cbe480485858a8bb StaticDependenciesID=25f461b927f097c38d0dbd784655af32 
Importing 'GUID: 1af35a910338381f753e8a985eb5daab - Path: Packages/com.unity.modules.adaptiveperformance/package.ModuleCompilationTrigger' with importer (DefaultImporter)
Imported 'GUID: 1af35a910338381f753e8a985eb5daab' -> (Import Result ID: 'fc49569651cc7b30f65743e4c018033a') in 0.001 seconds [static dependencies only]. Details - ImportResultOutputID=38b55a11ad75d8d562e364a238f3edd6 DependenciesID=31de37ff8b9a96f332a1fe4c4b17e97a StaticDependenciesID=b97217f7ec03d510a9073c02c264b8d7 
Importing 'GUID: 4bf139fc5e9d9240edc107e25d67d398 - Path: Packages/com.unity.modules.tetgen/package.ModuleCompilationTrigger' with importer (DefaultImporter)
Imported 'GUID: 4bf139fc5e9d9240edc107e25d67d398' -> (Import Result ID: '32c0a5c247b7d4630e34dc8a23b68bbe') in 0.001 seconds [static dependencies only]. Details - ImportResultOutputID=65cbec6ab1d9e8bebe15b1d11261c757 DependenciesID=f8e401a0bd87c3dc127a91c1ab3cd02f StaticDependenciesID=bcf844a6408d7a7017ee86bb65031aa6 
Importing 'GUID: 3cc1ebf2abb7fef6871ad48f499b6e21 - Path: Packages/com.unity.modules.vectorgraphics/package.ModuleCompilationTrigger' with importer (DefaultImporter)
Imported 'GUID: 3cc1ebf2abb7fef6871ad48f499b6e21' -> (Import Result ID: '691e04633c45bc3a459c56548c37507c') in 0.001 seconds [static dependencies only]. Details - ImportResultOutputID=f888f024258c75377d48b95d8eccd14d DependenciesID=8afc27de05790c97bc976e3bb8e1a82d StaticDependenciesID=27d17b554dfb7e9c29707348538cb25c 
Refreshing native plugins compatible for Editor in 18.39 ms, found 5 plugins.
Shader 'Hidden/Universal/HDRDebugView': fallback shader 'Hidden/Core/FallbackError' not found
Native extension for WindowsStandalone target not found
Native extension for WebGL target not found
ScheduleIndexationOnStartup MainProcess:True IndexOnStartup:True
Shader 'Universal Render Pipeline/Autodesk Interactive/AutodeskInteractive': fallback shader 'Hidden/Shader Graph/FallbackError' not found
Shader 'Universal Render Pipeline/Autodesk Interactive/AutodeskInteractiveTransparent': fallback shader 'Hidden/Shader Graph/FallbackError' not found
Shader 'Universal Render Pipeline/Autodesk Interactive/AutodeskInteractiveMasked': fallback shader 'Hidden/Shader Graph/FallbackError' not found
Shader 'Universal Render Pipeline/Nature/SpeedTree7': fallback shader 'Hidden/Universal Render Pipeline/FallbackError' not found
Shader 'Universal Render Pipeline/Nature/SpeedTree7': dependency 'BillboardShader' shader 'Universal Render Pipeline/Nature/SpeedTree7 Billboard' not found
Shader 'Universal Render Pipeline/Nature/SpeedTree8_PBRLit': fallback shader 'Hidden/Shader Graph/FallbackError' not found
Shader 'Universal Render Pipeline/Nature/SpeedTree9_URP': fallback shader 'Hidden/Shader Graph/FallbackError' not found
Shader 'Hidden/Universal Render Pipeline/StencilDeferred': fallback shader 'Hidden/Universal Render Pipeline/FallbackError' not found
Shader 'Hidden/Universal Render Pipeline/ClusterDeferred': fallback shader 'Hidden/Universal Render Pipeline/FallbackError' not found
Shader 'Hidden/Universal Render Pipeline/FallbackError': fallback shader 'Hidden/Core/FallbackError' not found
Shader 'Universal Render Pipeline/Lit': fallback shader 'Hidden/Universal Render Pipeline/FallbackError' not found
Shader 'Universal Render Pipeline/Simple Lit': fallback shader 'Hidden/Universal Render Pipeline/FallbackError' not found
Shader 'Universal Render Pipeline/Particles/Unlit': fallback shader 'Hidden/Universal Render Pipeline/FallbackError' not found
Shader 'Universal Render Pipeline/Terrain/Lit': fallback shader 'Hidden/Universal Render Pipeline/FallbackError' not found
Shader 'Universal Render Pipeline/Terrain/Lit': dependency 'AddPassShader' shader 'Hidden/Universal Render Pipeline/Terrain/Lit (Add Pass)' not found
Shader 'Universal Render Pipeline/Terrain/Lit': dependency 'BaseMapShader' shader 'Hidden/Universal Render Pipeline/Terrain/Lit (Base Pass)' not found
Shader 'Universal Render Pipeline/Terrain/Lit': dependency 'BaseMapGenShader' shader 'Hidden/Universal Render Pipeline/Terrain/Lit (Basemap Gen)' not found
Shader 'Shader Graphs/Decal': fallback shader 'Hidden/Shader Graph/FallbackError' not found
Scripting: successfully reloaded assembly
- Finished resetting the current domain, in  1.119 seconds
Domain Reload Profiling: 2094ms
	BeginReloadAssembly (233ms)
		DisableScriptedObjects (23ms)
		CreateAndSetChildDomain (50ms)
	RebuildCommonClasses (10ms)
	RebuildNativeTypeToScriptingClass (17ms)
	initialDomainReloadingComplete (49ms)
	LoadAllAssembliesAndSetupDomain (666ms)
		LoadAssemblies (335ms)
		TypeCache.Refresh (190ms)
			TypeCache.ScanAssembly (178ms)
		AnalyzeDomain (88ms)
			BuildScriptInfoCaches (78ms)
			ResolveRequiredComponents (9ms)
	FinalizeReload (1120ms)
		SetupLoadedEditorAssemblies (0ms)
			BeforeProcessingInitializeOnLoad (119ms)
			ProcessInitializeOnLoadAttributes (348ms)
			ProcessInitializeOnLoadMethodAttributes (358ms)
			AfterProcessingInitializeOnLoad (4ms)
		AwakeInstancesAfterBackupRestoration (28ms)
Starting new worker id: 0 with log in C:/Users/kvdgs/gra/moba-2d/Logs/AssetImportWorkerHW0.log
Importing 'GUID: 50504580bca9eb0409fcceea1af68eb5 - Path: Packages/com.unity.collections/Unity.Collections/NativeText.tt' with importer (DefaultImporter)
Imported 'GUID: 50504580bca9eb0409fcceea1af68eb5' -> (Import Result ID: '310d20c832bfacfaa186275d3ab8c486') in 0.002 seconds [static dependencies only]. Details - ImportResultOutputID=6d7bc5e5fe5476e1e96443bd51d86392 DependenciesID=a46ebab0eab8f61a3817b90e318e9c93 StaticDependenciesID=676451f25a1163678c50f31d3459a9a5 
Importing 'GUID: f16da17e34bf5f149a196c3f6b32e37f - Path: Packages/com.unity.collections/Unity.Collections/FixedList.tt' with importer (DefaultImporter)
Imported 'GUID: f16da17e34bf5f149a196c3f6b32e37f' -> (Import Result ID: 'e68c741fb116c49df097ba3da87bc6b8') in 0.001 seconds [static dependencies only]. Details - ImportResultOutputID=7b9ce79087f188a9dbec0f0272ba0483 DependenciesID=859469f9de329722cbf9cb37973bc0b6 StaticDependenciesID=a449413d7cf6adc2b585d0b88f90f5ec 
Importing 'GUID: 059659011adc4f67a43b9d9bcc5dfd01 - Path: Packages/com.unity.collections/Unity.Collections/FixedStringFormat.tt' with importer (DefaultImporter)
Imported 'GUID: 059659011adc4f67a43b9d9bcc5dfd01' -> (Import Result ID: 'ff6f7bb0160333da77d5864f0cfabee2') in 0.000 seconds [static dependencies only]. Details - ImportResultOutputID=61fa97690ba2dfc750f9f96319d02d1a DependenciesID=843f7fc65ea96be1072a78d22aeb0076 StaticDependenciesID=0f673f037140990d4a87cd4b619750ca 
Importing 'GUID: 2610dd81ce5e9084aac66686c11e98f0 - Path: Packages/com.unity.timeline/Editor/Unity.Timeline.Editor.api' with importer (DefaultImporter)
Imported 'GUID: 2610dd81ce5e9084aac66686c11e98f0' -> (Import Result ID: '53cae3b3c49b72ec08b61dbd5fbfc6cd') in 0.001 seconds [static dependencies only]. Details - ImportResultOutputID=55d5407d868882fae000f264e28018e2 DependenciesID=19291758eb98cd84b509227daa85944b StaticDependenciesID=2d6d72707bc0f4c04bd8165cb9beb00a 
Importing 'GUID: 175a9e4a17bf01748b02c5c1c653d091 - Path: Packages/com.unity.collections/Unity.Collections.Tests/NativeSortTests.tt' with importer (DefaultImporter)
Imported 'GUID: 175a9e4a17bf01748b02c5c1c653d091' -> (Import Result ID: '232a59f1d2df38ffbbc35b30f3f03337') in 0.001 seconds [static dependencies only]. Details - ImportResultOutputID=e78d1b5b0f7b50d1140c202938cc09b2 DependenciesID=70caf9599de100dd21ada90d946c9892 StaticDependenciesID=1a80bd3cdbb96df0eabbb03d630b138f 
Importing 'GUID: 775a8d1badc640e45a6030c3822a83d7 - Path: Packages/com.unity.collections/Unity.Collections.Tests/FixedListTests.tt' with importer (DefaultImporter)
Imported 'GUID: 775a8d1badc640e45a6030c3822a83d7' -> (Import Result ID: 'f162d0874f9a3ccbb82c9034b6cf06e1') in 0.000 seconds [static dependencies only]. Details - ImportResultOutputID=6ba530be3bc729e98a07281433b3a757 DependenciesID=7bdacc531e6d293d61f773d4cd08b176 StaticDependenciesID=984286e20e29bb4a00c2e3a898cfaa3a 
Importing 'GUID: 0a845769eb1dc4f459f64e5c840d07de - Path: Packages/com.unity.collections/Unity.Collections/FixedString.tt' with importer (DefaultImporter)
Imported 'GUID: 0a845769eb1dc4f459f64e5c840d07de' -> (Import Result ID: 'a923b0d84d1d627515292a6977483a58') in 0.000 seconds [static dependencies only]. Details - ImportResultOutputID=21a9bbede67f22452eddbe582264e8a4 DependenciesID=8e7fb5941df0e0387a6ea57c8a1e76a5 StaticDependenciesID=83a90617331ff5c12d0b9c3e3c189164 
Importing 'GUID: 6a88e2cd1798bb445bc5517141684031 - Path: Packages/com.unity.collections/Unity.Collections.Tests.Playmode/FixedListPlayModeTests.tt' with importer (DefaultImporter)
Imported 'GUID: 6a88e2cd1798bb445bc5517141684031' -> (Import Result ID: 'b7394d99f940a9baa53290c026d5596e') in 0.000 seconds [static dependencies only]. Details - ImportResultOutputID=59010f6e054ed713114649911a66fa01 DependenciesID=3c3385dd19b9d04166d4f799bf024c99 StaticDependenciesID=79c330cae5578e7f13a65d371bbe0455 
Importing 'GUID: 0be05385fc513c143a5b5249b7ad6211 - Path: Packages/com.unity.collections/Unity.Collections.Tests/FixedStringSizedTests.tt' with importer (DefaultImporter)
Imported 'GUID: 0be05385fc513c143a5b5249b7ad6211' -> (Import Result ID: 'e58d5adc1f78b3e1e015977c4be92613') in 0.000 seconds [static dependencies only]. Details - ImportResultOutputID=50f211b33b37149e9b96dc0fd27e85c7 DependenciesID=dba16bde1a995db09bb1a53c48fe9b56 StaticDependenciesID=5c0c5d080112a1f052278df1d34bb8c2 
Importing 'GUID: 0cdef7b1946241588e9a3b52426940e4 - Path: Packages/com.unity.collections/Unity.Collections/FixedStringFormatMethods.tt' with importer (DefaultImporter)
Imported 'GUID: 0cdef7b1946241588e9a3b52426940e4' -> (Import Result ID: '5948816ac74242e2150798613d08cf1a') in 0.000 seconds [static dependencies only]. Details - ImportResultOutputID=b0497d85c30751fe54b777eff9e739b4 DependenciesID=e32386892519157b83a4a4e846f1c3cb StaticDependenciesID=e864cd664b3a0f8fbc390ea58291bc11 
Importing 'GUID: edf89c00aa475ae48a7726b87fc0f00c - Path: Packages/com.unity.collections/Unity.Collections.Tests/NativeParallelHashSetTests.tt' with importer (DefaultImporter)
Imported 'GUID: edf89c00aa475ae48a7726b87fc0f00c' -> (Import Result ID: '82bc216ae3e85ebe834f17c046119510') in 0.000 seconds [static dependencies only]. Details - ImportResultOutputID=92fa92a2f8e67fa214bf7466e537f777 DependenciesID=d1c5b35c06bb9a9bf2598c06f238e249 StaticDependenciesID=a22233c0bbba70fad016174f8fd84a25 
Importing 'GUID: bead43d474a87b742a2b136a8b41e26b - Path: Packages/com.unity.collections/Unity.Collections.Tests/NativeHashSetTests.tt' with importer (DefaultImporter)
Imported 'GUID: bead43d474a87b742a2b136a8b41e26b' -> (Import Result ID: 'c6e62102d2cb359bf9eff13f98927d6a') in 0.000 seconds [static dependencies only]. Details - ImportResultOutputID=6bea1f4466dbb077ba61f785355527ae DependenciesID=8e307bc11503c83e531a9f00d3700530 StaticDependenciesID=82c849fb8db8c39c3048d601052b0790 
Importing 'GUID: ce4ff17ca867d2b48b5c8a4181611901 - Path: Packages/com.unity.ugui/Package Resources/TMP Essential Resources.unitypackage' with importer (DefaultImporter)
Imported 'GUID: ce4ff17ca867d2b48b5c8a4181611901' -> (Import Result ID: '125767940f57f84da1db0f9543b7caff') in 0.007 seconds [static dependencies only]. Details - ImportResultOutputID=f07f1189a2b24fcec03c20307fac9422 DependenciesID=f09ee32b1d0e9fabbd6928005237c8b4 StaticDependenciesID=da1ca419056efb5873ef344d36b45ead 
Importing 'GUID: 6f9fa81af98728e4f8a0db3762124ff9 - Path: Packages/com.unity.collections/Unity.Collections/NativeParallelHashSetExtensions.tt' with importer (DefaultImporter)
Imported 'GUID: 6f9fa81af98728e4f8a0db3762124ff9' -> (Import Result ID: '4dd8426fd52d340db503703d0acd817e') in 0.001 seconds [static dependencies only]. Details - ImportResultOutputID=c3f77b7d2f19a3caac7c1c9c7ba951da DependenciesID=bffa659a6167afe83a12da32a560795e StaticDependenciesID=6e5a9c8fcd1e6a1266b37323f8289ca9 
Importing 'GUID: 3b060531fe7ce41768321dd4c68d7f75 - Path: Packages/com.unity.shadergraph/Editor/Generation/Targets/UITK/Templates/PassUI.template' with importer (DefaultImporter)
Imported 'GUID: 3b060531fe7ce41768321dd4c68d7f75' -> (Import Result ID: 'e971cd05aaaa2e4ba2ff55173443c3bc') in 0.002 seconds [static dependencies only]. Details - ImportResultOutputID=83234913c6444c0e32329c5741c424c8 DependenciesID=c75e6df22ddcf47220e46084704b9111 StaticDependenciesID=56ae0a642ff9aff5f93fa545ee171d39 
Importing 'GUID: 010782d013661414a9aa675a9fbcceab - Path: Packages/com.unity.collab-proxy/Editor/Assets/Images/iconnext.png' with importer (TextureImporter)
Imported 'GUID: 010782d013661414a9aa675a9fbcceab' -> (Import Result ID: 'e5173bc9c4a79cec9a2f4315817e4d51') in 0.021 seconds [static and dynamic dependencies]. Details - ImportResultOutputID=dcf6bf1ee5261324a5cfc6c572c7bc6b DependenciesID=0ba486e0e53760679067b1974c3bc91d StaticDependenciesID=f9197283c2124d7b8590af54f0905277 
Importing 'GUID: 119f93d0bcbf1e743bf5fcf237507d39 - Path: Packages/com.unity.render-pipelines.universal/Textures/2D/Sparkle.png' with importer (TextureImporter)
Imported 'GUID: 119f93d0bcbf1e743bf5fcf237507d39' -> (Import Result ID: 'bc0fe41c6a768add1ed6662d5649ab4c') in 0.006 seconds [static and dynamic dependencies]. Details - ImportResultOutputID=662f3cc519c28709b087de3f04c99704 DependenciesID=5474c4d94eacf531cc877ecc82cb0bf7 StaticDependenciesID=9f1f340a8de30aed8c8af7920e39a43f 
Importing 'GUID: 02102e2fc09aa45bf8be0a509170d07f - Path: Packages/com.unity.collab-proxy/Editor/Assets/Images/d_RGBAlpha@2x.png' with importer (TextureImporter)
Imported 'GUID: 02102e2fc09aa45bf8be0a509170d07f' -> (Import Result ID: 'bd08dec7560482841e4332b947d4100a') in 0.002 seconds [static and dynamic dependencies]. Details - ImportResultOutputID=43909ed6c2b78829419b83d4228f2e06 DependenciesID=4e734b635f36fc1d0236d2f55507c588 StaticDependenciesID=8100b336b9b7b0bb88492fbaee460bc7 
Importing 'GUID: 229e2995d63f84938880b35fec07c4b2 - Path: Packages/com.unity.collab-proxy/Editor/Assets/Images/d_iconlast@2x.png' with importer (TextureImporter)
Imported 'GUID: 229e2995d63f84938880b35fec07c4b2' -> (Import Result ID: '7a7dd4ba585b1f64698169559515392a') in 0.002 seconds [static and dynamic dependencies]. Details - ImportResultOutputID=a626d11601cbdf0d6de9ceebf2220ba8 DependenciesID=b9b510de5ddd8366827083fb64265635 StaticDependenciesID=73f5a14835eb8810cc0aeb4c2c3b94d4 
Importing 'GUID: 42d4aab7d8dc3481eb811bb48a8c8485 - Path: Packages/com.unity.collab-proxy/Editor/Assets/Images/iconprev.png' with importer (TextureImporter)
Imported 'GUID: 42d4aab7d8dc3481eb811bb48a8c8485' -> (Import Result ID: '286965e00d3830668eaf04536559baed') in 0.001 seconds [static and dynamic dependencies]. Details - ImportResultOutputID=78ce6f559300fbfc8a848139b4a7d038 DependenciesID=1a41f30054cab9a5f65f86f9d35fbe96 StaticDependenciesID=858e18a73d9eaab70477e481d6e3dd2c 
Importing 'GUID: 428f6dbb540e04806b5f7de85468b51a - Path: Packages/com.unity.collab-proxy/Editor/Assets/Images/d_icondiff@2x.png' with importer (TextureImporter)
Imported 'GUID: 428f6dbb540e04806b5f7de85468b51a' -> (Import Result ID: '955a25a5e4cf6e92b8419293994512e2') in 0.001 seconds [static and dynamic dependencies]. Details - ImportResultOutputID=282ceb0a1fd01645ee795506fc29906a DependenciesID=7d299a521c7975801fa0aa32ef70d4f6 StaticDependenciesID=7e36c57b71edd326ce7887739c883efd 
Importing 'GUID: 92f52bf261791408fb5ad445ce645efb - Path: Packages/com.unity.collab-proxy/Editor/Assets/Images/icondiff@2x.png' with importer (TextureImporter)
Imported 'GUID: 92f52bf261791408fb5ad445ce645efb' -> (Import Result ID: '76504791e3564034ec7d99e3ad34a2f6') in 0.001 seconds [static and dynamic dependencies]. Details - ImportResultOutputID=125b3ec51235ef4893112ef813b90b77 DependenciesID=43fca98434437454892606bac774948c StaticDependenciesID=6bf0f76aa76f0cc80f873792e1e764ee 
Importing 'GUID: 639dd667694184004a6f47c95ff5594b - Path: Packages/com.unity.collab-proxy/Editor/Assets/Images/d_RGBAAll@2x.png' with importer (TextureImporter)
Imported 'GUID: 639dd667694184004a6f47c95ff5594b' -> (Import Result ID: '625b0243cb3550caee854eea5cbcc3af') in 0.002 seconds [static and dynamic dependencies]. Details - ImportResultOutputID=feeb9c142e64563e422bf9f2a1023ab1 DependenciesID=24704dec82bd31f360895a6a87079f98 StaticDependenciesID=68638496be866f37d771428f2c85f72b 
Importing 'GUID: 93298c6fcbff047f8aca0c4c8420f143 - Path: Packages/com.unity.collab-proxy/Editor/Assets/Images/iconçlast@2x.png' with importer (TextureImporter)
Imported 'GUID: 93298c6fcbff047f8aca0c4c8420f143' -> (Import Result ID: 'db199d5aeb289ee91d9faa4684adb3db') in 0.001 seconds [static and dynamic dependencies]. Details - ImportResultOutputID=ccd7b825a88505687c9e62ea9624caa0 DependenciesID=37a22452810de05cfeea1bf4cf0186c6 StaticDependenciesID=7cf8cd78b0ee103c06af9e035788784f 
Importing 'GUID: 1463dc66197dc49609f516a8540465f0 - Path: Packages/com.unity.collab-proxy/Editor/Assets/Images/iconoriginalsize.png' with importer (TextureImporter)
Imported 'GUID: 1463dc66197dc49609f516a8540465f0' -> (Import Result ID: '1e7e504e0dbe16fe1acd726bd1437065') in 0.001 seconds [static and dynamic dependencies]. Details - ImportResultOutputID=a26987a2ebecb95ed38ad298b73deffb DependenciesID=a761faa39f332f237e6a82425aae0fd9 StaticDependenciesID=bd3c03c2cc1cb471cbdabd4bde99ca8a 
Importing 'GUID: 14e91e4835bce49a0b49a84da2532484 - Path: Packages/com.unity.collab-proxy/Editor/Assets/Images/d_RGBABlue.png' with importer (TextureImporter)
Imported 'GUID: 14e91e4835bce49a0b49a84da2532484' -> (Import Result ID: 'b95f4f09f756710b5a8337b86f870915') in 0.002 seconds [static and dynamic dependencies]. Details - ImportResultOutputID=851f58475128b16ef13741d35c17c0a7 DependenciesID=30a542fde24e1b44f52e2b011d0ae0f4 StaticDependenciesID=0790e7597a8652033d5740cd2bf4c214 
Importing 'GUID: 940b9d1a2dc73495da39c6d329f2b3a0 - Path: Packages/com.unity.collab-proxy/Editor/Assets/Images/iconnext@2x.png' with importer (TextureImporter)
Imported 'GUID: 940b9d1a2dc73495da39c6d329f2b3a0' -> (Import Result ID: 'db5ef1a5765001a32d52526962ef0f7b') in 0.002 seconds [static and dynamic dependencies]. Details - ImportResultOutputID=da0f7eb3eaa9f5f731c5ca417820838a DependenciesID=50f5b2bf7b1883351df407acd3a28f11 StaticDependenciesID=b96b95b96e480f50b8ff463c786c0a55 
Importing 'GUID: d452c24a7410847ddac09d8ef2fbad23 - Path: Packages/com.unity.collab-proxy/Editor/Assets/Images/d_RGBABlue@2x.png' with importer (TextureImporter)
Imported 'GUID: d452c24a7410847ddac09d8ef2fbad23' -> (Import Result ID: '5f1c3b1b8073982085f238ab4d021858') in 0.002 seconds [static and dynamic dependencies]. Details - ImportResultOutputID=f39b31b170492e2766bca65b475e359c DependenciesID=f43c8a5ab058d20248ed9fdcfd2118f4 StaticDependenciesID=a4b3de25549ab30b45306e8e2bc1c836 
Importing 'GUID: 155b8a0cbfb7948baab0167cb548c0f6 - Path: Packages/com.unity.collab-proxy/Editor/Assets/Images/iconcheckmark@2x.png' with importer (TextureImporter)
Imported 'GUID: 155b8a0cbfb7948baab0167cb548c0f6' -> (Import Result ID: 'c50d735556150db7d73f7e2096c4e782') in 0.002 seconds [static and dynamic dependencies]. Details - ImportResultOutputID=da589f7f68566bf1629bf1b107d038a8 DependenciesID=f4f060522582df0339d15ffcb93afb23 StaticDependenciesID=dc58c8d151f590f227f6fd4f6dab8a2c 
Importing 'GUID: 450a5bff12481484c862ad1ab592a858 - Path: Packages/com.unity.collab-proxy/Editor/Assets/Images/d_iconnext.png' with importer (TextureImporter)
Imported 'GUID: 450a5bff12481484c862ad1ab592a858' -> (Import Result ID: '1d2b13867068d41acd82cd87206e1094') in 0.002 seconds [static and dynamic dependencies]. Details - ImportResultOutputID=6fae20bdd7627a283b475935c03144c3 DependenciesID=37570f4524bf0001d1c62dc4899e93d3 StaticDependenciesID=ec2e5c4cbd42a9419419ffcd4e2a492e 
Importing 'GUID: 752ba7759bdbd45c59b7e7df302ea223 - Path: Packages/com.unity.collab-proxy/Editor/Assets/Images/iconarrowdown@2x.png' with importer (TextureImporter)
Imported 'GUID: 752ba7759bdbd45c59b7e7df302ea223' -> (Import Result ID: 'fc8af012c23e7a09ff6137ca2808efbb') in 0.002 seconds [static and dynamic dependencies]. Details - ImportResultOutputID=9bc6b3c4e5f8d2a24a1bab84af6493d0 DependenciesID=b3585a2d5ed44311fea7768a5a4d83d5 StaticDependenciesID=1075c964d2c31f1edfc90387e88cc4b9 
Importing 'GUID: f625c371407cd41789c91b6fedaae9e1 - Path: Packages/com.unity.collab-proxy/Editor/Assets/Images/RGBARed.png' with importer (TextureImporter)
Imported 'GUID: f625c371407cd41789c91b6fedaae9e1' -> (Import Result ID: '41043a431165191d9fa840191c8103c2') in 0.001 seconds [static and dynamic dependencies]. Details - ImportResultOutputID=0024649416f4c76371100361471da388 DependenciesID=fee3e4b53a7083016e30eae51bd48521 StaticDependenciesID=eae5a7808e7d7a84f1dfd245494e662f 
Importing 'GUID: 074c5a73ef68b42feb9b39c318715bc8 - Path: Packages/com.unity.collab-proxy/Editor/Assets/Images/d_RGBAAll.png' with importer (TextureImporter)
Imported 'GUID: 074c5a73ef68b42feb9b39c318715bc8' -> (Import Result ID: '997fe32aa5ad613657fd3236eb30a19e') in 0.001 seconds [static and dynamic dependencies]. Details - ImportResultOutputID=529dc3389c3a37d0307ec6472edd3c40 DependenciesID=761cd2dcfce79c5ce48d9d97b431e624 StaticDependenciesID=04719e683409e94ef568626ba0a02b92 
Importing 'GUID: 277242a6729244ec1915c31e00f364a3 - Path: Packages/com.unity.collab-proxy/Editor/Assets/Images/d_iconprev.png' with importer (TextureImporter)
Imported 'GUID: 277242a6729244ec1915c31e00f364a3' -> (Import Result ID: 'a21b091cf03277eb670a9816a62eec81') in 0.001 seconds [static and dynamic dependencies]. Details - ImportResultOutputID=ca1aee077ccb33c2ca96d068ce3c5c6c DependenciesID=c4131cfc1ab85dbebd153aeb7ad29765 StaticDependenciesID=49f2f744f4f66a705810f7034b205d17 
Importing 'GUID: 478e7a694cd244ed5a85d1ed919f305c - Path: Packages/com.unity.collab-proxy/Editor/Assets/Images/RGBAAll@2x.png' with importer (TextureImporter)
Imported 'GUID: 478e7a694cd244ed5a85d1ed919f305c' -> (Import Result ID: '0eca8d68a52dd608ecc2e3bb66bcb406') in 0.002 seconds [static and dynamic dependencies]. Details - ImportResultOutputID=e10025f77e0520cf24c31beed420beda DependenciesID=bfa82ba9902dfa801e3bdac2875522c7 StaticDependenciesID=0e9be3d2cc042d57edee9a8e90834bdf 
Importing 'GUID: 5787fe7d2b4da4b75a337e07cb5e1062 - Path: Packages/com.unity.collab-proxy/Editor/Assets/Images/d_iconoriginalsize.png' with importer (TextureImporter)
Imported 'GUID: 5787fe7d2b4da4b75a337e07cb5e1062' -> (Import Result ID: '5719e2e144e9405a1cc70edd3d3189d5') in 0.001 seconds [static and dynamic dependencies]. Details - ImportResultOutputID=f54f52b18e144905914da0812021dbd5 DependenciesID=171881113b5f0641edb270bc91679d33 StaticDependenciesID=5ca97f4842d51409f8d760b2e75bc2bb 
Importing 'GUID: 28080b664b5d94db885a04224cf2967c - Path: Packages/com.unity.collab-proxy/Editor/Assets/Images/iconoriginalsize@2x.png' with importer (TextureImporter)
Imported 'GUID: 28080b664b5d94db885a04224cf2967c' -> (Import Result ID: '703bcc02bc03105aaddb2115937bbf32') in 0.001 seconds [static and dynamic dependencies]. Details - ImportResultOutputID=e0c127a28c0c3ba6ccd2c801619b7002 DependenciesID=8f1b152897af601828fef7cdec52fc3a StaticDependenciesID=42a05f7bdc0b4d52f0078170f590d0ef 
Importing 'GUID: 68e5bb6e60bebc046b26d3c3100a523b - Path: Packages/com.unity.render-pipelines.universal/Editor/2D/Resources/InspectorIcons/FreeformLight.png' with importer (TextureImporter)
Imported 'GUID: 68e5bb6e60bebc046b26d3c3100a523b' -> (Import Result ID: '30281224c50e43991e8624442beb2b15') in 0.001 seconds [static and dynamic dependencies]. Details - ImportResultOutputID=672b6083fd1cb52b154f06814ccff23d DependenciesID=ea40b7432cd5a3108f9e6f19536d85cd StaticDependenciesID=a6c28a7c7249b443acf701d146fcc191 
Importing 'GUID: 68587391d99444fd2a157ca65484dee2 - Path: Packages/com.unity.collab-proxy/Editor/Assets/Images/d_iconprev@2x.png' with importer (TextureImporter)
Imported 'GUID: 68587391d99444fd2a157ca65484dee2' -> (Import Result ID: '785230238dc06036de6fdc67fcda51c8') in 0.001 seconds [static and dynamic dependencies]. Details - ImportResultOutputID=51530d964ff52653ff20558e16996abd DependenciesID=3d0fdfd42fce49d46d99930d336414c0 StaticDependenciesID=212c79767628d699143db56fbec4388e 
Importing 'GUID: 7843fb01e5ee34be0a20027af3edab78 - Path: Packages/com.unity.collab-proxy/Editor/Assets/Images/d_iconheckmark.png' with importer (TextureImporter)
Imported 'GUID: 7843fb01e5ee34be0a20027af3edab78' -> (Import Result ID: 'ed8530889e01c4b96fa5f279023ffdf8') in 0.001 seconds [static and dynamic dependencies]. Details - ImportResultOutputID=acbb8bbd6fc9d34c935ada146b27a9eb DependenciesID=2c29b25432edf7ea629f3dcfff8ef1d5 StaticDependenciesID=ee52ee854bf9d395ebdd535cacbbc3d0 
Importing 'GUID: 8839c54710da3374f994e12f39b6d65f - Path: Packages/com.unity.render-pipelines.universal/Editor/2D/Resources/InspectorIcons/SpriteLight.png' with importer (TextureImporter)
Imported 'GUID: 8839c54710da3374f994e12f39b6d65f' -> (Import Result ID: '2101ff82f95c9332cd63f185e84557f1') in 0.001 seconds [static and dynamic dependencies]. Details - ImportResultOutputID=2acd546fe131c680fae0b110dbdf4b03 DependenciesID=ba9e0deab227b652af636da62e8c81a1 StaticDependenciesID=f341d3853c12675e5795daeda0992691 
Importing 'GUID: d80583d4126ca4f74bd2c5e97e49f70d - Path: Packages/com.unity.collab-proxy/Editor/Assets/Images/iconfirst.png' with importer (TextureImporter)
Imported 'GUID: d80583d4126ca4f74bd2c5e97e49f70d' -> (Import Result ID: 'f08a794efb9cc06c544919ed3c3fd9ed') in 0.001 seconds [static and dynamic dependencies]. Details - ImportResultOutputID=204a418dcc22ebd89b3618343b8e7cf7 DependenciesID=c699eb5cc4b24e5a9568e28e63787466 StaticDependenciesID=78e26a26548a111c8ec5e3bc4ab47522 
Importing 'GUID: 39ea418026f63417da6b3e259222f850 - Path: Packages/com.unity.collab-proxy/Editor/Assets/Images/d_iconoriginalsize@2x.png' with importer (TextureImporter)
Imported 'GUID: 39ea418026f63417da6b3e259222f850' -> (Import Result ID: 'a5b2f9bcbd6758d20638f2537f86bf3c') in 0.002 seconds [static and dynamic dependencies]. Details - ImportResultOutputID=04efd24fdb52800517e7a41f28d8629b DependenciesID=b2890f582a7b8103298c593031af0592 StaticDependenciesID=2d557dbb706619e3e652d015a42b290c 
Importing 'GUID: 4999348b6ce1c4d5fa3854f4e16dad48 - Path: Packages/com.unity.collab-proxy/Editor/Assets/Images/iconlast.png' with importer (TextureImporter)
Imported 'GUID: 4999348b6ce1c4d5fa3854f4e16dad48' -> (Import Result ID: '71a3ec432b02042844c534b912d4e01d') in 0.001 seconds [static and dynamic dependencies]. Details - ImportResultOutputID=b497efbaf4e16956ccf17469ef8efb59 DependenciesID=c9f0b8441058df0742cbc73f7ba68820 StaticDependenciesID=ad63424a670a8610aeaaa0bafb78db03 
Importing 'GUID: 49deb65084c2f495d8ee4d010ad486c2 - Path: Packages/com.unity.collab-proxy/Editor/Assets/Images/d_icondiff.png' with importer (TextureImporter)
Imported 'GUID: 49deb65084c2f495d8ee4d010ad486c2' -> (Import Result ID: 'b405fd797ac8907e6f7dbcacb3740e40') in 0.001 seconds [static and dynamic dependencies]. Details - ImportResultOutputID=7ef786215cd732b1781859cd420b1a92 DependenciesID=57d548de81944fd4672c4cd1983a5f6c StaticDependenciesID=d79f727824c101b9ed3fe3e193352d24 
Importing 'GUID: a9cec377658c44e5ba06fde05976bee6 - Path: Packages/com.unity.collab-proxy/Editor/Assets/Images/d_iconlast.png' with importer (TextureImporter)
Imported 'GUID: a9cec377658c44e5ba06fde05976bee6' -> (Import Result ID: '4b5aa7918db77e058054e8859d2574db') in 0.002 seconds [static and dynamic dependencies]. Details - ImportResultOutputID=178e63d9061638f6fba6a8746c4885b9 DependenciesID=52df75c03b96b884251000d6eeae8a29 StaticDependenciesID=95f9173f13ff59f1b96dd48783a78d02 
Importing 'GUID: d937bd39ca592471b942d16ee8094535 - Path: Packages/com.unity.collab-proxy/Editor/Assets/Images/iconprev@2x.png' with importer (TextureImporter)
Imported 'GUID: d937bd39ca592471b942d16ee8094535' -> (Import Result ID: '2086ac053e5589c66444155a4d637903') in 0.002 seconds [static and dynamic dependencies]. Details - ImportResultOutputID=998bd910d9368569c0b60ffe54b7db87 DependenciesID=e7607e34aad925bff1f81386e24b7143 StaticDependenciesID=8f466781927ef03adfbf7459747647fb 
Importing 'GUID: e957854850ccb7140a538f7a93f8761b - Path: Packages/com.unity.render-pipelines.universal/Editor/2D/Resources/InspectorIcons/ParametricLight.png' with importer (TextureImporter)
Imported 'GUID: e957854850ccb7140a538f7a93f8761b' -> (Import Result ID: 'f402dea5c0fdd4c7a34dcce0518e8176') in 0.001 seconds [static and dynamic dependencies]. Details - ImportResultOutputID=9b1626d432fffb2fdd10b6cee6f701ca DependenciesID=de50e67791de0506cf8ca7407768610a StaticDependenciesID=31c6eab07ec25b12995cc2efeb76dfde 
Importing 'GUID: f94d06b5a7fc94387a1a212b8dc9b2a5 - Path: Packages/com.unity.collab-proxy/Editor/Assets/Images/d_iconfirst@2x.png' with importer (TextureImporter)
Imported 'GUID: f94d06b5a7fc94387a1a212b8dc9b2a5' -> (Import Result ID: 'a927f5bbcfea26927f1a25b66ccdb61a') in 0.002 seconds [static and dynamic dependencies]. Details - ImportResultOutputID=4b39c519bd9faaf099b4e6175ec8c1fa DependenciesID=1ab73963339b29a7f604dce590cb4fbd StaticDependenciesID=5f3e7387a5bf53d0b14d8612f084db19 
Importing 'GUID: 3ac1672d8b4664bf3a3a5844d0be8a85 - Path: Packages/com.unity.collab-proxy/Editor/Assets/Images/d_iconcheckmark@2x.png' with importer (TextureImporter)
Imported 'GUID: 3ac1672d8b4664bf3a3a5844d0be8a85' -> (Import Result ID: '330bbed6938cbeb8d2f188324170ddd4') in 0.002 seconds [static and dynamic dependencies]. Details - ImportResultOutputID=b842bd254223c776cefe867f39500073 DependenciesID=ce14ca6bbeac09284e9800fdbada8fb2 StaticDependenciesID=2b5c5cef4b356c6edeed1311ba8788dd 
Importing 'GUID: 4aa6f152b3bc842a6b793662d8374cf1 - Path: Packages/com.unity.collab-proxy/Editor/Assets/Images/d_iconfirst.png' with importer (TextureImporter)
Imported 'GUID: 4aa6f152b3bc842a6b793662d8374cf1' -> (Import Result ID: '4cac26ca3e8b08c539a90a04f228809a') in 0.002 seconds [static and dynamic dependencies]. Details - ImportResultOutputID=20caf782e0aa2f9d5b291ad38836ae0e DependenciesID=db0d20ed719325de74f9bf3c726e1294 StaticDependenciesID=f116330f82275d3063047ebc3ed94f6e 
Importing 'GUID: 4a0aca3a5f2effb41b43cc0a1661d845 - Path: Packages/com.unity.render-pipelines.universal/Editor/2D/Resources/Sparkle.png' with importer (TextureImporter)
Imported 'GUID: 4a0aca3a5f2effb41b43cc0a1661d845' -> (Import Result ID: '09b1b53ce0a08701d69deaeb06df0d0b') in 0.006 seconds [static and dynamic dependencies]. Details - ImportResultOutputID=d6163bb614da2c53e206730c687afdc1 DependenciesID=4e51e4bf0b50c8c2963d4d38d689cdad StaticDependenciesID=58af83bde6ea0477a0166213957fb7f3 
Importing 'GUID: 4ade4c197fc154817b0958bbe4e5dbcc - Path: Packages/com.unity.collab-proxy/Editor/Assets/Images/iconzoomtofit@2x.png' with importer (TextureImporter)
Imported 'GUID: 4ade4c197fc154817b0958bbe4e5dbcc' -> (Import Result ID: '1e24e70d35b3448bde7885179045cfd8') in 0.002 seconds [static and dynamic dependencies]. Details - ImportResultOutputID=418d03e94419467d155a1f883dfe1d1b DependenciesID=7170386b4a4880ff1a50b6eeb28997cb StaticDependenciesID=d72bb38c09f4560eb4dde2e6f8f3124d 
Importing 'GUID: 8ae8063bfa41044ddaa5c5c70943e142 - Path: Packages/com.unity.collab-proxy/Editor/Assets/Images/RGBAGreen.png' with importer (TextureImporter)
Imported 'GUID: 8ae8063bfa41044ddaa5c5c70943e142' -> (Import Result ID: '5f2e4aef99b923df3df62b4d0b4f8d4c') in 0.001 seconds [static and dynamic dependencies]. Details - ImportResultOutputID=e5baa8bf5ae1edfb07b7c40b2f50cc3c DependenciesID=0d1f78664947db92356f77376ac00a57 StaticDependenciesID=c968680203df5f53a090ed1107966834 
Importing 'GUID: 9a15ddcc5fd3d46d3b97dd236d6d9720 - Path: Packages/com.unity.collab-proxy/Editor/Assets/Images/RGBAlpha@2x.png' with importer (TextureImporter)
Imported 'GUID: 9a15ddcc5fd3d46d3b97dd236d6d9720' -> (Import Result ID: 'c48e2961b0c9f5b02c40baa59217adac') in 0.001 seconds [static and dynamic dependencies]. Details - ImportResultOutputID=6eae4e8178e11916c415ce01b1752895 DependenciesID=30a5487503999a40beeb8b3000ceb3d3 StaticDependenciesID=c4a846f309d0506f372a8631b2e11994 
Importing 'GUID: ea3ade5b156544d20ac650e8bc9d2fdc - Path: Packages/com.unity.collab-proxy/Editor/Assets/Images/RGBABlue@2x.png' with importer (TextureImporter)
Imported 'GUID: ea3ade5b156544d20ac650e8bc9d2fdc' -> (Import Result ID: '682c35465080ec0970dd718ad94d1572') in 0.002 seconds [static and dynamic dependencies]. Details - ImportResultOutputID=852aa786d1a84fc15de6bb0b64915682 DependenciesID=e6d6fca074f54cb59a47190532f00e84 StaticDependenciesID=8ab1642f09718e7ead51334aaf84bd0e 
Importing 'GUID: 9b17bb516dcde4f24a6183d3f09501e4 - Path: Packages/com.unity.collab-proxy/Editor/Assets/Images/d_iconzoomtofit.png' with importer (TextureImporter)
Imported 'GUID: 9b17bb516dcde4f24a6183d3f09501e4' -> (Import Result ID: '7a394d001824e118a7d26638d165e797') in 0.002 seconds [static and dynamic dependencies]. Details - ImportResultOutputID=5cbf7c57b02b88f7dcb6cd4c0700a460 DependenciesID=79c24e615074447a7482a221ad4dccce StaticDependenciesID=40311c7b1bc1598aaff5df7d33b35b29 
Importing 'GUID: aba1d680189d74b2db37c50a7ee06b0d - Path: Packages/com.unity.collab-proxy/Editor/Assets/Images/RGBAlpha.png' with importer (TextureImporter)
Imported 'GUID: aba1d680189d74b2db37c50a7ee06b0d' -> (Import Result ID: '990cbbe1c130b5df2381fa681b73900f') in 0.002 seconds [static and dynamic dependencies]. Details - ImportResultOutputID=027045acee4385f834a1d603db5e83db DependenciesID=5a80ea748e733de30361f42d4210a6f1 StaticDependenciesID=9f01aa400a64fa0a63f5a5972498d7aa 
Importing 'GUID: eb5eaf673b49645f88e72f5122b40988 - Path: Packages/com.unity.collab-proxy/Editor/Assets/Images/d_iconarrowdown@2x.png' with importer (TextureImporter)
Imported 'GUID: eb5eaf673b49645f88e72f5122b40988' -> (Import Result ID: '3893f5f85e8073ae815f8c05ce0211c5') in 0.002 seconds [static and dynamic dependencies]. Details - ImportResultOutputID=71e30bbead21793f5e246f0095740024 DependenciesID=814b380a3a3f8312e5e98d9746ac1335 StaticDependenciesID=0e85e90c73cb5208097e2019659e5ac7 
Importing 'GUID: fb519413feea947a6a64d10369922196 - Path: Packages/com.unity.collab-proxy/Editor/Assets/Images/d_iconzoomtofit@2x.png' with importer (TextureImporter)
Imported 'GUID: fb519413feea947a6a64d10369922196' -> (Import Result ID: '164f46962aad97acd72416b6f71b152f') in 0.002 seconds [static and dynamic dependencies]. Details - ImportResultOutputID=e17c5eaf0e9d31206c71e30bc5659867 DependenciesID=3b5e24f7c2efd94c8c7feb9d00c3c437 StaticDependenciesID=e43cca1892f9de7b505796682d8619e0 
Importing 'GUID: fb6daef73b4fc4a12b9cbd4fb0fc4d0d - Path: Packages/com.unity.collab-proxy/Editor/Assets/Images/d_RGBAGreen@2x.png' with importer (TextureImporter)
Imported 'GUID: fb6daef73b4fc4a12b9cbd4fb0fc4d0d' -> (Import Result ID: '14bf3f845d6290d272a37d26a2eff450') in 0.002 seconds [static and dynamic dependencies]. Details - ImportResultOutputID=002141af08649db8d048751fb1fb52cf DependenciesID=a6ad2d1c6957ff71a41f6e68b0c0748e StaticDependenciesID=87ab3e3d68fa0a913d220d3584c9ef3a 
Importing 'GUID: 3cf3224ba1fae41148f493488b5ac83e - Path: Packages/com.unity.collab-proxy/Editor/Assets/Images/d_iconnext@2x.png' with importer (TextureImporter)
Imported 'GUID: 3cf3224ba1fae41148f493488b5ac83e' -> (Import Result ID: '29a31915d3f54d24210d2c9ffb68eed8') in 0.002 seconds [static and dynamic dependencies]. Details - ImportResultOutputID=1b395b476ec106a6e55844984b9f23ee DependenciesID=31e76aa245a9139a5031e145e545f37a StaticDependenciesID=c2484adf026a41059a33e028deaefa56 
Importing 'GUID: 8c6487f945627471fb8a5adb32901fe8 - Path: Packages/com.unity.collab-proxy/Editor/Assets/Images/iconfirst@2x.png' with importer (TextureImporter)
Imported 'GUID: 8c6487f945627471fb8a5adb32901fe8' -> (Import Result ID: 'dffbf1f7b512063e36a997589e3fbd98') in 0.001 seconds [static and dynamic dependencies]. Details - ImportResultOutputID=1563cc23d477e5b289cd41dd46c6e42f DependenciesID=09c35051eb7291d350be7b22e6096036 StaticDependenciesID=2b2e3774c349c74fd9da96ff6444b6cf 
Importing 'GUID: cc036907824004dbfa9a0420b439ac67 - Path: Packages/com.unity.collab-proxy/Editor/Assets/Images/d_RGBARed.png' with importer (TextureImporter)
Imported 'GUID: cc036907824004dbfa9a0420b439ac67' -> (Import Result ID: '7d4899fe25ded9b00fe852b8e840d478') in 0.001 seconds [static and dynamic dependencies]. Details - ImportResultOutputID=ab96cf82eacd6928b07097155b2cc8a7 DependenciesID=6fc5106d08ab712bbd51c37f0bfeb094 StaticDependenciesID=3d3d53117ee51b5963a58d012389cea8 
Importing 'GUID: 1d3607c28f2ac434d8e003c4934b2a3b - Path: Packages/com.unity.collab-proxy/Editor/Assets/Images/d_RGBAlpha.png' with importer (TextureImporter)
Imported 'GUID: 1d3607c28f2ac434d8e003c4934b2a3b' -> (Import Result ID: 'b619b24a739005a8f12c24ea56cc04a9') in 0.001 seconds [static and dynamic dependencies]. Details - ImportResultOutputID=3881541067b377d98a4a97cf19261904 DependenciesID=84db3272bc00f73913f7fac10e72cdc6 StaticDependenciesID=5ae2b87fd99f5c21ba672fa2eafe20e4 
Importing 'GUID: 4d122458f85ea4e1d9e853cfb7539f46 - Path: Packages/com.unity.collab-proxy/Editor/Assets/Images/d_iconarrowdown.png' with importer (TextureImporter)
Imported 'GUID: 4d122458f85ea4e1d9e853cfb7539f46' -> (Import Result ID: 'f5739bdc2489c94274a3f1cd0ccb0b09') in 0.001 seconds [static and dynamic dependencies]. Details - ImportResultOutputID=036aa1b6e586a7cad2ff9c81850ca7e5 DependenciesID=c62e1e17e5bb50bad7fceb42f24c607e StaticDependenciesID=ab1cb1653121c3e3b3feb657f4b74956 
Importing 'GUID: 6d3851656b2e5439e8fe29130782469b - Path: Packages/com.unity.collab-proxy/Editor/Assets/Images/iconzoomtofit.png' with importer (TextureImporter)
Imported 'GUID: 6d3851656b2e5439e8fe29130782469b' -> (Import Result ID: '90aebd3967d0fce4ed8f1421b8ec3817') in 0.002 seconds [static and dynamic dependencies]. Details - ImportResultOutputID=1cb46cd6906f3282453910f754bbef59 DependenciesID=70bbf37a0650704894b64f3660dac4a7 StaticDependenciesID=e82bc0e42d6287853a28950d33307e52 
Importing 'GUID: 7d8062883d88145b687d6d7c63eeabd2 - Path: Packages/com.unity.collab-proxy/Editor/Assets/Images/RGBABlue.png' with importer (TextureImporter)
Imported 'GUID: 7d8062883d88145b687d6d7c63eeabd2' -> (Import Result ID: '2eeea4bdfb6790ff3754730d5188198b') in 0.001 seconds [static and dynamic dependencies]. Details - ImportResultOutputID=e502ae54d5b71e082160a20c425f285c DependenciesID=4cb1c89db50685378864bc6ffe2654b1 StaticDependenciesID=f300734d4ea2f3431ad062b972b8e001 
Importing 'GUID: 1e961af35726543d789225d3bf55d9cf - Path: Packages/com.unity.collab-proxy/Editor/Assets/Images/RGBAAll.png' with importer (TextureImporter)
Imported 'GUID: 1e961af35726543d789225d3bf55d9cf' -> (Import Result ID: '4f85cfe2698844d11191b84ef22b7724') in 0.003 seconds [static and dynamic dependencies]. Details - ImportResultOutputID=7370e3940e44af9670158d19a9ce1331 DependenciesID=5bb79f84b9c1292905076e05a9670a6d StaticDependenciesID=c261672ab88dca0912295d289d773a68 
Importing 'GUID: 3e7f27aae014d415e9f711b0cb0e5d47 - Path: Packages/com.unity.collab-proxy/Editor/Assets/Images/RGBAGreen@2x.png' with importer (TextureImporter)
Imported 'GUID: 3e7f27aae014d415e9f711b0cb0e5d47' -> (Import Result ID: 'cbcf510a373b68988744c759ceb42377') in 0.003 seconds [static and dynamic dependencies]. Details - ImportResultOutputID=6169eeabe2297ce99a4e2b0f63f0adec DependenciesID=04852e9af28bbcd83ba2554c0bf8d90f StaticDependenciesID=acab928e74662ed7ba5a6c7c3d3aace9 
Importing 'GUID: ced976fb9a7ad40a59f3e4f458c96080 - Path: Packages/com.unity.collab-proxy/Editor/Assets/Images/icondiff.png' with importer (TextureImporter)
Imported 'GUID: ced976fb9a7ad40a59f3e4f458c96080' -> (Import Result ID: '6aaff1bf8e14b5771e0e87f8716b8cef') in 0.003 seconds [static and dynamic dependencies]. Details - ImportResultOutputID=f53d67fe4d8b3f81965d39c659c1b63a DependenciesID=67dc2498153a0fa7bfa4127ff28dab82 StaticDependenciesID=ede4dca1cc5c84cbb599cbd7140840cf 
Importing 'GUID: 2f46ec0fe83ef4781ae320b04343d69b - Path: Packages/com.unity.collab-proxy/Editor/Assets/Images/iconheckmark.png' with importer (TextureImporter)
Imported 'GUID: 2f46ec0fe83ef4781ae320b04343d69b' -> (Import Result ID: '860686f292ffa4fa40ed8ba2499a0a84') in 0.002 seconds [static and dynamic dependencies]. Details - ImportResultOutputID=fdf03909e63edfd0f9b9a518847097eb DependenciesID=993ace55cdf7e064e4d1ab5019c95049 StaticDependenciesID=644b44d6f347a4bedf1f000d845b9e82 
Importing 'GUID: 6f11428fb25804d439c7d1c42803828a - Path: Packages/com.unity.collab-proxy/Editor/Assets/Images/iconarrowdown.png' with importer (TextureImporter)
Imported 'GUID: 6f11428fb25804d439c7d1c42803828a' -> (Import Result ID: '2c37eb5ccfd7a7a03f9dc22404b4b4fb') in 0.001 seconds [static and dynamic dependencies]. Details - ImportResultOutputID=5feda8f116fa6a248780a6f4332eb7d8 DependenciesID=316200ac5848bdaece6a72ab193400f9 StaticDependenciesID=4be52c07540b6931a6b732bc1ed9ef59 
Importing 'GUID: 6f7999af133e84dbe85d476522b65612 - Path: Packages/com.unity.collab-proxy/Editor/Assets/Images/RGBARed@2x.png' with importer (TextureImporter)
Imported 'GUID: 6f7999af133e84dbe85d476522b65612' -> (Import Result ID: 'ca5ff3c15968b993e61a2c5688e2265a') in 0.002 seconds [static and dynamic dependencies]. Details - ImportResultOutputID=fc2642f37bd23d24bb24c81fe993e7ca DependenciesID=f4ba2c80944179906419c99c410e198e StaticDependenciesID=38800e2ea46ac105471336a8ab1b44df 
Importing 'GUID: 7f8cc7cc9d461433f943c59487385f04 - Path: Packages/com.unity.collab-proxy/Editor/Assets/Images/d_RGBAGreen.png' with importer (TextureImporter)
Imported 'GUID: 7f8cc7cc9d461433f943c59487385f04' -> (Import Result ID: '35266745be1442149fd378fc6b6700a0') in 0.001 seconds [static and dynamic dependencies]. Details - ImportResultOutputID=49f72b67ddc1c8d53c4d0d9752912043 DependenciesID=61e591e6cf470d02365e468975aac9fc StaticDependenciesID=576e6093a430a7856c71103389e1e455 
Importing 'GUID: 8f5dd14b314efbe4684329d8a14bbe38 - Path: Packages/com.unity.render-pipelines.universal/Editor/2D/Resources/InspectorIcons/GlobalLight.png' with importer (TextureImporter)
Imported 'GUID: 8f5dd14b314efbe4684329d8a14bbe38' -> (Import Result ID: 'fa090690b0eb77e40559e657aafb61c1') in 0.001 seconds [static and dynamic dependencies]. Details - ImportResultOutputID=062d3794b53064e10f60d59fa36b0370 DependenciesID=ec0b4503433273fdc0b39a01a27ff4a0 StaticDependenciesID=2dde131ae372216946d2f5fc86bc54b3 
Importing 'GUID: df8c4eeadc2f24a3c8d1c1bad53d1cae - Path: Packages/com.unity.collab-proxy/Editor/Assets/Images/d_RGBARed@2x.png' with importer (TextureImporter)
Imported 'GUID: df8c4eeadc2f24a3c8d1c1bad53d1cae' -> (Import Result ID: '6feb5489f46a69d3ad13128604ab97aa') in 0.001 seconds [static and dynamic dependencies]. Details - ImportResultOutputID=7b3b3435b4ef9ff74ca6c17c0c42f08f DependenciesID=7d731556dc7e858fd5161fa0fafcc7a9 StaticDependenciesID=8f8c0a8fa48608c7caefef14e30c5eca 
Importing 'GUID: 11eb6b38eb2cd494cb1ccc8742453265 - Path: Packages/com.unity.render-pipelines.core/Runtime/STP/StpCommon.hlsl' with importer (ShaderIncludeImporter)
Imported 'GUID: 11eb6b38eb2cd494cb1ccc8742453265' -> (Import Result ID: '037753b37bff050f2980aa2a81b4d901') in 0.001 seconds [static dependencies only]. Details - ImportResultOutputID=4dd3ded3035eccc7de985436e4abb4da DependenciesID=53d2869866c58d36aa4c8a7c1e5549a1 StaticDependenciesID=c3b9b38a98222fb290279a7490ad9666 
Importing 'GUID: 92a8a2733f9d18a44aad998449c6ee51 - Path: Packages/com.unity.render-pipelines.universal/ShaderLibrary/DeclareNormalsTexture.hlsl' with importer (ShaderIncludeImporter)
Imported 'GUID: 92a8a2733f9d18a44aad998449c6ee51' -> (Import Result ID: '670a696f0f643d0f80c6f90632f4686e') in 0.001 seconds [static dependencies only]. Details - ImportResultOutputID=3687d534d448dec520dcf938856cb2f9 DependenciesID=4b72092c62e0cb0417b30e652e5f9bf5 StaticDependenciesID=8d98167a846dff1ecbceb4af02520c45 
Importing 'GUID: a30369464edbd71488d5d8fdb678695f - Path: Packages/com.unity.render-pipelines.core/Runtime/Lighting/SurfaceCache/PathTracing.hlsl' with importer (ShaderIncludeImporter)
Imported 'GUID: a30369464edbd71488d5d8fdb678695f' -> (Import Result ID: 'ec908ac416aa0887812a001159ba099a') in 0.001 seconds [static dependencies only]. Details - ImportResultOutputID=5119ee004f580a1b18e0f788ef6cca32 DependenciesID=8964dc01fb34132e9b94dcb547413891 StaticDependenciesID=74c60d88ac236a262286c11c5b96afc5 
Importing 'GUID: d3b47ff860a51904395688d633cb1018 - Path: Packages/com.unity.shadergraph/Editor/Generation/Templates/BuildSurfaceDescriptionInputs.template.hlsl' with importer (ShaderIncludeImporter)
Imported 'GUID: d3b47ff860a51904395688d633cb1018' -> (Import Result ID: '81a4188c451c766dadb19ec42b9bd271') in 0.001 seconds [static dependencies only]. Details - ImportResultOutputID=7ad66f34cfae51f113b9808576726ce0 DependenciesID=ab38fb3826b58165c699490e10bc9252 StaticDependenciesID=4b83c794398d0e515b0370cd40b06e63 
Importing 'GUID: 85f7860cf76171b438c51eb5fcd238ce - Path: Packages/com.unity.render-pipelines.universal/Shaders/Nature/SpeedTree7CommonPasses.hlsl' with importer (ShaderIncludeImporter)
Imported 'GUID: 85f7860cf76171b438c51eb5fcd238ce' -> (Import Result ID: 'ff130962708914ed6fcbe48059b9794e') in 0.001 seconds [static dependencies only]. Details - ImportResultOutputID=01f27a045d69ab86038a6f49bd966d00 DependenciesID=15b86929fb173e86fc3dfc53a07e4a2b StaticDependenciesID=088d4b5d0e9bcd76a518d56559a6139e 
Importing 'GUID: 95bb7cbbf6b9eaf408a1c4c3d0a8735c - Path: Packages/com.unity.shadergraph/Editor/Generation/Targets/UITK/Templates/BuildUIVertexDescriptionInputs.template.hlsl' with importer (ShaderIncludeImporter)
Imported 'GUID: 95bb7cbbf6b9eaf408a1c4c3d0a8735c' -> (Import Result ID: '455fe4c8023c1b8d410ed3f42e0d9ccf') in 0.001 seconds [static dependencies only]. Details - ImportResultOutputID=133e33284e88c2e6eae9ba5b1bfda4c6 DependenciesID=4755cd06f0cc098d9fb11687dfa4b067 StaticDependenciesID=a9535e3c80dc141b1159279b3a551202 
Importing 'GUID: b55998dc844885c4395f481843fecc19 - Path: Packages/com.unity.render-pipelines.universal/Editor/2D/ShaderGraph/Includes/RenderingLayerMaskPass.hlsl' with importer (ShaderIncludeImporter)
Imported 'GUID: b55998dc844885c4395f481843fecc19' -> (Import Result ID: '3ec63320d39312ec58ddeef7888fb28e') in 0.001 seconds [static dependencies only]. Details - ImportResultOutputID=936a8e047be89970a8cded4e3f3696ad DependenciesID=8464b50b5b37aaf9f34612ba6a0fd7dc StaticDependenciesID=8b180615f77def4f58bb8a989bf42631 
Importing 'GUID: 0613a5abac2db2247bdcd7380e98bba1 - Path: Packages/com.unity.render-pipelines.universal/Shaders/Nature/SpeedTree8Passes.hlsl' with importer (ShaderIncludeImporter)
Imported 'GUID: 0613a5abac2db2247bdcd7380e98bba1' -> (Import Result ID: '1d881c832dbcfbc5098cea143b4f882f') in 0.001 seconds [static dependencies only]. Details - ImportResultOutputID=1bd07d527c74d8152514cd2e8631b5c9 DependenciesID=c9562b05f7927645ce7860230e6b11e6 StaticDependenciesID=6f13d8fa921a87b0c2a8ae8b4fdfcd70 
Importing 'GUID: c70398529f54bc44ca6a3ed0211e039f - Path: Packages/com.unity.render-pipelines.universal/ShaderLibrary/ParticlesInstancing.hlsl' with importer (ShaderIncludeImporter)
Imported 'GUID: c70398529f54bc44ca6a3ed0211e039f' -> (Import Result ID: 'fe91d1d826658c309022e68b8fb58936') in 0.001 seconds [static dependencies only]. Details - ImportResultOutputID=b5dfff3b70529aed227baddc54a4e084 DependenciesID=d3bb05bad9c9accac23efcd7d1e3674f StaticDependenciesID=961e3a89e19b759b288f2965aa57cf39 
Importing 'GUID: 8ba36b6596e931145bbad992032afb1a - Path: Packages/com.unity.render-pipelines.universal/Shaders/Nature/SpeedTree7BillboardPasses.hlsl' with importer (ShaderIncludeImporter)
Imported 'GUID: 8ba36b6596e931145bbad992032afb1a' -> (Import Result ID: 'cfc6e13e59c9638b7d54a360c60011cd') in 0.001 seconds [static dependencies only]. Details - ImportResultOutputID=2dd7e49180463103e4bf288725e2b2fc DependenciesID=c0f8c07aeb3803d40a826b6f79ff5a21 StaticDependenciesID=5706d7f0f51bf29408fda047705d3a2a 
Importing 'GUID: 3ea3b96bfb18c244d807bea74fe8a9d5 - Path: Packages/com.unity.render-pipelines.universal/ShaderLibrary/ComputeScreenSpaceReflection.hlsl' with importer (ShaderIncludeImporter)
Imported 'GUID: 3ea3b96bfb18c244d807bea74fe8a9d5' -> (Import Result ID: '9fbc9a443b85bd99cd0f90a044162102') in 0.001 seconds [static dependencies only]. Details - ImportResultOutputID=915f0126be24a830c0b5ed1dd2f78b3c DependenciesID=6251b72125faf9552182465c3007478a StaticDependenciesID=5f73f294a4afcb4c053db8c47927cae3 
Importing 'GUID: 4f183ca0bce4b844b8b2b26d1a18159c - Path: Packages/com.unity.render-pipelines.universal/Editor/ShaderGraph/Includes/UITKPass.hlsl' with importer (ShaderIncludeImporter)
Imported 'GUID: 4f183ca0bce4b844b8b2b26d1a18159c' -> (Import Result ID: '8db0ed3c6fcfc7ca168685be90f8447c') in 0.001 seconds [static dependencies only]. Details - ImportResultOutputID=450b8030758b85517c0f93be317a2d85 DependenciesID=2929617031b017e794ce710f257d5866 StaticDependenciesID=6438c1fa57ff0a9563dadd414630bf93 
Importing 'GUID: ff2f0d78f272b5c44b855dddaef79593 - Path: Packages/com.unity.render-pipelines.core/ShaderLibrary/Particles.hlsl' with importer (ShaderIncludeImporter)
Imported 'GUID: ff2f0d78f272b5c44b855dddaef79593' -> (Import Result ID: 'f6d7b81a8697976e03c8413fb0dad5aa') in 0.001 seconds [static dependencies only]. Details - ImportResultOutputID=e58caf2a5c0de0c13dff7f9fa49d7e10 DependenciesID=c1d91db0a1d036efd230194b3405770f StaticDependenciesID=1714316c92cb48f293a05972f3edf229 
Importing 'GUID: 200e63f12ebe79f4aa306481ce8ce4a4 - Path: Packages/com.unity.render-pipelines.core/Runtime/PathTracing/Shaders/ExpansionHelpers.compute' with importer (ComputeShaderImporter)
Launched and connected shader compiler UnityShaderCompiler.exe after 0.01 seconds
Imported 'GUID: 200e63f12ebe79f4aa306481ce8ce4a4' -> (Import Result ID: '3c96bbd55e5ee2f1d30db6b903af2138') in 0.049 seconds [static and dynamic dependencies]. Details - ImportResultOutputID=301866f6e587b08bcd6f9c1f8be96be9 DependenciesID=a0138a9319767e048acd81576af6bf3a StaticDependenciesID=a6f8afeb16bfa58784a266e0230c1416 
Importing 'GUID: 50b406436c6214c49aaaa6011b71dde8 - Path: Packages/com.unity.shadergraph/Editor/Resources/Shaders/BlitNoAlpha.shader' with importer (ShaderImporter)
Imported 'GUID: 50b406436c6214c49aaaa6011b71dde8' -> (Import Result ID: '9fd988caa3248589bb67780991d727fa') in 0.009 seconds [static and dynamic dependencies]. Details - ImportResultOutputID=b8ace69cc0f647f5c0e8ce354446bae2 DependenciesID=7409feee7894d68bd61bfd457d703724 StaticDependenciesID=fd52023893c181a4f2afd0916de7cf40 
Importing 'GUID: 60e10855641b4d84da68ec72e6f6eeb8 - Path: Packages/com.unity.render-pipelines.universal/Shaders/SpatialMappingOcclusion.shader' with importer (ShaderImporter)
Imported 'GUID: 60e10855641b4d84da68ec72e6f6eeb8' -> (Import Result ID: 'f22b18f30a3f06188f51d087187d4952') in 0.019 seconds [static and dynamic dependencies]. Details - ImportResultOutputID=979115f16b56b78e4a7537a48a5087e7 DependenciesID=84bdde56851c421fd6b7310141f6195c StaticDependenciesID=e8dd76b7b647a499e943e0726fd4e408 
Importing 'GUID: 603d454d711fe784cba9ce08dd22b881 - Path: Packages/com.unity.2d.spriteshape/Editor/Handles/Shaders/Sprites-Inspector.shader' with importer (ShaderImporter)
Imported 'GUID: 603d454d711fe784cba9ce08dd22b881' -> (Import Result ID: '2731799bde42155aaa665308fbe828b8') in 0.017 seconds [static and dynamic dependencies]. Details - ImportResultOutputID=7007d55a262d93e49a588ca50e93cfef DependenciesID=1698918adf9fc15dcc62429399311f82 StaticDependenciesID=3ca298498ed0fee0bd3710fe0e45f699 
Importing 'GUID: 7057bb795f794bc44a4e34ca79be6e54 - Path: Packages/com.unity.render-pipelines.universal/Tests/Editor/CustomDepthBlit.shader' with importer (ShaderImporter)
Imported 'GUID: 7057bb795f794bc44a4e34ca79be6e54' -> (Import Result ID: 'b69a92ea7fdee41a104718c1c2774b07') in 0.018 seconds [static and dynamic dependencies]. Details - ImportResultOutputID=726297cf096a62ec3ea04e406660bc4c DependenciesID=59744cde9248e4780efdbf8823f2cdd5 StaticDependenciesID=e12030fe52a228792adc81885870cbd6 
Importing 'GUID: 701880fecb344ea4c9cd0db3407ab287 - Path: Packages/com.unity.render-pipelines.universal/Shaders/PostProcessing/LensFlareScreenSpace.shader' with importer (ShaderImporter)
Imported 'GUID: 701880fecb344ea4c9cd0db3407ab287' -> (Import Result ID: '5c838aacfd46b63c104a5ca36db6dc4e') in 0.027 seconds [static and dynamic dependencies]. Details - ImportResultOutputID=c3a4c28a99a0fb4790049903c6bb3906 DependenciesID=e06dd516dd5f9caa54b7008ccaf34a2c StaticDependenciesID=9cb4a2e840046602386c381643f1e7d5 
Importing 'GUID: 90a204702cd44e54cac7ed4fc6e5d86b - Path: Packages/com.unity.render-pipelines.universal/Runtime/MipGen/Shaders/DepthPyramid.compute' with importer (ComputeShaderImporter)
Imported 'GUID: 90a204702cd44e54cac7ed4fc6e5d86b' -> (Import Result ID: 'f016cbabaeb0b14c78d28b4e677fc52a') in 0.005 seconds [static and dynamic dependencies]. Details - ImportResultOutputID=f642f4da1b6220ef2674f56e233de84b DependenciesID=87d97c0d835f87cdbaf7c4e941880bfb StaticDependenciesID=311dd69e7690b44689233dda71a59c5e 
Importing 'GUID: f056d8bd2a1c7e44e9729144b4c70395 - Path: Packages/com.unity.render-pipelines.universal/Runtime/Decal/DBuffer/DBufferClear.shader' with importer (ShaderImporter)
Imported 'GUID: f056d8bd2a1c7e44e9729144b4c70395' -> (Import Result ID: '60bcfc7ef4c8a9819fe580c7a4d59c03') in 0.010 seconds [static and dynamic dependencies]. Details - ImportResultOutputID=3013de0e43277d2a1e94e3d9e31d79a6 DependenciesID=950ded7d843670ca3ac371a696ef5218 StaticDependenciesID=37c3cd51fb72386bbaeb16f165ce52fe 
Importing 'GUID: 1121bb4e615ca3c48b214e79e841e823 - Path: Packages/com.unity.render-pipelines.universal/Shaders/PostProcessing/StopNaN.shader' with importer (ShaderImporter)
Imported 'GUID: 1121bb4e615ca3c48b214e79e841e823' -> (Import Result ID: '2cdab6060655693f6a0d8ddff82b62a4') in 0.014 seconds [static and dynamic dependencies]. Details - ImportResultOutputID=b8ab5b42ca7ba1150c40e7f6cc46a58f DependenciesID=fb80da827d49437077ad27df8ac55538 StaticDependenciesID=505dca819db7a7887fc6350b8d98bd2e 
Importing 'GUID: 21322c8b137c66e49b86085d3c8161f6 - Path: Packages/com.unity.render-pipelines.universal/Shaders/Terrain/TerrainLitBase.shader' with importer (ShaderImporter)
WARNING: Shader Unsupported: 'Hidden/Universal Render Pipeline/Terrain/Lit (Base Pass)' - All subshaders removed
WARNING: Shader Did you use #pragma only_renderers and omit this platform?
WARNING: Shader If subshaders removal was intentional, you may have forgotten turning Fallback off?
WARNING: Shader Unsupported: 'Hidden/Universal Render Pipeline/Terrain/Lit (Base Pass)' - All subshaders removed
WARNING: Shader Did you use #pragma only_renderers and omit this platform?
WARNING: Shader If subshaders removal was intentional, you may have forgotten turning Fallback off?
Imported 'GUID: 21322c8b137c66e49b86085d3c8161f6' -> (Import Result ID: '28b3f2ecc58a95d3e73bf78e432c2767') in 0.071 seconds [static and dynamic dependencies]. Details - ImportResultOutputID=c69573649418d77b430af1d999a04d33 DependenciesID=9c68ce9aebaf94da051e5bd718f0aab4 StaticDependenciesID=974de03d20ea997fe949406c50a01220 
Importing 'GUID: 61e53729ad706d049b12a441f328fe34 - Path: Packages/com.unity.render-pipelines.core/Tests/Editor/ShaderStripping/DummyPipelineShader.shader' with importer (ShaderImporter)
Imported 'GUID: 61e53729ad706d049b12a441f328fe34' -> (Import Result ID: '968e0b1043823514be699bc22fe0ecce') in 0.004 seconds [static and dynamic dependencies]. Details - ImportResultOutputID=7081788beb22f1c6eecf1532d1a626d7 DependenciesID=0076132276ad739b36557d579fca002a StaticDependenciesID=0829b07c13c3b82720e084c6c814248d 
Importing 'GUID: 6196f34ed825db14b81fb3eb0ea8d931 - Path: Packages/com.unity.render-pipelines.core/Runtime/Lighting/ProbeVolume/ProbeVolumeUploadDataL2.compute' with importer (ComputeShaderImporter)
Imported 'GUID: 6196f34ed825db14b81fb3eb0ea8d931' -> (Import Result ID: 'c535a9ebea9c921b9aad17449d1de8f2') in 0.007 seconds [static and dynamic dependencies]. Details - ImportResultOutputID=a732cae9f635951d0e27135e05aae657 DependenciesID=c420d1a87bcdebcc5f497271caaae2c1 StaticDependenciesID=7214769f72d84a3a70ed778a2aa5fd1b 
Importing 'GUID: 815c625bb9d4fe240a4ccf42ca3899cb - Path: Packages/com.unity.render-pipelines.universal/Shaders/Utils/BlitFullPrecision.shader' with importer (ShaderImporter)
Imported 'GUID: 815c625bb9d4fe240a4ccf42ca3899cb' -> (Import Result ID: '3272f952f6e0d9d46a721ee007713032') in 0.015 seconds [static and dynamic dependencies]. Details - ImportResultOutputID=ef59c5c7ed61c2577f56aafaa569da54 DependenciesID=11616ce8dd0f5328bed47b9c81c9bbff StaticDependenciesID=e2c38e5973f110d2d2b39a73ab224e86 
Importing 'GUID: a183a2d0b1da4904fb3bd71c6111ebb1 - Path: Packages/com.unity.render-pipelines.core/Runtime/Lighting/SurfaceCache/Defrag.compute' with importer (ComputeShaderImporter)
Imported 'GUID: a183a2d0b1da4904fb3bd71c6111ebb1' -> (Import Result ID: 'ece121b67fb3ebd60ba147391ac5b626') in 0.006 seconds [static and dynamic dependencies]. Details - ImportResultOutputID=c5719b6fa7809a48b44717bc1c693cc9 DependenciesID=79817a11677cd797e60b804a65c77d58 StaticDependenciesID=e007109b49ebaa0c5b573804f8625290 
Importing 'GUID: a176945d0e562084691bce8e11084c6a - Path: Packages/com.unity.render-pipelines.universal/Tests/Editor/PostProcessDataTests/1.shader' with importer (ShaderImporter)
Imported 'GUID: a176945d0e562084691bce8e11084c6a' -> (Import Result ID: '620e197ed0d2465cc145bc5f948cfb1c') in 0.262 seconds [static and dynamic dependencies]. Details - ImportResultOutputID=781c8b54eec273a22f85f68192c79250 DependenciesID=7ac9412e76c94c9125aab3cb93e10bca StaticDependenciesID=4392284c66c5bd4e4141b147d5b26d37 
Importing 'GUID: a15b78cf8ca26ca4fb2090293153c62c - Path: Packages/com.unity.render-pipelines.universal/Shaders/PostProcessing/PaniniProjection.shader' with importer (ShaderImporter)
Imported 'GUID: a15b78cf8ca26ca4fb2090293153c62c' -> (Import Result ID: '2dc1ec01f5aee3354d66c39a85b06430') in 0.015 seconds [static and dynamic dependencies]. Details - ImportResultOutputID=5b909ad76e32f97b3937c1839c83656b DependenciesID=b47335edc71d84534e258e23a994ff80 StaticDependenciesID=d568e02f73dc0ddd12a3000a89736b8c 
Importing 'GUID: c17132b1f77d20942aa75f8429c0f8bc - Path: Packages/com.unity.render-pipelines.universal/Shaders/Utils/Blit.shader' with importer (ShaderImporter)
Imported 'GUID: c17132b1f77d20942aa75f8429c0f8bc' -> (Import Result ID: '4a901e760b966c69999ae5e392d597e7') in 0.014 seconds [static and dynamic dependencies]. Details - ImportResultOutputID=9e4abe75b09dd9ad20378c8ab7698356 DependenciesID=7b6e5701205bb6b8e2a33905abace512 StaticDependenciesID=42f70e0e4068f6ccc07c33b3b876fd5f 
Importing 'GUID: c1e7adc3cf9b84be0b845973cedd828b - Path: Packages/com.unity.render-pipelines.core/Runtime/PathTracing/Shaders/Lightmapping/ChartRasterizerSoftware.shader' with importer (ShaderImporter)
Imported 'GUID: c1e7adc3cf9b84be0b845973cedd828b' -> (Import Result ID: '301de349a8092fceadd5dc6160782327') in 0.004 seconds [static and dynamic dependencies]. Details - ImportResultOutputID=a9a3db9a315742430eab65e0941741f9 DependenciesID=1e27bc3e99c470c8544e5560ce1d6615 StaticDependenciesID=1717c2720b395243f73634ab576756b7 
Importing 'GUID: d104b2fc1ca6445babb8e90b0758136b - Path: Packages/com.unity.render-pipelines.universal/Shaders/Utils/CoreBlitColorAndDepth.shader' with importer (ShaderImporter)
Imported 'GUID: d104b2fc1ca6445babb8e90b0758136b' -> (Import Result ID: '2092a2cd5e8c2ab9f07af6bd32ac212a') in 0.011 seconds [static and dynamic dependencies]. Details - ImportResultOutputID=e8de82bf23cac3dd67f7e8a65f808ad6 DependenciesID=2bfa0a9c6b84ea1e35ba0ef2ece9112b StaticDependenciesID=027778bf99a04960ae4023297f352101 
Importing 'GUID: 12dc59547ea167a4ab435097dd0f9add - Path: Packages/com.unity.render-pipelines.core/Shaders/CoreCopy.shader' with importer (ShaderImporter)
Imported 'GUID: 12dc59547ea167a4ab435097dd0f9add' -> (Import Result ID: '4aa457ee66614f8eba7e7db7165734af') in 0.010 seconds [static and dynamic dependencies]. Details - ImportResultOutputID=b55ba5a86d06aecdad3a0cc7b8f91200 DependenciesID=026ff48fea346fd6f4222b389a5eb79d StaticDependenciesID=99ee172c7d7c4c6abf05259724288a49 
Importing 'GUID: 120ea264a7bdc294f86074ea0303c88f - Path: Packages/com.unity.render-pipelines.core/Tests/Editor/SimpleDots.shader' with importer (ShaderImporter)
Imported 'GUID: 120ea264a7bdc294f86074ea0303c88f' -> (Import Result ID: 'e0dd529490dcf65266bf2ec3dd97be40') in 0.006 seconds [static and dynamic dependencies]. Details - ImportResultOutputID=a953adad83ca8931e0d5f334e37b8153 DependenciesID=7dc6d18e63e2f18227f06c4d6c987b10 StaticDependenciesID=137054bef4ca407abdc792f255f1c1e9 
Importing 'GUID: 222cce62363a44a380c36bf03b392608 - Path: Packages/com.unity.render-pipelines.universal/Shaders/Utils/ClusterDeferred.shader' with importer (ShaderImporter)
Imported 'GUID: 222cce62363a44a380c36bf03b392608' -> (Import Result ID: '46aad482d6ecfe2a439919986f1987a5') in 0.034 seconds [static and dynamic dependencies]. Details - ImportResultOutputID=bc3b32a544da8522243938a89be29af7 DependenciesID=4140385058ad6582b401e1d32b71c043 StaticDependenciesID=7fc1522e3c723a99b7a714fbaaa20df2 
Importing 'GUID: 3230fdc399f8287488325e5941a00527 - Path: Packages/com.unity.2d.animation/Editor/Assets/SkinningModule/SpriteBitmask.shader' with importer (ShaderImporter)
Imported 'GUID: 3230fdc399f8287488325e5941a00527' -> (Import Result ID: '031654bb66b1e2104ce9a4e654775c58') in 0.018 seconds [static and dynamic dependencies]. Details - ImportResultOutputID=3af8cc969f0a0ffac13bcb317b9871cf DependenciesID=5f31d19082a32dadaa985fa95086b92f StaticDependenciesID=f38f8a53fed2000eaf305d22fad81d81 
Importing 'GUID: 421501d8e4bd2014dbd1dbe80ec2bb5a - Path: Packages/com.unity.render-pipelines.universal/Runtime/RendererFeatures/SurfaceCacheGIRendererFeature/FallbackMaterial.shader' with importer (ShaderImporter)
Imported 'GUID: 421501d8e4bd2014dbd1dbe80ec2bb5a' -> (Import Result ID: '98244e43b534764a44d6b22bac15fff9') in 0.006 seconds [static and dynamic dependencies]. Details - ImportResultOutputID=62da527c51af0e25f4f1e924e26f7bce DependenciesID=5e990f3ff4a577e10d2d3b71de9ef911 StaticDependenciesID=ff733cb9f48690d0b95c826cadaf541b 
Importing 'GUID: 620b55b8040a88d468e94abe55bed5ba - Path: Packages/com.unity.render-pipelines.core/Runtime/Vrs/Shaders/VrsVisualization.shader' with importer (ShaderImporter)
Imported 'GUID: 620b55b8040a88d468e94abe55bed5ba' -> (Import Result ID: 'adfd8a73f787593e663dfbe9b2729a64') in 0.009 seconds [static and dynamic dependencies]. Details - ImportResultOutputID=d1de9b70731a37293cf384adb555cb7e DependenciesID=872f50a21d1b0d8174a7b98b1374dd2d StaticDependenciesID=dfc851a8b65891437b10ed464372a403 
Importing 'GUID: a2eaeefdac4637a44b734e85b7be9186 - Path: Packages/com.unity.render-pipelines.core/Runtime/UnifiedRayTracing/Compute/RadeonRays/kernels/scatter.compute' with importer (ComputeShaderImporter)
Imported 'GUID: a2eaeefdac4637a44b734e85b7be9186' -> (Import Result ID: '47dd401ae07a364c15740e1948adcf26') in 0.002 seconds [static and dynamic dependencies]. Details - ImportResultOutputID=9836f7f8f8ade52858e812660fceed23 DependenciesID=481d45cc5f754bd57ebb2a5d95338abb StaticDependenciesID=4faeb8465e5febe4ae4cbb0ad3d756c8 
Importing 'GUID: b271ec1ddd8048458fa529e8e7cfe960 - Path: Packages/com.unity.render-pipelines.core/Runtime/Lighting/SurfaceCache/PatchAllocation.compute' with importer (ComputeShaderImporter)
Imported 'GUID: b271ec1ddd8048458fa529e8e7cfe960' -> (Import Result ID: '8f07b2aa32267917241ac0552c4f69e8') in 0.003 seconds [static and dynamic dependencies]. Details - ImportResultOutputID=2c9941c976d81724ac77200792e16df3 DependenciesID=0a8de3fd0e2968471bc0c38ba585eef5 StaticDependenciesID=5a3584f06fe670a205fb31dcb1e5d2aa 
Importing 'GUID: b23e766bcf50ca4438ef186b174557df - Path: Packages/com.unity.render-pipelines.core/Runtime/RenderPipelineResources/GPUDriven/OcclusionCullingDebug.compute' with importer (ComputeShaderImporter)
Imported 'GUID: b23e766bcf50ca4438ef186b174557df' -> (Import Result ID: '96ee06809cf254c348c0ce0d85423dc3') in 0.007 seconds [static and dynamic dependencies]. Details - ImportResultOutputID=eb231726efed455458114b2844f5cc6b DependenciesID=bbeb213e24ead704e42e401f65b8d462 StaticDependenciesID=ea28e924761c57d8e9b55d5e8d62d638 
Importing 'GUID: c23523f04780d754f927b9daf4f975b9 - Path: Packages/com.unity.render-pipelines.core/Runtime/Lighting/SurfaceCache/TemporalFiltering.compute' with importer (ComputeShaderImporter)
Imported 'GUID: c23523f04780d754f927b9daf4f975b9' -> (Import Result ID: 'da5ca79edfd0d2e16b07e2afc13d60ec') in 0.002 seconds [static and dynamic dependencies]. Details - ImportResultOutputID=3e216d63c5bff07105532187eed34583 DependenciesID=86e7ac19aac060eecc7169d88507a9e3 StaticDependenciesID=5cf6f22e48137e3a766cad0338162814 
Importing 'GUID: d28d1bc84c83fd54a85bd554d8b5c9c7 - Path: Packages/com.unity.render-pipelines.core/Runtime/PathTracing/Shaders/Lightmapping/UVFallbackBufferGeneration.shader' with importer (ShaderImporter)
Imported 'GUID: d28d1bc84c83fd54a85bd554d8b5c9c7' -> (Import Result ID: 'c33cb82da6b366274848cf7f914f348f') in 0.004 seconds [static and dynamic dependencies]. Details - ImportResultOutputID=07f652bb6eb7419092fbb595d35e7027 DependenciesID=da48752e8d178f32fb0bec01d4165899 StaticDependenciesID=fabe9bb8e9a70e908f65ab3b08f2d384 
Importing 'GUID: e260cfa7296ee7642b167f1eb5be5023 - Path: Packages/com.unity.render-pipelines.universal/Shaders/2D/Sprite-Lit-Default.shader' with importer (ShaderImporter)
Imported 'GUID: e260cfa7296ee7642b167f1eb5be5023' -> (Import Result ID: '3a97e6eaee6740837eb0dbb7c02fef9c') in 0.023 seconds [static and dynamic dependencies]. Details - ImportResultOutputID=720a0733c1fe50e5212581ceba0f888d DependenciesID=976f404d91caeae84ccad7623f727f51 StaticDependenciesID=0bbffd70cf86ad3bf53bb3ca426fbd57 
Importing 'GUID: 13c02b14c4d048fa9653293d54f6e0e1 - Path: Packages/com.unity.render-pipelines.universal/Shaders/2D/Sprite-Unlit-Default.shader' with importer (ShaderImporter)
Imported 'GUID: 13c02b14c4d048fa9653293d54f6e0e1' -> (Import Result ID: 'e6f76a1093251e9a0181ad91eef4172f') in 0.013 seconds [static and dynamic dependencies]. Details - ImportResultOutputID=b2874228032dae9a2b14c88bb073b111 DependenciesID=7e600f5a9263e9c73f3813d724de3a3f StaticDependenciesID=74552150fe73f6a82992f2c4e582a4d8 
Importing 'GUID: 134e9451a58aaba43ba713adbd103d92 - Path: Packages/com.unity.render-pipelines.universal/Runtime/RendererFeatures/SurfaceCacheGIRendererFeature/FlatNormalResolution.compute' with importer (ComputeShaderImporter)
Imported 'GUID: 134e9451a58aaba43ba713adbd103d92' -> (Import Result ID: 'be380cf06b1ac8c615b7e715948254f0') in 0.013 seconds [static and dynamic dependencies]. Details - ImportResultOutputID=aa15845720e868c7bbba5670b940ffff DependenciesID=73f4da9793cbc1664399ab443a78aa92 StaticDependenciesID=51d8c2392b5d7d083718463e829b454e 
Importing 'GUID: 33be2e9a5506b2843bdb2bdff9cad5e1 - Path: Packages/com.unity.render-pipelines.core/Runtime/STP/StpSetup.compute' with importer (ComputeShaderImporter)
Imported 'GUID: 33be2e9a5506b2843bdb2bdff9cad5e1' -> (Import Result ID: '1da202d80cfff910b31b28dc284a9061') in 0.013 seconds [static and dynamic dependencies]. Details - ImportResultOutputID=e2d9fdbee3346695f2e283196fbc2b8b DependenciesID=1a45056c335419b36899ab5ca1eea8a6 StaticDependenciesID=8d720d7cc890bef06ec9b4cf77f82201 
Importing 'GUID: 53626a513ea68ce47b59dc1299fe3959 - Path: Packages/com.unity.render-pipelines.universal/Shaders/Debug/ProbeVolumeSamplingDebugPositionNormal.compute' with importer (ComputeShaderImporter)
Imported 'GUID: 53626a513ea68ce47b59dc1299fe3959' -> (Import Result ID: '525f0fde6baf1f65c4a9ac90428d0ece') in 0.011 seconds [static and dynamic dependencies]. Details - ImportResultOutputID=c08f282e8783c14bd8a723ed26112f3b DependenciesID=5197043a7e4fecdb5e32ea072bebbb55 StaticDependenciesID=8840191f5af0c347456ec1dd2dcddca6 
Importing 'GUID: 53864816eb00f2343b60e1a2c5a262ef - Path: Packages/com.unity.render-pipelines.core/Runtime/RenderPipelineResources/GPUDriven/InstanceDataBufferUploadKernels.compute' with importer (ComputeShaderImporter)
Imported 'GUID: 53864816eb00f2343b60e1a2c5a262ef' -> (Import Result ID: '7156fe411c6c1d11431dcaaf98470b6d') in 0.002 seconds [static and dynamic dependencies]. Details - ImportResultOutputID=d4dc874755556d9b6dcecd608429a25a DependenciesID=1016978679d41ae9176b5e4d9715e842 StaticDependenciesID=23bbd006c385909305a19c7c9286af5f 
Importing 'GUID: 63e59de460463bb4c9d64bc58051d12c - Path: Packages/com.unity.render-pipelines.core/Runtime/Lighting/SurfaceCache/SpatialFiltering.compute' with importer (ComputeShaderImporter)
Imported 'GUID: 63e59de460463bb4c9d64bc58051d12c' -> (Import Result ID: '115107808033fac88e63e83eb4fcc3f9') in 0.004 seconds [static and dynamic dependencies]. Details - ImportResultOutputID=80ea948e2e794a4a00cf5e1e67077694 DependenciesID=0d1bbf39a97897b4a11ad9aeb8777a2c StaticDependenciesID=90bdc4dba9d09372523c9dc0a9d204af 
Importing 'GUID: 63b92baba208e314c8fdebe52ca0cc34 - Path: Packages/com.unity.render-pipelines.universal/Runtime/MipGen/Shaders/ColorPyramidPS.shader' with importer (ShaderImporter)
Imported 'GUID: 63b92baba208e314c8fdebe52ca0cc34' -> (Import Result ID: '600b54cc79ee6236e87f520c25781fa8') in 0.012 seconds [static and dynamic dependencies]. Details - ImportResultOutputID=fd0d5fe2884821a9ba94ae402688304f DependenciesID=d0be2b4d408ba833998eb5ac5f61de90 StaticDependenciesID=5e7f20908192b69e2fd8fadf6c1e30de 
Importing 'GUID: 63eaba0ebfb82cc43bde059b4a8c65f6 - Path: Packages/com.unity.render-pipelines.universal/Shaders/PostProcessing/SubpixelMorphologicalAntialiasing.shader' with importer (ShaderImporter)
Imported 'GUID: 63eaba0ebfb82cc43bde059b4a8c65f6' -> (Import Result ID: 'fe5e54b6d0328035de9b64705b7020bb') in 0.020 seconds [static and dynamic dependencies]. Details - ImportResultOutputID=72a8602cc03b6396054c0c1a67260f4d DependenciesID=96d84b19e215d47bc883eab1cf7763bd StaticDependenciesID=7bcd645a2a8fd89d9e5e25cea653c14f 
Importing 'GUID: 93446b5c5339d4f00b85c159e1159b7c - Path: Packages/com.unity.render-pipelines.universal/Shaders/Utils/CoreBlit.shader' with importer (ShaderImporter)
Imported 'GUID: 93446b5c5339d4f00b85c159e1159b7c' -> (Import Result ID: '2b9d6af73b86acd8996b8d8a2fe41bec') in 0.093 seconds [static and dynamic dependencies]. Details - ImportResultOutputID=17e007e1e2bb7fee11205ee084e4852e DependenciesID=14fe9469e10671eb95535b0e82308c39 StaticDependenciesID=d61330d75e7d825e1432dcba45fce2cd 
Importing 'GUID: 933532a4fcc9baf4fa0491de14d08ed7 - Path: Packages/com.unity.render-pipelines.universal/Shaders/Lit.shader' with importer (ShaderImporter)
Imported 'GUID: 933532a4fcc9baf4fa0491de14d08ed7' -> (Import Result ID: '04812cd4c64794297f98c6069dd16751') in 0.070 seconds [static and dynamic dependencies]. Details - ImportResultOutputID=0f8ea9c338f95dbebb868991b064ffbe DependenciesID=1bd6578395c853e57b75e5a63d509f5e StaticDependenciesID=703aa2297536c01c7f6bce4bbb11c347 
Importing 'GUID: a3f7b8c99de28a94684cb1daebeccf5d - Path: Packages/com.unity.render-pipelines.core/Runtime/Lighting/ProbeVolume/ProbeVolumeBlendStates.compute' with importer (ComputeShaderImporter)
Imported 'GUID: a3f7b8c99de28a94684cb1daebeccf5d' -> (Import Result ID: '9f593d3f58d8d2ea6a2f24d69ef4233e') in 0.004 seconds [static and dynamic dependencies]. Details - ImportResultOutputID=a546ba7e9dcc14359ab95139a3ed35e2 DependenciesID=18a9751d3e46ba753e6fd7d52df625be StaticDependenciesID=ee694e2e0b9c71768452d0c753bcd851 
Importing 'GUID: b3c92426a88625841ab15ca6a7917248 - Path: Packages/com.unity.render-pipelines.core/Runtime/RenderPipelineResources/GPUDriven/DebugOccluder.shader' with importer (ShaderImporter)
Imported 'GUID: b3c92426a88625841ab15ca6a7917248' -> (Import Result ID: 'b31212cb8470e489ac21276d2cc655d6') in 0.005 seconds [static and dynamic dependencies]. Details - ImportResultOutputID=313c1a1acb0a1334c609cef0ca5e525d DependenciesID=ad5bcdb331887ee969838b95bd2f910b StaticDependenciesID=3c1252399be49a779bedd9ef27524c85 
Importing 'GUID: d3f0849180c2d0944bc71060693df100 - Path: Packages/com.unity.render-pipelines.core/Runtime/RenderPipelineResources/GPUDriven/DebugOcclusionTest.shader' with importer (ShaderImporter)
Imported 'GUID: d3f0849180c2d0944bc71060693df100' -> (Import Result ID: 'a69e7985416ed11e0252f94c18eaec26') in 0.010 seconds [static and dynamic dependencies]. Details - ImportResultOutputID=f73d8e050fec8925b13224080da2e5a1 DependenciesID=eaaa45d49a50b8b0744ae73b602b6b1c StaticDependenciesID=aa7ed96a2b4b4beb5dabe02a3a534e25 
Importing 'GUID: e39bd598ce13f44ba8af997d3e42cd18 - Path: Packages/com.unity.render-pipelines.universal/Shaders/2D/Sprite-Mask.shader' with importer (ShaderImporter)
Imported 'GUID: e39bd598ce13f44ba8af997d3e42cd18' -> (Import Result ID: 'b40d73a040d7283b84063839cd75b73e') in 0.016 seconds [static and dynamic dependencies]. Details - ImportResultOutputID=63eed74d98e1d35ce1ce5732c9896b93 DependenciesID=e56cd88567de2735bf8394c01716a1bd StaticDependenciesID=213c78561e8f9a8a0eac9e15c5410b2c 
Importing 'GUID: 04c410c9937594faa893a11dceb85f7e - Path: Packages/com.unity.render-pipelines.universal/Shaders/Utils/Sampling.shader' with importer (ShaderImporter)
Imported 'GUID: 04c410c9937594faa893a11dceb85f7e' -> (Import Result ID: '971fba1513f774bbfd10261e6b8d0ea5') in 0.012 seconds [static and dynamic dependencies]. Details - ImportResultOutputID=d72cd2553758352acc60d35de62747dd DependenciesID=3fb2dc7ee67bef50320d471a2c9f9361 StaticDependenciesID=ade54049964ba0fcc4919cf209dae6a9 
Importing 'GUID: 0406db5a14f94604a8c57ccfbc9f3b46 - Path: Packages/com.unity.render-pipelines.universal/Shaders/Particles/ParticlesUnlit.shader' with importer (ShaderImporter)
Imported 'GUID: 0406db5a14f94604a8c57ccfbc9f3b46' -> (Import Result ID: '6f022f511471dd2249ad9ac37cb2b87e') in 0.061 seconds [static and dynamic dependencies]. Details - ImportResultOutputID=cc85e718d2386b958a309e31950f4e20 DependenciesID=89b0a7d13158c9b813c2dee3e74a08d9 StaticDependenciesID=0d327271c4e0142a4ee6348b2e844d89 
Importing 'GUID: 4431b1f1f743fbf4eb310a967890cbea - Path: Packages/com.unity.render-pipelines.universal/Shaders/XR/XROcclusionMesh.shader' with importer (ShaderImporter)
Imported 'GUID: 4431b1f1f743fbf4eb310a967890cbea' -> (Import Result ID: 'a09735c51d807e99a8ad16b5470e6502') in 0.011 seconds [static and dynamic dependencies]. Details - ImportResultOutputID=de8fd18c46c18a4498de4d04c1e1fc57 DependenciesID=7a5bb23f55a0f36f42a43c6edcc6fad6 StaticDependenciesID=178ec415672d30cea929cbd082e42b94 
Importing 'GUID: 44fc62292b65ab04eabcf310e799ccf6 - Path: Packages/com.unity.render-pipelines.universal/Shaders/2D/Shadow2D-Shadow-Sprite.shader' with importer (ShaderImporter)
Imported 'GUID: 44fc62292b65ab04eabcf310e799ccf6' -> (Import Result ID: '4e90f0c6d7607f2c57bcb27259b7cd9a') in 0.012 seconds [static and dynamic dependencies]. Details - ImportResultOutputID=1285798dd1da73fb62b87ccffc57ec04 DependenciesID=e72d7413fb3be4b7e1e94ec8671980b7 StaticDependenciesID=5157a929f6e6bfb756ea25abe47d7eae 
Importing 'GUID: 74b1585886a85614aa34e2c8e303c77a - Path: Packages/com.unity.render-pipelines.universal/Shaders/BRGPicking.shader' with importer (ShaderImporter)
Imported 'GUID: 74b1585886a85614aa34e2c8e303c77a' -> (Import Result ID: '3c61367871792671c0b74c5c7cb86770') in 0.013 seconds [static and dynamic dependencies]. Details - ImportResultOutputID=85916d3b7ea07772425c313649f20a17 DependenciesID=ea8b7e5ab6c52cf82861206026e58450 StaticDependenciesID=184dd813fa5dff15884e343019b54088 
Importing 'GUID: 74659692f6350ba46b88180d9c826630 - Path: Packages/com.unity.render-pipelines.universal/Shaders/2D/RenderAs2D-Flattening.shader' with importer (ShaderImporter)
Imported 'GUID: 74659692f6350ba46b88180d9c826630' -> (Import Result ID: 'b7e633060fc991f1312c67ca5f31fb71') in 0.015 seconds [static and dynamic dependencies]. Details - ImportResultOutputID=c5c8ae9786b13b13fe4f5cc823ca1e4a DependenciesID=7415beb21fb339e72f0428cb012062ef StaticDependenciesID=26f56decae35f2b850c2b26f01072f01 
Importing 'GUID: c49e63ed1bbcb334780a3bd19dfed403 - Path: Packages/com.unity.render-pipelines.universal/Shaders/PostProcessing/FinalPost.shader' with importer (ShaderImporter)
Imported 'GUID: c49e63ed1bbcb334780a3bd19dfed403' -> (Import Result ID: '37d7b49ee3a8c889923dff1eb820b059') in 0.038 seconds [static and dynamic dependencies]. Details - ImportResultOutputID=a383d3d90218ec7615f04862a534f02d DependenciesID=55e8ec566bae1012c4a6717be113918c StaticDependenciesID=c817db9d36879ed693bf9e88e1a16e7a 
Importing 'GUID: 557fa399e33bf7647bda5697c5c158df - Path: Packages/com.unity.render-pipelines.core/Runtime/PathTracing/Shaders/BlitCookie.compute' with importer (ComputeShaderImporter)
Imported 'GUID: 557fa399e33bf7647bda5697c5c158df' -> (Import Result ID: 'c21b5724111307294d2f9ad1db1f73b1') in 0.002 seconds [static and dynamic dependencies]. Details - ImportResultOutputID=0c40784e873bd7f4ac7d3db521befd0e DependenciesID=bbf3bed3f8901c8495f0a449a914a003 StaticDependenciesID=00bf75a0da40c18f4ab7f8dd9ba9cbf8 
Importing 'GUID: 650dd9526735d5b46b79224bc6e94025 - Path: Packages/com.unity.render-pipelines.universal/Shaders/Unlit.shader' with importer (ShaderImporter)
Imported 'GUID: 650dd9526735d5b46b79224bc6e94025' -> (Import Result ID: 'afed2e38ae6fb2d2f74f14c3a70d9009') in 0.045 seconds [static and dynamic dependencies]. Details - ImportResultOutputID=07f7e92dca5fab3919fcf8bb6bae122e DependenciesID=29aa8fe450f113fab5cb50147c3d2a68 StaticDependenciesID=7f15a62f5a48a76a1504b77ad6d64783 
Importing 'GUID: 65df88701913c224d95fc554db28381a - Path: Packages/com.unity.render-pipelines.universal/Shaders/PostProcessing/LutBuilderLdr.shader' with importer (ShaderImporter)
Imported 'GUID: 65df88701913c224d95fc554db28381a' -> (Import Result ID: 'e1c604b6608541edd083e82775457ba3') in 0.014 seconds [static and dynamic dependencies]. Details - ImportResultOutputID=0bf99227860c6ac45d99d1588ab6e3db DependenciesID=9939cb2a1daddaf6f736efe674c63ae7 StaticDependenciesID=41efa06855eab8f190d613c5fdf773f1 
Importing 'GUID: 8516d7a69675844a7a0b7095af7c46af - Path: Packages/com.unity.render-pipelines.universal/Shaders/Particles/ParticlesSimpleLit.shader' with importer (ShaderImporter)
Imported 'GUID: 8516d7a69675844a7a0b7095af7c46af' -> (Import Result ID: '322049b12d0d534c4b1ada683f52d030') in 0.071 seconds [static and dynamic dependencies]. Details - ImportResultOutputID=6b0e970a5bb6474e027745a335054abd DependenciesID=dc4667525dd9e14914752ace447f7ffe StaticDependenciesID=95ef8a550a0a1213902bcf6e7a5f48a6 
Importing 'GUID: 95e15a77195eb574ab82aaac18b1c796 - Path: Packages/com.unity.render-pipelines.universal/Editor/Overrides/Shaders/ShadowsMidtonesHighlightsCurves.shader' with importer (ShaderImporter)
Imported 'GUID: 95e15a77195eb574ab82aaac18b1c796' -> (Import Result ID: 'b0d57d6f4dc1f3c62c183556e9d9a28e') in 0.006 seconds [static and dynamic dependencies]. Details - ImportResultOutputID=5149a729b9d8da867f075c024b0ee1ae DependenciesID=dc4bd18838c545d55117a00bc8063b2b StaticDependenciesID=4032682d7348a77804afdaa7a678babb 
Importing 'GUID: c56b7e0d4c7cb484e959caeeedae9bbf - Path: Packages/com.unity.render-pipelines.universal/Shaders/CameraMotionVectors.shader' with importer (ShaderImporter)
Imported 'GUID: c56b7e0d4c7cb484e959caeeedae9bbf' -> (Import Result ID: 'adff6954c40ca888b700ad4587b2d6d3') in 0.013 seconds [static and dynamic dependencies]. Details - ImportResultOutputID=ad8fc450ab0a45789d2cb5ea801ae92f DependenciesID=12daa18047ee1069a67cadfc3fbb81be StaticDependenciesID=2735ca903f4d05b38318364b6f7b4267 
Importing 'GUID: d5a307c014552314b9f560906d708772 - Path: Packages/com.unity.render-pipelines.universal/Shaders/XR/XRMirrorView.shader' with importer (ShaderImporter)
Imported 'GUID: d5a307c014552314b9f560906d708772' -> (Import Result ID: 'c557a51c84198aa082ada75f7ca7fb77') in 0.013 seconds [static and dynamic dependencies]. Details - ImportResultOutputID=526a1ec25bd95ecc80148f03462be10e DependenciesID=db1e6e150ab03a45672085218a30d2d2 StaticDependenciesID=748f66e360aa11d366c6856fe4d1969d 
Importing 'GUID: e507fdfead5ca47e8b9a768b51c291a1 - Path: Packages/com.unity.render-pipelines.universal/Shaders/Terrain/WavingGrass.shader' with importer (ShaderImporter)
Imported 'GUID: e507fdfead5ca47e8b9a768b51c291a1' -> (Import Result ID: '5681502aa149eddf6bd8705c17b03780') in 0.037 seconds [static and dynamic dependencies]. Details - ImportResultOutputID=fb9b47b28f0e577de083826042ae5db0 DependenciesID=10000cf6cddea5300af831f71cf729f1 StaticDependenciesID=25a6479413c7ffbb1dbe93f5387fff75 
Importing 'GUID: 065a0fb9495518147aaf6f482d53ff42 - Path: Packages/com.unity.render-pipelines.core/Runtime/PathTracing/Shaders/SegmentedReduction.compute' with importer (ComputeShaderImporter)
Imported 'GUID: 065a0fb9495518147aaf6f482d53ff42' -> (Import Result ID: '2acdc57df56db1c37490d909c1947c1c') in 0.002 seconds [static and dynamic dependencies]. Details - ImportResultOutputID=688561fb635851e9861571068f0af08b DependenciesID=644fff3bf329d14f60bf35a37312bff7 StaticDependenciesID=7f21930d37606371429e0f60e709c8e2 
Importing 'GUID: 16e47c1641bd0104e92b624601457bb0 - Path: Packages/com.unity.render-pipelines.core/Runtime/PathTracing/Shaders/BuildLightGrid.compute' with importer (ComputeShaderImporter)
Imported 'GUID: 16e47c1641bd0104e92b624601457bb0' -> (Import Result ID: 'd22061b710fe1af26e80e3aeffa4f84b') in 0.008 seconds [static and dynamic dependencies]. Details - ImportResultOutputID=e84c8fd47cdf9fac3783a3c916dff3bc DependenciesID=165e28e5f509acfd5e30610476cbbcd1 StaticDependenciesID=f4f4664c70cfe600c87e59a0d3ad1ef3 
Importing 'GUID: 36e335017ad71d54fbb10842863188ae - Path: Packages/com.unity.render-pipelines.core/Runtime/RenderPipelineResources/FallbackShader.shader' with importer (ShaderImporter)
Imported 'GUID: 36e335017ad71d54fbb10842863188ae' -> (Import Result ID: '6d0d58f023bfcc027d668b031ceef702') in 0.005 seconds [static and dynamic dependencies]. Details - ImportResultOutputID=1094814d41f92b082a04078b24874628 DependenciesID=79acc7f0fbce16eff53e83cf909eb44d StaticDependenciesID=27b9328314e6f86afb082e66aa8ee0be 
Importing 'GUID: 56641cb88dcb31a4398a4997ef7a7a8c - Path: Packages/com.unity.render-pipelines.core/Runtime/UnifiedRayTracing/Compute/RadeonRays/kernels/restructure_bvh.compute' with importer (ComputeShaderImporter)
Imported 'GUID: 56641cb88dcb31a4398a4997ef7a7a8c' -> (Import Result ID: '209ad449e05852fd2c2ccd752db29cf8') in 0.004 seconds [static and dynamic dependencies]. Details - ImportResultOutputID=ebf005ee816af43c78e394772a8f5c36 DependenciesID=c0c2fb1df51cf2c13f3ec301566b5fe1 StaticDependenciesID=ab5b99b612dcf3a42371864f2b1a85a1 
Importing 'GUID: 562b7ae4f629f144aa97780546fce7c6 - Path: Packages/com.unity.render-pipelines.universal/Shaders/PostProcessing/EdgeAdaptiveSpatialUpsampling.shader' with importer (ShaderImporter)
Imported 'GUID: 562b7ae4f629f144aa97780546fce7c6' -> (Import Result ID: 'd8fb28421b5cfaf6c8bb353fc2a870aa') in 0.013 seconds [static and dynamic dependencies]. Details - ImportResultOutputID=669e34a0f9cacef5d37c8df63d476782 DependenciesID=99ebefd2d106b7a98e2fef1ec350abf1 StaticDependenciesID=84e938a12d5adc44eb45a9515e7558b6 
Importing 'GUID: 6666e5f03ff07054dbb7a7ac6e6aaee0 - Path: Packages/com.unity.render-pipelines.core/Tests/Editor/CopyDepthToBuffer.compute' with importer (ComputeShaderImporter)
Imported 'GUID: 6666e5f03ff07054dbb7a7ac6e6aaee0' -> (Import Result ID: '134791c837a35cc5429d7a62d20e0163') in 0.002 seconds [static and dynamic dependencies]. Details - ImportResultOutputID=8b248c6ab27c52b493cc268a205aee69 DependenciesID=84ef0f132fcaf1c9182cdc3ead1f1f98 StaticDependenciesID=18b84650c7af960dbbac49243c192f27 
Importing 'GUID: 8670f7ce4b60cef43bed36148aa1b0a2 - Path: Packages/com.unity.render-pipelines.core/Runtime/UnifiedRayTracing/Compute/RadeonRays/kernels/bit_histogram.compute' with importer (ComputeShaderImporter)
Imported 'GUID: 8670f7ce4b60cef43bed36148aa1b0a2' -> (Import Result ID: 'ff3675d2dfda3b06622350d6e646e755') in 0.002 seconds [static and dynamic dependencies]. Details - ImportResultOutputID=e63769863aa7481f9adca617f23d6a7e DependenciesID=0a2fdd7182067bc1a3bd7cd5c6b8c485 StaticDependenciesID=ebc2972affb586fb56d305764b38b581 
Importing 'GUID: a679dba8ec4d9ce45884a270b0e22dda - Path: Packages/com.unity.render-pipelines.core/Runtime/STP/StpPreTaa.compute' with importer (ComputeShaderImporter)
Imported 'GUID: a679dba8ec4d9ce45884a270b0e22dda' -> (Import Result ID: '159750b2d2655328e68996d6a65695bb') in 0.004 seconds [static and dynamic dependencies]. Details - ImportResultOutputID=08b207a070637ac8f41622264dcfdf41 DependenciesID=07d7161a91cf083916660196e01277af StaticDependenciesID=c47bae2123e5cb117e2c647abb82e1b1 
Importing 'GUID: d6dae50ee9e1bfa4db75f19f99355220 - Path: Packages/com.unity.render-pipelines.universal/Shaders/Utils/CopyDepth.shader' with importer (ShaderImporter)
Imported 'GUID: d6dae50ee9e1bfa4db75f19f99355220' -> (Import Result ID: 'fb3754cb4a454f0ea1688b8f8d75634e') in 0.011 seconds [static and dynamic dependencies]. Details - ImportResultOutputID=ceae69794e8a2d048bcac87ffc87daa7 DependenciesID=69c60c29c2e0655339ac707f4952fe04 StaticDependenciesID=b1838f8b52c461022095fbbfdf23ccd5 
Importing 'GUID: e6e9a19c3678ded42a3bc431ebef7dbd - Path: Packages/com.unity.render-pipelines.universal/Shaders/Utils/FallbackError.shader' with importer (ShaderImporter)
Imported 'GUID: e6e9a19c3678ded42a3bc431ebef7dbd' -> (Import Result ID: 'f3c907cd7233734c12b2ef4c7e39800d') in 0.009 seconds [static and dynamic dependencies]. Details - ImportResultOutputID=8d6e7ff509e8e6e17a280fee5fcb4d13 DependenciesID=d5b2a0389db2260caa3b81c7e80043aa StaticDependenciesID=af79af6e460e0b1cd5587958c229414c 
Importing 'GUID: f6d223acabc2f974795a5a7864b50e6c - Path: Packages/com.unity.render-pipelines.core/Runtime/RenderPipelineResources/GPUDriven/InstanceOcclusionCullingKernels.compute' with importer (ComputeShaderImporter)
Imported 'GUID: f6d223acabc2f974795a5a7864b50e6c' -> (Import Result ID: 'e40b7103a049b45b7cbaabf72bf8a815') in 0.005 seconds [static and dynamic dependencies]. Details - ImportResultOutputID=b158522ad18cbedbad85d8179ba40ca2 DependenciesID=6ccea1d2f2285d9ccafdfb10ed682e19 StaticDependenciesID=87e3cfdb45fda6c810730ba9609d09f7 
Importing 'GUID: f6783ab646d374f94b199774402a5144 - Path: Packages/com.unity.render-pipelines.universal/Shaders/Terrain/TerrainDetailLit.shader' with importer (ShaderImporter)
Imported 'GUID: f6783ab646d374f94b199774402a5144' -> (Import Result ID: '8de45805b71dd2e3a18ef67baa788c6b') in 0.046 seconds [static and dynamic dependencies]. Details - ImportResultOutputID=a8b7afc8ce0d44c2f9cdd1ce9e5a4684 DependenciesID=4502d20b0ec6194db277829815a36c3e StaticDependenciesID=2ca1f60febf1248c9917ccabf4c6a502 
Importing 'GUID: 3765a7ac691541038de4d587b94ae768 - Path: Packages/com.unity.render-pipelines.core/Runtime/PathTracing/Environment/SolidColor.shader' with importer (ShaderImporter)
Imported 'GUID: 3765a7ac691541038de4d587b94ae768' -> (Import Result ID: '3f9f74adaf9ba6feeb74d30533e017b9') in 0.003 seconds [static and dynamic dependencies]. Details - ImportResultOutputID=97e85fe42a2afa1ccccd67187dcd81c8 DependenciesID=80d9639fd54ab13d6a062075963c1a58 StaticDependenciesID=0397a2b599139631e969f74ac5f39157 
Importing 'GUID: 47bbc3edf61978b498603cc2a1b87eea - Path: Packages/com.unity.render-pipelines.core/Runtime/Lighting/SurfaceCache/Scrolling.compute' with importer (ComputeShaderImporter)
Imported 'GUID: 47bbc3edf61978b498603cc2a1b87eea' -> (Import Result ID: '3bf6b94a5a375c6248645a9595c64f11') in 0.002 seconds [static and dynamic dependencies]. Details - ImportResultOutputID=1340a302eb72193bcc067e101aa1a4b2 DependenciesID=1fc937bb62c5327fa2f1a4a804e5aada StaticDependenciesID=43598fb7e5b1d653e896cc7baa318314 
Importing 'GUID: 573620ae32aec764abd4d728906d2587 - Path: Packages/com.unity.render-pipelines.universal/Shaders/Debug/HDRDebugView.shader' with importer (ShaderImporter)
Imported 'GUID: 573620ae32aec764abd4d728906d2587' -> (Import Result ID: '91418d8615bb5e9bd989092136ecfee1') in 0.014 seconds [static and dynamic dependencies]. Details - ImportResultOutputID=e540113c5ebd6202d82c494e75607497 DependenciesID=f3d192448619160a3d9f42699f9a8b9a StaticDependenciesID=a0bbfce8e8b9e3debfff349da7e6d962 
Importing 'GUID: 77f6c3e00d2daf84ba7b57e205d5dd64 - Path: Packages/com.unity.render-pipelines.core/Tests/Runtime/Threading/FunctionTestsGroup.compute' with importer (ComputeShaderImporter)
Imported 'GUID: 77f6c3e00d2daf84ba7b57e205d5dd64' -> (Import Result ID: '1c1c61c4a609d08400e7fe061a4ebeb9') in 0.008 seconds [static and dynamic dependencies]. Details - ImportResultOutputID=2683abc90c91cdabbd1e4237c47720fa DependenciesID=fdd7617c205e9dde6f1383a92a8ab78e StaticDependenciesID=471e777a4c5f746cb84b9db4f40f3a5d 
Importing 'GUID: 77774d9009bb81447b048c907d4c6273 - Path: Packages/com.unity.render-pipelines.universal/Shaders/2D/Shadow2D-Unshadow-Geometry.shader' with importer (ShaderImporter)
Imported 'GUID: 77774d9009bb81447b048c907d4c6273' -> (Import Result ID: '1100af92815c4997d4173096e29e87a8') in 0.012 seconds [static and dynamic dependencies]. Details - ImportResultOutputID=5e24b2449e54c34528651cf9ba469629 DependenciesID=3d9f0cec794678f7d58e8a69738054f8 StaticDependenciesID=bc99324e11d90751bac20e089ee7d6d0 
Importing 'GUID: 77cfa04f893eb8745b6a454a3d51b43c - Path: Packages/com.unity.render-pipelines.universal/Editor/Overrides/Shaders/TrackballEditor.shader' with importer (ShaderImporter)
Imported 'GUID: 77cfa04f893eb8745b6a454a3d51b43c' -> (Import Result ID: '5a84c4f532aa135d0442e55a9733fca4') in 0.005 seconds [static and dynamic dependencies]. Details - ImportResultOutputID=06af2558d0066ea8eb7114ad4cee75d5 DependenciesID=483ad2dbfcc1b4c2d200e69fbaf00d48 StaticDependenciesID=74d28b3563421586cd5cd1fc5a244a39 
Importing 'GUID: a796fe586e0ddba4cae031b0ab585286 - Path: Packages/com.unity.render-pipelines.core/Editor/PostProcessing/LensFlareResource/LensFlareDataDriven.shader' with importer (ShaderImporter)
Imported 'GUID: a796fe586e0ddba4cae031b0ab585286' -> (Import Result ID: 'c6c2785074dbc0810d774d4cf001090f') in 0.013 seconds [static and dynamic dependencies]. Details - ImportResultOutputID=c5c1131e0dfa2b0d1b005389244a2a09 DependenciesID=e67658ba8a7855fd3e741be06a8aa9f0 StaticDependenciesID=710439a767b825ef08155f9ba2a1af2d 
Importing 'GUID: b7839dad95683814aa64166edc107ae2 - Path: Packages/com.unity.render-pipelines.universal/Shaders/Particles/ParticlesLit.shader' with importer (ShaderImporter)
Imported 'GUID: b7839dad95683814aa64166edc107ae2' -> (Import Result ID: 'ea8d81bca06f1b087d9bdb2a4bbd7a7b') in 0.073 seconds [static and dynamic dependencies]. Details - ImportResultOutputID=b9da9a5715f06c64e600f1240aba9523 DependenciesID=ffa2475e8936b402216d3bc47346257d StaticDependenciesID=1934291915e26bd61e026479b92f278d 
Importing 'GUID: c7715b638c6f5c849a6ec12234ae264c - Path: Packages/com.unity.test-framework.performance/Editor/TestReportGraph/TestReportShader.shader' with importer (ShaderImporter)
Imported 'GUID: c7715b638c6f5c849a6ec12234ae264c' -> (Import Result ID: '1f6f2802ccc89a088437d3e4bd48535b') in 0.004 seconds [static and dynamic dependencies]. Details - ImportResultOutputID=6ee51d967960fcaab2ae110d5f0fabe8 DependenciesID=82d6a231dffee6583cd005b3de0b26cd StaticDependenciesID=38eccf12795cef00dbb066f5e5e56a28 
Importing 'GUID: e7857e9d0c934dc4f83f270f8447b006 - Path: Packages/com.unity.render-pipelines.universal/Shaders/PostProcessing/UberPost.shader' with importer (ShaderImporter)
Imported 'GUID: e7857e9d0c934dc4f83f270f8447b006' -> (Import Result ID: '3f4db9cd982f2b90af8e493717dda695') in 0.021 seconds [static and dynamic dependencies]. Details - ImportResultOutputID=310c5b6643cf3abbadef4ed6bfee249c DependenciesID=609754129ef641a7516cc5d40452911b StaticDependenciesID=f0d5f5305afc774fbec0f8ecf20ad73a 
Importing 'GUID: 08b2b5fb307b0d249860612774a987da - Path: Packages/com.unity.render-pipelines.core/Runtime/RenderPipelineResources/GPUDriven/OccluderDepthPyramidKernels.compute' with importer (ComputeShaderImporter)
Imported 'GUID: 08b2b5fb307b0d249860612774a987da' -> (Import Result ID: '7153a4a2a43cd2517601d7fba8a3f96f') in 0.004 seconds [static and dynamic dependencies]. Details - ImportResultOutputID=5730ebe2302bb2e1776a1c4c2dc582f8 DependenciesID=d0647da8918ba40ba67e4d47b15e0c9f StaticDependenciesID=0db5dd78ba75ed1aee57a6cce93da78e 
Importing 'GUID: 0849e84e3d62649e8882e9d6f056a017 - Path: Packages/com.unity.render-pipelines.universal/Shaders/Utils/ScreenSpaceAmbientOcclusion.shader' with importer (ShaderImporter)
Imported 'GUID: 0849e84e3d62649e8882e9d6f056a017' -> (Import Result ID: 'f473ea3c6512b8c2d8ff243e1d67a630') in 0.048 seconds [static and dynamic dependencies]. Details - ImportResultOutputID=b50c2cd0c5a15a42a325b08d04e28925 DependenciesID=c59eccec2a77d1788b36040cf03b386a StaticDependenciesID=a862ec09d21eaeebdb19e67162e47756 
Importing 'GUID: 28969cfddd9ef3f4e94b971690146a4f - Path: Packages/com.unity.render-pipelines.universal/Runtime/MipGen/Shaders/ColorPyramid.compute' with importer (ComputeShaderImporter)
Imported 'GUID: 28969cfddd9ef3f4e94b971690146a4f' -> (Import Result ID: '78f8407d8a87916e753835aa1b2477ff') in 0.003 seconds [static and dynamic dependencies]. Details - ImportResultOutputID=0e661753ac9aa9eccd6cc4ca9b0189b8 DependenciesID=a7aeb048aabcc510b578e585d4543205 StaticDependenciesID=769c1b0760ac3602f3a512c42482440f 
Importing 'GUID: 98e3d58cae7210c4786f67f504c9e899 - Path: Packages/com.unity.render-pipelines.core/Runtime/UnifiedRayTracing/Common/GeometryPool/GeometryPoolKernels.compute' with importer (ComputeShaderImporter)
Imported 'GUID: 98e3d58cae7210c4786f67f504c9e899' -> (Import Result ID: '4de05114488b48be5dc0a3d98d1f0a4e') in 0.001 seconds [static and dynamic dependencies]. Details - ImportResultOutputID=63abe8fce981431396846cb027a773ec DependenciesID=377501131d9ead9ab2f687f6e75b358f StaticDependenciesID=e6a7ade94380ea0e37420123f7030896 
Importing 'GUID: a89bee29cffa951418fc1e2da94d1959 - Path: Packages/com.unity.render-pipelines.universal/Shaders/Utils/BlitHDROverlay.shader' with importer (ShaderImporter)
Imported 'GUID: a89bee29cffa951418fc1e2da94d1959' -> (Import Result ID: '79d5d35231d997c651dc6552592378fe') in 0.015 seconds [static and dynamic dependencies]. Details - ImportResultOutputID=1b71e35ebb4be37a66a0e6312bb84021 DependenciesID=cd45ba3e17cac5797cb9571700cf5bae StaticDependenciesID=6785ada06cd07c58ce750965fea11504 
Importing 'GUID: c8b6a681c7b4e2e4785ffab093907f9e - Path: Packages/com.unity.render-pipelines.core/Editor/Lighting/ProbeVolume/VoxelizeScene.shader' with importer (ShaderImporter)
Imported 'GUID: c8b6a681c7b4e2e4785ffab093907f9e' -> (Import Result ID: '97c7dfd23245610834234ae7c5cc11b9') in 0.007 seconds [static and dynamic dependencies]. Details - ImportResultOutputID=ece263f27390bf641e6b25c4a5ed5151 DependenciesID=ef005e5cc7f137bcc62a9f9f0ed2ef07 StaticDependenciesID=a0cf6b90b2f279b619bf1fdbf0c33e3c 
Importing 'GUID: e8b802ac01d87144b91f12f40c1f2659 - Path: Packages/com.unity.render-pipelines.universal/Shaders/SpatialMappingWireframe.shader' with importer (ShaderImporter)
Imported 'GUID: e8b802ac01d87144b91f12f40c1f2659' -> (Import Result ID: '1baa22cf200addd0e8e972670d887d54') in 0.010 seconds [static and dynamic dependencies]. Details - ImportResultOutputID=798408693c00362fd4ce9bf36a7d261c DependenciesID=47371c0f0974e429b0c3899cded949aa StaticDependenciesID=78501858fa857467ad5b245cebdde5f6 
Importing 'GUID: e8ee25143a34b8c4388709ea947055d1 - Path: Packages/com.unity.render-pipelines.universal/Shaders/PostProcessing/ScalingSetup.shader' with importer (ShaderImporter)
Imported 'GUID: e8ee25143a34b8c4388709ea947055d1' -> (Import Result ID: '9f06a0db0c05e056c334acd31b66948a') in 0.010 seconds [static and dynamic dependencies]. Details - ImportResultOutputID=8e6629e034f05015edb753bf0a3c444b DependenciesID=d72d726e25946dd28071dda35cf9e73d StaticDependenciesID=69d004d2a784aca40627623393731a96 
Importing 'GUID: f89aac1e4f84468418fe30e611dff395 - Path: Packages/com.unity.render-pipelines.universal/Shaders/XR/XRMotionVector.shader' with importer (ShaderImporter)
Imported 'GUID: f89aac1e4f84468418fe30e611dff395' -> (Import Result ID: '8e1bf367eac55a3133cb0ba49d046180') in 0.008 seconds [static and dynamic dependencies]. Details - ImportResultOutputID=bc665e674f79a512be03937dfdca61f9 DependenciesID=e88aa085b594f555e81b976ef54598e4 StaticDependenciesID=41549047dfa083d3fc0fffeaee0f7152 
Importing 'GUID: 0951de5992461754fa73650732c4954c - Path: Packages/com.unity.render-pipelines.core/Runtime/Lighting/ProbeVolume/ProbeVolumeUploadData.compute' with importer (ComputeShaderImporter)
Imported 'GUID: 0951de5992461754fa73650732c4954c' -> (Import Result ID: '12aea7716635a59cfcc75a72713322c8') in 0.004 seconds [static and dynamic dependencies]. Details - ImportResultOutputID=a7381049e170cf84f4bcc92f025264c9 DependenciesID=3913e7c78b3e1acd57e33e0858b9d183 StaticDependenciesID=f2431cd7fbae2ce8c1007bfd93b6bcca 
Importing 'GUID: 19349a0f9a7ed4c48a27445bcf92e5e1 - Path: Packages/com.unity.render-pipelines.universal/Shaders/2D/Shadow2D-Shadow-Geometry.shader' with importer (ShaderImporter)
Imported 'GUID: 19349a0f9a7ed4c48a27445bcf92e5e1' -> (Import Result ID: 'e06518992015e2ca9c4a23b0cbde0e9b') in 0.009 seconds [static and dynamic dependencies]. Details - ImportResultOutputID=fab51c3b82595022aa761600add18cee DependenciesID=97efc05a03544f85bec408850e40ea9b StaticDependenciesID=189345beee667d9d0ed6651aaa7e707c 
Importing 'GUID: 19dfbb09098c9584a83c956fbd6c5d79 - Path: Packages/com.unity.render-pipelines.core/Editor/PostProcessing/LensFlareResource/LensFlareDataDrivenPreview.shader' with importer (ShaderImporter)
Imported 'GUID: 19dfbb09098c9584a83c956fbd6c5d79' -> (Import Result ID: '2f57a77af5959584bf77e1f4894d3490') in 0.009 seconds [static and dynamic dependencies]. Details - ImportResultOutputID=1401df7b0e1be5c14584a0c198368e59 DependenciesID=8a1374b7eb10a6e7cebae59a19170078 StaticDependenciesID=a44890daaf5a6daa601e0ec2385f222e 
Importing 'GUID: 29868e73b638e48ca99a19ea58c48d90 - Path: Packages/com.unity.render-pipelines.universal/Shaders/Terrain/WavingGrassBillboard.shader' with importer (ShaderImporter)
Imported 'GUID: 29868e73b638e48ca99a19ea58c48d90' -> (Import Result ID: '771c0fa1e450d2de38f10ad71cfe6c92') in 0.040 seconds [static and dynamic dependencies]. Details - ImportResultOutputID=fafc1a2671f7f55c32932f0f66d2a03b DependenciesID=6ce7cda3f6e2b1eead0d2dea247bfe84 StaticDependenciesID=78342fd9983d74ebd746de1ff8b3df24 
Importing 'GUID: 3990aa41cea4e4fa79ec155970b62e32 - Path: Packages/com.unity.render-pipelines.core/Tests/Runtime/PathTracing/UniformAlbedoMetaPass.shader' with importer (ShaderImporter)
Imported 'GUID: 3990aa41cea4e4fa79ec155970b62e32' -> (Import Result ID: '2ba2ef3a87012f7d5373463f69191bcc') in 0.004 seconds [static and dynamic dependencies]. Details - ImportResultOutputID=a706a9c5c8cb937b2a42d6f5aad822d5 DependenciesID=e6a713504bd14abe2eda123680244557 StaticDependenciesID=f7ec13e461960ea841e4588ec423969f 
Importing 'GUID: 3923900e2b41b5e47bc25bfdcbcdc9e6 - Path: Packages/com.unity.render-pipelines.core/Runtime/STP/StpTaa.compute' with importer (ComputeShaderImporter)
Imported 'GUID: 3923900e2b41b5e47bc25bfdcbcdc9e6' -> (Import Result ID: '738556c88692db3460191117033efcad') in 0.004 seconds [static and dynamic dependencies]. Details - ImportResultOutputID=00a260aa6abafd4d3f27ead62b284ff5 DependenciesID=8ce8eaab84c534dd718fba9e76fa542d StaticDependenciesID=d988056249b1d12aa39921adf879762b 
Importing 'GUID: 397e4e1ab7fcb41b9842c2e464a0d58a - Path: Packages/com.unity.render-pipelines.core/Tests/Runtime/PathTracing/UniformCubemap.shader' with importer (ShaderImporter)
Imported 'GUID: 397e4e1ab7fcb41b9842c2e464a0d58a' -> (Import Result ID: '54796809ccc1c4e3a4ae40975c0c5991') in 0.003 seconds [static and dynamic dependencies]. Details - ImportResultOutputID=0f805d90eabf12d324ee4ec73b522e9e DependenciesID=032c5f49c7c4d6afdd8254386100ee27 StaticDependenciesID=1262296683367a2eb6198e43d1ab8f40 
Importing 'GUID: 592b8faa1d5c42841bcb3308316baf9e - Path: Packages/com.unity.render-pipelines.core/Runtime/PathTracing/Shaders/ProbePostProcessing.compute' with importer (ComputeShaderImporter)
Imported 'GUID: 592b8faa1d5c42841bcb3308316baf9e' -> (Import Result ID: '6915e056649bd5b57d8920d809b4b782') in 0.005 seconds [static and dynamic dependencies]. Details - ImportResultOutputID=da230d074661c8d2315c10450e2572cb DependenciesID=5feda465c5366618346073ca433287e0 StaticDependenciesID=8595cf0079f4533b49d8dacd8752af6b 
Importing 'GUID: 69c1f799e772cb6438f56c23efccb782 - Path: Packages/com.unity.render-pipelines.universal/Shaders/Terrain/TerrainLit.shader' with importer (ShaderImporter)
Shader 'Universal Render Pipeline/Terrain/Lit': dependency 'AddPassShader' shader 'Hidden/Universal Render Pipeline/Terrain/Lit (Add Pass)' not found
Shader 'Universal Render Pipeline/Terrain/Lit': dependency 'BaseMapShader' shader 'Hidden/Universal Render Pipeline/Terrain/Lit (Base Pass)' not found
Shader 'Universal Render Pipeline/Terrain/Lit': dependency 'BaseMapGenShader' shader 'Hidden/Universal Render Pipeline/Terrain/Lit (Basemap Gen)' not found
WARNING: Shader Unsupported: 'Universal Render Pipeline/Terrain/Lit' - All subshaders removed
WARNING: Shader Did you use #pragma only_renderers and omit this platform?
WARNING: Shader If subshaders removal was intentional, you may have forgotten turning Fallback off?
Shader 'Universal Render Pipeline/Terrain/Lit': dependency 'AddPassShader' shader 'Hidden/Universal Render Pipeline/Terrain/Lit (Add Pass)' not found
Shader 'Universal Render Pipeline/Terrain/Lit': dependency 'BaseMapShader' shader 'Hidden/Universal Render Pipeline/Terrain/Lit (Base Pass)' not found
Shader 'Universal Render Pipeline/Terrain/Lit': dependency 'BaseMapGenShader' shader 'Hidden/Universal Render Pipeline/Terrain/Lit (Basemap Gen)' not found
WARNING: Shader Unsupported: 'Universal Render Pipeline/Terrain/Lit' - All subshaders removed
WARNING: Shader Did you use #pragma only_renderers and omit this platform?
WARNING: Shader If subshaders removal was intentional, you may have forgotten turning Fallback off?
Imported 'GUID: 69c1f799e772cb6438f56c23efccb782' -> (Import Result ID: 'c169a57a7850ddc304c13066ff173483') in 0.059 seconds [static and dynamic dependencies]. Details - ImportResultOutputID=bf1b10450ec10ae80de059945f945edc DependenciesID=b8856b9f3ad484429c92c226b3f99fd5 StaticDependenciesID=ad95b52c65b7bd5437991816070568eb 
Shader 'Universal Render Pipeline/Terrain/Lit': dependency 'AddPassShader' shader 'Hidden/Universal Render Pipeline/Terrain/Lit (Add Pass)' not found
Shader 'Universal Render Pipeline/Terrain/Lit': dependency 'BaseMapShader' shader 'Hidden/Universal Render Pipeline/Terrain/Lit (Base Pass)' not found
Shader 'Universal Render Pipeline/Terrain/Lit': dependency 'BaseMapGenShader' shader 'Hidden/Universal Render Pipeline/Terrain/Lit (Basemap Gen)' not found
WARNING: Shader Unsupported: 'Universal Render Pipeline/Terrain/Lit' - All subshaders removed
WARNING: Shader Did you use #pragma only_renderers and omit this platform?
WARNING: Shader If subshaders removal was intentional, you may have forgotten turning Fallback off?
Importing 'GUID: 891acea040e321148ab512076f084f6c - Path: Packages/com.unity.render-pipelines.core/Runtime/PathTracing/Shaders/LightmapOccupancy.compute' with importer (ComputeShaderImporter)
Imported 'GUID: 891acea040e321148ab512076f084f6c' -> (Import Result ID: 'bfe2062b5ef04cd636f42c20b7efef14') in 0.001 seconds [static and dynamic dependencies]. Details - ImportResultOutputID=f09411963929ae9ea75c5ce85a381350 DependenciesID=a235eeda7e2494b66d67007e0777b1f2 StaticDependenciesID=ea4e63b4aa7895209e3e3cea9dcec5b6 
Importing 'GUID: 99134b1f0c27d54469a840832a28fadf - Path: Packages/com.unity.render-pipelines.universal/Shaders/Nature/SpeedTree8.shader' with importer (ShaderImporter)
Imported 'GUID: 99134b1f0c27d54469a840832a28fadf' -> (Import Result ID: '519624ec28cbbaf08b233f6f265bf74b') in 0.047 seconds [static and dynamic dependencies]. Details - ImportResultOutputID=46e1ece78dd6cbd9394cf078ddcc588e DependenciesID=6bfda207141433b1bc997c52d2aeea70 StaticDependenciesID=d8013b7c4f969f1eaa0f9c82f899cdb6 
Importing 'GUID: c9f2aeed6ef396f4d9134e4da1edfe19 - Path: Packages/com.unity.render-pipelines.core/Runtime/Lighting/SurfaceCache/Eviction.compute' with importer (ComputeShaderImporter)
Imported 'GUID: c9f2aeed6ef396f4d9134e4da1edfe19' -> (Import Result ID: '0d6da2cf0eb21b192a7f20e3807b3093') in 0.001 seconds [static and dynamic dependencies]. Details - ImportResultOutputID=621a3eae84467ccbdc6bddbafefe3437 DependenciesID=aa7f4cff250bf0eab9847183c36ebe07 StaticDependenciesID=bb8a360ae3d0261325117b6bc20f50ef 
Importing 'GUID: d9225443dcd40974c9a13cb6e166ca5f - Path: Packages/com.unity.render-pipelines.core/Runtime/PathTracing/Shaders/ResolveAccumulation.compute' with importer (ComputeShaderImporter)
Imported 'GUID: d9225443dcd40974c9a13cb6e166ca5f' -> (Import Result ID: '3613cf1775f503be51f66eca4ecb29b5') in 0.001 seconds [static and dynamic dependencies]. Details - ImportResultOutputID=9d7bcc930985f622f1215076b5d2631c DependenciesID=944d8c24e8bac94fde2ad715a6b679e3 StaticDependenciesID=e5cbafb3b0bfb891af6f988f9558b51d 
Importing 'GUID: e9155b26e1bc55942a41e518703fe304 - Path: Packages/com.unity.render-pipelines.universal/Shaders/Utils/StencilDeferred.shader' with importer (ShaderImporter)
Imported 'GUID: e9155b26e1bc55942a41e518703fe304' -> (Import Result ID: '57a321bd9a9ad5ae1ce5d6173b48a87e') in 0.038 seconds [static and dynamic dependencies]. Details - ImportResultOutputID=bea30dd778bd706b5b73d14900cdb6dc DependenciesID=87de4b87a5ae5809d557bb2505d19791 StaticDependenciesID=74a15d4d3a66a4d568df7c382cb538dd 
Importing 'GUID: f984aeb540ded8b4fbb8a2047ab5b2e2 - Path: Packages/com.unity.render-pipelines.core/Runtime/RenderPipelineResources/GPUDriven/InstanceDataBufferCopyKernels.compute' with importer (ComputeShaderImporter)
Imported 'GUID: f984aeb540ded8b4fbb8a2047ab5b2e2' -> (Import Result ID: '1525366aa6dd5a4ecf2965888e9affaf') in 0.003 seconds [static and dynamic dependencies]. Details - ImportResultOutputID=fc23f4ab8f599f393b79b964bf15e118 DependenciesID=c6d4604d823afa75240440407ba3c054 StaticDependenciesID=44a196295ae6efb1c88847b3de451abe 
Importing 'GUID: 0a7e590f3cf1d4ee8a8fab5b6eff09ef - Path: Packages/com.unity.render-pipelines.universal/Shaders/Terrain/TerrainLitAdd.shader' with importer (ShaderImporter)
Imported 'GUID: 0a7e590f3cf1d4ee8a8fab5b6eff09ef' -> (Import Result ID: 'e5f2e0a11d5e0ba6aa2f4a26f8956663') in 0.022 seconds [static and dynamic dependencies]. Details - ImportResultOutputID=7b2cffac1f36940301013fe5b6b567d3 DependenciesID=693ca59bf055d99dc2fd08a9ea34ae61 StaticDependenciesID=2a8148ac93deaff588cfe6010f9dcaf5 
Importing 'GUID: 0a8f4dcd626bcd14bbbfa5a5e116b16e - Path: Packages/com.unity.2d.animation/Editor/Assets/SkinningModule/SpriteOutline.shader' with importer (ShaderImporter)
Imported 'GUID: 0a8f4dcd626bcd14bbbfa5a5e116b16e' -> (Import Result ID: '35ce6a6f3693040d37ad2ca63d419746') in 0.025 seconds [static and dynamic dependencies]. Details - ImportResultOutputID=65efa8b3b82fad9f476839388fc4070a DependenciesID=53942f2375f376c955a4c70884719879 StaticDependenciesID=04a4d350ee5922b4b6054d914f17be23 
Importing 'GUID: 1a030e4984617e340bf47a116a1d0f9c - Path: Packages/com.unity.render-pipelines.core/Runtime/PathTracing/Shaders/Lightmapping/BilinearOverlaps.compute' with importer (ComputeShaderImporter)
Imported 'GUID: 1a030e4984617e340bf47a116a1d0f9c' -> (Import Result ID: 'e32f51b543d31a37d16cc111160a6214') in 0.002 seconds [static and dynamic dependencies]. Details - ImportResultOutputID=70085cc28aa07811aedcf888ead9a803 DependenciesID=d15092cccf28c3c61803d72b19410b0b StaticDependenciesID=25d38d75050a0fb76b0dac802a06f4d7 
Importing 'GUID: 1ad53a96b58d3c3488dde4f14db1aaeb - Path: Packages/com.unity.render-pipelines.core/Runtime/UnifiedRayTracing/Compute/RadeonRays/kernels/CopyPositions.compute' with importer (ComputeShaderImporter)
Imported 'GUID: 1ad53a96b58d3c3488dde4f14db1aaeb' -> (Import Result ID: 'c58c7abc76e442ad6e2da2d2045085db') in 0.001 seconds [static and dynamic dependencies]. Details - ImportResultOutputID=8f9ff918bb8b965beada325f910ecdd8 DependenciesID=4dbddc613983529631b51482fc0b0a52 StaticDependenciesID=d1877fc8bd41a0fd29d9535a51d70ba7 
Importing 'GUID: 2a567b9b2733f8d47a700c3c85bed75b - Path: Packages/com.unity.render-pipelines.core/Runtime/RenderPipelineResources/GPUDriven/InstanceTransformUpdateKernels.compute' with importer (ComputeShaderImporter)
Imported 'GUID: 2a567b9b2733f8d47a700c3c85bed75b' -> (Import Result ID: '853ea52843dbc7e53071a1b71f7a64c2') in 0.004 seconds [static and dynamic dependencies]. Details - ImportResultOutputID=02e1252e1bee6806a80dd9fcd107b023 DependenciesID=4d6c85083ca0bf26a0b9fffd39bc314a StaticDependenciesID=424d11d02968d8db67447f1c0db7bfd1 
Importing 'GUID: 2aed67ad60045d54ba3a00c91e2d2631 - Path: Packages/com.unity.render-pipelines.universal/Shaders/PostProcessing/BokehDepthOfField.shader' with importer (ShaderImporter)
Imported 'GUID: 2aed67ad60045d54ba3a00c91e2d2631' -> (Import Result ID: '87187333f5aa84b88602a1fd501f744c') in 0.033 seconds [static and dynamic dependencies]. Details - ImportResultOutputID=3958010c33c98dd861e94888ddb36711 DependenciesID=4a743d2acdebce770a121c08bfce0a8b StaticDependenciesID=3995aa36b639613aaa1b25a594672edc 
Importing 'GUID: 3a80877c579b9144ebdcc6d923bca303 - Path: Packages/com.unity.render-pipelines.core/Runtime/Debug/ProbeVolumeFragmentationDebug.shader' with importer (ShaderImporter)
Imported 'GUID: 3a80877c579b9144ebdcc6d923bca303' -> (Import Result ID: '41f9c67973250f458e367faaffa1c113') in 0.008 seconds [static and dynamic dependencies]. Details - ImportResultOutputID=40112731da6d871e9f77fecba066470d DependenciesID=c60ae8789cbf5978fcb5326e3ecc739c StaticDependenciesID=1e57bff413813f7cf26f2533152702e9 
Importing 'GUID: 5a992812cb320d146a66cc600200cce7 - Path: Packages/com.unity.render-pipelines.core/Runtime/PathTracing/Shaders/BlitCubemap.compute' with importer (ComputeShaderImporter)
Imported 'GUID: 5a992812cb320d146a66cc600200cce7' -> (Import Result ID: '48f2e1f60ad585c3c06ed7859f8f89ca') in 0.001 seconds [static and dynamic dependencies]. Details - ImportResultOutputID=8d96d9387e2fe664185492575ae78f96 DependenciesID=92b82e90c93e38402e90675159f7460f StaticDependenciesID=e552c4323a36fb54f88177b6d31229e2 
Importing 'GUID: 9ac9bae9f40d7dc4a80dbf809b9544aa - Path: Packages/com.unity.render-pipelines.universal/Shaders/2D/RenderingLayerMask.shader' with importer (ShaderImporter)
Imported 'GUID: 9ac9bae9f40d7dc4a80dbf809b9544aa' -> (Import Result ID: 'ae92879b9c1a1c5b52cedf5c5fa454fd') in 0.009 seconds [static and dynamic dependencies]. Details - ImportResultOutputID=28930f163eeb228bf4b42aaa5e618844 DependenciesID=55f411d860c424cf1678c6588fd67ac5 StaticDependenciesID=bd49758ca6431dbfa1518281be75ea56 
Importing 'GUID: cacb30de6c40c7444bbc78cb0a81fd2a - Path: Packages/com.unity.render-pipelines.core/Runtime/Vrs/Shaders/VrsTexture.compute' with importer (ComputeShaderImporter)
Imported 'GUID: cacb30de6c40c7444bbc78cb0a81fd2a' -> (Import Result ID: '72e640d9b241a0741f470d60cf4bc0ec') in 0.005 seconds [static and dynamic dependencies]. Details - ImportResultOutputID=1797a7ce796c2dd46d632a20926eb710 DependenciesID=0b7fb7246e51546d465afc7c36b47055 StaticDependenciesID=9e256d35f599a1a76eb4e6949dd741be 
Importing 'GUID: da07703fcc09f8d4799221050659bd55 - Path: Packages/com.unity.shadergraph/Editor/Resources/Shaders/FallbackError.shader' with importer (ShaderImporter)
Imported 'GUID: da07703fcc09f8d4799221050659bd55' -> (Import Result ID: '11d5685c86d798bd7546c4c8495cdddd') in 0.004 seconds [static and dynamic dependencies]. Details - ImportResultOutputID=0ec8de9273a3be6cdd96b183f434914f DependenciesID=ceff94d88553f456b2bb6e17ef2c717e StaticDependenciesID=654ae9914caf9de10dd2236c30a015fa 
Importing 'GUID: 1b95b5dcf48d1914c9e1e7405c7660e3 - Path: Packages/com.unity.render-pipelines.core/Runtime/UnifiedRayTracing/Common/Utilities/CopyBuffer.compute' with importer (ComputeShaderImporter)
Imported 'GUID: 1b95b5dcf48d1914c9e1e7405c7660e3' -> (Import Result ID: '9d1eea03383ddbabd560439f3b49a9fb') in 0.001 seconds [static and dynamic dependencies]. Details - ImportResultOutputID=ac3120769cbbd0e43751d8a095108b58 DependenciesID=38c8da2ea7c6b5e295d007150590a542 StaticDependenciesID=02d4ca2bd67f6297f7181d59631cb4b5 
Importing 'GUID: 2b06b6233ca86cd4886e99d0e9d1124e - Path: Packages/com.unity.render-pipelines.core/Tests/Editor/SimpleSpeedTreeDots.shader' with importer (ShaderImporter)
Imported 'GUID: 2b06b6233ca86cd4886e99d0e9d1124e' -> (Import Result ID: 'f17f355a76cdd1c0ab77a7c9224ddcd5') in 0.005 seconds [static and dynamic dependencies]. Details - ImportResultOutputID=c031a3712ba1b9e8970aac0de576c2db DependenciesID=8257e1e52d684e13e32a0047dba1766b StaticDependenciesID=03a6624f9a88a897798f112adee3554c 
Importing 'GUID: 2ba9c897a5bfc8c4e8faefab864e2a59 - Path: Packages/com.unity.render-pipelines.core/Runtime/PathTracing/Shaders/ComputeHelpers.compute' with importer (ComputeShaderImporter)
Imported 'GUID: 2ba9c897a5bfc8c4e8faefab864e2a59' -> (Import Result ID: '9fe0982193163a47362cd21a8e307cbd') in 0.002 seconds [static and dynamic dependencies]. Details - ImportResultOutputID=322cabe40d56e1cfeff240b7841fb417 DependenciesID=a2e58d7cc658add50c3b636e2cf5c64e StaticDependenciesID=a119fcf41fde1e0bb5cbd8ec89938a88 
Importing 'GUID: 3b21275fd12d65f49babb5286f040f2d - Path: Packages/com.unity.render-pipelines.core/Runtime/Debug/ProbeVolumeDebug.shader' with importer (ShaderImporter)
Imported 'GUID: 3b21275fd12d65f49babb5286f040f2d' -> (Import Result ID: '8b5aa404c8fef4f5901315b6b3fb341b') in 0.007 seconds [static and dynamic dependencies]. Details - ImportResultOutputID=579fb0dd00e4c504b2d284a4c0b9ab5f DependenciesID=be8a92d734fb1cce5d42aa2c674c465c StaticDependenciesID=6e85672334cd9852d624c72aaeee5012 
Importing 'GUID: 5bb2534d2411d344cbc54f880232640f - Path: Packages/com.unity.render-pipelines.core/Runtime/PathTracing/Environment/EnvironmentImportanceSamplingBuild.compute' with importer (ComputeShaderImporter)
Imported 'GUID: 5bb2534d2411d344cbc54f880232640f' -> (Import Result ID: 'fe256a86e4c5a2f43525840eee812949') in 0.005 seconds [static and dynamic dependencies]. Details - ImportResultOutputID=0b86caeff84ee6659b4c8c646d640743 DependenciesID=bf39696b92a3811168a1bc0a586672c7 StaticDependenciesID=97750b9bfa662959a765e3e96a354298 
Importing 'GUID: 6bb382f7de370af41b775f54182e491d - Path: Packages/com.unity.render-pipelines.core/Editor/Lighting/ProbeVolume/ProbeVolumeCellDilation.compute' with importer (ComputeShaderImporter)
Imported 'GUID: 6bb382f7de370af41b775f54182e491d' -> (Import Result ID: '830180a481354c1cffaa4bd5b11c08d4') in 0.004 seconds [static and dynamic dependencies]. Details - ImportResultOutputID=2e577185a816d83df65958fe921258f8 DependenciesID=ec9d462c8ba6d2fb8b50e79bf8d41566 StaticDependenciesID=bcd132e5c384935b3c01e4cafe99a70f 
Importing 'GUID: 7b3e6785f5f6b634794df3a85a2a35da - Path: Packages/com.unity.render-pipelines.universal/Shaders/Utils/ComputeScreenSpaceReflection.shader' with importer (ShaderImporter)
Imported 'GUID: 7b3e6785f5f6b634794df3a85a2a35da' -> (Import Result ID: '52611e9d12aa8190d11b734d1b12fd24') in 0.030 seconds [static and dynamic dependencies]. Details - ImportResultOutputID=a1beee2a2566a530196f14ccbcb17dde DependenciesID=2b0709574d0bcde4b72c9fee85b4e99f StaticDependenciesID=61df8e4ceeb2bb393ef67ff60342bc1a 
Importing 'GUID: 7b3ede40266cd49a395def176e1bc486 - Path: Packages/com.unity.render-pipelines.universal/Shaders/ObjectMotionVectorFallback.shader' with importer (ShaderImporter)
Imported 'GUID: 7b3ede40266cd49a395def176e1bc486' -> (Import Result ID: '8ca91d6048939e93ba643ce87befa563') in 0.011 seconds [static and dynamic dependencies]. Details - ImportResultOutputID=16f9819a490e381163475532ba8adbad DependenciesID=d597958f8f63e3a5e356f4c3b390f003 StaticDependenciesID=9f2f1a98c854e8fcb826c1ef4d13cd01 
Importing 'GUID: 8ba6ac699baf35242857feaf27c9cc2a - Path: Packages/com.unity.render-pipelines.core/Tests/Editor/BufferCopyTest.compute' with importer (ComputeShaderImporter)
Imported 'GUID: 8ba6ac699baf35242857feaf27c9cc2a' -> (Import Result ID: 'b295a0fdf002686d8dc18995021bd3d4') in 0.001 seconds [static and dynamic dependencies]. Details - ImportResultOutputID=468c76385307b00550f9bae5acf4f999 DependenciesID=242dac26e9e2fb06c2005f13b381011a StaticDependenciesID=cacf5d1f60bffcb4244460df972328c8 
Importing 'GUID: 8b69d394493d90648bb31414187ae4db - Path: Packages/com.unity.render-pipelines.core/Runtime/PathTracing/Shaders/ProbeOcclusionLightIndexMapping.compute' with importer (ComputeShaderImporter)
Imported 'GUID: 8b69d394493d90648bb31414187ae4db' -> (Import Result ID: '79295622fb46b927b0c233e32e58eef0') in 0.001 seconds [static and dynamic dependencies]. Details - ImportResultOutputID=9b3dc260c1c398763e0744ec8f57e3a4 DependenciesID=1a56bf24ba4ba798e3adb8ad2a2ea5c9 StaticDependenciesID=4dc208e597c8c6b8580772538343adfd 
Importing 'GUID: 8b3d1e6f4c5a4d219a72f8e1c0b3d4a7 - Path: Packages/com.unity.render-pipelines.universal/Shaders/Utils/UIBackdropFilterComposite.shader' with importer (ShaderImporter)
Imported 'GUID: 8b3d1e6f4c5a4d219a72f8e1c0b3d4a7' -> (Import Result ID: '6d43604a4a6f6c12e54e30ce780f2a35') in 0.012 seconds [static and dynamic dependencies]. Details - ImportResultOutputID=c6e7a0afcc9464ceccf43bb1e92b98e4 DependenciesID=d5b3aad93ffe71a5094a62d8d2bd6e03 StaticDependenciesID=65aba461e4824710f743ac2021f84648 
Importing 'GUID: bb86f1f0af829fd45b2ebddda1245c22 - Path: Packages/com.unity.render-pipelines.core/Editor/Lighting/ProbeVolume/ProbeVolumeSubdivide.compute' with importer (ComputeShaderImporter)
Imported 'GUID: bb86f1f0af829fd45b2ebddda1245c22' -> (Import Result ID: '1d5d32fa29a5edaade1508db4491edcf') in 0.006 seconds [static and dynamic dependencies]. Details - ImportResultOutputID=911ccbfd29c7e01cb69859c9675e031e DependenciesID=22b9889ca435ca030695fcf81d1070df StaticDependenciesID=25975289a7ad18504de59c9057086755 
Importing 'GUID: db8bd7436dc2c5f4c92655307d198381 - Path: Packages/com.unity.render-pipelines.core/Runtime/Debug/ProbeVolumeOffsetDebug.shader' with importer (ShaderImporter)
Imported 'GUID: db8bd7436dc2c5f4c92655307d198381' -> (Import Result ID: '0248808b6ed21018ec9a88723b7fbadb') in 0.010 seconds [static and dynamic dependencies]. Details - ImportResultOutputID=a7ce5f173e9f7fea7201065d3459afe3 DependenciesID=a7d3107f1b8f63ce652a778cd72d38d3 StaticDependenciesID=5ea813a53faa5de5efc7c9b394814b8e 
Importing 'GUID: 0ca6dca7396eb48e5849247ffd444914 - Path: Packages/com.unity.render-pipelines.universal/Shaders/BakedLit.shader' with importer (ShaderImporter)
Imported 'GUID: 0ca6dca7396eb48e5849247ffd444914' -> (Import Result ID: '642a3cedb7565e9005e1ee225a35b514') in 0.059 seconds [static and dynamic dependencies]. Details - ImportResultOutputID=5b9ea1b71d1d761fbdd98f57a86361a9 DependenciesID=c012949d0c69da9bb4c8a2b938847f03 StaticDependenciesID=535f8891d4c89024a88cc5f6b47c830d 
Importing 'GUID: 5caf62d8bd7c44596ace77ef9eb8ea31 - Path: Packages/com.unity.shadergraph/Editor/Resources/Shaders/Checkerboard.shader' with importer (ShaderImporter)
Imported 'GUID: 5caf62d8bd7c44596ace77ef9eb8ea31' -> (Import Result ID: '3ae1f9bc18e4c445d5fd5fd3adce90f4') in 0.004 seconds [static and dynamic dependencies]. Details - ImportResultOutputID=391c6686cc9b084dde149c555befaeac DependenciesID=59c1de02f063e3ddbb8021c5befcfb76 StaticDependenciesID=883896a8906a5d70853acd2c67198812 
Importing 'GUID: 6cda457ac28612740adb23da5d39ea92 - Path: Packages/com.unity.render-pipelines.universal/Shaders/PostProcessing/LensFlareDataDriven.shader' with importer (ShaderImporter)
Imported 'GUID: 6cda457ac28612740adb23da5d39ea92' -> (Import Result ID: '4d98054a80db16e62f6bd7e2f6c4770d') in 0.030 seconds [static and dynamic dependencies]. Details - ImportResultOutputID=933b5be78446f464875bed847a4159bb DependenciesID=4abca9f4c04264f1e8f957cf4c630358 StaticDependenciesID=e548e9ea60e3c1304cd133784e9e3223 
Importing 'GUID: 7c302ee1d7410a6458981a5f329520b4 - Path: Packages/com.unity.render-pipelines.universal/Runtime/RendererFeatures/SurfaceCacheGIRendererFeature/ScreenResolveUpsampling.compute' with importer (ComputeShaderImporter)
Imported 'GUID: 7c302ee1d7410a6458981a5f329520b4' -> (Import Result ID: '136ce6d7763bd9bfe025e48956da542b') in 0.011 seconds [static and dynamic dependencies]. Details - ImportResultOutputID=f432d05ddfe5ee159a7197208795a3f6 DependenciesID=1f9a2b412363858ecf4a3c562cc4fb08 StaticDependenciesID=caaf2f6696ba99bd86815d24c939e2a5 
Importing 'GUID: 7cbb3655339ec401ca75ba5fe26884f4 - Path: Packages/com.unity.2d.animation/Editor/Assets/SkinningModule/SpriteEdgeOutline.shader' with importer (ShaderImporter)
Imported 'GUID: 7cbb3655339ec401ca75ba5fe26884f4' -> (Import Result ID: '30727426efa80af0bd35231d03a84ee6') in 0.024 seconds [static and dynamic dependencies]. Details - ImportResultOutputID=0b48496718b2f04c0e96fe4d41a8d156 DependenciesID=62b94413f82e8472f567f6187f12ef4a StaticDependenciesID=4f52c1df631906918e9cecc8caf93bf3 
Importing 'GUID: 7cce01e3b2c07a34b8a6cfa8dcd99d0b - Path: Packages/com.unity.render-pipelines.core/Tests/Runtime/Threading/FunctionTestsWave.compute' with importer (ComputeShaderImporter)
Imported 'GUID: 7cce01e3b2c07a34b8a6cfa8dcd99d0b' -> (Import Result ID: 'ae946fe424692500470ef4433e1e4d25') in 0.007 seconds [static and dynamic dependencies]. Details - ImportResultOutputID=96e656f618a1914b9e634ddd7f52e937 DependenciesID=6690a73edcd91f0e6804c31a228bbdaf StaticDependenciesID=64c8d63bacb11238af3c8d38f94335b5 
Importing 'GUID: 8c3bb6de0c0e7c047b65c077249507e5 - Path: Packages/com.unity.render-pipelines.universal/Shaders/2D/Mesh2D-Unlit-Default.shader' with importer (ShaderImporter)
Imported 'GUID: 8c3bb6de0c0e7c047b65c077249507e5' -> (Import Result ID: 'f895520a93d9cbf5789a4ff7e13a635f') in 0.008 seconds [static and dynamic dependencies]. Details - ImportResultOutputID=558270c6342632030fed15da5f28d515 DependenciesID=8a6a7b3c63ae1bd9d78471427a7dda90 StaticDependenciesID=bc8e472e0597e934be3ce23d976017a3 
Importing 'GUID: 8c3ee818f2efa514c889881ccb2e95a2 - Path: Packages/com.unity.render-pipelines.universal/Shaders/Utils/StencilDitherMaskSeed.shader' with importer (ShaderImporter)
Imported 'GUID: 8c3ee818f2efa514c889881ccb2e95a2' -> (Import Result ID: '624ffa44f0bea7fbcff9235d6c7d626a') in 0.009 seconds [static and dynamic dependencies]. Details - ImportResultOutputID=2ea1148df3627e4ee373b8cba8a82f91 DependenciesID=1feea5fa4945f8116c971d31528cfcec StaticDependenciesID=daf4b620001283178ee07192e8c4a8c9 
Importing 'GUID: 9c70c1a35ff15f340b38ea84842358bf - Path: Packages/com.unity.render-pipelines.universal/Shaders/PostProcessing/TemporalAA.shader' with importer (ShaderImporter)
Imported 'GUID: 9c70c1a35ff15f340b38ea84842358bf' -> (Import Result ID: 'c12a8dda77030332c401276951b05533') in 0.020 seconds [static and dynamic dependencies]. Details - ImportResultOutputID=b446968aa2193a6aa1d7434b82069c40 DependenciesID=9fd0c04391aa3f3e000cabb533b80641 StaticDependenciesID=6b2f7802adfc424a167dd0a23e0a8bba 
Importing 'GUID: 9c442dc870b456e48b615cd8add0e9ef - Path: Packages/com.unity.ugui/Editor Resources/Shaders/TMP_SDF Internal Editor.shader' with importer (ShaderImporter)
Imported 'GUID: 9c442dc870b456e48b615cd8add0e9ef' -> (Import Result ID: '61447257136a134c048ab16609e52b24') in 0.004 seconds [static and dynamic dependencies]. Details - ImportResultOutputID=217ae37ec1a2551cd23c1f2dfd06aa4a DependenciesID=8a2ebac69a7498270998200ddea5c9d3 StaticDependenciesID=44e1e3cc417c08023b5102c2d5784f16 
Importing 'GUID: ace59f7f124432f4f923bd3bfa93e0ad - Path: Packages/com.unity.render-pipelines.universal/Tests/Editor/PostProcessDataTests/2.shader' with importer (ShaderImporter)
Imported 'GUID: ace59f7f124432f4f923bd3bfa93e0ad' -> (Import Result ID: '4677f5a6e776292978ff13f144b956d1') in 0.211 seconds [static and dynamic dependencies]. Details - ImportResultOutputID=95ae2804fbcc532fd853cd456448a678 DependenciesID=eb1f649e2ee3ff56a7d577d1b831d4ee StaticDependenciesID=45b5b79185e619dc85aac29992d33a22 
Importing 'GUID: ccc7ffe6cf9c542919823f6486edde9d - Path: Packages/com.unity.render-pipelines.core/Runtime/PathTracing/Shaders/Lightmapping/ChartRasterizerHardware.shader' with importer (ShaderImporter)
Imported 'GUID: ccc7ffe6cf9c542919823f6486edde9d' -> (Import Result ID: '22b19a8e7897f7be3c0ba8adb6c21929') in 0.004 seconds [static and dynamic dependencies]. Details - ImportResultOutputID=f71b3332c4bfef92d2b25e6e3cee5616 DependenciesID=6cbd6128914fb6aa0bc9047f31bbaa9b StaticDependenciesID=f12af1ac87fbfb17cbe38352d57713f7 
Importing 'GUID: ec9fec698a3456d4fb18cf8bacb7a2bc - Path: Packages/com.unity.render-pipelines.universal/Shaders/PostProcessing/LutBuilderHdr.shader' with importer (ShaderImporter)
Imported 'GUID: ec9fec698a3456d4fb18cf8bacb7a2bc' -> (Import Result ID: '5ff5c7e8b22f0696a2af9fd5c9b7e763') in 0.010 seconds [static and dynamic dependencies]. Details - ImportResultOutputID=65569a6036f2fb1afcded16e79b0bb5b DependenciesID=a9f9be8c05ac6443b954592af1ccce14 StaticDependenciesID=30ce9e1aaef1a398bef63b78151ea75f 
Importing 'GUID: 0d0f817524897904ba47a6a1d55e7668 - Path: Packages/com.unity.render-pipelines.universal/Editor/Overrides/Shaders/CurveBackground.shader' with importer (ShaderImporter)
Imported 'GUID: 0d0f817524897904ba47a6a1d55e7668' -> (Import Result ID: '368e7469f17080a3d970d3d3342629fc') in 0.005 seconds [static and dynamic dependencies]. Details - ImportResultOutputID=a4485fdfc513c2d8036543532c1d4672 DependenciesID=72b1b4fe443b3a06911f90259a350b44 StaticDependenciesID=6e609312ad2482f049b813b8a9bd13d9 
Importing 'GUID: 2d70cd6be91bd7843a39a54b51c15b13 - Path: Packages/com.unity.render-pipelines.core/Runtime/UnifiedRayTracing/Compute/RadeonRays/kernels/build_hlbvh.compute' with importer (ComputeShaderImporter)
Imported 'GUID: 2d70cd6be91bd7843a39a54b51c15b13' -> (Import Result ID: '4d888dac5078a873df1852b2b8ea09f1') in 0.002 seconds [static and dynamic dependencies]. Details - ImportResultOutputID=f41a78ee4166f94c51472abf7e6ce8b9 DependenciesID=9572fff5c60b68cf4965b1d0fcbcb462 StaticDependenciesID=c5f1b812606adf8628065eafc1060601 
Importing 'GUID: 2df96b66b5510f94b98df2ac6f926ef4 - Path: Packages/com.unity.render-pipelines.core/Editor/Gizmo/UnlitGizmo.shader' with importer (ShaderImporter)
Imported 'GUID: 2df96b66b5510f94b98df2ac6f926ef4' -> (Import Result ID: '1f3bb3bd3025e73dcfdb409d79550048') in 0.002 seconds [static and dynamic dependencies]. Details - ImportResultOutputID=2db374aa2e2092fd3be61a41663356ea DependenciesID=2f2f935a0381d6b3e111982bb1fd8c27 StaticDependenciesID=095e2b7ef4e0619fa57cf65215d546e0 
Importing 'GUID: 3d9fc4c0ae8e22f49a8ebefad82718d9 - Path: Packages/com.unity.render-pipelines.universal/Runtime/RendererFeatures/SurfaceCacheGIRendererFeature/PatchAllocation.compute' with importer (ComputeShaderImporter)
Imported 'GUID: 3d9fc4c0ae8e22f49a8ebefad82718d9' -> (Import Result ID: 'b3fb2f5187b32b186d2386c9db002f1c') in 0.006 seconds [static and dynamic dependencies]. Details - ImportResultOutputID=4416da41b84f426e89e0e1174745c6db DependenciesID=84e3651f63e9cd692c9b81388432bc53 StaticDependenciesID=7178e3fe5a0b21f96174f06eef896844 
Importing 'GUID: 4d40202dfa5473d44bcdc97e00d74703 - Path: Packages/com.unity.render-pipelines.universal/Runtime/RendererFeatures/SurfaceCacheGIRendererFeature/Debug.compute' with importer (ComputeShaderImporter)
Imported 'GUID: 4d40202dfa5473d44bcdc97e00d74703' -> (Import Result ID: 'c8346480b1fa62dd96492b8cecfb24ff') in 0.006 seconds [static and dynamic dependencies]. Details - ImportResultOutputID=d718fa590620a6a41bd01189652eca77 DependenciesID=015b316e9905a9862577af406f6a94b5 StaticDependenciesID=b76353bee55ccfc3bdd9be9017267022 
Importing 'GUID: 4d271c06564c6784392d81f949558e5c - Path: Packages/com.unity.render-pipelines.universal/Runtime/RendererFeatures/SurfaceCacheGIRendererFeature/ScreenResolveLookup.compute' with importer (ComputeShaderImporter)
Imported 'GUID: 4d271c06564c6784392d81f949558e5c' -> (Import Result ID: '2e15ffe9ac9178612b4d0ad680f5c20f') in 0.006 seconds [static and dynamic dependencies]. Details - ImportResultOutputID=1eecefd2ebed02c08c59e343bf6f80ff DependenciesID=8345ebfb1203dcbcdb98c42b82771e5c StaticDependenciesID=20543fd6aa906dfe68eb2d7831291f29 
Importing 'GUID: 4d6d5de35fa45ef4a92119397a045cc9 - Path: Packages/com.unity.render-pipelines.core/Runtime/UnifiedRayTracing/Compute/RadeonRays/kernels/block_scan.compute' with importer (ComputeShaderImporter)
Imported 'GUID: 4d6d5de35fa45ef4a92119397a045cc9' -> (Import Result ID: '645afe5f58e1e050aaa29be21340b7e2') in 0.001 seconds [static and dynamic dependencies]. Details - ImportResultOutputID=6d722c9adf28977ee11b1861695abc97 DependenciesID=cc182479eb9843249f48d03795d14cd9 StaticDependenciesID=09616adc1072034db2c3ee0b5ab51b39 
Importing 'GUID: 8d2bb70cbf9db8d4da26e15b26e74248 - Path: Packages/com.unity.render-pipelines.universal/Shaders/SimpleLit.shader' with importer (ShaderImporter)
Imported 'GUID: 8d2bb70cbf9db8d4da26e15b26e74248' -> (Import Result ID: '9c45df5d9833e0720df2d34477853f20') in 0.050 seconds [static and dynamic dependencies]. Details - ImportResultOutputID=b6d844b1602568595a0618628033c055 DependenciesID=3e853b3278193a09ca79d93687428eb4 StaticDependenciesID=b1e181c9316202b7dd7e76fcf2a7c1dc 
Importing 'GUID: fde76746e4fd0ed418c224f6b4084114 - Path: Packages/com.unity.render-pipelines.core/Runtime/RenderPipelineResources/GPUDriven/InstanceWindDataUpdateKernels.compute' with importer (ComputeShaderImporter)
Imported 'GUID: fde76746e4fd0ed418c224f6b4084114' -> (Import Result ID: '244d000a03d3a9ff747cd977ee2f3b9a') in 0.003 seconds [static and dynamic dependencies]. Details - ImportResultOutputID=452780d8570a06521e743dad243b9139 DependenciesID=097a863eb532b84c46b05f697ed36ce0 StaticDependenciesID=aeb6b29717e07a05309d82353f0dd6a7 
Importing 'GUID: 0e79c0fbcc6ffc642834ff60779ad086 - Path: Packages/com.unity.render-pipelines.universal/Shaders/Utils/GTAO.compute' with importer (ComputeShaderImporter)
Imported 'GUID: 0e79c0fbcc6ffc642834ff60779ad086' -> (Import Result ID: '0eb16e307c22ea754f43e7c13082ec69') in 0.009 seconds [static and dynamic dependencies]. Details - ImportResultOutputID=42511c3e70b84f4ce1740401a8bf4d13 DependenciesID=e88a874d8377806b7de2fe6cfe18cacb StaticDependenciesID=8593d238f98dec3e55a0a8eef3330fca 
Importing 'GUID: 1edcd131364091c46a17cbff0b1de97a - Path: Packages/com.unity.render-pipelines.universal/Shaders/PostProcessing/CameraMotionBlur.shader' with importer (ShaderImporter)
Imported 'GUID: 1edcd131364091c46a17cbff0b1de97a' -> (Import Result ID: '0603a560b42777525214d26bfbc9bd75') in 0.021 seconds [static and dynamic dependencies]. Details - ImportResultOutputID=ebc214adaa3c550684c199326f3ff61d DependenciesID=3a9402094c472cd87502b49f4eac245c StaticDependenciesID=ea1dc7b5ff3975de59694f60e979fecf 
Importing 'GUID: 4e90a8289da1f3943885176e4f83e35c - Path: Packages/com.unity.render-pipelines.universal/Shaders/2D/Mesh2D-Lit-Default.shader' with importer (ShaderImporter)
Imported 'GUID: 4e90a8289da1f3943885176e4f83e35c' -> (Import Result ID: 'daef806f51f23644e6fe424f7c20cc05') in 0.013 seconds [static and dynamic dependencies]. Details - ImportResultOutputID=f0fbecfcbb313dc6dc725fc2c30b6960 DependenciesID=aff2a22cc3bab38fcff2e3c2dee88bdf StaticDependenciesID=e02620ab6d384e65b9d3c0c60063cb1e 
Importing 'GUID: 4e034cc8ea2635c4e9f063e5ddc7ea7a - Path: Packages/com.unity.render-pipelines.core/Runtime/UnifiedRayTracing/Compute/RadeonRays/kernels/block_reduce_part.compute' with importer (ComputeShaderImporter)
Imported 'GUID: 4e034cc8ea2635c4e9f063e5ddc7ea7a' -> (Import Result ID: '19efd61b131414be69af47f35219fc58') in 0.001 seconds [static and dynamic dependencies]. Details - ImportResultOutputID=690a3829a3234c6a12ea431bafd827d7 DependenciesID=22801d17645675bc990cea90e683e9fb StaticDependenciesID=61ecada1b20f58ebd00621b832042dde 
Importing 'GUID: 5e7134d6e63e0bc47a1dd2669cedb379 - Path: Packages/com.unity.render-pipelines.universal/Shaders/PostProcessing/GaussianDepthOfField.shader' with importer (ShaderImporter)
Imported 'GUID: 5e7134d6e63e0bc47a1dd2669cedb379' -> (Import Result ID: 'ba5774472e7db5ee5eba4bb559c1f5d9') in 0.018 seconds [static and dynamic dependencies]. Details - ImportResultOutputID=39ff681935bb889c8d8264545a88019c DependenciesID=087dc7f9cb01af4e255421eacd244528 StaticDependenciesID=6e15655e31fcc1b2caa8582b5dab0e0f 
Importing 'GUID: 5ec81c81908db34429b4f6ddecadd3bd - Path: Packages/com.unity.render-pipelines.universal/Shaders/Nature/SpeedTree7Billboard.shader' with importer (ShaderImporter)
Imported 'GUID: 5ec81c81908db34429b4f6ddecadd3bd' -> (Import Result ID: '9dec1c2e45ac38f726a9e2cb2ec6b335') in 0.045 seconds [static and dynamic dependencies]. Details - ImportResultOutputID=770dad9eb726a71256072bde7e3e1c73 DependenciesID=4274554c470238e571f4b6a1365ef4db StaticDependenciesID=122c89f3cdeb17319dc86cd8663de8c2 
Importing 'GUID: 5efaea0e81c66334aa9d062d6573e6fd - Path: Packages/com.unity.render-pipelines.core/Runtime/PathTracing/Shaders/SetAlphaChannel.compute' with importer (ComputeShaderImporter)
Imported 'GUID: 5efaea0e81c66334aa9d062d6573e6fd' -> (Import Result ID: '7b153515a7ae6e58418695099f437240') in 0.002 seconds [static and dynamic dependencies]. Details - ImportResultOutputID=fa54938b3c053714b50303cda20537ac DependenciesID=517954571661bf48e4eeee2baa26248f StaticDependenciesID=5b53db9a619358277c49aed05ab57907 
Importing 'GUID: 5e4da360906ed014eb18ce666f57cc46 - Path: Packages/com.unity.render-pipelines.core/Runtime/PathTracing/Shaders/PassthroughSkybox.shader' with importer (ShaderImporter)
Imported 'GUID: 5e4da360906ed014eb18ce666f57cc46' -> (Import Result ID: 'bd71999ef731d949b933901fd946b73f') in 0.004 seconds [static and dynamic dependencies]. Details - ImportResultOutputID=152fe685fed406ed1189906d994ccc92 DependenciesID=c87663fd426e453d9ecb28d038abef72 StaticDependenciesID=80fc557b946b9531a1c535652d911885 
Importing 'GUID: bedd19944f451ba4d83e7ed69be98d5c - Path: Packages/com.unity.2d.animation/Editor/Assets/SkinningModule/SkinningModule-GUITextureClip.shader' with importer (ShaderImporter)
Imported 'GUID: bedd19944f451ba4d83e7ed69be98d5c' -> (Import Result ID: '37b294eceae9d613ab4e53fc6c38d1a3') in 0.021 seconds [static and dynamic dependencies]. Details - ImportResultOutputID=9a6fa9ca2ef60810cf05095dcedeab96 DependenciesID=c6946562121447753377298b897219e2 StaticDependenciesID=e49b24ec7ebe00dfe21a9ff19e46c0bc 
Importing 'GUID: ce09d4a80b88c5a4eb9768fab4f1ee00 - Path: Packages/com.unity.render-pipelines.universal/Shaders/2D/Shadow2D-Projected.shader' with importer (ShaderImporter)
Imported 'GUID: ce09d4a80b88c5a4eb9768fab4f1ee00' -> (Import Result ID: '377ed800151a5b6f87a4a9dd17f0580a') in 0.013 seconds [static and dynamic dependencies]. Details - ImportResultOutputID=fe97af186a89665e4d9111594f9a862b DependenciesID=bc7e4592b23c9a13e44b8d085465c4b0 StaticDependenciesID=4492ee9cc12fc541ce27ebf8d448cbc0 
Importing 'GUID: de02b375720b5c445afe83cd483bedf3 - Path: Packages/com.unity.render-pipelines.universal/Shaders/2D/Shadow2D-Unshadow-Sprite.shader' with importer (ShaderImporter)
Imported 'GUID: de02b375720b5c445afe83cd483bedf3' -> (Import Result ID: 'f8730749fb5026f6313ccdde1a5f4c5b') in 0.011 seconds [static and dynamic dependencies]. Details - ImportResultOutputID=dd78ab776a5aeb65274b91d13f4ce91b DependenciesID=c7998c7a0df143f1d611a61f9ee5ec45 StaticDependenciesID=530146817915a9dd2c07d96080b9afc5 
Importing 'GUID: ee7e4c9a5f6364b688a332c67fc32cca - Path: Packages/com.unity.render-pipelines.universal/Shaders/ComplexLit.shader' with importer (ShaderImporter)
Imported 'GUID: ee7e4c9a5f6364b688a332c67fc32cca' -> (Import Result ID: '983b87b95f0058b580697b183cbedde7') in 0.048 seconds [static and dynamic dependencies]. Details - ImportResultOutputID=773da8c5970b7be9067c21f9b96d12c4 DependenciesID=47f93dd870f6f0806303cdca7a595897 StaticDependenciesID=84c88d490226a0ac5632d013cfa26f14 
Importing 'GUID: fe4f13c1004a07d4ea1e30bfd0326d9e - Path: Packages/com.unity.render-pipelines.universal/Runtime/RendererFeatures/OnTileUberPost.shader' with importer (ShaderImporter)
Imported 'GUID: fe4f13c1004a07d4ea1e30bfd0326d9e' -> (Import Result ID: 'c90880f7b35c08eb96709eb5c5284b00') in 0.034 seconds [static and dynamic dependencies]. Details - ImportResultOutputID=aef6c4506eacc192b8fc03156da05c18 DependenciesID=01fcc7d62c334cb2a89837250b96d764 StaticDependenciesID=38aa785d97c943327ef9f6d814852fd5 
Importing 'GUID: 0f4122b9a743b744abe2fb6a0a88868b - Path: Packages/com.unity.render-pipelines.universal/Shaders/Nature/SpeedTree7.shader' with importer (ShaderImporter)
Shader 'Universal Render Pipeline/Nature/SpeedTree7': dependency 'BillboardShader' shader 'Universal Render Pipeline/Nature/SpeedTree7 Billboard' not found
Shader 'Universal Render Pipeline/Nature/SpeedTree7': dependency 'BillboardShader' shader 'Universal Render Pipeline/Nature/SpeedTree7 Billboard' not found
Imported 'GUID: 0f4122b9a743b744abe2fb6a0a88868b' -> (Import Result ID: '3b9ce6c5c82c94e3a93e6cc4e1dd5071') in 0.050 seconds [static and dynamic dependencies]. Details - ImportResultOutputID=3c8bce4c566f1dcaee61b6c6567722b1 DependenciesID=385c4c1a5f4502f4633e31e2891198fd StaticDependenciesID=df6455e7c1940810cb50c95a61a1b1aa 
Shader 'Universal Render Pipeline/Nature/SpeedTree7': dependency 'BillboardShader' shader 'Universal Render Pipeline/Nature/SpeedTree7 Billboard' not found
Importing 'GUID: 0f854b35a0cf61a429bd5dcfea30eddd - Path: Packages/com.unity.render-pipelines.universal/Shaders/Utils/ScreenSpaceShadows.shader' with importer (ShaderImporter)
Imported 'GUID: 0f854b35a0cf61a429bd5dcfea30eddd' -> (Import Result ID: '5b94e42b2c0556966a96211f306b01a6') in 0.011 seconds [static and dynamic dependencies]. Details - ImportResultOutputID=c676fb554562c55f81099e8091c6d801 DependenciesID=7829928ffb377f06ef1ef6dbb5884bae StaticDependenciesID=318539a9cc841fe39493635da601e809 
Importing 'GUID: 3f6c848ca3d7bca4bbe846546ac701a1 - Path: Packages/com.unity.render-pipelines.universal/Shaders/2D/Light2D.shader' with importer (ShaderImporter)
Imported 'GUID: 3f6c848ca3d7bca4bbe846546ac701a1' -> (Import Result ID: '1db67afe1998a5908e8be157dfec6c2f') in 0.014 seconds [static and dynamic dependencies]. Details - ImportResultOutputID=1d9395fe69784b89d05aec184ccff5da DependenciesID=08033409d0d03ef31f74e19c2bb44fd8 StaticDependenciesID=d880abda643c5e4de02ca26545bd41c4 
Importing 'GUID: 5f1864addb451f54bae8c86d230f736e - Path: Packages/com.unity.render-pipelines.universal/Shaders/PostProcessing/Bloom.shader' with importer (ShaderImporter)
Imported 'GUID: 5f1864addb451f54bae8c86d230f736e' -> (Import Result ID: '1f4c9ec9a48c081f67777f6bc27a7d99') in 0.041 seconds [static and dynamic dependencies]. Details - ImportResultOutputID=71b522a0b0d460714fa338698e785f66 DependenciesID=1e32be3a9ba35f14b3101ee8b45a8524 StaticDependenciesID=de0fbdb54716c282165ad24e6cb6c0e6 
Importing 'GUID: 5fd9a8feb75a4b5894c241777f519d4e - Path: Packages/com.unity.render-pipelines.universal/Shaders/Utils/MaterialError.shader' with importer (ShaderImporter)
Imported 'GUID: 5fd9a8feb75a4b5894c241777f519d4e' -> (Import Result ID: 'fcd2eb494a3dd9d0140438c3384992af') in 0.008 seconds [static and dynamic dependencies]. Details - ImportResultOutputID=2cc6c0f4995a95887b3c466d233a1122 DependenciesID=4aee5c2c6dc8b0e5620dbbfd1783d85e StaticDependenciesID=976e4900f33b4dfd9485c74a2253c905 
Importing 'GUID: 7f888aff2ac86494babad1c2c5daeee2 - Path: Packages/com.unity.render-pipelines.universal/Shaders/Utils/FallbackLoading.shader' with importer (ShaderImporter)
Imported 'GUID: 7f888aff2ac86494babad1c2c5daeee2' -> (Import Result ID: 'db20b5caa22ea5ac86e4e7336ec64a4c') in 0.008 seconds [static and dynamic dependencies]. Details - ImportResultOutputID=41944d25723d623d0a5f9ea9f8f88175 DependenciesID=46f91b1c59400f3b27005881aa3193a0 StaticDependenciesID=3110efd0a7bad11963d0e6936a91b1b2 
Importing 'GUID: 8fbe92a9edfe6074e841d6dd1509bc59 - Path: Packages/com.unity.render-pipelines.universal/Shaders/Terrain/TerrainLitBasemapGen.shader' with importer (ShaderImporter)
Imported 'GUID: 8fbe92a9edfe6074e841d6dd1509bc59' -> (Import Result ID: '548ede0c10823eaf7d45ff99391ae40e') in 0.020 seconds [static and dynamic dependencies]. Details - ImportResultOutputID=b2d95acd1197cbbce48835017e7d2673 DependenciesID=411aac65a0f956c54896be0bd7fda33e StaticDependenciesID=b308d40846e37231409ba54ca86d1ba0 
Importing 'GUID: bf54e6528c79a224e96346799064c393 - Path: Packages/com.unity.render-pipelines.core/Runtime/Debug/ProbeVolumeSamplingDebug.shader' with importer (ShaderImporter)
Imported 'GUID: bf54e6528c79a224e96346799064c393' -> (Import Result ID: 'eb8bc9406f87166946cf18e3aa715870') in 0.010 seconds [static and dynamic dependencies]. Details - ImportResultOutputID=44f35f853042331fd811f042500349b1 DependenciesID=019a5cbf0e26734ef188956fb28e68e9 StaticDependenciesID=a524b584dbf69e5b9a32912df26af13a 
Importing 'GUID: cf852408f2e174538bcd9b7fda1c5ae7 - Path: Packages/com.unity.render-pipelines.universal/Shaders/Debug/DebugReplacement.shader' with importer (ShaderImporter)
Imported 'GUID: cf852408f2e174538bcd9b7fda1c5ae7' -> (Import Result ID: 'f7628cdd54a556ceb49564bd7040d1ae') in 0.017 seconds [static and dynamic dependencies]. Details - ImportResultOutputID=5daf40062f33517832563ed0670d34e1 DependenciesID=ffe3a13cc76fc2cd0b33b2ee4dfbc41e StaticDependenciesID=c6922ac31b7c3dd1b0aa94243b4399f2 
Importing 'GUID: 1062c701058745940ae5dca6219c64c8 - Path: Packages/com.unity.searcher/Editor/Resources/FlatSkin/Font/Roboto-Black.ttf' with importer (TrueTypeFontImporter)
Imported 'GUID: 1062c701058745940ae5dca6219c64c8' -> (Import Result ID: '3024271bd06f64f79982fd270defa2c6') in 0.009 seconds [static and dynamic dependencies]. Details - ImportResultOutputID=6c5f2f8d051a56917d17a2c094feb98a DependenciesID=d07b59934fc53a56e1c9d8bb2feb2651 StaticDependenciesID=e2ee45bc9bda40848d894b5d925d8fb9 
Importing 'GUID: 30dc370b164eefc43b95744fc796dad0 - Path: Packages/com.unity.searcher/Editor/Resources/FlatSkin/Font/Roboto-Regular.ttf' with importer (TrueTypeFontImporter)
Imported 'GUID: 30dc370b164eefc43b95744fc796dad0' -> (Import Result ID: '5a021e37f4025faa743a998554105a68') in 0.002 seconds [static and dynamic dependencies]. Details - ImportResultOutputID=cb41f0a0caebaa2bc709a05c9002939a DependenciesID=53674867c28070d8dc1ac163e84b4e60 StaticDependenciesID=0fd19dd781a863feb1d43c38a03c03b7 
Importing 'GUID: 9229ae5dbc38f488d921156ff75869e9 - Path: Packages/com.unity.collab-proxy/Editor/Assets/Fonts/Cascadia.ttf' with importer (TrueTypeFontImporter)
Imported 'GUID: 9229ae5dbc38f488d921156ff75869e9' -> (Import Result ID: '3bf770ef6ab02f2def8a170ff75ccf1b') in 0.001 seconds [static and dynamic dependencies]. Details - ImportResultOutputID=37d03ac50ef87111ff4ee54ac54294c7 DependenciesID=063cfb470bb9b93c537f973ca7d1fa9b StaticDependenciesID=cc9ce94a1164c144a8252bc1800805ff 
Importing 'GUID: b2ea3b3f1765e544b9eb5bd1a93a91ce - Path: Packages/com.unity.searcher/Editor/Resources/FlatSkin/Font/Roboto-ThinItalic.ttf' with importer (TrueTypeFontImporter)
Imported 'GUID: b2ea3b3f1765e544b9eb5bd1a93a91ce' -> (Import Result ID: '81a73a7a80c6957ca4301fe86395509f') in 0.001 seconds [static and dynamic dependencies]. Details - ImportResultOutputID=dc101a310053b17728356c69538b3ee7 DependenciesID=3233a759993f6235fe3fc672c0291b21 StaticDependenciesID=6ac72b2ae289ee9d0cc264d84a9b476e 
Importing 'GUID: a51a3aebb43ac044989270407476b208 - Path: Packages/com.unity.searcher/Editor/Resources/FlatSkin/Font/Roboto-Medium.ttf' with importer (TrueTypeFontImporter)
Imported 'GUID: a51a3aebb43ac044989270407476b208' -> (Import Result ID: '130b46e1c792fe691e9b23bd6b5db5cd') in 0.001 seconds [static and dynamic dependencies]. Details - ImportResultOutputID=4b1784ac640f364c05602fbce9d05eeb DependenciesID=e1ad44ed32848ea98a7c58a813d21c9f StaticDependenciesID=6957315c8c97bb873c907db8e06905d2 
Importing 'GUID: 3750c318f40cab44a97d3a81beaefeb3 - Path: Packages/com.unity.searcher/Editor/Resources/FlatSkin/Font/Roboto-Bold.ttf' with importer (TrueTypeFontImporter)
Imported 'GUID: 3750c318f40cab44a97d3a81beaefeb3' -> (Import Result ID: '667763b164cb954aa24948e92f5c9cd0') in 0.001 seconds [static and dynamic dependencies]. Details - ImportResultOutputID=0c2e63df4e1cf94bb38dac6fd01c5ad6 DependenciesID=50194de3bbc4fe4a3f5462e552176b5c StaticDependenciesID=9bb3d539eef24e8b0dd3cbf283efc462 
Importing 'GUID: c839255fc8f6b4b4d90bf8c1af9f9bd1 - Path: Packages/com.unity.searcher/Editor/Resources/FlatSkin/Font/Roboto-Italic.ttf' with importer (TrueTypeFontImporter)
Imported 'GUID: c839255fc8f6b4b4d90bf8c1af9f9bd1' -> (Import Result ID: 'd04e1042cc7d81dcb4b06242bb10dd86') in 0.001 seconds [static and dynamic dependencies]. Details - ImportResultOutputID=4ee813e456971732412b51605848169d DependenciesID=6d9919c4d0811cd08a64dfe97f8a7a76 StaticDependenciesID=7d0701264bdfa847d1c516a465d5e94b 
Importing 'GUID: 19a9abb883540be48b75b951a927ae03 - Path: Packages/com.unity.searcher/Editor/Resources/FlatSkin/Font/Roboto-Thin.ttf' with importer (TrueTypeFontImporter)
Imported 'GUID: 19a9abb883540be48b75b951a927ae03' -> (Import Result ID: '0d1c2fd94aaec8bcca7dce7f51515966') in 0.001 seconds [static and dynamic dependencies]. Details - ImportResultOutputID=cbd563118f34518f98a0b145d0d17700 DependenciesID=51d0a2e55b5d81785750bb10af8704f0 StaticDependenciesID=120c69c735606fd062d8aabd1d87c7b1 
Importing 'GUID: d93c1bc57fdf1ac4dad1bf04fac05464 - Path: Packages/com.unity.searcher/Editor/Resources/FlatSkin/Font/Roboto-MediumItalic.ttf' with importer (TrueTypeFontImporter)
Imported 'GUID: d93c1bc57fdf1ac4dad1bf04fac05464' -> (Import Result ID: '533d839aa472f8770b05a12f9181b014') in 0.001 seconds [static and dynamic dependencies]. Details - ImportResultOutputID=d4764e9015e234e80959fd33f4a72d38 DependenciesID=e5b271618042a6ab06877945e44165f7 StaticDependenciesID=420044756eb173f6c2b4c23a6fefdeb5 
Importing 'GUID: f95147a9bab9fe649b8070170fa7ebd2 - Path: Packages/com.unity.searcher/Editor/Resources/FlatSkin/Font/Roboto-BlackItalic.ttf' with importer (TrueTypeFontImporter)
Imported 'GUID: f95147a9bab9fe649b8070170fa7ebd2' -> (Import Result ID: '8f78c0cafd7b197663680e126389d22c') in 0.001 seconds [static and dynamic dependencies]. Details - ImportResultOutputID=da903951388578b1dc441942c735ad72 DependenciesID=19e88c80f8721e9604fd247ee813b79f StaticDependenciesID=ee088453025ff54ae6b73b4b49c3df68 
Importing 'GUID: 2a29e27936eb547458f646f71125b264 - Path: Packages/com.unity.searcher/Editor/Resources/FlatSkin/Font/Roboto-Light.ttf' with importer (TrueTypeFontImporter)
Imported 'GUID: 2a29e27936eb547458f646f71125b264' -> (Import Result ID: '066782b23d2049e83b732fdd08c702cf') in 0.001 seconds [static and dynamic dependencies]. Details - ImportResultOutputID=fbbee475919708bc162d6a02672a73c8 DependenciesID=5af2509fa44595be61f2d2a46cc91567 StaticDependenciesID=8161905d774a5baf9244ac79bcd2f861 
Importing 'GUID: 5e63515167650a541b309ba3bfd4db3d - Path: Packages/com.unity.searcher/Editor/Resources/FlatSkin/Font/Roboto-LightItalic.ttf' with importer (TrueTypeFontImporter)
Imported 'GUID: 5e63515167650a541b309ba3bfd4db3d' -> (Import Result ID: 'fe66cb4a5fe14ccc9cee7658ee4db443') in 0.001 seconds [static and dynamic dependencies]. Details - ImportResultOutputID=919810d1d0688f436a1ee6290cf2446a DependenciesID=4574abac27ea13303bd424888a35b51c StaticDependenciesID=0be1cea8d712457d76d80cde6276d8f1 
Importing 'GUID: dfb97a9307a577a41bcacba34b9a7e32 - Path: Packages/com.unity.searcher/Editor/Resources/FlatSkin/Font/Roboto-BoldItalic.ttf' with importer (TrueTypeFontImporter)
Imported 'GUID: dfb97a9307a577a41bcacba34b9a7e32' -> (Import Result ID: 'db2f1e58c86728dc62c363cd02bda0b5') in 0.001 seconds [static and dynamic dependencies]. Details - ImportResultOutputID=71c1e5eaa968da31a4963ec4d53edb41 DependenciesID=bd9e94171b626fec517039d7151c3821 StaticDependenciesID=d222af8e5c5ca40e47a66fd9819b7ba0 
Importing 'GUID: e1ea40df0c5f7d14a96e0bac1ae79489 - Path: Packages/com.unity.shadergraph/GraphTemplates/Subgraphs/Particle Distortion.shadersubgraph' with importer (ScriptedImporter : Unity.ShaderGraph.Editor:UnityEditor.ShaderGraph:ShaderSubGraphImporter)
Worker ready: AssetImportWorkerHW0 0
Imported 'GUID: e1ea40df0c5f7d14a96e0bac1ae79489' -> (Import Result ID: 'c5e5b48c3dde8024c1076004f5529884') in 0.202 seconds [static and dynamic dependencies]. Details - ImportResultOutputID=e90aea803c02cd97d63cd840741829d5 DependenciesID=fa16e5c69b569fda57c29b32ef383e11 StaticDependenciesID=32e01f0f216411b52dab336a0694a38a 
Importing 'GUID: 73f7a6a1a6335484ba02a0b8f80fe10c - Path: Packages/com.unity.shadergraph/GraphTemplates/Subgraphs/Particle Vertex Color.shadersubgraph' with importer (ScriptedImporter : Unity.ShaderGraph.Editor:UnityEditor.ShaderGraph:ShaderSubGraphImporter)
Imported 'GUID: 73f7a6a1a6335484ba02a0b8f80fe10c' -> (Import Result ID: '6e773b31872b0f6ecac342a235813776') in 0.008 seconds [static and dynamic dependencies]. Details - ImportResultOutputID=7fdf8b0f3271b475b615e16e25ed248f DependenciesID=3e6ee3379081f546c586083165b4af8f StaticDependenciesID=95d976a77f14ef013d37a104a2940576 
Importing 'GUID: ea87914f38f4183408f6ec6cb547ed94 - Path: Packages/com.unity.shadergraph/GraphTemplates/Subgraphs/ParticleFlipbookBlending_legacy.shadersubgraph' with importer (ScriptedImporter : Unity.ShaderGraph.Editor:UnityEditor.ShaderGraph:ShaderSubGraphImporter)
Imported 'GUID: ea87914f38f4183408f6ec6cb547ed94' -> (Import Result ID: 'a3948f050bf1b1f1d7a8452f1f82d07d') in 0.017 seconds [static and dynamic dependencies]. Details - ImportResultOutputID=5896b6ff2e80c92cdebc5c0072b182c8 DependenciesID=8b2e29b0d5f9f7622074a212cc684333 StaticDependenciesID=0f01d40a134d88560d367167e4c0e0aa 
Importing 'GUID: 6e5f9c53c3be7aa4c9119a496d540913 - Path: Packages/com.unity.shadergraph/GraphTemplates/Subgraphs/ParticleFlipbookBlending.shadersubgraph' with importer (ScriptedImporter : Unity.ShaderGraph.Editor:UnityEditor.ShaderGraph:ShaderSubGraphImporter)
Imported 'GUID: 6e5f9c53c3be7aa4c9119a496d540913' -> (Import Result ID: 'ae044ecf9671369c29ce4fde8fc1426b') in 0.285 seconds [static and dynamic dependencies]. Details - ImportResultOutputID=72b78e500a7cc7b27777cbceff182dd1 DependenciesID=3f75d77ad1eab819a0ffbf8590150186 StaticDependenciesID=87518873b403667a602fe6402f1057c7 
Importing 'GUID: 2019d78ad3d1c5c4a8d309a857ca449f - Path: Packages/com.unity.shadergraph/GraphTemplates/BuiltIn/BuiltIn Lit Basic.shadergraph' with importer (ScriptedImporter : Unity.ShaderGraph.Editor:UnityEditor.ShaderGraph:ShaderGraphImporter)
Imported 'GUID: 2019d78ad3d1c5c4a8d309a857ca449f' -> (Import Result ID: 'd7b3978c33e7dec9623683cf04a4cb38') in 0.370 seconds [static and dynamic dependencies]. Details - ImportResultOutputID=d11b24775274c59245f86dba39ff24ef DependenciesID=0a63024e567283f23ce25524a2ee38c9 StaticDependenciesID=76fdc3816458813a52530f0382844c3d 
Importing 'GUID: 30fa68ce467463643a86b839ca0eb195 - Path: Packages/com.unity.render-pipelines.universal/Runtime/Materials/ArnoldStandardSurface/ArnoldStandardSurfaceTransparent.shadergraph' with importer (ScriptedImporter : Unity.ShaderGraph.Editor:UnityEditor.ShaderGraph:ShaderGraphImporter)
Imported 'GUID: 30fa68ce467463643a86b839ca0eb195' -> (Import Result ID: '84d49a719aed87044589c205345b87a5') in 0.139 seconds [static and dynamic dependencies]. Details - ImportResultOutputID=c53abaf518866ca6fc5c48fff5cb72eb DependenciesID=99381edb222ddd8c829bdd32ac389a0c StaticDependenciesID=af5b80e704ac285fea28663e21888f22 
Importing 'GUID: 80aa867ac363ac043847b06ad71604cd - Path: Packages/com.unity.render-pipelines.universal/Shaders/AutodeskInteractive/AutodeskInteractiveMasked.shadergraph' with importer (ScriptedImporter : Unity.ShaderGraph.Editor:UnityEditor.ShaderGraph:ShaderGraphImporter)
Imported 'GUID: 80aa867ac363ac043847b06ad71604cd' -> (Import Result ID: '7df160067827d340a49429bb28b5ac2c') in 0.120 seconds [static and dynamic dependencies]. Details - ImportResultOutputID=56c36ab0de66407e7555711e2b0b93ed DependenciesID=ebb9feff1e42eeb1b3cd101bb81b6486 StaticDependenciesID=bac745bd408480f362ca81641423b31e 
Importing 'GUID: a2407126e3372f64cacb75ed466a5621 - Path: Packages/com.unity.shadergraph/GraphTemplates/Cross Pipeline/0_Lit Basic.shadergraph' with importer (ScriptedImporter : Unity.ShaderGraph.Editor:UnityEditor.ShaderGraph:ShaderGraphImporter)
Imported 'GUID: a2407126e3372f64cacb75ed466a5621' -> (Import Result ID: '901ff4cfe994172f29105b46481ec963') in 0.104 seconds [static and dynamic dependencies]. Details - ImportResultOutputID=6eceafd2fafc02e38b0324f61c32b9b1 DependenciesID=42d3878eca2a1508d9708ba2a9c1d18b StaticDependenciesID=536cfd781cd991dd821a78729f222cd9 
Importing 'GUID: 2476a2d151e824143af40dce1fc93a12 - Path: Packages/com.unity.shadergraph/GraphTemplates/Cross Pipeline/Unlit Simple.shadergraph' with importer (ScriptedImporter : Unity.ShaderGraph.Editor:UnityEditor.ShaderGraph:ShaderGraphImporter)
Imported 'GUID: 2476a2d151e824143af40dce1fc93a12' -> (Import Result ID: 'd1d186974a2d32a47e23554aee352dde') in 0.076 seconds [static and dynamic dependencies]. Details - ImportResultOutputID=f31ca2c631a2c02c67a7084825889db5 DependenciesID=23c88f8747ace7c64012ddbce568976c StaticDependenciesID=3fbb087469239fda3cec204b31ed2f51 
Importing 'GUID: 24a73dccd7b6fad4798be282f96a21f4 - Path: Packages/com.unity.render-pipelines.universal/Shaders/2D/VFXSpriteLit.shadergraph' with importer (ScriptedImporter : Unity.ShaderGraph.Editor:UnityEditor.ShaderGraph:ShaderGraphImporter)
Imported 'GUID: 24a73dccd7b6fad4798be282f96a21f4' -> (Import Result ID: '2647477adc797b8c820bfc640bcfd9d5') in 0.069 seconds [static and dynamic dependencies]. Details - ImportResultOutputID=396f24491c0ca60e27fff9a6d7e60d1a DependenciesID=c128283e1fff57018ad440352f571cf9 StaticDependenciesID=48601dd25c295c599b16c215f2ecbe86 
Importing 'GUID: 44245ab89240f51459a5077d7145c452 - Path: Packages/com.unity.render-pipelines.universal/Runtime/Materials/PhysicalMaterial3DsMax/PhysicalMaterial3DsMax.shadergraph' with importer (ScriptedImporter : Unity.ShaderGraph.Editor:UnityEditor.ShaderGraph:ShaderGraphImporter)
Imported 'GUID: 44245ab89240f51459a5077d7145c452' -> (Import Result ID: 'f0d2873b185ab64c6a6d61104e9f789e') in 0.112 seconds [static and dynamic dependencies]. Details - ImportResultOutputID=dce0e6f7201281d0d5f9889dfb7db0f4 DependenciesID=c58ccaa442b666d7ed29c0ea16cd9042 StaticDependenciesID=42a796c37d22efb8ea0fced7f1244364 
Importing 'GUID: 25a0ebb4827f3cc47a1af2c79005f65b - Path: Packages/com.unity.render-pipelines.universal/Editor/ShaderGraph/GraphTemplates/2D/1_2D Sprite Unlit.shadergraph' with importer (ScriptedImporter : Unity.ShaderGraph.Editor:UnityEditor.ShaderGraph:ShaderGraphImporter)
Imported 'GUID: 25a0ebb4827f3cc47a1af2c79005f65b' -> (Import Result ID: '2ee15d9efb33b262f55642c5f29add7c') in 0.058 seconds [static and dynamic dependencies]. Details - ImportResultOutputID=f531feee0678c3aba1c25c73ce8d72cf DependenciesID=ab1177013be83ccf9b9f3a7992c3dd8e StaticDependenciesID=c889c3ad91e733374ee6e5c29c47d518 
Importing 'GUID: 9618d41bb71f74048bb6cace8785b93d - Path: Packages/com.unity.shadergraph/GraphTemplates/BuiltIn/BuiltIn Unlit Basic.shadergraph' with importer (ScriptedImporter : Unity.ShaderGraph.Editor:UnityEditor.ShaderGraph:ShaderGraphImporter)
Imported 'GUID: 9618d41bb71f74048bb6cace8785b93d' -> (Import Result ID: '45db1702fa5783cf513c14117e316db5') in 0.180 seconds [static and dynamic dependencies]. Details - ImportResultOutputID=0e46fd628f973c44871370d705c46dc9 DependenciesID=446167877e164591e35062b41dfdaeb7 StaticDependenciesID=f197a877168823dabcbbc06588733feb 
Importing 'GUID: a680d9a9f8b66514abbfd3ae1c8f77f7 - Path: Packages/com.unity.shadergraph/GraphTemplates/Cross Pipeline/2_Particle Lit.shadergraph' with importer (ScriptedImporter : Unity.ShaderGraph.Editor:UnityEditor.ShaderGraph:ShaderGraphImporter)
Imported 'GUID: a680d9a9f8b66514abbfd3ae1c8f77f7' -> (Import Result ID: '4ddb625bba294438c5d4745138efb88e') in 0.108 seconds [static and dynamic dependencies]. Details - ImportResultOutputID=a20167b20ba733b316ba90ed090dcb66 DependenciesID=63c0eb620b0b29253e83bcf8d097159e StaticDependenciesID=797229ab3c79c3bd21487d5e550156ed 
Importing 'GUID: 0738648e2f2f84b489a2f0076b69e30a - Path: Packages/com.unity.render-pipelines.universal/Editor/ShaderGraph/GraphTemplates/UITKBasicTemplate.shadergraph' with importer (ScriptedImporter : Unity.ShaderGraph.Editor:UnityEditor.ShaderGraph:ShaderGraphImporter)
Imported 'GUID: 0738648e2f2f84b489a2f0076b69e30a' -> (Import Result ID: '6fbecfd3cf371eb5827c96d542ef6bfe') in 0.057 seconds [static and dynamic dependencies]. Details - ImportResultOutputID=a9a55386423b12354f6a2bd90f12c123 DependenciesID=5db7fcf206f65fb957a081c0e7887198 StaticDependenciesID=f57391f59252c3c660874c1a2e92767a 
Importing 'GUID: 1716ff8c1e51af14280cc97fbcba3b11 - Path: Packages/com.unity.shadergraph/GraphTemplates/Cross Pipeline/1_Decal Material Volume.shadergraph' with importer (ScriptedImporter : Unity.ShaderGraph.Editor:UnityEditor.ShaderGraph:ShaderGraphImporter)
Imported 'GUID: 1716ff8c1e51af14280cc97fbcba3b11' -> (Import Result ID: 'f038915c16c4f4d2a5b8ca72c9a63977') in 0.112 seconds [static and dynamic dependencies]. Details - ImportResultOutputID=bda984b48551d28decd1aeb3715539c8 DependenciesID=2d613731bb8fe60be1e32b71e852d3c7 StaticDependenciesID=e8d641af8b6dcad8fa8e3485043e713b 
Importing 'GUID: 3739e562a03fc0b4982d8aa66cc50865 - Path: Packages/com.unity.render-pipelines.universal/Runtime/Materials/ArnoldStandardSurface/ArnoldStandardSurface.shadergraph' with importer (ScriptedImporter : Unity.ShaderGraph.Editor:UnityEditor.ShaderGraph:ShaderGraphImporter)
Imported 'GUID: 3739e562a03fc0b4982d8aa66cc50865' -> (Import Result ID: '01668beee2b1a1d7418b42f8b4c4b918') in 0.104 seconds [static and dynamic dependencies]. Details - ImportResultOutputID=ea22dd70f578d558088f59ed1a24210e DependenciesID=0de9abc209bcd9298ebbf30a855c3a4e StaticDependenciesID=0b3166c9b45f71c11d8691c47bb12cca 
Importing 'GUID: d7288f66e4fb0634c9afef98c31b722a - Path: Packages/com.unity.render-pipelines.universal/Shaders/2D/VFXSpriteUnlit.shadergraph' with importer (ScriptedImporter : Unity.ShaderGraph.Editor:UnityEditor.ShaderGraph:ShaderGraphImporter)
Imported 'GUID: d7288f66e4fb0634c9afef98c31b722a' -> (Import Result ID: '1a0059ed2b308654d7feba5cbbdcd3ee') in 0.046 seconds [static and dynamic dependencies]. Details - ImportResultOutputID=d06503d4975e45b037fb3976e9ea9524 DependenciesID=2ba37484fb4624039faf40f13d53274e StaticDependenciesID=7c146aad0b6fcb508fd6e490f8328949 
Importing 'GUID: 39144937a5efe954dac51acbbe54157e - Path: Packages/com.unity.shadergraph/GraphTemplates/Cross Pipeline/0_Decal Simple.shadergraph' with importer (ScriptedImporter : Unity.ShaderGraph.Editor:UnityEditor.ShaderGraph:ShaderGraphImporter)
Imported 'GUID: 39144937a5efe954dac51acbbe54157e' -> (Import Result ID: 'a08431ad05cd2b81f97370ee465de65b') in 0.071 seconds [static and dynamic dependencies]. Details - ImportResultOutputID=4384d08e490293af762d42824d810b04 DependenciesID=35fe09f555cb519230b2d1592ba4bef3 StaticDependenciesID=44b17c0263b17b5a1f1d64bdcd72ffc8 
Importing 'GUID: 9920c1f1781549a46ba081a2a15a16ec - Path: Packages/com.unity.render-pipelines.universal/Shaders/Nature/SpeedTree8_PBRLit.shadergraph' with importer (ScriptedImporter : Unity.ShaderGraph.Editor:UnityEditor.ShaderGraph:ShaderGraphImporter)
Imported 'GUID: 9920c1f1781549a46ba081a2a15a16ec' -> (Import Result ID: 'c540318fb309e3b98fcc3ce1ee0c3411') in 0.277 seconds [static and dynamic dependencies]. Details - ImportResultOutputID=8ab8f9d592361b6197b0be8d3399384c DependenciesID=88d9cd7096e6fb8fbae836d4fb7e3575 StaticDependenciesID=62e4b8a3eb28c8d12b68e84ed50b4114 
Importing 'GUID: 1a207e3bee00db44b940e6f362a8e148 - Path: Packages/com.unity.render-pipelines.universal/Runtime/Materials/PhysicalMaterial3DsMax/PhysicalMaterial3DsMaxTransparent.shadergraph' with importer (ScriptedImporter : Unity.ShaderGraph.Editor:UnityEditor.ShaderGraph:ShaderGraphImporter)
Imported 'GUID: 1a207e3bee00db44b940e6f362a8e148' -> (Import Result ID: '73d4f339380d749b1abd3311a26cec31') in 0.105 seconds [static and dynamic dependencies]. Details - ImportResultOutputID=84528c1f32b77fea36edfa11f08d5e33 DependenciesID=0b50e1595cd63096806fe117c525c139 StaticDependenciesID=898d0961f4df79f17f0042f5a23d7d4d 
Importing 'GUID: 5a4a765e921b8554eb959f7cf697b3be - Path: Packages/com.unity.shadergraph/GraphTemplates/Cross Pipeline/UGUI Canvas Basic.shadergraph' with importer (ScriptedImporter : Unity.ShaderGraph.Editor:UnityEditor.ShaderGraph:ShaderGraphImporter)
Imported 'GUID: 5a4a765e921b8554eb959f7cf697b3be' -> (Import Result ID: '61525b79cf43f8da1350a2ab1f68829d') in 0.044 seconds [static and dynamic dependencies]. Details - ImportResultOutputID=63e2d2dd17e9a9c548139cf3d19c2b8c DependenciesID=ebd08566cfeac32955ee37a4b53d440a StaticDependenciesID=773ed9598de245e2a072eb6b8eba5921 
Importing 'GUID: 9b4e681081e2b4c469111bb649e2f7ee - Path: Packages/com.unity.render-pipelines.universal/Shaders/Decal.shadergraph' with importer (ScriptedImporter : Unity.ShaderGraph.Editor:UnityEditor.ShaderGraph:ShaderGraphImporter)
Imported 'GUID: 9b4e681081e2b4c469111bb649e2f7ee' -> (Import Result ID: 'aa7063f6b1d8de7ded8187c2146bbfc3') in 0.072 seconds [static and dynamic dependencies]. Details - ImportResultOutputID=a0021ac3d913cdf6d7c7dc6f893fee59 DependenciesID=068f7c799106363ff99ea3da1b14e1dd StaticDependenciesID=aa93bc01171bb25c12a3bd2c6f6c8ee0 
Importing 'GUID: cbd3e1cc4ae141c42a30e33b4d666a61 - Path: Packages/com.unity.render-pipelines.universal/Shaders/Nature/SpeedTree9_URP.shadergraph' with importer (ScriptedImporter : Unity.ShaderGraph.Editor:UnityEditor.ShaderGraph:ShaderGraphImporter)
Imported 'GUID: cbd3e1cc4ae141c42a30e33b4d666a61' -> (Import Result ID: 'fc6d9cc47c41e2f1f52638d5ccecbcdc') in 0.164 seconds [static and dynamic dependencies]. Details - ImportResultOutputID=ab593772aee5b52cfcf2725d6be16c4a DependenciesID=81c83c1390f9f51a7bb8fe47f364d106 StaticDependenciesID=48f70a8ef6aa5af10441ea78677fe262 
Importing 'GUID: fb6390f650ca44a5ba3246d8dda47927 - Path: Packages/com.unity.render-pipelines.universal/Shaders/FullscreenInvertColors.shadergraph' with importer (ScriptedImporter : Unity.ShaderGraph.Editor:UnityEditor.ShaderGraph:ShaderGraphImporter)
Imported 'GUID: fb6390f650ca44a5ba3246d8dda47927' -> (Import Result ID: 'fb516c470b3a5aad4a8c7b42398f1793') in 0.045 seconds [static and dynamic dependencies]. Details - ImportResultOutputID=a70376d586cc6a8aebca24327da6637e DependenciesID=9d87ada0e49f7b5a82461064976961fa StaticDependenciesID=e2ee9604c8c1d6e1a3f463a3843c51ff 
Importing 'GUID: 5c81372d981403744adbdda4433c9c11 - Path: Packages/com.unity.render-pipelines.universal/Shaders/AutodeskInteractive/AutodeskInteractiveTransparent.shadergraph' with importer (ScriptedImporter : Unity.ShaderGraph.Editor:UnityEditor.ShaderGraph:ShaderGraphImporter)
Imported 'GUID: 5c81372d981403744adbdda4433c9c11' -> (Import Result ID: '41b38ad845bcc6e5970913e712da4285') in 0.094 seconds [static and dynamic dependencies]. Details - ImportResultOutputID=8f45226d375f88975a134b23c71b1910 DependenciesID=b8c09247560a34c5c2220f16fba3dc5b StaticDependenciesID=819bb43a9ae682ab724748d19820eb40 
Importing 'GUID: bc3def193b270c649b041063a70a1a1f - Path: Packages/com.unity.render-pipelines.universal/Editor/ShaderGraph/GraphTemplates/Terrain Standard 4 Layers URP.shadergraph' with importer (ScriptedImporter : Unity.ShaderGraph.Editor:UnityEditor.ShaderGraph:ShaderGraphImporter)
Shader 'Hidden/Terrain/Terrain Standard 4 Layers URP': dependency 'AddPassShader' shader 'Hidden/Hidden/Terrain/Terrain Standard 4 Layers URP_AddPass' not found
Shader 'Hidden/Terrain/Terrain Standard 4 Layers URP': dependency 'BaseMapGenShader' shader 'Hidden/Hidden/Terrain/Terrain Standard 4 Layers URP_BaseMapGen' not found
Shader 'Hidden/Terrain/Terrain Standard 4 Layers URP': dependency 'BaseMapShader' shader 'Hidden/Universal Render Pipeline/Terrain/Lit (Base Pass)' not found
Shader 'Hidden/Terrain/Terrain Standard 4 Layers URP': dependency 'AddPassShader' shader 'Hidden/Hidden/Terrain/Terrain Standard 4 Layers URP_AddPass' not found
Shader 'Hidden/Terrain/Terrain Standard 4 Layers URP': dependency 'BaseMapGenShader' shader 'Hidden/Hidden/Terrain/Terrain Standard 4 Layers URP_BaseMapGen' not found
Shader 'Hidden/Terrain/Terrain Standard 4 Layers URP': dependency 'BaseMapShader' shader 'Hidden/Universal Render Pipeline/Terrain/Lit (Base Pass)' not found
Imported 'GUID: bc3def193b270c649b041063a70a1a1f' -> (Import Result ID: '6445101265b8284de9bd71bd5e718f76') in 0.310 seconds [static and dynamic dependencies]. Details - ImportResultOutputID=9eb3d3e24c780a2816d80271586a41e2 DependenciesID=d08c50f020bfb2e6da8d0ac69ee0ba54 StaticDependenciesID=fc6a2a58743d287baca2266d12b8d913 
Importing 'GUID: 9d4e8ca8c5046914c87ca6ccef140dac - Path: Packages/com.unity.shadergraph/GraphTemplates/Cross Pipeline/UGUI Canvas Meter.shadergraph' with importer (ScriptedImporter : Unity.ShaderGraph.Editor:UnityEditor.ShaderGraph:ShaderGraphImporter)
Imported 'GUID: 9d4e8ca8c5046914c87ca6ccef140dac' -> (Import Result ID: '03e11375ab428bbfba4faa287038087f') in 0.041 seconds [static and dynamic dependencies]. Details - ImportResultOutputID=9c95ae7646a489d3646af93a8fa14f83 DependenciesID=991a472e706f1a2e38c0a3b79db71e4b StaticDependenciesID=1cdc862f899e9b1eb857a7901f03c56a 
Importing 'GUID: bde135b320597544b9ac325092409f8b - Path: Packages/com.unity.render-pipelines.universal/Editor/ShaderGraph/GraphTemplates/2D/0_2D Sprite Lit.shadergraph' with importer (ScriptedImporter : Unity.ShaderGraph.Editor:UnityEditor.ShaderGraph:ShaderGraphImporter)
Imported 'GUID: bde135b320597544b9ac325092409f8b' -> (Import Result ID: 'b4193bfb9918255b21bbcbc566e4c790') in 0.065 seconds [static and dynamic dependencies]. Details - ImportResultOutputID=7a651e73202f2ac240d9f433413e9934 DependenciesID=939d3e2dffa9ab77ad64c405f07a3b38 StaticDependenciesID=223bd376eb018f92eaf3144128395375 
Importing 'GUID: 0e9d5a909a1f7e84882a534d0d11e49f - Path: Packages/com.unity.render-pipelines.universal/Shaders/AutodeskInteractive/AutodeskInteractive.shadergraph' with importer (ScriptedImporter : Unity.ShaderGraph.Editor:UnityEditor.ShaderGraph:ShaderGraphImporter)
Imported 'GUID: 0e9d5a909a1f7e84882a534d0d11e49f' -> (Import Result ID: '2ef9d98ade5fd4e1ec8d685993fb62df') in 0.104 seconds [static and dynamic dependencies]. Details - ImportResultOutputID=9859f3a97c0da6afb2d7391215bf88cb DependenciesID=6b64c15f9fd9fd5892a7657eb0f6d23f StaticDependenciesID=a2f1398662494d2afe2b1104bb7297fc 
Importing 'GUID: 3e01bbae25716b24ea9da11102b44902 - Path: Packages/com.unity.render-pipelines.universal/Editor/ShaderGraph/GraphTemplates/UITKFullTemplate.shadergraph' with importer (ScriptedImporter : Unity.ShaderGraph.Editor:UnityEditor.ShaderGraph:ShaderGraphImporter)
Imported 'GUID: 3e01bbae25716b24ea9da11102b44902' -> (Import Result ID: 'f9be06c325be21ac8323a29582672acf') in 0.047 seconds [static and dynamic dependencies]. Details - ImportResultOutputID=865fd2439cfd78085f5159dbbf8a5cd2 DependenciesID=04e6e6ecdf4ae133f7e3428b7867c616 StaticDependenciesID=787562bcd1feec6d227a8a658ecf76b0 
Importing 'GUID: 7ef2cf71ad164fe479662ae612dff99e - Path: Packages/com.unity.shadergraph/GraphTemplates/Custom Render Texture.shadergraph' with importer (ScriptedImporter : Unity.ShaderGraph.Editor:UnityEditor.ShaderGraph:ShaderGraphImporter)
Imported 'GUID: 7ef2cf71ad164fe479662ae612dff99e' -> (Import Result ID: 'eec2481df7e012357b066df9501755cf') in 0.014 seconds [static and dynamic dependencies]. Details - ImportResultOutputID=dd0552a8c2655bd5d70c7ca10b0c0218 DependenciesID=080acb733da219f9ddb56fb6859ec700 StaticDependenciesID=de3398d04c349b2d55ab40895207d9f4 
Importing 'GUID: aee84ce0dab81b049bb88017d78a63cd - Path: Packages/com.unity.shadergraph/GraphTemplates/Cross Pipeline/1_Lit Full.shadergraph' with importer (ScriptedImporter : Unity.ShaderGraph.Editor:UnityEditor.ShaderGraph:ShaderGraphImporter)
Imported 'GUID: aee84ce0dab81b049bb88017d78a63cd' -> (Import Result ID: '2e55f8494d9a5085107d4c06ead4030e') in 0.179 seconds [static and dynamic dependencies]. Details - ImportResultOutputID=99b3d81dbe48dba663b09799222ed949 DependenciesID=975bf85fe62e51cf31df5d75f837026d StaticDependenciesID=c4a5bbbfe2b62d60f9f3ca43100ca59c 
Importing 'GUID: def488a52add6574d9f295a507032cb8 - Path: Packages/com.unity.shadergraph/GraphTemplates/Cross Pipeline/Terrain Simple.shadergraph' with importer (ScriptedImporter : Unity.ShaderGraph.Editor:UnityEditor.ShaderGraph:ShaderGraphImporter)
Shader 'Hidden/Terrain/Terrain Simple': dependency 'AddPassShader' shader 'Hidden/Hidden/Terrain/Terrain Simple_AddPass' not found
Shader 'Hidden/Terrain/Terrain Simple': dependency 'BaseMapGenShader' shader 'Hidden/Hidden/Terrain/Terrain Simple_BaseMapGen' not found
Shader 'Hidden/Terrain/Terrain Simple': dependency 'BaseMapShader' shader 'Hidden/Universal Render Pipeline/Terrain/Lit (Base Pass)' not found
Shader 'Hidden/Terrain/Terrain Simple': dependency 'AddPassShader' shader 'Hidden/Hidden/Terrain/Terrain Simple_AddPass' not found
Shader 'Hidden/Terrain/Terrain Simple': dependency 'BaseMapGenShader' shader 'Hidden/Hidden/Terrain/Terrain Simple_BaseMapGen' not found
Shader 'Hidden/Terrain/Terrain Simple': dependency 'BaseMapShader' shader 'Hidden/Universal Render Pipeline/Terrain/Lit (Base Pass)' not found
Imported 'GUID: def488a52add6574d9f295a507032cb8' -> (Import Result ID: 'd8dc21f370b261e59277dd607b666974') in 0.203 seconds [static and dynamic dependencies]. Details - ImportResultOutputID=bd6893d11b43df669c61667a2368d712 DependenciesID=fec5764d6fd6279db9050a1a1d8f3449 StaticDependenciesID=ad647defe5b24f8479de74338a12b798 
Importing 'GUID: af66091e0eca0c04a9c3584ae867418a - Path: Packages/com.unity.shadergraph/GraphTemplates/Cross Pipeline/0_Particle Unlit.shadergraph' with importer (ScriptedImporter : Unity.ShaderGraph.Editor:UnityEditor.ShaderGraph:ShaderGraphImporter)
Imported 'GUID: af66091e0eca0c04a9c3584ae867418a' -> (Import Result ID: '664af55d728f2b08155ebaa55cc320d0') in 0.083 seconds [static and dynamic dependencies]. Details - ImportResultOutputID=7a54f3801b3b9e8468b86a0bd74a7fd2 DependenciesID=29d56068b26415b05033fa25ada72312 StaticDependenciesID=71bf97413bc97cb3f7c1638b3bc8ddda 
Importing 'GUID: bfad0aba0faa90547b68abd10bb6be86 - Path: Packages/com.unity.render-pipelines.universal/Editor/ShaderGraph/GraphTemplates/2D/2_2D Sprite Custom Lit.shadergraph' with importer (ScriptedImporter : Unity.ShaderGraph.Editor:UnityEditor.ShaderGraph:ShaderGraphImporter)
Imported 'GUID: bfad0aba0faa90547b68abd10bb6be86' -> (Import Result ID: 'c91b1084a5aed9a81b18f9801c8efc6e') in 0.076 seconds [static and dynamic dependencies]. Details - ImportResultOutputID=67b468050a196498d329b20358a58436 DependenciesID=1ce4bc3d926fbcc6539c7a263eb219f5 StaticDependenciesID=61f6944c46c44ead2ebfc4906ed197fd 
Importing 'GUID: df41eefe8c13d444ca890dddbbc61f8d - Path: Packages/com.unity.render-pipelines.universal/Editor/ShaderGraph/GraphTemplates/Fullscreen Basic URP.shadergraph' with importer (ScriptedImporter : Unity.ShaderGraph.Editor:UnityEditor.ShaderGraph:ShaderGraphImporter)
Imported 'GUID: df41eefe8c13d444ca890dddbbc61f8d' -> (Import Result ID: '2f47f63ec99742a1df631fe977b40e0d') in 0.034 seconds [static and dynamic dependencies]. Details - ImportResultOutputID=8824d9ee83f9cee12ade1a33cf579497 DependenciesID=99b1ae206c7bac3c3df0938cc030f205 StaticDependenciesID=4ebf6b92dab8c9c0b807af3b1cddbae8 
Importing 'GUID: fa69697be3070b04a893666f5947f18c - Path: Packages/com.unity.render-pipelines.core/Runtime/Debugging/Runtime UI Resources/RuntimeDebugWindow_PanelSettings.asset' with importer (NativeFormatImporter)
Imported 'GUID: fa69697be3070b04a893666f5947f18c' -> (Import Result ID: '0c132c2becc0bf3ddb32c66268794bbf') in 0.001 seconds [static dependencies only]. Details - ImportResultOutputID=d050c045a9b44f79f97c95f472bee6ca DependenciesID=2ddd42e34c3484ed11825d0d2c6a968b StaticDependenciesID=e2fc2ef8ee5c0242b132a3e3bb464ebf 
Importing 'GUID: 20456a2cc8a214f9d9846725cff9fea4 - Path: Packages/com.unity.render-pipelines.core/CHANGELOG.md' with importer (TextScriptImporter)
Imported 'GUID: 20456a2cc8a214f9d9846725cff9fea4' -> (Import Result ID: 'e1d7cb5a20460b2f50f2b562ec480631') in 0.001 seconds [static dependencies only]. Details - ImportResultOutputID=541e4683e56235e6116c66449d63acf2 DependenciesID=e23c7af0532779f43ab4a4d570ed0a93 StaticDependenciesID=9de7d9e44c3b942d56302add71b1d9a0 
Importing 'GUID: 200891d0445794843bffcc351163c84c - Path: Packages/com.unity.searcher/LICENSE.md' with importer (TextScriptImporter)
Imported 'GUID: 200891d0445794843bffcc351163c84c' -> (Import Result ID: '77b8ff655c8793f28277165d8e068c39') in 0.001 seconds [static dependencies only]. Details - ImportResultOutputID=c6c445ea966eb8c042dfa6c7cdd574ac DependenciesID=590185878be14020760a5db3f551829e StaticDependenciesID=c216511cd38b8e232a555b2567348d56 
Importing 'GUID: 30b312a167534621b316172253b08723 - Path: Packages/com.unity.modules.subsystems/package.json' with importer (PackageManifestImporter)
Imported 'GUID: 30b312a167534621b316172253b08723' -> (Import Result ID: '91cadbda1f4551ba4ae374b5d4ebbb95') in 0.001 seconds [static dependencies only]. Details - ImportResultOutputID=f12373219448441b0341099e7af5eb41 DependenciesID=c3a1a64a1ed707356763ac5780bfff54 StaticDependenciesID=b0c5384f3a63b37ff1cc33155b308e39 
Importing 'GUID: 30648b8d550465f4bb77f1e1afd0b37d - Path: Packages/com.unity.render-pipelines.universal/package.json' with importer (PackageManifestImporter)
Imported 'GUID: 30648b8d550465f4bb77f1e1afd0b37d' -> (Import Result ID: '3cf038b72266b802b0591166e3c534e9') in 0.001 seconds [static dependencies only]. Details - ImportResultOutputID=12f50a5825456cd61d99974e7160092f DependenciesID=4cb625a40f2f62a213d26ba9dedb2828 StaticDependenciesID=316141331773e7213e0ab096d1da9581 
Importing 'GUID: 40bf3cec17fa0b49fe04443c8332d638 - Path: Packages/com.unity.modules.jsonserialize/package.json' with importer (PackageManifestImporter)
Imported 'GUID: 40bf3cec17fa0b49fe04443c8332d638' -> (Import Result ID: '062926dc2f811d5fa649e1a6cf35b2be') in 0.000 seconds [static dependencies only]. Details - ImportResultOutputID=d715bb69eb97158ae78ee98bcdc249c8 DependenciesID=4e6f9b5b81636b56298af5228107b3cb StaticDependenciesID=0fc633a2d442bf1460b6d27ccd581959 
Importing 'GUID: 80273283a2a8945eaac4de9bcf33a4bb - Path: Packages/com.unity.collab-proxy/Lib/Editor/Localization/xdiff.zh-Hant.txt' with importer (TextScriptImporter)
Imported 'GUID: 80273283a2a8945eaac4de9bcf33a4bb' -> (Import Result ID: '86aec10b6f2ebcc0d2eefc69ef149040') in 0.001 seconds [static dependencies only]. Details - ImportResultOutputID=098363357d9718d6fd4215d3c532e9eb DependenciesID=79009cd2f4c8139939d7601e04dec439 StaticDependenciesID=87fc3c946c0277bde026fcd11ccf621d 
Importing 'GUID: 80beef77cb19e713c7c2d481b65ed485 - Path: Packages/com.unity.modules.screencapture/package.json' with importer (PackageManifestImporter)
Imported 'GUID: 80beef77cb19e713c7c2d481b65ed485' -> (Import Result ID: '43371bca79999413678980d6fc470d9b') in 0.001 seconds [static dependencies only]. Details - ImportResultOutputID=b4ffc84b5928a9d8fa48bb1ab9ca0965 DependenciesID=c066d8070b2f6fb0d766951c3eb71b2b StaticDependenciesID=39cc6ec39bb1615df8637c27727a4672 
Importing 'GUID: 906c12bc9cd95d3963c6d58f62522c78 - Path: Packages/com.unity.modules.cloth/package.json' with importer (PackageManifestImporter)
Imported 'GUID: 906c12bc9cd95d3963c6d58f62522c78' -> (Import Result ID: '20459150db32dbf40baebe3351f8536a') in 0.001 seconds [static dependencies only]. Details - ImportResultOutputID=40599719a159f2424dc6caf7e57b374b DependenciesID=fa4d36e58cf5cfff9338af3c71e3bcd4 StaticDependenciesID=0cc8c8dd8d90fcd1bb3a740f254ee7cb 
Importing 'GUID: b030b7e8a4c531241b496403efc884ab - Path: Packages/com.unity.test-framework.performance/package.json' with importer (PackageManifestImporter)
Imported 'GUID: b030b7e8a4c531241b496403efc884ab' -> (Import Result ID: '3f4a0dac29d37d7fbcaa6ca05531db94') in 0.001 seconds [static dependencies only]. Details - ImportResultOutputID=cb517945642fb38a75e40a905ddcd413 DependenciesID=dce0854a854a79d5fe77283cd17a5a07 StaticDependenciesID=1e2f9e6c4bbb1f76ee30cbefdab29e96 
Importing 'GUID: b0045c9f87a3f487c883404b3257f747 - Path: Packages/com.unity.collab-proxy/Lib/Editor/Localization/cm.es.txt' with importer (TextScriptImporter)
Imported 'GUID: b0045c9f87a3f487c883404b3257f747' -> (Import Result ID: 'd04a44ff000bfc18b55d8eba664a652b') in 0.001 seconds [static dependencies only]. Details - ImportResultOutputID=928b29ad50a234da166f59ea93fe6fec DependenciesID=a6c4297cb0c8a29728d5c0303cb76592 StaticDependenciesID=4c4a448d72643dd2ec688f8786a2088d 
Importing 'GUID: d0e3ad91972c66f5238f5b9b7d5ae58a - Path: Packages/com.unity.modules.unitywebrequesttexture/package.json' with importer (PackageManifestImporter)
Imported 'GUID: d0e3ad91972c66f5238f5b9b7d5ae58a' -> (Import Result ID: '29c257d3f95ab1385a113e0721079503') in 0.001 seconds [static dependencies only]. Details - ImportResultOutputID=f9819a2814b9d346b95c32cadc86b95f DependenciesID=519cc091285c3f57de53fce00a91dff1 StaticDependenciesID=de4675f32f28c25d668fe6a485729132 
Importing 'GUID: e0b2d2f09f2d34ba185ece61ed171f33 - Path: Packages/com.unity.collab-proxy/Lib/Editor/Localization/i3.zh-Hans.txt' with importer (TextScriptImporter)
Imported 'GUID: e0b2d2f09f2d34ba185ece61ed171f33' -> (Import Result ID: 'acb4d380c146af80f2ebf3d4ee69907c') in 0.001 seconds [static dependencies only]. Details - ImportResultOutputID=fd70f085abacf90c62a97c46dc9ce5c1 DependenciesID=57ec0116f762d9f9bfd87726dfe171bd StaticDependenciesID=20db5cf3aeea4e36d5ca26747a89bb02 
Importing 'GUID: f0e14ea80f96b445f97b1c83650d5733 - Path: Packages/com.unity.inputsystem/package.json' with importer (PackageManifestImporter)
Imported 'GUID: f0e14ea80f96b445f97b1c83650d5733' -> (Import Result ID: 'baf813beabfecec5da8f1bccbd502e46') in 0.001 seconds [static dependencies only]. Details - ImportResultOutputID=abf138e4a686ef44fccc3517410148f6 DependenciesID=fdd5e312c203ecc42be2b91799065a56 StaticDependenciesID=09d5b6f1ee9a768c55f4876b5a37807f 
Importing 'GUID: f0f13f2ab3d6d13cfc6e4656824bfca8 - Path: Packages/com.unity.modules.ai/package.json' with importer (PackageManifestImporter)
Imported 'GUID: f0f13f2ab3d6d13cfc6e4656824bfca8' -> (Import Result ID: 'e8ffbb81041722dd8a51842cf8aa5b1a') in 0.001 seconds [static dependencies only]. Details - ImportResultOutputID=6c1e1e68cc352ca0c8f4fa95c3c80fe9 DependenciesID=0836e57675788e3b5d3d53f00dfdf241 StaticDependenciesID=ef62caa18b85eae761e5b71f9a8f42c6 
Importing 'GUID: 0141873b98c3d4889a41b404077edb94 - Path: Packages/com.unity.collab-proxy/Lib/Editor/Localization/workspaceserver.es.txt' with importer (TextScriptImporter)
Imported 'GUID: 0141873b98c3d4889a41b404077edb94' -> (Import Result ID: '5732f561da5ce8e3e3a1e89b7b0a3d36') in 0.001 seconds [static dependencies only]. Details - ImportResultOutputID=e757f2452c0a3aa0482612fa0ba263df DependenciesID=463a7489dcf856e90baaad8883028997 StaticDependenciesID=e70553f8eda33d20d003cc557e040d8c 
Importing 'GUID: 118fcf393362e4677a4b0fd04265f121 - Path: Packages/com.unity.collab-proxy/Lib/Editor/Localization/guihelp.zh-Hant.txt' with importer (TextScriptImporter)
Imported 'GUID: 118fcf393362e4677a4b0fd04265f121' -> (Import Result ID: '67ae119afdd7e441ea4d78ea6b8ed88e') in 0.001 seconds [static dependencies only]. Details - ImportResultOutputID=25c3de144428e97dbdb950aff05aca81 DependenciesID=15921187d6d9bfc9d6766677f13d40ab StaticDependenciesID=4ccb02e9277b52593d2fd56ad7bb53d8 
Importing 'GUID: 21e367e100361604f9ad6287fd367d4a - Path: Packages/com.unity.inputsystem/ValidationConfig.json' with importer (TextScriptImporter)
Imported 'GUID: 21e367e100361604f9ad6287fd367d4a' -> (Import Result ID: 'd9b4d07d7ca710335077bcb1bd32dcaa') in 0.001 seconds [static dependencies only]. Details - ImportResultOutputID=011fcadf5829623307887359835e2436 DependenciesID=ea8c648bf0480da01c5cc12ae3aabfa9 StaticDependenciesID=a1b48923f3a76d34b1cb52527ae3314a 
Importing 'GUID: 319b8889f363f5947acf209c17a94149 - Path: Packages/com.unity.ugui/package.json' with importer (PackageManifestImporter)
Imported 'GUID: 319b8889f363f5947acf209c17a94149' -> (Import Result ID: '77ae52e5156d0d73d343ef254b314152') in 0.001 seconds [static dependencies only]. Details - ImportResultOutputID=f4e4edd5064a2f0de1703280dae20fa5 DependenciesID=9c070c7b04e7d2aef0d81b6e319d1069 StaticDependenciesID=b3d399341a006ae164ac2d8136e4e8ba 
Importing 'GUID: 51797d68d3132bb419217a229e09fc47 - Path: Packages/com.unity.2d.tilemap/package.json' with importer (PackageManifestImporter)
Imported 'GUID: 51797d68d3132bb419217a229e09fc47' -> (Import Result ID: '4f6f1fd443547bcf18c20a286bbb534a') in 0.001 seconds [static dependencies only]. Details - ImportResultOutputID=551769e2f2aa386de047dbe1d7f3c793 DependenciesID=a9de23e78756cb9c36924aa9e4f2bf06 StaticDependenciesID=6d362a4da888dd1ef0a06867077ad39e 
Importing 'GUID: 510df96e3e40743a39860f8dd1e4fc4d - Path: Packages/com.unity.collab-proxy/Lib/Editor/Localization/images.zh-Hans.txt' with importer (TextScriptImporter)
Imported 'GUID: 510df96e3e40743a39860f8dd1e4fc4d' -> (Import Result ID: '2283c556eb1d026d2e6218a55cfbfd3e') in 0.001 seconds [static dependencies only]. Details - ImportResultOutputID=28983ad44016f65267b21ab421f3e384 DependenciesID=e93ca04dcf8f4eb02dc6feac45dffb61 StaticDependenciesID=b57aeb36d0e8e0c99410bbeec0d7d597 
Importing 'GUID: c10740cd62ccaf54c8880da0a3f4d10f - Path: Packages/com.unity.collab-proxy/README.md' with importer (TextScriptImporter)
Imported 'GUID: c10740cd62ccaf54c8880da0a3f4d10f' -> (Import Result ID: '69239490e6fa8363d333cecf76e7b2a6') in 0.001 seconds [static dependencies only]. Details - ImportResultOutputID=cf6f0ef98d68a8f279ee159e9bbbac12 DependenciesID=f891b411c50393636673560d370d973b StaticDependenciesID=0bcaefabac692d8208c9af1810611df9 
Importing 'GUID: d19f4f8a13b6edb48b986a47ec96402e - Path: Packages/com.unity.render-pipelines.core/Runtime/PathTracing/Shaders/LightmapShadowMaskIntegration.urtshader' with importer (ScriptedImporter : Unity.Rendering.LightTransport.Editor:UnityEditor.Rendering.UnifiedRayTracing:UnifiedRTShaderImporter)

Compiling Ray Tracing Shader "LightmapShadowMaskIntegration.urtshader", keywords = <no keywords>
    finished in 0.33 seconds. Local cache hits 0, remote cache hits 0, compiled 1 platform variants
Imported 'GUID: d19f4f8a13b6edb48b986a47ec96402e' -> (Import Result ID: '5c45a6444a1e5451b385e17d7d35b9da') in 0.344 seconds [static and dynamic dependencies]. Details - ImportResultOutputID=364a0c01418b503037799fb4897d7d63 DependenciesID=a1bfed3ca6ca49388a6887164fae033d StaticDependenciesID=9fd4e9b2e1ad89e7cbffc601eff4d03f 
Importing 'GUID: e1619c982c09c43beb4a3a70abf3bf9a - Path: Packages/com.unity.collab-proxy/Lib/Editor/Localization/guihelp.ja.txt' with importer (TextScriptImporter)
Imported 'GUID: e1619c982c09c43beb4a3a70abf3bf9a' -> (Import Result ID: 'ade2771ccb9e6d0f39f15c905a9c0c65') in 0.001 seconds [static dependencies only]. Details - ImportResultOutputID=b38e2f863e55715c05e75bb4ecacc869 DependenciesID=627e119be8da12ff989695fcbc0c3e55 StaticDependenciesID=c22f097bbe7d50f3bfd77fbd0a31c23c 
Importing 'GUID: e13a556ff924042cbaec3e059d695a23 - Path: Packages/com.unity.collab-proxy/Lib/Editor/Localization/i3.en.txt' with importer (TextScriptImporter)
Imported 'GUID: e13a556ff924042cbaec3e059d695a23' -> (Import Result ID: 'a95f3c1c9b52426e6306225b7fe4eabf') in 0.001 seconds [static dependencies only]. Details - ImportResultOutputID=e63624eb0945789a1488c055c87691e7 DependenciesID=128402ac64a1f37812362d2cef650d86 StaticDependenciesID=99fa8090869e3c56558011f43bff6a13 
Importing 'GUID: e15c5be84e68e4fe2a63b3a4d2adbae1 - Path: Packages/com.unity.collab-proxy/Lib/Editor/Localization/basecommands.zh-Hant.txt' with importer (TextScriptImporter)
Imported 'GUID: e15c5be84e68e4fe2a63b3a4d2adbae1' -> (Import Result ID: '1fc8250f0d48497660a5e3fea30b16e3') in 0.001 seconds [static dependencies only]. Details - ImportResultOutputID=cb6636b7dc5f67830762e07d70bb2418 DependenciesID=3f91a2e34bb7b11ee0efa7c3382ef0c0 StaticDependenciesID=5e036773cd7db4a54607ff2e64812753 
Importing 'GUID: e17dce0d3ad0941049a005c14ef3dc6e - Path: Packages/com.unity.collab-proxy/Lib/Editor/Localization/mergetool.es.txt' with importer (TextScriptImporter)
Imported 'GUID: e17dce0d3ad0941049a005c14ef3dc6e' -> (Import Result ID: 'a8045081f1348c1559596e98ff4c10e5') in 0.001 seconds [static dependencies only]. Details - ImportResultOutputID=84c83343b9ee06e49ea9e2049bdb79ae DependenciesID=85996e723b26b094bf50a53a34921f2b StaticDependenciesID=aac9493d6dfe857c5127bbc2315de868 
Importing 'GUID: e1ef8466c8fd01a549f10baa4d51fa17 - Path: Packages/com.unity.modules.assetbundle/package.json' with importer (PackageManifestImporter)
Imported 'GUID: e1ef8466c8fd01a549f10baa4d51fa17' -> (Import Result ID: '748132f011a260c8df556b8cee535e4c') in 0.001 seconds [static dependencies only]. Details - ImportResultOutputID=cfe9da6d42ce96a22193f1d8b2af86ad DependenciesID=16c55702c0aaaab1de43bc36cec08d92 StaticDependenciesID=7a1bc9322701c6205e280c430adfb524 
Importing 'GUID: f1b52905ca380454cb1eb270517534ee - Path: Packages/com.unity.collab-proxy/Lib/Editor/Localization/differences.ko.txt' with importer (TextScriptImporter)
Imported 'GUID: f1b52905ca380454cb1eb270517534ee' -> (Import Result ID: '0c6a7c79fda5cfb03aa4d6951fa0f9ce') in 0.001 seconds [static dependencies only]. Details - ImportResultOutputID=6ffea89ccb778a302d151bd467337b55 DependenciesID=9621d75aee94cc7a86969f93edb6b933 StaticDependenciesID=5eb648ddb944333a2eceec0568a99895 
Importing 'GUID: 32bf5760cae4a4399aedc5a0c0a20f23 - Path: Packages/com.unity.collab-proxy/Lib/Editor/Localization/common.es.txt' with importer (TextScriptImporter)
Imported 'GUID: 32bf5760cae4a4399aedc5a0c0a20f23' -> (Import Result ID: '9911b26c36bbe1399e98a87fd56f421b') in 0.001 seconds [static dependencies only]. Details - ImportResultOutputID=31812b31a0a66dbb62676d0620ccbda3 DependenciesID=405ae46543f01f337f6af11254a58d3e StaticDependenciesID=a491d2af984b30ff5d17051f48b2913d 
Importing 'GUID: 42fe78c8fe682715a2cb531422e6ccb3 - Path: Packages/com.unity.modules.imgui/package.json' with importer (PackageManifestImporter)
Imported 'GUID: 42fe78c8fe682715a2cb531422e6ccb3' -> (Import Result ID: '38d3bb719d37ec99f8a9f6c14d39c414') in 0.001 seconds [static dependencies only]. Details - ImportResultOutputID=a5346159d22bce0395fd3c3cfff1d1a1 DependenciesID=bb3e0f71c194a791f04bcb82e59b0e77 StaticDependenciesID=fcba81c59960cbb5fd08016f128ba1a0 
Importing 'GUID: 521b26df9e05046eab5b7a40261b5ae6 - Path: Packages/com.unity.collab-proxy/Lib/Editor/Localization/commontypes.ko.txt' with importer (TextScriptImporter)
Imported 'GUID: 521b26df9e05046eab5b7a40261b5ae6' -> (Import Result ID: '44e970bca3a2a173bb7403889770bb64') in 0.001 seconds [static dependencies only]. Details - ImportResultOutputID=a4b50c55e633219844e3463d8d98feea DependenciesID=0bbbe718f3bd9a7ecab40d624767f206 StaticDependenciesID=5695d5a447fd91a71fb5674ecbeb2282 
Importing 'GUID: 92a378669877c05c6071d0fed687bb95 - Path: Packages/com.unity.modules.tilemap/package.json' with importer (PackageManifestImporter)
Imported 'GUID: 92a378669877c05c6071d0fed687bb95' -> (Import Result ID: '08175b43d19d068c3d070bec5e4db444') in 0.001 seconds [static dependencies only]. Details - ImportResultOutputID=23dd1249d007cf65d61b546a4fe02828 DependenciesID=d50bdc650850cd95506663c9d7227b68 StaticDependenciesID=7ba57acf13f14af7fe4f557b15547504 
Importing 'GUID: b233593fc686844cba46ccf1c5f750f6 - Path: Packages/com.unity.collab-proxy/Lib/Editor/Localization/workspaceserver.ko.txt' with importer (TextScriptImporter)
Imported 'GUID: b233593fc686844cba46ccf1c5f750f6' -> (Import Result ID: 'd0a9bb3f0c21a035dd9c7da739eb0067') in 0.001 seconds [static dependencies only]. Details - ImportResultOutputID=e64bd7c91a05f357b542ef7408f6bdcb DependenciesID=160945144aa0dd600ae6ff9e6c183294 StaticDependenciesID=802e96b3bcbe2251c62d28a9feed99d8 
Importing 'GUID: d27ac2618f7174359bf02e3d71d7cd7b - Path: Packages/com.unity.collab-proxy/Lib/Editor/Localization/cm-help.en.txt' with importer (TextScriptImporter)
Imported 'GUID: d27ac2618f7174359bf02e3d71d7cd7b' -> (Import Result ID: '7fc46933ddf949b0589eb3e3e10d8794') in 0.001 seconds [static dependencies only]. Details - ImportResultOutputID=2be3d1f739cbf4039ad3baabccae35d9 DependenciesID=c489a10d2cab33c151ef5954b5a5042c StaticDependenciesID=0c0495564abec94558ba35ebb50fce4a 
Importing 'GUID: e2f3f1dcf8d9b45dbaa98b0878dce447 - Path: Packages/com.unity.collab-proxy/Lib/Editor/Localization/configurehelper.ko.txt' with importer (TextScriptImporter)
Imported 'GUID: e2f3f1dcf8d9b45dbaa98b0878dce447' -> (Import Result ID: 'de5baa686d2ea989f3c1571163441c15') in 0.001 seconds [static dependencies only]. Details - ImportResultOutputID=e6d2d2cf47e95a8d1398eb1e94a6621b DependenciesID=60d173d0ebc96307ee4b8c6032f50bae StaticDependenciesID=4ab408df613aabead749371dc8a81255 
Importing 'GUID: 13a9c1b4df2e489e8eb9cacca7429596 - Path: Packages/com.unity.timeline/package.json' with importer (PackageManifestImporter)
Imported 'GUID: 13a9c1b4df2e489e8eb9cacca7429596' -> (Import Result ID: 'e2ad33d171ff4197333b2d3c271f73a5') in 0.001 seconds [static dependencies only]. Details - ImportResultOutputID=a50c2276a0cbdcb7ffea3804c0caa82c DependenciesID=ef499da3e6079e72fc8a72577fbac27b StaticDependenciesID=8110e92ea97d79faacf20e8b4819bb1c 
Importing 'GUID: 2355cb699865a417db515b08840c5226 - Path: Packages/com.unity.collab-proxy/Lib/Editor/Localization/workspaceserver.zh-Hant.txt' with importer (TextScriptImporter)
Imported 'GUID: 2355cb699865a417db515b08840c5226' -> (Import Result ID: 'b6142dbdb462430aeee982d12f7264b9') in 0.001 seconds [static dependencies only]. Details - ImportResultOutputID=e9f7f4b40c3228f6883dae3985c18d90 DependenciesID=758eb4a7eebfcd544ab106015a1b728e StaticDependenciesID=70c5489007fd1475aae4b010534b6a78 
Importing 'GUID: 43674d438e19b89d7fe6af07234f3252 - Path: Packages/com.unity.modules.accessibility/package.json' with importer (PackageManifestImporter)
Imported 'GUID: 43674d438e19b89d7fe6af07234f3252' -> (Import Result ID: 'f8c87b4fbc6298e300bc3ef00722b65a') in 0.000 seconds [static dependencies only]. Details - ImportResultOutputID=09acbb368a6bac60c9ab3566ee7106ae DependenciesID=921d601850da1ec9b05f1f468436ab0e StaticDependenciesID=c19d0189e83c9cd3e5aa4d1c325afb07 
Importing 'GUID: 73a6d79b8d4574c869d48676dcab25b2 - Path: Packages/com.unity.collab-proxy/Lib/Editor/Localization/basecommands.es.txt' with importer (TextScriptImporter)
Imported 'GUID: 73a6d79b8d4574c869d48676dcab25b2' -> (Import Result ID: 'e9c9002c5ac793e83a4cb6ae887f6192') in 0.001 seconds [static dependencies only]. Details - ImportResultOutputID=00b64ba65aec1a72793a16b5504ac55b DependenciesID=46053e3b8568f64df7e6bf9b4d513b58 StaticDependenciesID=83b1b5bf03362e3c76d4f9e8acaf7430 
Importing 'GUID: 737a1597422c12547a8714d76a9406ec - Path: Packages/com.unity.render-pipelines.core/Runtime/PathTracing/Shaders/LightmapGBufferDebug.urtshader' with importer (ScriptedImporter : Unity.Rendering.LightTransport.Editor:UnityEditor.Rendering.UnifiedRayTracing:UnifiedRTShaderImporter)

Compiling Ray Tracing Shader "LightmapGBufferDebug.urtshader", keywords = <no keywords>
    finished in 0.16 seconds. Local cache hits 0, remote cache hits 0, compiled 1 platform variants
Imported 'GUID: 737a1597422c12547a8714d76a9406ec' -> (Import Result ID: '16939fc77afa8a21e2612ec94576addf') in 0.176 seconds [static and dynamic dependencies]. Details - ImportResultOutputID=fd8782cb86b4ceed24ba7afb125c6f5f DependenciesID=f5ffc12a302640ff441780074227e52a StaticDependenciesID=b513b01e29d0aa4d28825e4d4fb57fb4 
Importing 'GUID: 939b89fc6b924ea2e821fc1be1b09f56 - Path: Packages/com.unity.modules.tetgen/package.json' with importer (PackageManifestImporter)
Imported 'GUID: 939b89fc6b924ea2e821fc1be1b09f56' -> (Import Result ID: '11768157ac485b2639961b8822c46966') in 0.001 seconds [static dependencies only]. Details - ImportResultOutputID=29fa5e06454fd7d4a3de4ebaad1b9fb3 DependenciesID=c1b4948256745152fc2049e828600095 StaticDependenciesID=85fe6b83da180efd3b8a71f4f73ea1d2 
Importing 'GUID: a3e12f7b92d6e49c0b430ae7813c2398 - Path: Packages/com.unity.inputsystem/CHANGELOG.md' with importer (TextScriptImporter)
Imported 'GUID: a3e12f7b92d6e49c0b430ae7813c2398' -> (Import Result ID: '6e253b6c05d41764ec621623c9b80827') in 0.001 seconds [static dependencies only]. Details - ImportResultOutputID=e791530cf785a0d845ef0f3294cedc47 DependenciesID=766dbf788565dd94b1e506fb1dc897d2 StaticDependenciesID=87541cf7d4e8e05bbde34f815f385793 
Importing 'GUID: a363ef2608aa3684794c3db0480fcd81 - Path: Packages/com.unity.searcher/README.md' with importer (TextScriptImporter)
Imported 'GUID: a363ef2608aa3684794c3db0480fcd81' -> (Import Result ID: 'e164ce030bafd08f73e72eaad3221db8') in 0.001 seconds [static dependencies only]. Details - ImportResultOutputID=78c703a6f49dd4fc189e5437f89d2080 DependenciesID=15e950ca10b80835aed537189cc6609c StaticDependenciesID=154bdd20ed8a62ab5c57f29af9793372 
Importing 'GUID: d3cbe921f7b3d9a3257e7c61a5761796 - Path: Packages/com.unity.modules.terrainphysics/package.json' with importer (PackageManifestImporter)
Imported 'GUID: d3cbe921f7b3d9a3257e7c61a5761796' -> (Import Result ID: 'c6962603b20062c5a3d8cbe46638f06b') in 0.000 seconds [static dependencies only]. Details - ImportResultOutputID=dd1e3adb7083a3027e8e76a0f466a653 DependenciesID=6517e97cccb0ebb2f51518d264d97ccd StaticDependenciesID=89337a2390f409565d8be9f960167083 
Importing 'GUID: f32463968f29423cad25aee15a14b9f1 - Path: Packages/com.unity.render-pipelines.core/Runtime/Lighting/SurfaceCache/PunctualLightSampling.urtshader' with importer (ScriptedImporter : Unity.Rendering.LightTransport.Editor:UnityEditor.Rendering.UnifiedRayTracing:UnifiedRTShaderImporter)

Compiling Ray Tracing Shader "PunctualLightSampling.urtshader", keywords = <no keywords>
    finished in 0.11 seconds. Local cache hits 0, remote cache hits 0, compiled 1 platform variants
Imported 'GUID: f32463968f29423cad25aee15a14b9f1' -> (Import Result ID: 'f2a9ddf651c2299de536e475e894b18e') in 0.123 seconds [static and dynamic dependencies]. Details - ImportResultOutputID=6ad4520a2a4fd03f124e1b4878b55d03 DependenciesID=46db9437817b4cb19b3ec0492242b9b0 StaticDependenciesID=b63d74c4e924df89cb98a36e44fc1845 
Importing 'GUID: 04d1d03a8de3f47ea9ef95eaeff48ab0 - Path: Packages/com.unity.collab-proxy/Lib/Editor/Localization/basecommands.ja.txt' with importer (TextScriptImporter)
Imported 'GUID: 04d1d03a8de3f47ea9ef95eaeff48ab0' -> (Import Result ID: '1a91426901152b9394c63352d7d29fd4') in 0.001 seconds [static dependencies only]. Details - ImportResultOutputID=7ca5489f0a5ad41c078a1fb623aa5e3f DependenciesID=f49e481fa31ca1622710ceac459ea742 StaticDependenciesID=7280f2d7491fea7e199c289277dd8479 
Importing 'GUID: 04d1eeb7f27d6493ea75bc0478ed7ce4 - Path: Packages/com.unity.collab-proxy/Lib/Editor/Localization/cm.zh-Hant.txt' with importer (TextScriptImporter)
Imported 'GUID: 04d1eeb7f27d6493ea75bc0478ed7ce4' -> (Import Result ID: '81ad59b6e90a4b1fafd6a50612ba06b5') in 0.001 seconds [static dependencies only]. Details - ImportResultOutputID=8852f1a7d04ab81a4250da63f7775816 DependenciesID=3fbc4f7d44064c0a0f6a4c6089ca8f5a StaticDependenciesID=1614ef3190c091f81b935535e466e2db 
Importing 'GUID: 1451d029813b192429211be28181beab - Path: Packages/com.unity.render-pipelines.core/Runtime/PathTracing/Shaders/LightmapNormalIntegration.urtshader' with importer (ScriptedImporter : Unity.Rendering.LightTransport.Editor:UnityEditor.Rendering.UnifiedRayTracing:UnifiedRTShaderImporter)

Compiling Ray Tracing Shader "LightmapNormalIntegration.urtshader", keywords = <no keywords>
    finished in 0.14 seconds. Local cache hits 0, remote cache hits 0, compiled 1 platform variants
Imported 'GUID: 1451d029813b192429211be28181beab' -> (Import Result ID: '5a76e3ee8918ed9ce368aa22121e154a') in 0.148 seconds [static and dynamic dependencies]. Details - ImportResultOutputID=d7ec30c21259f6191b009c0dd6c32f3f DependenciesID=9b68e68844fe6ab4aaf87af409b1dd56 StaticDependenciesID=5afd8eadeec03e368f74c3a5603c453d 
Importing 'GUID: 2479a4656ed89570ebd1de1fdda3dae5 - Path: Packages/com.unity.modules.timelinefoundation/package.json' with importer (PackageManifestImporter)
Imported 'GUID: 2479a4656ed89570ebd1de1fdda3dae5' -> (Import Result ID: '0302208327ef60b38a6c6ef73efb8e67') in 0.001 seconds [static dependencies only]. Details - ImportResultOutputID=46a2b4bb43d4824a41d6c5129c0be0e9 DependenciesID=da2ed76247ab9d845fc0bddff5663209 StaticDependenciesID=89e750f67239ef258d2e24cbb0e9b393 
Importing 'GUID: 3422f2294d08c4f13915960a1f4a0808 - Path: Packages/com.unity.collab-proxy/Lib/Editor/Localization/guihelp.en.txt' with importer (TextScriptImporter)
Imported 'GUID: 3422f2294d08c4f13915960a1f4a0808' -> (Import Result ID: 'dbc6cd833eba40be1e7e55c4f9deb411') in 0.001 seconds [static dependencies only]. Details - ImportResultOutputID=9da13aaa094e2ec1b45d5542b55f74db DependenciesID=c8fc80a5cd2a922d2883297c0f9cf162 StaticDependenciesID=a03a9dfff01471a935ba42a461cc5b1e 
Importing 'GUID: 545a9d2bc7370224f8d14c22f2f580e0 - Path: Packages/com.unity.visualscripting/package.json' with importer (PackageManifestImporter)
Imported 'GUID: 545a9d2bc7370224f8d14c22f2f580e0' -> (Import Result ID: '6751e352d690eda4c689ebdc5a74e85b') in 0.001 seconds [static dependencies only]. Details - ImportResultOutputID=6c89d2e3db4eb2eed95185aec3c46c1f DependenciesID=97e553345c15dd9890a5f4713fdadbcd StaticDependenciesID=5a1333273266d833b3ab38e05d17d091 
Importing 'GUID: 64e81b2d5d66940ccb46edf3fe7c2ada - Path: Packages/com.unity.collab-proxy/Lib/Editor/Localization/cm.ja.txt' with importer (TextScriptImporter)
Imported 'GUID: 64e81b2d5d66940ccb46edf3fe7c2ada' -> (Import Result ID: '1dec96cdf0ce7a33297ca7595375f5e0') in 0.001 seconds [static dependencies only]. Details - ImportResultOutputID=a2cc0462c40a720bb551afa919e5e224 DependenciesID=d15b159a6fdeb33174459b5b70b5dee2 StaticDependenciesID=59677582b005442e3646b2cb9a8fde9f 
Importing 'GUID: 7434ec0f802604f68bee7449e1ab5673 - Path: Packages/com.unity.collab-proxy/Lib/Editor/Localization/common.en.txt' with importer (TextScriptImporter)
Imported 'GUID: 7434ec0f802604f68bee7449e1ab5673' -> (Import Result ID: 'db9ff6744ff8d268cce0e0bdacc5f9e6') in 0.001 seconds [static dependencies only]. Details - ImportResultOutputID=b4fd5dc73299c275f8a6b597d87d637c DependenciesID=eeb6a77461eb41e357a2d66556d007a6 StaticDependenciesID=6596bda39f36cdd1db43e66d09e44a95 
Importing 'GUID: 743fda8c4b219c8429fb5a77ede1c879 - Path: Packages/com.unity.collab-proxy/package.json' with importer (PackageManifestImporter)
Imported 'GUID: 743fda8c4b219c8429fb5a77ede1c879' -> (Import Result ID: 'b55f4405dcdfd568b8c00e832af691ce') in 0.001 seconds [static dependencies only]. Details - ImportResultOutputID=cd95d71ab52b767e2f9e6960abcb3d7b DependenciesID=a9b0a3f02536bbdc681dfafe31e8eb20 StaticDependenciesID=c4033591be626a29d147629f05844c76 
Importing 'GUID: 744fc2e853cbb46b1a5de3a22529af56 - Path: Packages/com.unity.collab-proxy/Lib/Editor/Localization/guihelp.es.txt' with importer (TextScriptImporter)
Imported 'GUID: 744fc2e853cbb46b1a5de3a22529af56' -> (Import Result ID: '8484ff1700ed74370b2ed9b783e6fed1') in 0.001 seconds [static dependencies only]. Details - ImportResultOutputID=949e4286c1ad8d0482fab8931edea1c2 DependenciesID=69d66cd9551bbe9521228422fd23f947 StaticDependenciesID=109ce43f4b221e066f379a70784a3285 
Importing 'GUID: 949061f1e48b34bfea6207e70ea0a0f6 - Path: Packages/com.unity.collab-proxy/Lib/Editor/Localization/cm.zh-Hans.txt' with importer (TextScriptImporter)
Imported 'GUID: 949061f1e48b34bfea6207e70ea0a0f6' -> (Import Result ID: '35fb9ce078eb76c232ac5e0795bc52e4') in 0.001 seconds [static dependencies only]. Details - ImportResultOutputID=529a6daa7af0be04ead0809ba8b98a88 DependenciesID=23269e99dfb33b6d1ba9e1c8dedf5086 StaticDependenciesID=d9fb196d5ca7dc13b1283c0b9ddbb1f8 
Importing 'GUID: 94a070d33e408384bafc1dea4a565df9 - Path: Packages/com.unity.render-pipelines.core/Editor/Lighting/ProbeVolume/RenderingLayerMask/TraceRenderingLayerMask.urtshader' with importer (ScriptedImporter : Unity.Rendering.LightTransport.Editor:UnityEditor.Rendering.UnifiedRayTracing:UnifiedRTShaderImporter)

Compiling Ray Tracing Shader "TraceRenderingLayerMask.urtshader", keywords = <no keywords>
    finished in 0.07 seconds. Local cache hits 0, remote cache hits 0, compiled 1 platform variants
Imported 'GUID: 94a070d33e408384bafc1dea4a565df9' -> (Import Result ID: 'fa54bdc541c604cdd92446090cade561') in 0.082 seconds [static and dynamic dependencies]. Details - ImportResultOutputID=370f14351580b81860bd0e45b6e77127 DependenciesID=00cc6662fe9c1aa54444d8446f6fbfca StaticDependenciesID=25a592d065c9c4788553066128367c57 
Importing 'GUID: 94a39d12848d8d64ca962a72b74e7c50 - Path: Packages/com.unity.render-pipelines.core/Runtime/Lighting/SurfaceCache/Estimation.urtshader' with importer (ScriptedImporter : Unity.Rendering.LightTransport.Editor:UnityEditor.Rendering.UnifiedRayTracing:UnifiedRTShaderImporter)

Compiling Ray Tracing Shader "Estimation.urtshader", keywords = <no keywords>
    finished in 0.15 seconds. Local cache hits 0, remote cache hits 0, compiled 1 platform variants
Imported 'GUID: 94a39d12848d8d64ca962a72b74e7c50' -> (Import Result ID: '49f4f1aaff0e8e1ee5e8cd552979f0b1') in 0.162 seconds [static and dynamic dependencies]. Details - ImportResultOutputID=f47e594795143a83689e5ef6bf7ea928 DependenciesID=ede442e905891bcdfc894e313fa891e3 StaticDependenciesID=ffb0a11028fb7b99287455d15347e1d8 
Importing 'GUID: c459bcd1659474966b59ac3f4adb1461 - Path: Packages/com.unity.collab-proxy/Lib/Editor/Localization/configurehelper.zh-Hans.txt' with importer (TextScriptImporter)
Imported 'GUID: c459bcd1659474966b59ac3f4adb1461' -> (Import Result ID: 'e8e65c0b11cb0fb1a74dd3a7a1c690ef') in 0.001 seconds [static dependencies only]. Details - ImportResultOutputID=8584de278b9376200dd6530bb65dbb83 DependenciesID=1707ad0a24760bec532248fe2743add5 StaticDependenciesID=f7f50d0085ab7165dc4fd43be2c5c521 
Importing 'GUID: e44ad81467ad247c587c5847830740b0 - Path: Packages/com.unity.collab-proxy/Lib/Editor/Localization/xdiff.es.txt' with importer (TextScriptImporter)
Imported 'GUID: e44ad81467ad247c587c5847830740b0' -> (Import Result ID: 'daccf4c2073676674b88e026a2c5b177') in 0.001 seconds [static dependencies only]. Details - ImportResultOutputID=b26d4e55dd47453f1102d7aa4195d358 DependenciesID=af768dec5a850074e44510ea69e9f092 StaticDependenciesID=b748217943b6ef804bcb949fbc7cd4d9 
Importing 'GUID: f415c70214a29428b9297efda0fa5867 - Path: Packages/com.unity.collab-proxy/Lib/Editor/Localization/clientcommon.es.txt' with importer (TextScriptImporter)
Imported 'GUID: f415c70214a29428b9297efda0fa5867' -> (Import Result ID: '54b8c822f4c7dc5bb71aed56bb936278') in 0.001 seconds [static dependencies only]. Details - ImportResultOutputID=efece29be5546565e4e55faf62d77c37 DependenciesID=3f81f2440e024fbd029578bac40f708e StaticDependenciesID=47b112ae5e0cdb2a27ff573d3668fc9d 
Importing 'GUID: 05f7f519769978b79b31d063a7fc6fa1 - Path: Packages/com.unity.modules.unitywebrequestassetbundle/package.json' with importer (PackageManifestImporter)
Imported 'GUID: 05f7f519769978b79b31d063a7fc6fa1' -> (Import Result ID: '4e7f058c964e1e63e1c953b992af019b') in 0.001 seconds [static dependencies only]. Details - ImportResultOutputID=bc2c97e74faeca88ac7413fb1ab6bdad DependenciesID=4922d3f5480f1c735012b971dc672e06 StaticDependenciesID=d86e0c2d1b53ce6b8f92e493f4765894 
Importing 'GUID: 254f40821697f4cd0a87eafc8ffdd99a - Path: Packages/com.unity.collab-proxy/Lib/Editor/Localization/plastic-gui.ko.txt' with importer (TextScriptImporter)
Imported 'GUID: 254f40821697f4cd0a87eafc8ffdd99a' -> (Import Result ID: 'a578129826a22b4a9372f9caa9019d05') in 0.001 seconds [static dependencies only]. Details - ImportResultOutputID=27973575e7ad95e77b8635cfe3ba140a DependenciesID=157f45503e1d1eef60246cdd800ceda7 StaticDependenciesID=147676ae3cdb33d43e359a9411772d08 
Importing 'GUID: 35e4e59a581b14a438871c37fee1eb75 - Path: Packages/com.unity.collab-proxy/Lib/Editor/Localization/images.es.txt' with importer (TextScriptImporter)
Imported 'GUID: 35e4e59a581b14a438871c37fee1eb75' -> (Import Result ID: '7cfe8f23866258233292485a4057bf06') in 0.001 seconds [static dependencies only]. Details - ImportResultOutputID=4d5ca0ec5ad7651db5a1a91cbd6fd9d0 DependenciesID=78fb60d1406333eed92b4b13b1534625 StaticDependenciesID=200e333c22096a643670a97f8ef73d2b 
Importing 'GUID: 352d8dfb4e64c4362bea2314a465969e - Path: Packages/com.unity.collab-proxy/Lib/Editor/Localization/semantic.en.txt' with importer (TextScriptImporter)
Imported 'GUID: 352d8dfb4e64c4362bea2314a465969e' -> (Import Result ID: '570a77d4ba79fb24f0747058f134ed1e') in 0.001 seconds [static dependencies only]. Details - ImportResultOutputID=ece163c47aaf6020e07bd805f062336f DependenciesID=0416bcdc8cd1cd3d12e0d8e2c823d909 StaticDependenciesID=265c0da5a273ff41b5e42c53eb1bc0f3 
Importing 'GUID: 65f3b5a9bc28743fa8f2708cfd11ed08 - Path: Packages/com.unity.collab-proxy/Lib/Editor/Localization/commontypes.es.txt' with importer (TextScriptImporter)
Imported 'GUID: 65f3b5a9bc28743fa8f2708cfd11ed08' -> (Import Result ID: '7fa1b26d03d610596a6f5125f3d214af') in 0.001 seconds [static dependencies only]. Details - ImportResultOutputID=dbbf3a040bb4ee97809c0dd7ed075709 DependenciesID=e7083ab0873e3e962fac160f38b9ea3e StaticDependenciesID=899635cf5bff3d19cebd1a15d7e64b44 
Importing 'GUID: 658d4b56a429c42dc82f506a2767b2e6 - Path: Packages/com.unity.collab-proxy/Lib/Editor/Localization/i3.ja.txt' with importer (TextScriptImporter)
Imported 'GUID: 658d4b56a429c42dc82f506a2767b2e6' -> (Import Result ID: '11bc3e5891dbbde513e243edad4f9f82') in 0.001 seconds [static dependencies only]. Details - ImportResultOutputID=3e3b396fea60cbeb50f8dc0d607c2a60 DependenciesID=c0494f9cafeca70b1ef7ded86f8093b0 StaticDependenciesID=917608c501c5a0d1ae74a79be83b507f 
Importing 'GUID: 754c536771c1f404c8b3c600e2c1f38e - Path: Packages/com.unity.collab-proxy/Lib/Editor/Localization/cm.ko.txt' with importer (TextScriptImporter)
Imported 'GUID: 754c536771c1f404c8b3c600e2c1f38e' -> (Import Result ID: '1c2f4bba64e0a51632922f11a535389f') in 0.001 seconds [static dependencies only]. Details - ImportResultOutputID=96396c19a14c34f6878fee56fadacf1f DependenciesID=3d70fcfa4f3c37ffc1162f69920a2f00 StaticDependenciesID=ea5ce3df736f33311576cbcc42c0deb4 
Importing 'GUID: 753d1ac2429a21a44ac5f937cbbb409f - Path: Packages/com.unity.render-pipelines.core/package.json' with importer (PackageManifestImporter)
Imported 'GUID: 753d1ac2429a21a44ac5f937cbbb409f' -> (Import Result ID: '4751fee86d4b25a2520c6e19ccd4ec27') in 0.001 seconds [static dependencies only]. Details - ImportResultOutputID=78912479289f2863c5e3a4bc9cd08f3f DependenciesID=ac167b5169ded5429a67d196cecf3b25 StaticDependenciesID=abe9dc61c4fffd1207b4a107b89f1c8a 
Importing 'GUID: 9504038b26e9241129fb5162ff8877f6 - Path: Packages/com.unity.collab-proxy/Lib/Editor/Localization/images.ja.txt' with importer (TextScriptImporter)
Imported 'GUID: 9504038b26e9241129fb5162ff8877f6' -> (Import Result ID: '411ac46c0b398d680628a62c6974b003') in 0.001 seconds [static dependencies only]. Details - ImportResultOutputID=54d0099c7ec8042be80d947b5db959c1 DependenciesID=5f9d7388ccc952ddc7a34724bc03fd0e StaticDependenciesID=00cdef39a6ee028466369dd555805b9e 
Importing 'GUID: 953fab16d15d5885b3600fcd6388b2ad - Path: Packages/com.unity.modules.imageconversion/package.json' with importer (PackageManifestImporter)
Imported 'GUID: 953fab16d15d5885b3600fcd6388b2ad' -> (Import Result ID: 'f429bdfb79f913ce8c501a82d8358497') in 0.000 seconds [static dependencies only]. Details - ImportResultOutputID=0e4995c3f3dd5769464d8a543795eb59 DependenciesID=65c452b17df9a2ed2f86b3ad31f5fd59 StaticDependenciesID=3a87574dc1bf2139ab2e833c570d41ac 
Importing 'GUID: a5d815866ec304e56b03ec5cfc5f8b0a - Path: Packages/com.unity.collections/CHANGELOG.md' with importer (TextScriptImporter)
Imported 'GUID: a5d815866ec304e56b03ec5cfc5f8b0a' -> (Import Result ID: 'e5bef267f4140b6b9a1767ab67490ab7') in 0.001 seconds [static dependencies only]. Details - ImportResultOutputID=f6ff9d3b999d7f412af986a234c0d6be DependenciesID=345ca4a40d356087d69ecf8ca391e5a1 StaticDependenciesID=ae2894dd30f79292f15307fc17ec42c9 
Importing 'GUID: b5930dbc378b45d406aeb881f06b6dfa - Path: Packages/com.unity.modules.physicscore2d/package.json' with importer (PackageManifestImporter)
Imported 'GUID: b5930dbc378b45d406aeb881f06b6dfa' -> (Import Result ID: '2a94add01761f8fc65c922a501319370') in 0.001 seconds [static dependencies only]. Details - ImportResultOutputID=af44914a33c884dc4608f0447aad1ab8 DependenciesID=bbce0d58c26795613a52965175925ea9 StaticDependenciesID=920f07d595124003c9dbccbb35574a76 
Importing 'GUID: d5535157d876041cca6e4b5685064ebf - Path: Packages/com.unity.collab-proxy/Lib/Editor/Localization/commontypes.zh-Hans.txt' with importer (TextScriptImporter)
Imported 'GUID: d5535157d876041cca6e4b5685064ebf' -> (Import Result ID: 'a8a2b839a21d9ec3c8892c195f3d9df9') in 0.001 seconds [static dependencies only]. Details - ImportResultOutputID=e60fc4aacdf8a4e0b8220e3cf5bb7d4e DependenciesID=3865d95f8ea3206366469c98efe0b05d StaticDependenciesID=f161075c91492b3f39ff11e23225ad7d 
Importing 'GUID: d5ac453c34e359d439de9d724772ed3d - Path: Packages/com.unity.shadergraph/package.json' with importer (PackageManifestImporter)
Imported 'GUID: d5ac453c34e359d439de9d724772ed3d' -> (Import Result ID: '88250c0fa62248b816671e5cc15c5ac4') in 0.001 seconds [static dependencies only]. Details - ImportResultOutputID=752c4866bb7d0c7fb394e591164ef98d DependenciesID=260b97035b0d1f1296e8d3a012af905f StaticDependenciesID=d0178fc1d832d43e2a43722cfcf77206 
Importing 'GUID: f5ba4d424d4566249b3d94cf81a3e916 - Path: Packages/com.unity.render-pipelines.core/Runtime/PathTracing/Shaders/LightmapDirectDirectionalAndEnvironmentIntegration.urtshader' with importer (ScriptedImporter : Unity.Rendering.LightTransport.Editor:UnityEditor.Rendering.UnifiedRayTracing:UnifiedRTShaderImporter)

Compiling Ray Tracing Shader "LightmapDirectDirectionalAndEnvironmentIntegration.urtshader", keywords = <no keywords>
    finished in 0.30 seconds. Local cache hits 0, remote cache hits 0, compiled 1 platform variants
Imported 'GUID: f5ba4d424d4566249b3d94cf81a3e916' -> (Import Result ID: '9298103ef183efce14451bb9d0681de7') in 0.309 seconds [static and dynamic dependencies]. Details - ImportResultOutputID=92da357ad9f2ea292ba0010a49bd242e DependenciesID=54add2eabc34f133beeaf39f2e629e06 StaticDependenciesID=d4bdfd2147f181839dcd88d16b4cc45b 
Importing 'GUID: 16b5d2a7d862f49ffb9453600e8ee776 - Path: Packages/com.unity.render-pipelines.universal/CHANGELOG.md' with importer (TextScriptImporter)
Imported 'GUID: 16b5d2a7d862f49ffb9453600e8ee776' -> (Import Result ID: '1df55697eabd4869eea4874a5d0a2ce3') in 0.001 seconds [static dependencies only]. Details - ImportResultOutputID=8b24809bd3a9e262cef0ee7a4fc723ae DependenciesID=354a45e2d3c4283131abfd6a403df19a StaticDependenciesID=4f32f8b266d8816ae83af0c7adc223da 
Importing 'GUID: 26a4f29db434fd79025c91f6126382cc - Path: Packages/com.unity.modules.unityanalytics/package.json' with importer (PackageManifestImporter)
Imported 'GUID: 26a4f29db434fd79025c91f6126382cc' -> (Import Result ID: '1f638ec50865121ee10f404e14c75ab5') in 0.001 seconds [static dependencies only]. Details - ImportResultOutputID=d24cdca416056c3767c03f6739fd11b9 DependenciesID=8bdea4c5466816daf6e8103cf30828da StaticDependenciesID=4ebdb3799ab953706fae87a220b5817b 
Importing 'GUID: 6637a4e3859ff40ef8966ef15207c985 - Path: Packages/com.unity.collab-proxy/Lib/Editor/Localization/clientcommon.zh-Hans.txt' with importer (TextScriptImporter)
Imported 'GUID: 6637a4e3859ff40ef8966ef15207c985' -> (Import Result ID: '8a738e53c9123363d48e0a76f914a9f3') in 0.001 seconds [static dependencies only]. Details - ImportResultOutputID=fbd25aa793cd8f573cbcc59627d6b745 DependenciesID=89d64714a37edd63874d3397581b57b7 StaticDependenciesID=24f4034a8ff335a424044c18cd34bfce 
Importing 'GUID: 7624adbeb148b5c48ab5ab660cc2602a - Path: Packages/com.unity.render-pipelines.core/Runtime/PathTracing/Shaders/LightmapIndirectIntegration.urtshader' with importer (ScriptedImporter : Unity.Rendering.LightTransport.Editor:UnityEditor.Rendering.UnifiedRayTracing:UnifiedRTShaderImporter)

Compiling Ray Tracing Shader "LightmapIndirectIntegration.urtshader", keywords = <no keywords>
    finished in 0.80 seconds. Local cache hits 0, remote cache hits 0, compiled 1 platform variants
Imported 'GUID: 7624adbeb148b5c48ab5ab660cc2602a' -> (Import Result ID: '025833a3373de41adf26234cd28d8cd0') in 0.807 seconds [static and dynamic dependencies]. Details - ImportResultOutputID=30176551b5a0947e4812ee0c1f7d44d0 DependenciesID=b14aa07b6fd56d686d3a27d87d32ebd0 StaticDependenciesID=637eaa30376abb268136eb146f59c034 
Importing 'GUID: 86b0e09d2fd75564f90fbc601e1eec6b - Path: Packages/com.unity.searcher/package.json' with importer (PackageManifestImporter)
Imported 'GUID: 86b0e09d2fd75564f90fbc601e1eec6b' -> (Import Result ID: '17b8d11ea5a8bd943e0176873f0e66de') in 0.001 seconds [static dependencies only]. Details - ImportResultOutputID=a0ead2ab5c35c1ddf5b88d2f9cd3d649 DependenciesID=b451a46f215b09fe926cf8b1e4041231 StaticDependenciesID=be94b6d7c018d610f5faecb821625271 
Importing 'GUID: 96d14b71b907bb52333b2886e665aba6 - Path: Packages/com.unity.modules.video/package.json' with importer (PackageManifestImporter)
Imported 'GUID: 96d14b71b907bb52333b2886e665aba6' -> (Import Result ID: '6b4f50a4e00b550b15fbd8f3ac5e84b5') in 0.001 seconds [static dependencies only]. Details - ImportResultOutputID=0a5bae1cac69280d6b37914850384cc6 DependenciesID=77125f870918faa373ab6ef5167113de StaticDependenciesID=68f521bd5c1f61d426b3051a918c6b9e 
Importing 'GUID: b69f7dbec673945568d075d495946c76 - Path: Packages/com.unity.collab-proxy/Lib/Editor/Localization/clientcommon.en.txt' with importer (TextScriptImporter)
Imported 'GUID: b69f7dbec673945568d075d495946c76' -> (Import Result ID: 'a30cd7c051276ddb7d1d5204db4e0778') in 0.001 seconds [static dependencies only]. Details - ImportResultOutputID=a293e4b135ef9a9edbe62fcf1f669bf7 DependenciesID=ab7f9271de3d22716920a7349e3a6819 StaticDependenciesID=caf88c2381508cb32605c14fb8f6766b 
Importing 'GUID: d63b557b2dc494bd4a7639fdd39bc3f8 - Path: Packages/com.unity.collab-proxy/Lib/Editor/Localization/configurehelper.en.txt' with importer (TextScriptImporter)
Imported 'GUID: d63b557b2dc494bd4a7639fdd39bc3f8' -> (Import Result ID: '8d7070f9dbe29f1b5e3283136cff6adf') in 0.001 seconds [static dependencies only]. Details - ImportResultOutputID=de2af614f0e8aebf42c01f100e6cbf9a DependenciesID=dc88776455282ecfaa7a69e5d7751e0f StaticDependenciesID=70c21a869e6d40b009332576420af269 
Importing 'GUID: f66454863bc106549a6b53849ee63b41 - Path: Packages/com.unity.timeline/README.md' with importer (TextScriptImporter)
Imported 'GUID: f66454863bc106549a6b53849ee63b41' -> (Import Result ID: 'ffcbf3153ae54a80790dce38a40e8384') in 0.001 seconds [static dependencies only]. Details - ImportResultOutputID=0f336cc359ff0f574ec302a9882f6afa DependenciesID=d8bd01cde80b2911b3c4d4716182d1a7 StaticDependenciesID=fea0c92b33323490829fa08cb5f3cd4c 
Importing 'GUID: 27b146ccf48d544ceb6075cf89e2e6b7 - Path: Packages/com.unity.collab-proxy/Lib/Editor/Localization/cm-help.ko.txt' with importer (TextScriptImporter)
Imported 'GUID: 27b146ccf48d544ceb6075cf89e2e6b7' -> (Import Result ID: '14589e485e9f879b13cc535677fb42c2') in 0.001 seconds [static dependencies only]. Details - ImportResultOutputID=b3c97ebcc9f7a65016b6afb4b71a6f4b DependenciesID=e194df71ac91d7936c037d6242a1e73a StaticDependenciesID=4718350a846b3f25f17f2c796c7e25f8 
Importing 'GUID: 37641adce24ed48bf862c789b4290a18 - Path: Packages/com.unity.collab-proxy/Lib/Editor/Localization/cm-help.es.txt' with importer (TextScriptImporter)
Imported 'GUID: 37641adce24ed48bf862c789b4290a18' -> (Import Result ID: '32c1818a5dccf9063eedfbc56cdb216c') in 0.001 seconds [static dependencies only]. Details - ImportResultOutputID=e7c012a0c682822643d6465ef4a0e349 DependenciesID=8c7922043995e07134bd3f1556e39b77 StaticDependenciesID=9a62d36ce9b014696dc4b4895e38c5ce 
Importing 'GUID: 47777d81697d65f45befb6ccd55b2324 - Path: Packages/com.unity.collab-proxy/CHANGELOG.md' with importer (TextScriptImporter)
Imported 'GUID: 47777d81697d65f45befb6ccd55b2324' -> (Import Result ID: 'be02f16fc05e65bd73e236a452900794') in 0.001 seconds [static dependencies only]. Details - ImportResultOutputID=1634c7dd3a0218f7b66acae7a46eb1b6 DependenciesID=0eb82666b8fa44a83c259ac52d8362b3 StaticDependenciesID=72b6e217b67ca00db73b18236123f37b 
Importing 'GUID: 87d720faa37005c08600090e04d8c739 - Path: Packages/com.unity.modules.particlesystem/package.json' with importer (PackageManifestImporter)
Imported 'GUID: 87d720faa37005c08600090e04d8c739' -> (Import Result ID: '15ba545013c55640b4ce8e0d94e20d46') in 0.001 seconds [static dependencies only]. Details - ImportResultOutputID=af5c3885a5831dbe4c34a3756290e84a DependenciesID=bbdc17fc46e2a3d1111a4d4e4153fb2a StaticDependenciesID=06de8909aa29b12b2795f90e8aee05d2 
Importing 'GUID: 87682812dc6554d4a9ec8ab671249e1a - Path: Packages/com.unity.collab-proxy/Lib/Editor/Localization/differences.es.txt' with importer (TextScriptImporter)
Imported 'GUID: 87682812dc6554d4a9ec8ab671249e1a' -> (Import Result ID: '70bd99d18b028effacbab5fb845c6ccb') in 0.001 seconds [static dependencies only]. Details - ImportResultOutputID=728f483f016867b1739e03bfa999ac45 DependenciesID=946ab955aed418629d767e3189f5bff0 StaticDependenciesID=61a957dbdfa9cb539fc884c5271c76a3 
Importing 'GUID: 877a99378004f41f2b5a80b2c6541f82 - Path: Packages/com.unity.collab-proxy/Lib/Editor/Localization/differences.zh-Hans.txt' with importer (TextScriptImporter)
Imported 'GUID: 877a99378004f41f2b5a80b2c6541f82' -> (Import Result ID: '2b43dbd7a75e754e118d1486e6138fe0') in 0.001 seconds [static dependencies only]. Details - ImportResultOutputID=b114fbc976c17d6531401322764ae889 DependenciesID=b99aaa51915ae4e5d142766b9c7bbf1b StaticDependenciesID=cf2877e8fadfd4dc20cf8ff85e76dc15 
Importing 'GUID: c7aab5799325e4902abe60fbfd72648d - Path: Packages/com.unity.collab-proxy/Lib/Editor/Localization/i3.zh-Hant.txt' with importer (TextScriptImporter)
Imported 'GUID: c7aab5799325e4902abe60fbfd72648d' -> (Import Result ID: '80d1fb111cebfe27882308fd259c5f71') in 0.001 seconds [static dependencies only]. Details - ImportResultOutputID=9f62f1b87fc4c739c75045379b3fa9d3 DependenciesID=3f8cea07783ade9275ac98678881ebbc StaticDependenciesID=75ff713ca35c7d5e3c8826ee2d011a5b 
Importing 'GUID: c70ea648a3f0e4ff9b199c2290c995ba - Path: Packages/com.unity.collab-proxy/Lib/Editor/Localization/commontypes.zh-Hant.txt' with importer (TextScriptImporter)
Imported 'GUID: c70ea648a3f0e4ff9b199c2290c995ba' -> (Import Result ID: '72f1ab5f9ac6029eaea3ee1b74b75436') in 0.001 seconds [static dependencies only]. Details - ImportResultOutputID=7bd11d2ce033439499aa589ca64c4502 DependenciesID=74a6a702f558eac90bbee927ab36f878 StaticDependenciesID=52741e40fc26da64b7acd57198046f7d 
Importing 'GUID: e75e0df8dd2c8478ebfabe12247bb691 - Path: Packages/com.unity.collab-proxy/Lib/Editor/Localization/differences.ja.txt' with importer (TextScriptImporter)
Imported 'GUID: e75e0df8dd2c8478ebfabe12247bb691' -> (Import Result ID: 'ef299f384c1a50c9ff3fdbe915d16cb3') in 0.001 seconds [static dependencies only]. Details - ImportResultOutputID=233663b191d708d4d7f6fdbeb8ba14fc DependenciesID=8548a3793b406a9bf63cca4dc2cdcc4c StaticDependenciesID=0307e8c777ca5e50640a0358c76894a3 
Importing 'GUID: f7a8357347c80dc69c08d0b1a05e2122 - Path: Packages/com.unity.modules.physics2d/package.json' with importer (PackageManifestImporter)
Imported 'GUID: f7a8357347c80dc69c08d0b1a05e2122' -> (Import Result ID: '8e18bbb66b2b3d8f7842ee3a260e5e45') in 0.000 seconds [static dependencies only]. Details - ImportResultOutputID=ffdd5cf71990097dc8e67f888e336b27 DependenciesID=68187d32eb6aebb86cb290844636b6d9 StaticDependenciesID=f56b4961831f9b23bfaa0e5ff6985f7e 
Importing 'GUID: 28e6bfc8d8ce6402389de7e623366f4c - Path: Packages/com.unity.collab-proxy/Lib/Editor/Localization/basecommands.zh-Hans.txt' with importer (TextScriptImporter)
Imported 'GUID: 28e6bfc8d8ce6402389de7e623366f4c' -> (Import Result ID: 'd498183dc7df07ce70f1dc670c4af3cd') in 0.001 seconds [static dependencies only]. Details - ImportResultOutputID=4fec040764f890b08224cf5f54bdf72d DependenciesID=fd6898c3f350af687a77c8e2bb4c12a9 StaticDependenciesID=079f55bcde3186d714092dadf5a95e49 
Importing 'GUID: 282cf81f2a10042db8ff91019ddedbcb - Path: Packages/com.unity.collab-proxy/Lib/Editor/Localization/commontypes.ja.txt' with importer (TextScriptImporter)
Imported 'GUID: 282cf81f2a10042db8ff91019ddedbcb' -> (Import Result ID: '30283178ee77c35a5190127c3110d20e') in 0.001 seconds [static dependencies only]. Details - ImportResultOutputID=3514281e04daf9c98b14c5d757c0be0a DependenciesID=87fbd9e9f760ba3c0de373421e2a54f1 StaticDependenciesID=8d0574607522e9b82b87522975b69a14 
Importing 'GUID: 5802aa7500f454c90b4d8ff48d6d5f0a - Path: Packages/com.unity.collab-proxy/Lib/Editor/Localization/semantic.ko.txt' with importer (TextScriptImporter)
Imported 'GUID: 5802aa7500f454c90b4d8ff48d6d5f0a' -> (Import Result ID: 'dc5d5a4ac40014011332136054266cf0') in 0.001 seconds [static dependencies only]. Details - ImportResultOutputID=240036e299095ab225be361a71c65cec DependenciesID=c8e23f46d80737cbb041b530f9d0bf2a StaticDependenciesID=107bf47e886c0e85f3198b37f0bce4d0 
Importing 'GUID: 78e5667e52329c3ceef41288763404ae - Path: Packages/com.unity.modules.vectorgraphics/package.json' with importer (PackageManifestImporter)
Imported 'GUID: 78e5667e52329c3ceef41288763404ae' -> (Import Result ID: '09f01d89e95ac1113032cda9f5947657') in 0.001 seconds [static dependencies only]. Details - ImportResultOutputID=ef5e6b3fee8048647d8f25b6cde53588 DependenciesID=cc5ecf416d7daecaadaacc0456f35c38 StaticDependenciesID=084b183a4b093193949ce92dec6e1dc4 
Importing 'GUID: 88f256f2677614287b3dcc01ebaed742 - Path: Packages/com.unity.collab-proxy/Lib/Editor/Localization/plastic-gui.zh-Hans.txt' with importer (TextScriptImporter)
Imported 'GUID: 88f256f2677614287b3dcc01ebaed742' -> (Import Result ID: 'c072975e0cff0776f8f0f093047e93f7') in 0.001 seconds [static dependencies only]. Details - ImportResultOutputID=afb59c9f43a79557156e1935402e300b DependenciesID=f9aa3b49d67eb345e748d5e0627c6f61 StaticDependenciesID=8d7b88a7275e82774a3966b9a5353243 
Importing 'GUID: a83407279afb941b881a311361179ac0 - Path: Packages/com.unity.collab-proxy/Lib/Editor/Localization/mergetool.zh-Hant.txt' with importer (TextScriptImporter)
Imported 'GUID: a83407279afb941b881a311361179ac0' -> (Import Result ID: '2bc8f64f430a571659e70a7b2dcb9744') in 0.001 seconds [static dependencies only]. Details - ImportResultOutputID=f9ed657258281d24397b1cfb5e3d2bb9 DependenciesID=158360ca58b3aa052a43c27b793af4f9 StaticDependenciesID=4ff42050cea9ad725ce7911aee585c50 
Importing 'GUID: b81eba7aab1be4cd58887d73e21fd1bb - Path: Packages/com.unity.collab-proxy/Lib/Editor/Localization/commontypes.en.txt' with importer (TextScriptImporter)
Imported 'GUID: b81eba7aab1be4cd58887d73e21fd1bb' -> (Import Result ID: '49371d7b7c0505f3aa0fe23ec08040f1') in 0.001 seconds [static dependencies only]. Details - ImportResultOutputID=9182a4e53bc05c248b15f6e3e657efc8 DependenciesID=a198b4a5d316957ff4d78c8631a7e582 StaticDependenciesID=71e55defe7bb161ba59adc1c3f246f61 
Importing 'GUID: b83f06ac0c0696e9563230865ca72b81 - Path: Packages/com.unity.modules.wind/package.json' with importer (PackageManifestImporter)
Imported 'GUID: b83f06ac0c0696e9563230865ca72b81' -> (Import Result ID: '9dc79958c73e3a55e2560d2ec74ff90d') in 0.001 seconds [static dependencies only]. Details - ImportResultOutputID=86a5be3d0a8a6444c0847994148a04c5 DependenciesID=95d8fc5d2bbd997a55ecfbddefb96c80 StaticDependenciesID=66cc94a4346663330b5c6298f2e148dc 
Importing 'GUID: d82aed42d3f844894a9db69e57405e03 - Path: Packages/com.unity.collab-proxy/Lib/Editor/Localization/guihelp.ko.txt' with importer (TextScriptImporter)
Imported 'GUID: d82aed42d3f844894a9db69e57405e03' -> (Import Result ID: '0292a5b52b6abddeb6a0ea89abe32516') in 0.001 seconds [static dependencies only]. Details - ImportResultOutputID=b6d633e8644e4348cf39ec7a53a58a7a DependenciesID=e93f71fd95e3c899186673d4be3ec387 StaticDependenciesID=1646b72ca05376dc382ecdc83d633c2e 
Importing 'GUID: d85e5eeaf8f135aeaaebdc8aa3cff6c3 - Path: Packages/com.unity.modules.umbra/package.json' with importer (PackageManifestImporter)
Imported 'GUID: d85e5eeaf8f135aeaaebdc8aa3cff6c3' -> (Import Result ID: 'ee2615399b279152b0335e685f9e4f21') in 0.001 seconds [static dependencies only]. Details - ImportResultOutputID=6667220eaf37b9411d76bda967a29351 DependenciesID=bb715ffc975102cf4a247ccc967a7412 StaticDependenciesID=eb37a685219cb5aef5fbd5df60eae697 
Importing 'GUID: 29b1e9ffb25b74031b50a8221de97f8d - Path: Packages/com.unity.collab-proxy/Lib/Editor/Localization/cm-help.zh-Hant.txt' with importer (TextScriptImporter)
Imported 'GUID: 29b1e9ffb25b74031b50a8221de97f8d' -> (Import Result ID: '651a78bd0fc71d8099eab424e6aab0a3') in 0.001 seconds [static dependencies only]. Details - ImportResultOutputID=fafd19ce4f25a93ee96ad6430422156d DependenciesID=823046526fa68c7356e94fae13ce57da StaticDependenciesID=b1b8b4f7f6f363015dfa6ad0147b3bc9 
Importing 'GUID: 5951703b3d165764c95c653e98350884 - Path: Packages/com.unity.render-pipelines.core/Runtime/PathTracing/Shaders/LightmapDirectBRDFIntegration.urtshader' with importer (ScriptedImporter : Unity.Rendering.LightTransport.Editor:UnityEditor.Rendering.UnifiedRayTracing:UnifiedRTShaderImporter)

Compiling Ray Tracing Shader "LightmapDirectBRDFIntegration.urtshader", keywords = <no keywords>
    finished in 0.19 seconds. Local cache hits 0, remote cache hits 0, compiled 1 platform variants
Imported 'GUID: 5951703b3d165764c95c653e98350884' -> (Import Result ID: '7957e62831e1cc4731511bf7352269d9') in 0.205 seconds [static and dynamic dependencies]. Details - ImportResultOutputID=7d05424750d76fa28ab0369f52f6fc46 DependenciesID=67338537f99bf59ac795b092e3191594 StaticDependenciesID=059ad849da4bff5dcc29e3cff7813344 
Importing 'GUID: 59cbf3334d6d341e7aa10e40a866ec08 - Path: Packages/com.unity.collab-proxy/Lib/Editor/Localization/clientcommon.ja.txt' with importer (TextScriptImporter)
Imported 'GUID: 59cbf3334d6d341e7aa10e40a866ec08' -> (Import Result ID: '2796596f7623323f4d48923d3d98b935') in 0.001 seconds [static dependencies only]. Details - ImportResultOutputID=035b611120bd8ffac8af382022675f38 DependenciesID=10ef964edbb446cff36df222bcee7892 StaticDependenciesID=d7968d40cb712e75be535302fe9a0064 
Importing 'GUID: 69ead5bd7679848fc9a97fa8b4195b87 - Path: Packages/com.unity.collab-proxy/Lib/Editor/Localization/cm.en.txt' with importer (TextScriptImporter)
Imported 'GUID: 69ead5bd7679848fc9a97fa8b4195b87' -> (Import Result ID: '9ec5037653b388035ba42004d59544a0') in 0.001 seconds [static dependencies only]. Details - ImportResultOutputID=e903aceb0872a21291d968436f276362 DependenciesID=03122da2f8e2b88c306b21d94d453fa9 StaticDependenciesID=feba9a731aa2620f735a851bc75df73c 
Importing 'GUID: 794ad79b3d07f4ca58ab42f0cff5c9d3 - Path: Packages/com.unity.collab-proxy/Lib/Editor/Localization/xdiff.zh-Hans.txt' with importer (TextScriptImporter)
Imported 'GUID: 794ad79b3d07f4ca58ab42f0cff5c9d3' -> (Import Result ID: '4dd0ad27848f25ccaf9e4d19086682c2') in 0.001 seconds [static dependencies only]. Details - ImportResultOutputID=9f65ea975c0d8b44eed50adb66adc795 DependenciesID=5c11b9fa74c4d28251fc4708b1580697 StaticDependenciesID=f69b3f0cb59e5a45eb23ba2bb94ebb4e 
Importing 'GUID: 99ac6221b6ecd7b479be13e8b9866300 - Path: Packages/com.unity.render-pipelines.core/Tests/Editor/PathTracing/Shaders/TerrainRayMarchingTest.urtshader' with importer (ScriptedImporter : Unity.Rendering.LightTransport.Editor:UnityEditor.Rendering.UnifiedRayTracing:UnifiedRTShaderImporter)

Compiling Ray Tracing Shader "TerrainRayMarchingTest.urtshader", keywords = <no keywords>
    finished in 0.09 seconds. Local cache hits 0, remote cache hits 0, compiled 1 platform variants
Imported 'GUID: 99ac6221b6ecd7b479be13e8b9866300' -> (Import Result ID: 'a0b8c655361917eeab03b6cb3bec927c') in 0.093 seconds [static and dynamic dependencies]. Details - ImportResultOutputID=b9a8d12a217d69a346b9e17de84e33e0 DependenciesID=edb0ccd5da4047aac9f2f222d80ab915 StaticDependenciesID=dc53200b7c0c8c0e6f9de4f99348b559 
Importing 'GUID: d96c656f30ddc4678ad028fdb55449c3 - Path: Packages/com.unity.collab-proxy/Lib/Editor/Localization/mergetool.ko.txt' with importer (TextScriptImporter)
Imported 'GUID: d96c656f30ddc4678ad028fdb55449c3' -> (Import Result ID: 'ec3cb0216aac85036b02540be36d763c') in 0.001 seconds [static dependencies only]. Details - ImportResultOutputID=8f8ec8c45b1c2dfbf4d3d93bc34e4b8d DependenciesID=880ed70208fc37ad580723a0dccd09fa StaticDependenciesID=44a38049f600f5561f63e02bb32fb51b 
Importing 'GUID: d9fe79419851eee4e8c90f7d0f934859 - Path: Packages/com.unity.inputsystem/ValidationExceptions.json' with importer (TextScriptImporter)
Imported 'GUID: d9fe79419851eee4e8c90f7d0f934859' -> (Import Result ID: '8d468b13f51c72dae1edf253c9f41bce') in 0.001 seconds [static dependencies only]. Details - ImportResultOutputID=03c013dbc74388ed2e5c6e1aba492dda DependenciesID=e594c51434638f9d454f423f97126ac5 StaticDependenciesID=e0477e8e14a96f5f79c24f47fad23317 
Importing 'GUID: e943e3d5ede9d0848a8e889af1e6656c - Path: Packages/com.unity.visualscripting/CHANGELOG.md' with importer (TextScriptImporter)
Imported 'GUID: e943e3d5ede9d0848a8e889af1e6656c' -> (Import Result ID: '95d60cace9e14268582577a74cedc3ae') in 0.001 seconds [static dependencies only]. Details - ImportResultOutputID=c4d4b90e58681f33da83b7e523d91704 DependenciesID=a6af4a4bb929da73ae347ab0f706a117 StaticDependenciesID=369822530dae264ea999d974ac09f827 
Importing 'GUID: e9f4de6d1e07fb94f9a60d35b618f724 - Path: Packages/com.unity.render-pipelines.core/Runtime/PathTracing/Shaders/LightmapGBufferIntegration.urtshader' with importer (ScriptedImporter : Unity.Rendering.LightTransport.Editor:UnityEditor.Rendering.UnifiedRayTracing:UnifiedRTShaderImporter)

Compiling Ray Tracing Shader "LightmapGBufferIntegration.urtshader", keywords = <no keywords>
    finished in 0.08 seconds. Local cache hits 0, remote cache hits 0, compiled 1 platform variants
Imported 'GUID: e9f4de6d1e07fb94f9a60d35b618f724' -> (Import Result ID: 'dfbc8529e4b9b26f6cfe5067dc195192') in 0.086 seconds [static and dynamic dependencies]. Details - ImportResultOutputID=217fcc79564b4f3163d41497e1cf2854 DependenciesID=21604c09572d69fb1aa49e18e7a39e1f StaticDependenciesID=3c625e26646b7228663e0de2b2c1d69b 
Importing 'GUID: e9df95f53f1c1d0c9199e235d6c42b50 - Path: Packages/com.unity.modules.audio/package.json' with importer (PackageManifestImporter)
Imported 'GUID: e9df95f53f1c1d0c9199e235d6c42b50' -> (Import Result ID: '3da0abae5321bad105734fca4c4bca28') in 0.001 seconds [static dependencies only]. Details - ImportResultOutputID=9e7a8ca17c9ada176ee8f9feaacb145a DependenciesID=b61383e346dbc8a029c6c7d93da0c63e StaticDependenciesID=a6ba264de710eb848c1def723963e3cc 
Importing 'GUID: 1a4266815e998967becf686f9c71f0a6 - Path: Packages/com.unity.modules.physics/package.json' with importer (PackageManifestImporter)
Imported 'GUID: 1a4266815e998967becf686f9c71f0a6' -> (Import Result ID: '7b29e9278b7ae7ab0bcead621cf46af3') in 0.001 seconds [static dependencies only]. Details - ImportResultOutputID=a2d6f3bfd9bb75782461acb9a5eb4f5a DependenciesID=bd4510c5c9c050edfefb2c84c95abf90 StaticDependenciesID=ff880c4980be6e10637516ee80719398 
Importing 'GUID: 1a0694d6bd88642c9b2adc7ef6b59518 - Path: Packages/com.unity.collab-proxy/Lib/Editor/Localization/configurehelper.ja.txt' with importer (TextScriptImporter)
Imported 'GUID: 1a0694d6bd88642c9b2adc7ef6b59518' -> (Import Result ID: '645757f518acdaa5fed4c392f4915788') in 0.001 seconds [static dependencies only]. Details - ImportResultOutputID=c58c6b5662fc59749066ca051bde9337 DependenciesID=2ac755cce99dfb4fa9d2b19dab42ea95 StaticDependenciesID=0e355edd6a7034627741c31a3340a8a3 
Importing 'GUID: 3a8f5c21be7674f6b8232ba08beedfa4 - Path: Packages/com.unity.collab-proxy/Lib/Editor/Localization/plastic-gui.zh-Hant.txt' with importer (TextScriptImporter)
Imported 'GUID: 3a8f5c21be7674f6b8232ba08beedfa4' -> (Import Result ID: '1126006aad6630487a580d41bef3a8fc') in 0.001 seconds [static dependencies only]. Details - ImportResultOutputID=8b7e3b1cca3d49736d5b69e16bbe98f5 DependenciesID=61458bbef3d4dac672b04e12ca371585 StaticDependenciesID=e1ae517489a22b287c103109f2c2351e 
Importing 'GUID: 4a0757ee0236f39489520769ae710288 - Path: Packages/com.unity.timeline/CHANGELOG.md' with importer (TextScriptImporter)
Imported 'GUID: 4a0757ee0236f39489520769ae710288' -> (Import Result ID: '7c8d2fb2c2b8dcb3178720f6205c06e1') in 0.001 seconds [static dependencies only]. Details - ImportResultOutputID=357934bb99816b65128671d0cdabaf0b DependenciesID=61759e27e43e41b6cf56e5f393cce630 StaticDependenciesID=c265a055b2c1a95614577860364dacf6 
Importing 'GUID: 5a2a534753fbdb44e96c3c78b5a6999d - Path: Packages/com.unity.render-pipelines.core/Editor/Lighting/ProbeVolume/DynamicGI/DynamicGISkyOcclusion.urtshader' with importer (ScriptedImporter : Unity.Rendering.LightTransport.Editor:UnityEditor.Rendering.UnifiedRayTracing:UnifiedRTShaderImporter)

Compiling Ray Tracing Shader "DynamicGISkyOcclusion.urtshader", keywords = <no keywords>
    finished in 0.11 seconds. Local cache hits 0, remote cache hits 0, compiled 1 platform variants
Imported 'GUID: 5a2a534753fbdb44e96c3c78b5a6999d' -> (Import Result ID: '3d07901425bf71959187b6d5e9d2ac7e') in 0.120 seconds [static and dynamic dependencies]. Details - ImportResultOutputID=d25ee235d31c8fc6f576d85f91d5f995 DependenciesID=63ddf3e6a610305b253f9011ef8d615c StaticDependenciesID=72ee5fda06862b709c15f6cbb7db6f05 
Importing 'GUID: 5a3da995a095e476dacd429a81195602 - Path: Packages/com.unity.collab-proxy/Lib/Editor/Localization/mergetool.zh-Hans.txt' with importer (TextScriptImporter)
Imported 'GUID: 5a3da995a095e476dacd429a81195602' -> (Import Result ID: 'e5c253e5536521ce5b903100ba4f58c1') in 0.001 seconds [static dependencies only]. Details - ImportResultOutputID=339e723bd950f92fd7f1cb7551cef114 DependenciesID=e81fdeea5efec7a9714be510951bd180 StaticDependenciesID=458cce4c9b1560240e9767e7db3f5183 
Importing 'GUID: 6afb166a156df2d20433d981f4bb2832 - Path: Packages/com.unity.modules.vehicles/package.json' with importer (PackageManifestImporter)
Imported 'GUID: 6afb166a156df2d20433d981f4bb2832' -> (Import Result ID: '8b13c179e857afa8bd8b8fea88399ef0') in 0.001 seconds [static dependencies only]. Details - ImportResultOutputID=913c781524e2f88f1f61dedb313e4c06 DependenciesID=76d2c74133d94ef22145f285a1490df1 StaticDependenciesID=0ea68813f79d4edf8309ce9abbe27516 
Importing 'GUID: 8a0fd4a8e3885488e9afc7e5e7ead9c6 - Path: Packages/com.unity.searcher/ValidationExceptions.json' with importer (TextScriptImporter)
Imported 'GUID: 8a0fd4a8e3885488e9afc7e5e7ead9c6' -> (Import Result ID: '9438cb097f51c1b8566fe5701960b723') in 0.001 seconds [static dependencies only]. Details - ImportResultOutputID=2a14a5e1d93605149e8eb4bb9a0f8a6d DependenciesID=6574b875a21b63c3855484ee15d8d950 StaticDependenciesID=f9854f9acc51588577b23af3d8eb1cdc 
Importing 'GUID: ba3bd539c0d56488dbde76ca701d1771 - Path: Packages/com.unity.collab-proxy/Lib/Editor/Localization/workspaceserver.ja.txt' with importer (TextScriptImporter)
Imported 'GUID: ba3bd539c0d56488dbde76ca701d1771' -> (Import Result ID: '6471277ef78d56cce7fa4d478d5d1bb9') in 0.001 seconds [static dependencies only]. Details - ImportResultOutputID=72e6b903ecf135749ea1808b7c61d223 DependenciesID=d9bead18fc8498f3b13513bc322a452a StaticDependenciesID=7a8ffb0c7dacd5bfa369f6d79e407361 
Importing 'GUID: ca9f5fa95ffab41fb9a615ab714db018 - Path: Packages/com.unity.inputsystem/InputSystem/Runtime/Plugins/PlayerInput/DefaultInputActions.inputactions' with importer (ScriptedImporter : Unity.InputSystem:UnityEngine.InputSystem.Editor:InputActionImporter)
Imported 'GUID: ca9f5fa95ffab41fb9a615ab714db018' -> (Import Result ID: '33289513fa63c954cf638d7f083c00ae') in 0.018 seconds [static and dynamic dependencies]. Details - ImportResultOutputID=f12f821749179201f2c1283c992d5988 DependenciesID=78f50873ff4bfc5e6232e3c325bdbb58 StaticDependenciesID=aab98dfaa74eadd3bcce14096d881977 
Importing 'GUID: da3b9e545e5e0475d952e5604aec2d20 - Path: Packages/com.unity.collab-proxy/Lib/Editor/Localization/workspaceserver.zh-Hans.txt' with importer (TextScriptImporter)
Imported 'GUID: da3b9e545e5e0475d952e5604aec2d20' -> (Import Result ID: '0f349bd1a94917053b183b79b9b13984') in 0.001 seconds [static dependencies only]. Details - ImportResultOutputID=e1d5ad51fc3f05dc761f28ca9aa3b2cf DependenciesID=503e19924c9f0c3c5a45b68b5c6b769d StaticDependenciesID=4060dc9b4bc414a1deec307bb9e9f574 
Importing 'GUID: fa27413e9edb06a6058d6c894eca0338 - Path: Packages/com.unity.modules.unitywebrequestwww/package.json' with importer (PackageManifestImporter)
Imported 'GUID: fa27413e9edb06a6058d6c894eca0338' -> (Import Result ID: '9a74feef4dcfee670a5eb21bda97016d') in 0.001 seconds [static dependencies only]. Details - ImportResultOutputID=5205eed9bc215ff67b1f0174ef8ee9e2 DependenciesID=5bcd3dbd358387d2ec18d64b6a8aac49 StaticDependenciesID=63a1a8073e35af2c81c07d08e1454c22 
Importing 'GUID: 0bc90b8d62e8b4c149f24005a8c952fe - Path: Packages/com.unity.collab-proxy/Lib/Editor/Localization/i3.es.txt' with importer (TextScriptImporter)
Imported 'GUID: 0bc90b8d62e8b4c149f24005a8c952fe' -> (Import Result ID: '2f41635a692bdbfb504fef0b7517a61e') in 0.001 seconds [static dependencies only]. Details - ImportResultOutputID=8afe8d32bca5ba35eff732291b884d52 DependenciesID=2e0232e4cf61aff62ef6a7dbbc4ec40e StaticDependenciesID=ff39385f43087c0edec38ee7bf2745ce 
Importing 'GUID: 1b0309336d5d24445a134e6864de91b8 - Path: Packages/com.unity.collab-proxy/Lib/Editor/Localization/semantic.ja.txt' with importer (TextScriptImporter)
Imported 'GUID: 1b0309336d5d24445a134e6864de91b8' -> (Import Result ID: 'f96d09219caf0d6164b1966c11f720b5') in 0.001 seconds [static dependencies only]. Details - ImportResultOutputID=ff85b6304090c6b75aa3ec410df7cbeb DependenciesID=ef44d083dae44e9d5403c47cb576f6b4 StaticDependenciesID=abce64682890b9bd37b07f95b840e5de 
Importing 'GUID: 2bcd2660ca9b64942af0de543d8d7100 - Path: Assets/Settings/InputSystem_Actions.inputactions' with importer (ScriptedImporter : Unity.InputSystem:UnityEngine.InputSystem.Editor:InputActionImporter)
Imported 'GUID: 2bcd2660ca9b64942af0de543d8d7100' -> (Import Result ID: '4cd712370162696e1c1fd71489861bdc') in 0.008 seconds [static and dynamic dependencies]. Details - ImportResultOutputID=28e9302d928728d1b189fbb37c5105c0 DependenciesID=8df04c7c765182dd5b0f0de8cc63b171 StaticDependenciesID=e2e0b043baae60071c8317f1c0129584 
Importing 'GUID: 4b518b37798c97b0f860962cbf615533 - Path: Packages/com.unity.modules.unitywebrequestaudio/package.json' with importer (PackageManifestImporter)
Imported 'GUID: 4b518b37798c97b0f860962cbf615533' -> (Import Result ID: 'e725fec144678b00eb2da485abf6a653') in 0.001 seconds [static dependencies only]. Details - ImportResultOutputID=3ac3d29a7b2daa2a646425d6f9137196 DependenciesID=2e46841df581e962aa2293fc9a833445 StaticDependenciesID=593560aa1b7a7af813f7b98c268e79f8 
Importing 'GUID: 5bbebdef5916845478fcef13fa10d89f - Path: Packages/com.unity.render-pipelines.core/Runtime/PathTracing/Shaders/LightmapDirectStochasticLightIntegration.urtshader' with importer (ScriptedImporter : Unity.Rendering.LightTransport.Editor:UnityEditor.Rendering.UnifiedRayTracing:UnifiedRTShaderImporter)

Compiling Ray Tracing Shader "LightmapDirectStochasticLightIntegration.urtshader", keywords = <no keywords>
    finished in 0.29 seconds. Local cache hits 0, remote cache hits 0, compiled 1 platform variants
Imported 'GUID: 5bbebdef5916845478fcef13fa10d89f' -> (Import Result ID: '36eb3a23f8426af18bf5547a537d1181') in 0.305 seconds [static and dynamic dependencies]. Details - ImportResultOutputID=b38101c5cff93f2f4e05e88915437abe DependenciesID=372e8d65f397826f7f6c889dd6d14e8f StaticDependenciesID=471ca71b6b19c4611a46691a7356c8a6 
Importing 'GUID: 7b89ac0e45bc74375b750336920a60a3 - Path: Packages/com.unity.collab-proxy/Lib/Editor/Localization/images.ko.txt' with importer (TextScriptImporter)
Imported 'GUID: 7b89ac0e45bc74375b750336920a60a3' -> (Import Result ID: '82b5b6d05bbb0a5b8529d4c71e4d5913') in 0.001 seconds [static dependencies only]. Details - ImportResultOutputID=c4153a20f27fe1a65aa287d2c885f082 DependenciesID=9430e6ae3ae8a2e72af73d6fbcac74ba StaticDependenciesID=b6154dd342fb2cd2c7b86d32a997978c 
Importing 'GUID: 8b8de605417c342e597b910cbf5db226 - Path: Packages/com.unity.collab-proxy/Lib/Editor/Localization/semantic.zh-Hant.txt' with importer (TextScriptImporter)
Imported 'GUID: 8b8de605417c342e597b910cbf5db226' -> (Import Result ID: '62a37249b727e17a1fb16b6537a8b0f7') in 0.001 seconds [static dependencies only]. Details - ImportResultOutputID=a20ec197eecd72c71d097d794d4f9628 DependenciesID=edbae8a87d334c0c0f323f7f000f6ada StaticDependenciesID=c9485f76d86411d1d600258f688860f5 
Importing 'GUID: 9b1a5759726ef9d39a0ab82047b615f1 - Path: Packages/com.unity.modules.hierarchycore/package.json' with importer (PackageManifestImporter)
Imported 'GUID: 9b1a5759726ef9d39a0ab82047b615f1' -> (Import Result ID: 'e2f2a4dc1806eafb567812fa13071323') in 0.001 seconds [static dependencies only]. Details - ImportResultOutputID=1dea4a637fffff459a716aab2b4544dc DependenciesID=d8bebc9a9b7a84bd405ce0fcce71b5c8 StaticDependenciesID=882b96a1432b49929b6e23cde2929d1c 
Importing 'GUID: db6f3182134654dd498ebee12ca843af - Path: Packages/com.unity.collab-proxy/Lib/Editor/Localization/mergetool.ja.txt' with importer (TextScriptImporter)
Imported 'GUID: db6f3182134654dd498ebee12ca843af' -> (Import Result ID: 'd936633e6ce64d8e7ef7f70dd36185dc') in 0.001 seconds [static dependencies only]. Details - ImportResultOutputID=1f53e051c7b0ca68f54f0f5713f43d70 DependenciesID=90aadcf5431eb1e5ad11eaab03ea99e6 StaticDependenciesID=a8095a7d76ed3605046470c05fe27275 
Importing 'GUID: ebdd61faa5a2c45c787f1351a7adb665 - Path: Packages/com.unity.collab-proxy/Lib/Editor/Localization/xdiff.en.txt' with importer (TextScriptImporter)
Imported 'GUID: ebdd61faa5a2c45c787f1351a7adb665' -> (Import Result ID: '67d41df3be556422a69e20876b952d8a') in 0.001 seconds [static dependencies only]. Details - ImportResultOutputID=6a06d451606b06d04f633c582d56d66a DependenciesID=7b8031114821cac1cc288e6922078763 StaticDependenciesID=21dd95ff71abc420166717435b404d7b 
Importing 'GUID: 0ce03cb7950ade54ab84650691ce7a38 - Path: Packages/com.unity.searcher/CHANGELOG.md' with importer (TextScriptImporter)
Imported 'GUID: 0ce03cb7950ade54ab84650691ce7a38' -> (Import Result ID: 'd7fa9e085f6d5b3ccd6a83cdaac4b872') in 0.001 seconds [static dependencies only]. Details - ImportResultOutputID=1478409a6b0b2cbea9d9ced35e62fe64 DependenciesID=281f45785a33e70cda89cb8b1c68a6c2 StaticDependenciesID=4f4a15399285d316d50db2693064c57d 
Importing 'GUID: 0c3c75fb6cf9b42f8849264a300297fe - Path: Packages/com.unity.collab-proxy/Lib/Editor/Localization/semantic.zh-Hans.txt' with importer (TextScriptImporter)
Imported 'GUID: 0c3c75fb6cf9b42f8849264a300297fe' -> (Import Result ID: 'a3d5c3d7e8c1645ddd2f2a975301f373') in 0.001 seconds [static dependencies only]. Details - ImportResultOutputID=99aa303f9a45142bbed2bd582b9afcf8 DependenciesID=99fa0b0f9e315aa3b76b6c51b2a1a1a6 StaticDependenciesID=b6f6c0b3e676dc771e123a3cfb45a2c2 
Importing 'GUID: 0ccd3915d220242f89cba2d1b4643e64 - Path: Packages/com.unity.collab-proxy/Lib/Editor/Localization/guihelp.zh-Hans.txt' with importer (TextScriptImporter)
Imported 'GUID: 0ccd3915d220242f89cba2d1b4643e64' -> (Import Result ID: '4ff56fa6cb227275e407a7511af097de') in 0.001 seconds [static dependencies only]. Details - ImportResultOutputID=4f1b4eec88b49cbe6c843fd945276707 DependenciesID=363e6637ff788e141a9252a1c303b655 StaticDependenciesID=9f6ab68976e416a59f6f8807f6a93373 
Importing 'GUID: 1c410815c01ce1d4d82c645c0cd45747 - Path: Packages/com.unity.render-pipelines.core/Runtime/PathTracing/Shaders/LightmapAOIntegration.urtshader' with importer (ScriptedImporter : Unity.Rendering.LightTransport.Editor:UnityEditor.Rendering.UnifiedRayTracing:UnifiedRTShaderImporter)

Compiling Ray Tracing Shader "LightmapAOIntegration.urtshader", keywords = <no keywords>
    finished in 0.18 seconds. Local cache hits 0, remote cache hits 0, compiled 1 platform variants
Imported 'GUID: 1c410815c01ce1d4d82c645c0cd45747' -> (Import Result ID: 'aa3a21162a5a31757b1aa53c1f22d461') in 0.189 seconds [static and dynamic dependencies]. Details - ImportResultOutputID=b2414b56efdc45741e9ed7c4fad8c979 DependenciesID=04e63e201d9471b31dfc57628d776916 StaticDependenciesID=219d1b7269d01f2442d424f53e04d073 
Importing 'GUID: 1cc86432c1db1455eb241690e538fe3b - Path: Packages/com.unity.collab-proxy/Lib/Editor/Localization/images.en.txt' with importer (TextScriptImporter)
Imported 'GUID: 1cc86432c1db1455eb241690e538fe3b' -> (Import Result ID: '3dca5d00ce871a384124ba802b767a5f') in 0.001 seconds [static dependencies only]. Details - ImportResultOutputID=d2a3c0266c3ade8268ba0855852d53ae DependenciesID=28690ef47cc40d79c679cf97c6e9287b StaticDependenciesID=dcb4bda30df40eb7f07f3f448b8e5d65 
Importing 'GUID: 2c814623cb42764d304be0c5ddd03ceb - Path: Packages/com.unity.modules.xr/package.json' with importer (PackageManifestImporter)
Imported 'GUID: 2c814623cb42764d304be0c5ddd03ceb' -> (Import Result ID: '3da53f8cacc6be07556e579b152a3075') in 0.001 seconds [static dependencies only]. Details - ImportResultOutputID=1262664d19c2258369288d30beb2cdb6 DependenciesID=57697ae4248f807eca533f4fde7c490c StaticDependenciesID=50443b01181fb4ffad09dd60cbe10d44 
Importing 'GUID: 2c32233d92a2d0745930664c087c5c9a - Path: Packages/com.unity.render-pipelines.core/Runtime/PathTracing/Shaders/ProbeIntegrationValidity.urtshader' with importer (ScriptedImporter : Unity.Rendering.LightTransport.Editor:UnityEditor.Rendering.UnifiedRayTracing:UnifiedRTShaderImporter)

Compiling Ray Tracing Shader "ProbeIntegrationValidity.urtshader", keywords = <no keywords>
    finished in 0.09 seconds. Local cache hits 0, remote cache hits 0, compiled 1 platform variants
Imported 'GUID: 2c32233d92a2d0745930664c087c5c9a' -> (Import Result ID: '3f3254b0c0992a91ab2803fd51202ba2') in 0.097 seconds [static and dynamic dependencies]. Details - ImportResultOutputID=acc316cb3affde584330f8f6753bd30e DependenciesID=d918bb2ccbc2df8bb4e816b7b34be393 StaticDependenciesID=89ce6b5e76d568c473e42bb2e82d857d 
Importing 'GUID: 3c600c0c4e2a9a3418ce1c4dc084290f - Path: Packages/com.unity.learn.iet-framework/package.json' with importer (PackageManifestImporter)
Imported 'GUID: 3c600c0c4e2a9a3418ce1c4dc084290f' -> (Import Result ID: '5b5807814754e14e9f26ae141edc1475') in 0.001 seconds [static dependencies only]. Details - ImportResultOutputID=9a4e103fad39fa321ca83c66fd583e3d DependenciesID=c22104cb2562f1e6d9aba287179d7aa2 StaticDependenciesID=40fff2f7de9dc7602d994b4ab25de8e7 
Importing 'GUID: 3c2f0ca2d64084ba68f464f91a44eea5 - Path: Packages/com.unity.collab-proxy/Lib/Editor/Localization/differences.en.txt' with importer (TextScriptImporter)
Imported 'GUID: 3c2f0ca2d64084ba68f464f91a44eea5' -> (Import Result ID: 'a5f0d8f29cd5aa10ebb22f1ba227f400') in 0.001 seconds [static dependencies only]. Details - ImportResultOutputID=d5d90a938443a602c48563b48e53f3f0 DependenciesID=5dfbe79696185c416cdca8d893652648 StaticDependenciesID=915ea2ddcefaac84254e4a0855332907 
Importing 'GUID: 4c413a81cadcce7038e446e56570117e - Path: Packages/com.unity.modules.adaptiveperformance/package.json' with importer (PackageManifestImporter)
Imported 'GUID: 4c413a81cadcce7038e446e56570117e' -> (Import Result ID: '6bc9096e03b526a234bd93df8e40474d') in 0.001 seconds [static dependencies only]. Details - ImportResultOutputID=1f07c1ff1eeefc2532264b0ab169267a DependenciesID=2824091591b7cc56042c6ee0b731bf44 StaticDependenciesID=1a42c6fc11b3b4a5a41df228177a979d 
Importing 'GUID: 4c08e6a0780d643598da0bb992e42b8b - Path: Packages/com.unity.collab-proxy/Lib/Editor/Localization/cm-help.ja.txt' with importer (TextScriptImporter)
Imported 'GUID: 4c08e6a0780d643598da0bb992e42b8b' -> (Import Result ID: '87834fdf1b96013dac6bfe0470e630d0') in 0.001 seconds [static dependencies only]. Details - ImportResultOutputID=8ddeba11509a801c8dfde1fd9c7bef18 DependenciesID=a85b925a96f8ab43f075deb2fec40fd9 StaticDependenciesID=98ac056878edc233f18e03e8f40ffe72 
Importing 'GUID: ace95ac84e213794891b4bd7c9b3c158 - Path: Packages/com.unity.render-pipelines.core/Runtime/PathTracing/Shaders/LightmapValidityIntegration.urtshader' with importer (ScriptedImporter : Unity.Rendering.LightTransport.Editor:UnityEditor.Rendering.UnifiedRayTracing:UnifiedRTShaderImporter)

Compiling Ray Tracing Shader "LightmapValidityIntegration.urtshader", keywords = <no keywords>
    finished in 0.18 seconds. Local cache hits 0, remote cache hits 0, compiled 1 platform variants
Imported 'GUID: ace95ac84e213794891b4bd7c9b3c158' -> (Import Result ID: '53482b162d75a660813e87f9b9e9ed5d') in 0.191 seconds [static and dynamic dependencies]. Details - ImportResultOutputID=920c478811a64a0ab32d3431330f9218 DependenciesID=299d22ee760af64052d67eb5e03f8ef7 StaticDependenciesID=af3a8789fbe725883be9c99ebb7cf5e2 
Importing 'GUID: ec02776fe29df900b897106d61977735 - Path: Packages/com.unity.modules.director/package.json' with importer (PackageManifestImporter)
Imported 'GUID: ec02776fe29df900b897106d61977735' -> (Import Result ID: '492a653eef361c2234f2ab95b5e32efa') in 0.001 seconds [static dependencies only]. Details - ImportResultOutputID=e6c46672aaf283c4f268e9bb004b543a DependenciesID=c278012f0e730bd8614bf4ae12d7f0cf StaticDependenciesID=e4ecc0992a31879a4dc5fafeaa443773 
Importing 'GUID: 0da283bbdc6e44f4ba3dc2e3d75ca225 - Path: Packages/com.unity.collab-proxy/Lib/Editor/Localization/images.zh-Hant.txt' with importer (TextScriptImporter)
Imported 'GUID: 0da283bbdc6e44f4ba3dc2e3d75ca225' -> (Import Result ID: '6adffa3e35aa8065c0ff99cf72922022') in 0.001 seconds [static dependencies only]. Details - ImportResultOutputID=51490f6ca38d345761ab15d9e1e333a3 DependenciesID=69d125ec246367337e57eff1aa87c5c7 StaticDependenciesID=ff058479d06b94b3e228a8d05fb162ed 
Importing 'GUID: 0d3f1486893d2444299cec6fac63fdbe - Path: Packages/com.unity.collab-proxy/Lib/Editor/Localization/configurehelper.zh-Hant.txt' with importer (TextScriptImporter)
Imported 'GUID: 0d3f1486893d2444299cec6fac63fdbe' -> (Import Result ID: 'b8a764da6f53aa2c97428178795abdf3') in 0.001 seconds [static dependencies only]. Details - ImportResultOutputID=4d5e0fa4fb3eb031802b4672852c2501 DependenciesID=ba63f7033cd69ec388c6ff1bbf39ead4 StaticDependenciesID=20d98ef4701d25b90d60b0072d070c89 
Importing 'GUID: 3d160931f5a1d463cacc8e46051bac91 - Path: Packages/com.unity.collab-proxy/Lib/Editor/Localization/workspaceserver.en.txt' with importer (TextScriptImporter)
Imported 'GUID: 3d160931f5a1d463cacc8e46051bac91' -> (Import Result ID: '5cd5668c5b8d6e89ad203cdb93779830') in 0.001 seconds [static dependencies only]. Details - ImportResultOutputID=60e6aafce200b668d1104ce898a0931e DependenciesID=821ca834131ead89eef709c2a20acbc2 StaticDependenciesID=aad31af2d4b2eea270e29da72733f7cb 
Importing 'GUID: 6d56244f8c39a851975d3c0bd432c66f - Path: Packages/com.unity.modules.terrain/package.json' with importer (PackageManifestImporter)
Imported 'GUID: 6d56244f8c39a851975d3c0bd432c66f' -> (Import Result ID: 'acdf629200802dc846f4b01de6f3d421') in 0.001 seconds [static dependencies only]. Details - ImportResultOutputID=5e40d0b8d35162ad5eb9813bcce344e1 DependenciesID=0fdc6c03230f00196d66509291acf7a7 StaticDependenciesID=98ac750c63e45666278d0decee7f0873 
Importing 'GUID: 7dc5f1e5d04ac8549ac21802071e983b - Path: Packages/com.unity.2d.sprite/package.json' with importer (PackageManifestImporter)
Imported 'GUID: 7dc5f1e5d04ac8549ac21802071e983b' -> (Import Result ID: '56db18553a734f241571047f97ae71ef') in 0.001 seconds [static dependencies only]. Details - ImportResultOutputID=7f0a1be0f21a8dc55a96e9c7fce22907 DependenciesID=f340af553a8f23a2a84a8285c1df39ec StaticDependenciesID=6307f27f465528dc003196cfb24ec95a 
Importing 'GUID: 8dc346ba856ba49aea0cae2c6fb63e9d - Path: Packages/com.unity.collab-proxy/Lib/Editor/Localization/plastic-gui.ja.txt' with importer (TextScriptImporter)
Imported 'GUID: 8dc346ba856ba49aea0cae2c6fb63e9d' -> (Import Result ID: 'a07855d1a872e30a61659af45a661a03') in 0.001 seconds [static dependencies only]. Details - ImportResultOutputID=9311a9f0857ee6b6d38067da718a0e3d DependenciesID=36d502e35e6a3df2b5e4a9e9cf116efc StaticDependenciesID=7be17901c265c278da62d8647431cf6a 
Importing 'GUID: ad564ad7695918b48a00078bc46c2e29 - Path: Packages/com.unity.learn.iet-framework/CHANGELOG.md' with importer (TextScriptImporter)
Imported 'GUID: ad564ad7695918b48a00078bc46c2e29' -> (Import Result ID: '01cd7dce4d7a4fc3b51f9afe7deacde6') in 0.001 seconds [static dependencies only]. Details - ImportResultOutputID=d0756a5c28e36eae26a05689e57b0736 DependenciesID=f3c0c9fdc59cdddc6e09d8c24c2e1ab6 StaticDependenciesID=a129ad64255d8741c7f9134ca8294b1b 
Importing 'GUID: adcfd2a628cf24bc69a32a06e1e6d609 - Path: Packages/com.unity.collab-proxy/Lib/Editor/Localization/i3.ko.txt' with importer (TextScriptImporter)
Imported 'GUID: adcfd2a628cf24bc69a32a06e1e6d609' -> (Import Result ID: '06db6eaac8bb0cba5e74c6c264f4ba26') in 0.001 seconds [static dependencies only]. Details - ImportResultOutputID=737ffedd8ffda664c1109e0cf3a42089 DependenciesID=3da2602c2ef509ca0f67ce7300b8e0b4 StaticDependenciesID=27a276fa146538bc546f18d1b6522e25 
Importing 'GUID: bd605698a338c4de88bb5b3c4632af68 - Path: Packages/com.unity.collections/package.json' with importer (PackageManifestImporter)
Imported 'GUID: bd605698a338c4de88bb5b3c4632af68' -> (Import Result ID: 'ddaa14c0f81ea4d371e1e36c08e2d47c') in 0.001 seconds [static dependencies only]. Details - ImportResultOutputID=0b43376f575d24c3db53e3950e30db00 DependenciesID=14d13c3bf31a5d948b2b943b8b354c75 StaticDependenciesID=35debe67b0d0bf7808c8df317d0d0444 
Importing 'GUID: bd1af0a6633ee94ae21c7d1d702cdc12 - Path: Packages/com.unity.modules.androidjni/package.json' with importer (PackageManifestImporter)
Imported 'GUID: bd1af0a6633ee94ae21c7d1d702cdc12' -> (Import Result ID: 'c66b3a289a73bbec2fda23e48bc08026') in 0.001 seconds [static dependencies only]. Details - ImportResultOutputID=7126a0377f515e9a6995b9946f69e957 DependenciesID=3460a296a7931240235c48d675c04d07 StaticDependenciesID=766670ff5734e879714b6e5bd1fc3fee 
Importing 'GUID: bd5f1c13809c1430398256ce75a55836 - Path: Packages/com.unity.collab-proxy/Lib/Editor/Localization/mergetool.en.txt' with importer (TextScriptImporter)
Imported 'GUID: bd5f1c13809c1430398256ce75a55836' -> (Import Result ID: 'e88df5f2e65c54aaa7fb64faea5509fd') in 0.001 seconds [static dependencies only]. Details - ImportResultOutputID=fe6f33e9a06480686fa98d1a47c7f99c DependenciesID=0283ade08d7f5273d54b97146f78db25 StaticDependenciesID=92d31c25a3a469c37b8461fb4bc42a4f 
Importing 'GUID: ddb1f871473b64567af951595b8eab39 - Path: Packages/com.unity.learn.iet-framework/ValidationExceptions.json' with importer (TextScriptImporter)
Imported 'GUID: ddb1f871473b64567af951595b8eab39' -> (Import Result ID: '21abc85fe75667d923ab9bedc1156e5f') in 0.001 seconds [static dependencies only]. Details - ImportResultOutputID=77ad194df139c8c17af83f57efbf371b DependenciesID=d3f116e669c10a9512439fb7091aa2e6 StaticDependenciesID=73160368c361e0ac08fb77d60f40a5fa 
Importing 'GUID: fdcb46ea2f08d4174aae9f266754080b - Path: Packages/com.unity.collab-proxy/Lib/Editor/Localization/basecommands.en.txt' with importer (TextScriptImporter)
Imported 'GUID: fdcb46ea2f08d4174aae9f266754080b' -> (Import Result ID: 'd30fc0e5144976605b2e9616c0eadb6c') in 0.001 seconds [static dependencies only]. Details - ImportResultOutputID=cdf8e16677f6a23eb526cb2d8202e14b DependenciesID=74a923a46ed60e2aa9f779bd3180da8a StaticDependenciesID=7a78e7557e1e9ca6e7bc831f153c88b4 
Importing 'GUID: 0e30f58f573775148b05a8c86715b527 - Path: Packages/com.unity.collab-proxy/Lib/Editor/Localization/plastic-gui.es.txt' with importer (TextScriptImporter)
Imported 'GUID: 0e30f58f573775148b05a8c86715b527' -> (Import Result ID: '7e6b83af10eb786f5c884cb56966eb09') in 0.001 seconds [static dependencies only]. Details - ImportResultOutputID=a97a474156ff4e6abe23bbaf09690f74 DependenciesID=4584bcff29f6ca1e82a280f7976608de StaticDependenciesID=688325e5c85c2388e543786bc25671e6 
Importing 'GUID: 1e6d3ecf959ad40459c4dce16a7b25c8 - Path: Packages/com.unity.collab-proxy/Lib/Editor/Localization/plastic-gui.en.txt' with importer (TextScriptImporter)
Imported 'GUID: 1e6d3ecf959ad40459c4dce16a7b25c8' -> (Import Result ID: '58273164cab7d3bf6b69c1538e6e1cab') in 0.001 seconds [static dependencies only]. Details - ImportResultOutputID=6c18704253a027312682df3886525e71 DependenciesID=81b0331da10f9045a167b7e7dfa4ce0a StaticDependenciesID=71726e7732824aa75af56776cbecd596 
Importing 'GUID: 2ebacf56c1e624ee79268c18346f16eb - Path: Packages/com.unity.collab-proxy/Lib/Editor/Localization/cm-help.zh-Hans.txt' with importer (TextScriptImporter)
Imported 'GUID: 2ebacf56c1e624ee79268c18346f16eb' -> (Import Result ID: '547f69deccee36d26933275df8f6d724') in 0.001 seconds [static dependencies only]. Details - ImportResultOutputID=163bed9beaea198b546dd7e7ea3ead7d DependenciesID=fc2e8ab22d27ea0e9c56da82d618dfa8 StaticDependenciesID=b082bde00c153e87f9de2803d05e2626 
Importing 'GUID: 4e6cae1e91a544050a661ae2855d2f47 - Path: Packages/com.unity.collab-proxy/Lib/Editor/Localization/basecommands.ko.txt' with importer (TextScriptImporter)
Imported 'GUID: 4e6cae1e91a544050a661ae2855d2f47' -> (Import Result ID: '63b95fcbd16bf152ce33a3b0f68f66ce') in 0.001 seconds [static dependencies only]. Details - ImportResultOutputID=96cef3b6fc2871c5f0115f5d4d72f67f DependenciesID=d6521f1df945da4f6ea01a6dc3ab897d StaticDependenciesID=3a376d0669ea96c124ce5ef37aacdcec 
Importing 'GUID: 5ecdabd800f05984696f22ba95284516 - Path: Packages/com.unity.render-pipelines.core/Runtime/PathTracing/Shaders/ProbeIntegrationIndirect.urtshader' with importer (ScriptedImporter : Unity.Rendering.LightTransport.Editor:UnityEditor.Rendering.UnifiedRayTracing:UnifiedRTShaderImporter)

Compiling Ray Tracing Shader "ProbeIntegrationIndirect.urtshader", keywords = <no keywords>
    finished in 0.76 seconds. Local cache hits 0, remote cache hits 0, compiled 1 platform variants
Imported 'GUID: 5ecdabd800f05984696f22ba95284516' -> (Import Result ID: '8063c0fb0ccae1d15add62514ba7a0d1') in 0.774 seconds [static and dynamic dependencies]. Details - ImportResultOutputID=4b602b79adfabfb7761c9ff4082fa3ff DependenciesID=684370e909e4de5587ca92a617175570 StaticDependenciesID=1ad901001e2e557153e1de5753d25220 
Importing 'GUID: 6e0b547bab30a804c8123974120d583f - Path: Packages/com.unity.render-pipelines.core/Tests/Runtime/PathTracing/PathIteratorTest.urtshader' with importer (ScriptedImporter : Unity.Rendering.LightTransport.Editor:UnityEditor.Rendering.UnifiedRayTracing:UnifiedRTShaderImporter)

Compiling Ray Tracing Shader "PathIteratorTest.urtshader", keywords = <no keywords>
    finished in 0.82 seconds. Local cache hits 0, remote cache hits 0, compiled 1 platform variants
Imported 'GUID: 6e0b547bab30a804c8123974120d583f' -> (Import Result ID: '863ac9ee4572261999f669daa06a07bc') in 0.830 seconds [static and dynamic dependencies]. Details - ImportResultOutputID=a7389ffb9853117d28de0f99a7e6ef5d DependenciesID=7be4c3949c5a17212cb97518a9fd9224 StaticDependenciesID=e24ea404bb4dabe55ffbcaa7b840b299 
Importing 'GUID: 7ef8348b8ea834d7e1bc214b07f7fb87 - Path: Packages/com.unity.modules.animation/package.json' with importer (PackageManifestImporter)
Imported 'GUID: 7ef8348b8ea834d7e1bc214b07f7fb87' -> (Import Result ID: '82e086625e3caaa7556c47741779fbbd') in 0.001 seconds [static dependencies only]. Details - ImportResultOutputID=b91668c34ad33289ab3788464c3773fc DependenciesID=0065dbae8c760ef394d86b185f8b83a2 StaticDependenciesID=a1cddf4511130d831d577e406d2312e6 
Importing 'GUID: de3013e16d99f2746ab1735ec06a660b - Path: Packages/com.unity.render-pipelines.core/Runtime/PathTracing/Shaders/ProbeIntegrationOcclusion.urtshader' with importer (ScriptedImporter : Unity.Rendering.LightTransport.Editor:UnityEditor.Rendering.UnifiedRayTracing:UnifiedRTShaderImporter)

Compiling Ray Tracing Shader "ProbeIntegrationOcclusion.urtshader", keywords = <no keywords>
    finished in 0.24 seconds. Local cache hits 0, remote cache hits 0, compiled 1 platform variants
Imported 'GUID: de3013e16d99f2746ab1735ec06a660b' -> (Import Result ID: 'cc56897b9d2d0133f5e23bcfa2abeccf') in 0.248 seconds [static and dynamic dependencies]. Details - ImportResultOutputID=51fc3271b4d84ac9378468db6a1bf4d2 DependenciesID=fe2dff53c62a979b81b20c3384b5f1ab StaticDependenciesID=d23a0c4a2896e547ad436f2fd232bb27 
Importing 'GUID: fea7dac218f7f4522a87a01a0c3c53d0 - Path: Packages/com.unity.collab-proxy/Lib/Editor/Localization/clientcommon.ko.txt' with importer (TextScriptImporter)
Imported 'GUID: fea7dac218f7f4522a87a01a0c3c53d0' -> (Import Result ID: 'af97732ccecd180f1b10381960b626fc') in 0.001 seconds [static dependencies only]. Details - ImportResultOutputID=0aea1c025a573c253c0192a105e02d6d DependenciesID=530f980a4e83db9710d03304c042aaec StaticDependenciesID=624b21dd280b9faa44a77af563d08e8b 
Importing 'GUID: fe7f1a959d1d3f544a208b7e8805e6cd - Path: Packages/com.unity.render-pipelines.core/Runtime/PathTracing/Shaders/ProbeIntegrationDirectDirectionalAndEnvironment.urtshader' with importer (ScriptedImporter : Unity.Rendering.LightTransport.Editor:UnityEditor.Rendering.UnifiedRayTracing:UnifiedRTShaderImporter)

Compiling Ray Tracing Shader "ProbeIntegrationDirectDirectionalAndEnvironment.urtshader", keywords = <no keywords>
    finished in 0.31 seconds. Local cache hits 0, remote cache hits 0, compiled 1 platform variants
Imported 'GUID: fe7f1a959d1d3f544a208b7e8805e6cd' -> (Import Result ID: '5748e5d70f56c8a2aa406eead8d452b9') in 0.324 seconds [static and dynamic dependencies]. Details - ImportResultOutputID=7bb7e75a0eb4c741c77bb03a5506f826 DependenciesID=9c832894c84353046bdbdfb33b12793e StaticDependenciesID=b8525778ccd6bf87644fae631483c773 
Importing 'GUID: 0fa7df26493184285aab742ad62c95c1 - Path: Packages/com.unity.collab-proxy/Lib/Editor/Localization/differences.zh-Hant.txt' with importer (TextScriptImporter)
Imported 'GUID: 0fa7df26493184285aab742ad62c95c1' -> (Import Result ID: 'de9c4b088681bf6ad0f13c9afa0f9e4c') in 0.001 seconds [static dependencies only]. Details - ImportResultOutputID=102dc921183dbb06c637cb01b245282c DependenciesID=0fad477c5972807f55d9a68505be3abb StaticDependenciesID=6893e7f688f882c9afcac863bd998074 
Importing 'GUID: 1f24336f68d45492daf4c81106fef3aa - Path: Packages/com.unity.collab-proxy/Lib/Editor/Localization/xdiff.ko.txt' with importer (TextScriptImporter)
Imported 'GUID: 1f24336f68d45492daf4c81106fef3aa' -> (Import Result ID: '6815f869f4384f90ca96d776b5fb3703') in 0.001 seconds [static dependencies only]. Details - ImportResultOutputID=409822d193579e569793e7d6db705cce DependenciesID=8ce3894f536f4e583610e1f3e7ade4f5 StaticDependenciesID=7d492f8eda4104e613c74c7af7cdaf6e 
Importing 'GUID: 1f47f388d466a499b9d9fa66f4eee75c - Path: Packages/com.unity.collab-proxy/Lib/Editor/Localization/xdiff.ja.txt' with importer (TextScriptImporter)
Imported 'GUID: 1f47f388d466a499b9d9fa66f4eee75c' -> (Import Result ID: '6631a96c665169e892d9293cc670060e') in 0.001 seconds [static dependencies only]. Details - ImportResultOutputID=2475935c4813011d49e0c8f3d4bca9f0 DependenciesID=fa761f1d36975723ccfa0ca0f2a34de0 StaticDependenciesID=3c266db4b2de0785f1b310e1a9040b5e 
Importing 'GUID: 1f9bfe60b4ad75943a5281839c1a4e5c - Path: Packages/com.unity.render-pipelines.core/Runtime/PathTracing/Shaders/ProbeIntegrationDirectStochasticLight.urtshader' with importer (ScriptedImporter : Unity.Rendering.LightTransport.Editor:UnityEditor.Rendering.UnifiedRayTracing:UnifiedRTShaderImporter)

Compiling Ray Tracing Shader "ProbeIntegrationDirectStochasticLight.urtshader", keywords = <no keywords>
    finished in 0.30 seconds. Local cache hits 0, remote cache hits 0, compiled 1 platform variants
Imported 'GUID: 1f9bfe60b4ad75943a5281839c1a4e5c' -> (Import Result ID: 'f16ea29ccee1d536d1361b369fc1022a') in 0.307 seconds [static and dynamic dependencies]. Details - ImportResultOutputID=9cf7c5c960469a6a5de484c7c125e46c DependenciesID=58fbd88cac256b78e375a719d6618929 StaticDependenciesID=bb23e9aed0fe8778db1283cad6c57003 
Importing 'GUID: 2fde7e5b694b24190a8efa287e8ebafd - Path: Packages/com.unity.collab-proxy/Lib/Editor/Localization/configurehelper.es.txt' with importer (TextScriptImporter)
Imported 'GUID: 2fde7e5b694b24190a8efa287e8ebafd' -> (Import Result ID: '927db9fbdf6fc15eb53222f01a796640') in 0.001 seconds [static dependencies only]. Details - ImportResultOutputID=8ce894f7f279369e9848adf1543b80d5 DependenciesID=a295ca28231a65965a2b3d3f911cbf1c StaticDependenciesID=d7f088404cfa8dab20cf67cce6e61ac7 
Importing 'GUID: 3fdd83b151eb8d25c5e2f82fc39dcb04 - Path: Packages/com.unity.modules.unitywebrequest/package.json' with importer (PackageManifestImporter)
Imported 'GUID: 3fdd83b151eb8d25c5e2f82fc39dcb04' -> (Import Result ID: '92635879e69b098a24aed6b11124d6af') in 0.001 seconds [static dependencies only]. Details - ImportResultOutputID=c3fdc439e8f1f75cc7a0e86c4c6ba96d DependenciesID=af541476494a73d8e0e3c25128f3ed67 StaticDependenciesID=7d8ffda6dfec0ff398f84144af32c448 
Importing 'GUID: 4f0f9b9f3ed97ad2b9ba8f1a8e4666c2 - Path: Packages/com.unity.modules.uielements/package.json' with importer (PackageManifestImporter)
Imported 'GUID: 4f0f9b9f3ed97ad2b9ba8f1a8e4666c2' -> (Import Result ID: '184794dd62116f07f31b8718f7db4388') in 0.001 seconds [static dependencies only]. Details - ImportResultOutputID=c6edeb5d9bc578ffca7fbf049f13618e DependenciesID=55e8d1ec6ce87a14c2bd6ab2efec80b4 StaticDependenciesID=6a093705c82ba59492894df208618d92 
Importing 'GUID: 5f23a75ebd8dc4ad0a7515c06ffbe647 - Path: Packages/com.unity.burst/package.json' with importer (PackageManifestImporter)
Imported 'GUID: 5f23a75ebd8dc4ad0a7515c06ffbe647' -> (Import Result ID: '6abb71b38ce72fc3c2594c4a6dea66e3') in 0.000 seconds [static dependencies only]. Details - ImportResultOutputID=bc11f4b4ae9fc49d31a7f9981b89beb2 DependenciesID=46962c4bb76c075e8412a344428cb73b StaticDependenciesID=9fa486121075f6d54b13a48c6db370eb 
Importing 'GUID: 8fc7e1799af624ff6a5215018d3e092b - Path: Packages/com.unity.collab-proxy/Lib/Editor/Localization/clientcommon.zh-Hant.txt' with importer (TextScriptImporter)
Imported 'GUID: 8fc7e1799af624ff6a5215018d3e092b' -> (Import Result ID: '3d081f2c426485c87789cb7bf37bfd38') in 0.001 seconds [static dependencies only]. Details - ImportResultOutputID=c19ab9331fde0f3c65c2bdc86e0e4425 DependenciesID=d512140f9b074dad6470d295b9f54101 StaticDependenciesID=9f518f80fbbfc69c71e0b103a4ac3b3e 
Importing 'GUID: 9f1543f841f7a40b09eef3c7523d3b26 - Path: Packages/com.unity.collab-proxy/Lib/Editor/Localization/semantic.es.txt' with importer (TextScriptImporter)
Imported 'GUID: 9f1543f841f7a40b09eef3c7523d3b26' -> (Import Result ID: 'e5a9be78d0abe5aeae5fcd94c511497d') in 0.001 seconds [static dependencies only]. Details - ImportResultOutputID=3f358bd54b3e5eb2eb99b14aaf6810d7 DependenciesID=e094c703f414520feadb89a071240e02 StaticDependenciesID=317ed22e918fff16393fb052fbbc9aed 
Importing 'GUID: bfd567a3d1631a761bca9e99fa53d86d - Path: Packages/com.unity.modules.ui/package.json' with importer (PackageManifestImporter)
Imported 'GUID: bfd567a3d1631a761bca9e99fa53d86d' -> (Import Result ID: '4dd710bbce123bc757f4a8a01bdf269a') in 0.001 seconds [static dependencies only]. Details - ImportResultOutputID=2c146ae310e14069b7968d16cdff2b0b DependenciesID=b1c5e489db4e32517744613cffb974f4 StaticDependenciesID=9d4c7cf74df7148af2e86e5b6924c57c 
Importing 'GUID: ff2cbab5da58bf04d82c5f34037ed123 - Path: Packages/com.unity.render-pipelines.core/Editor/Lighting/ProbeVolume/VirtualOffset/TraceVirtualOffset.urtshader' with importer (ScriptedImporter : Unity.Rendering.LightTransport.Editor:UnityEditor.Rendering.UnifiedRayTracing:UnifiedRTShaderImporter)

Compiling Ray Tracing Shader "TraceVirtualOffset.urtshader", keywords = <no keywords>
    finished in 0.08 seconds. Local cache hits 0, remote cache hits 0, compiled 1 platform variants
Imported 'GUID: ff2cbab5da58bf04d82c5f34037ed123' -> (Import Result ID: '89666f2ef76c12533c9b52e3b0b1ef96') in 0.084 seconds [static and dynamic dependencies]. Details - ImportResultOutputID=4705af056b3bef5dce379b5b28059f1b DependenciesID=0ee8cde32b756f81fa98c316fc09b381 StaticDependenciesID=577fb2ca56f9c9cef1dba593cc7f61b6 
Importing 'GUID: c47827ee6a0eadd4288dede8e3993da3 - Path: Packages/com.unity.shadergraph/Editor/Resources/Styles/MaterialNodeView.uss' with importer (ScriptedImporter : UnityEditor.CoreModule:UnityEditor.UIElements.StyleSheets:StyleSheetImporter)
Imported 'GUID: c47827ee6a0eadd4288dede8e3993da3' -> (Import Result ID: '22e039cce34563795db1e6c63b35565a') in 0.033 seconds [static and dynamic dependencies]. Details - ImportResultOutputID=5e45e2914ee61d78bb22724d97ccc04a DependenciesID=5ff4fa650fc935227c22ff75ae571c2c StaticDependenciesID=5abd07af4854463f609e2eb6b6f05f44 
Importing 'GUID: 75f1bd16a0cc446448d0702e965aa290 - Path: Packages/com.unity.inputsystem/InputSystem/Editor/AssetImporter/InputActionImporterEditor.uss' with importer (ScriptedImporter : UnityEditor.CoreModule:UnityEditor.UIElements.StyleSheets:StyleSheetImporter)
Imported 'GUID: 75f1bd16a0cc446448d0702e965aa290' -> (Import Result ID: 'fbc47eaae329f1427bbf6fbea1ea1e27') in 0.011 seconds [static and dynamic dependencies]. Details - ImportResultOutputID=174cad675668abdf8e46324dd73f7515 DependenciesID=48fcbbd6b31958a95cd9b83a98ddb4e8 StaticDependenciesID=8f8b53856446c347b72e26e7e3d5f3da 
Importing 'GUID: 997219cac3e66d746b7f6bc09d0e9967 - Path: Packages/com.unity.shadergraph/Editor/Resources/Styles/Controls/SliderSlotControlView.uss' with importer (ScriptedImporter : UnityEditor.CoreModule:UnityEditor.UIElements.StyleSheets:StyleSheetImporter)
Imported 'GUID: 997219cac3e66d746b7f6bc09d0e9967' -> (Import Result ID: '5f9155c6eb311db1f523da61e36f6152') in 0.005 seconds [static and dynamic dependencies]. Details - ImportResultOutputID=14963afd6dd3ef20e9ae8314a73f36e9 DependenciesID=6fdf24f3f44f827683e16b03a98bcb20 StaticDependenciesID=4756e7b6f5615117e3dd2fc827111e70 
Importing 'GUID: 4c978c0398e4eaf4798f3b138bb08f7a - Path: Packages/com.unity.render-pipelines.core/Editor-PrivateShared/Tools/Converter/Window/RenderPipelineConverterVisualElement.uss' with importer (ScriptedImporter : UnityEditor.CoreModule:UnityEditor.UIElements.StyleSheets:StyleSheetImporter)
Imported 'GUID: 4c978c0398e4eaf4798f3b138bb08f7a' -> (Import Result ID: 'd8eb414829f2669de96b3c2959b1392d') in 0.005 seconds [static and dynamic dependencies]. Details - ImportResultOutputID=d78ff00ea2f3f8a242eb2ba91bfd4c85 DependenciesID=a29ecfeff6244f160b7b18514101d71f StaticDependenciesID=9914e2a47b02a79a613fa275502fefc3 
Importing 'GUID: 4deaa574907fd7647ab0d5bff0e9ba24 - Path: Packages/com.unity.searcher/Editor/Resources/Searcher.uss' with importer (ScriptedImporter : UnityEditor.CoreModule:UnityEditor.UIElements.StyleSheets:StyleSheetImporter)
Imported 'GUID: 4deaa574907fd7647ab0d5bff0e9ba24' -> (Import Result ID: 'e4013565ebec9b5e71de9e8442ae8ead') in 0.009 seconds [static and dynamic dependencies]. Details - ImportResultOutputID=b973b73706d3e9a45917ede9581d89e3 DependenciesID=e73013128219fa985a1ba23381a0ed12 StaticDependenciesID=0567421c4f525f015a23887aba66b139 
Importing 'GUID: 7dac9c49a90bca4499371d0adc9b617b - Path: Packages/com.unity.inputsystem/InputSystem/Editor/UITKAssetEditor/PackageResources/InputActionsEditorStyles.uss' with importer (ScriptedImporter : UnityEditor.CoreModule:UnityEditor.UIElements.StyleSheets:StyleSheetImporter)
Imported 'GUID: 7dac9c49a90bca4499371d0adc9b617b' -> (Import Result ID: '99a57884a3b42fe40b55113732a98996') in 0.009 seconds [static and dynamic dependencies]. Details - ImportResultOutputID=4b24f6fdb2766da078d2e01e97b62205 DependenciesID=84b15916a23a2d9174f705feabf11507 StaticDependenciesID=12e4198497d832a2cbdb104d0aa4fc74 
Importing 'GUID: ada555936059fa149bb48537842ee230 - Path: Packages/com.unity.timeline/Editor/StyleSheets/Extensions/common.uss' with importer (ScriptedImporter : UnityEditor.CoreModule:UnityEditor.UIElements.StyleSheets:StyleSheetImporter)
Imported 'GUID: ada555936059fa149bb48537842ee230' -> (Import Result ID: 'acca5431ad043ab2562fa3340d2462cf') in 0.009 seconds [static and dynamic dependencies]. Details - ImportResultOutputID=3bc224ea268557c50d10653f4c742758 DependenciesID=266f5b8a0c54ed6e8e28d0c5e02cd4dc StaticDependenciesID=6b608d3adc9e28f40f9a7a6c681b8d13 
Importing 'GUID: 030429a4dd6c1d0439fed375372726bf - Path: Packages/com.unity.render-pipelines.core/Editor-PrivateShared/Tools/Converter/Window/RenderPipelineConverterVisualElement.uxml' with importer (ScriptedImporter : UnityEditor.UIElementsModule:UnityEditor.UIElements:UIElementsViewImporter)
Imported 'GUID: 030429a4dd6c1d0439fed375372726bf' -> (Import Result ID: 'c7b46d917ae170e43a792ae4783ecbff') in 0.025 seconds [static and dynamic dependencies]. Details - ImportResultOutputID=496de13ee9382da098ddedcd9e39c56b DependenciesID=f1ab4999d43c751174967c6bfadf50f5 StaticDependenciesID=51d4be9d89914b4a8bee1309b79ad9e4 
Importing 'GUID: 452df07a8ad0c944c879a484d5890e61 - Path: Packages/com.unity.inputsystem/InputSystem/Editor/UITKAssetEditor/PackageResources/InputActionsTreeViewItem.uxml' with importer (ScriptedImporter : UnityEditor.UIElementsModule:UnityEditor.UIElements:UIElementsViewImporter)
Imported 'GUID: 452df07a8ad0c944c879a484d5890e61' -> (Import Result ID: '2f9e3bf5e459dd60b5d741c18bcf93ee') in 0.009 seconds [static and dynamic dependencies]. Details - ImportResultOutputID=02f56f27912a3dd93acbd583cca87cf6 DependenciesID=708751b0ada36226ef2b68b8b5c3c39b StaticDependenciesID=bb1bfe79a13db4e7c53bf912b0a58fa2 
Importing 'GUID: 75a33987e21d5ac449deecea3dcd864f - Path: Packages/com.unity.inputsystem/InputSystem/Editor/UITKAssetEditor/PackageResources/InputActionsProjectSettings.uxml' with importer (ScriptedImporter : UnityEditor.UIElementsModule:UnityEditor.UIElements:UIElementsViewImporter)
Imported 'GUID: 75a33987e21d5ac449deecea3dcd864f' -> (Import Result ID: '8db65e03559f460c72e10be71e52b60a') in 0.003 seconds [static and dynamic dependencies]. Details - ImportResultOutputID=c32c38a922dce220bd05629a3b63f480 DependenciesID=cd0e9f1182a5151c45ea86275268010d StaticDependenciesID=fc65415467a28a557ac81cf9d9db7412 
Importing 'GUID: c662e0d3cc3c4f948808f9847f715ef2 - Path: Packages/com.unity.inputsystem/InputSystem/Editor/UITKAssetEditor/PackageResources/InputActionsEditor.uxml' with importer (ScriptedImporter : UnityEditor.UIElementsModule:UnityEditor.UIElements:UIElementsViewImporter)
Imported 'GUID: c662e0d3cc3c4f948808f9847f715ef2' -> (Import Result ID: 'e3307f91f8cffbaaaa0859896a4271ad') in 0.007 seconds [static and dynamic dependencies]. Details - ImportResultOutputID=b5105ad988c4f3410111757c158f49e3 DependenciesID=cf6437f5ea53af5ee550825b5c24314b StaticDependenciesID=7cb00acc6db200cfe6ea807d684e969e 
Importing 'GUID: 9cbd73d51dc491b4888055ae65cd9545 - Path: Packages/com.unity.inputsystem/InputSystem/Editor/UITKAssetEditor/PackageResources/NameAndParameterListViewItemTemplate.uxml' with importer (ScriptedImporter : UnityEditor.UIElementsModule:UnityEditor.UIElements:UIElementsViewImporter)
Imported 'GUID: 9cbd73d51dc491b4888055ae65cd9545' -> (Import Result ID: '1977a99684f438cad7931cf8f6289f0d') in 0.002 seconds [static and dynamic dependencies]. Details - ImportResultOutputID=ed6c6f84e148de7383b261e32d9dd7f4 DependenciesID=4b807f45fac8ea4fb4bd7978df25ab3e StaticDependenciesID=40bc09051867f9a2b25519900bd5f60c 
Importing 'GUID: 3fa44185ed614414ebab354dfe5a06b6 - Path: Packages/com.unity.inputsystem/InputSystem/Editor/UITKAssetEditor/PackageResources/InputActionMapsTreeViewItem.uxml' with importer (ScriptedImporter : UnityEditor.UIElementsModule:UnityEditor.UIElements:UIElementsViewImporter)
Imported 'GUID: 3fa44185ed614414ebab354dfe5a06b6' -> (Import Result ID: '73ac35221401ad7bba140c055240233d') in 0.002 seconds [static and dynamic dependencies]. Details - ImportResultOutputID=ccde932b568164fce5130aa7c68e74df DependenciesID=00531c1655965e466b846b087a769ebe StaticDependenciesID=2f6551828f25bf511c04dec4f5f24266 
Shader 'Hidden/Terrain/Terrain Standard 4 Layers URP': dependency 'AddPassShader' shader 'Hidden/Hidden/Terrain/Terrain Standard 4 Layers URP_AddPass' not found
Shader 'Hidden/Terrain/Terrain Standard 4 Layers URP': dependency 'BaseMapGenShader' shader 'Hidden/Hidden/Terrain/Terrain Standard 4 Layers URP_BaseMapGen' not found
Shader 'Hidden/Terrain/Terrain Standard 4 Layers URP': dependency 'BaseMapShader' shader 'Hidden/Universal Render Pipeline/Terrain/Lit (Base Pass)' not found
WARNING: Shader Unsupported: 'Hidden/Universal Render Pipeline/Terrain/Lit (Base Pass)' - All subshaders removed
WARNING: Shader Did you use #pragma only_renderers and omit this platform?
WARNING: Shader If subshaders removal was intentional, you may have forgotten turning Fallback off?
Shader 'Hidden/Terrain/Terrain Simple': dependency 'AddPassShader' shader 'Hidden/Hidden/Terrain/Terrain Simple_AddPass' not found
Shader 'Hidden/Terrain/Terrain Simple': dependency 'BaseMapGenShader' shader 'Hidden/Hidden/Terrain/Terrain Simple_BaseMapGen' not found
Launched and connected shader compiler UnityShaderCompiler.exe after 0.01 seconds
Launched and connected shader compiler UnityShaderCompiler.exe after 0.01 seconds
Launched and connected shader compiler UnityShaderCompiler.exe after 0.01 seconds
Launched and connected shader compiler UnityShaderCompiler.exe after 0.01 seconds
Launched and connected shader compiler UnityShaderCompiler.exe after 0.01 seconds
Launched and connected shader compiler UnityShaderCompiler.exe after 0.01 seconds
Launched and connected shader compiler UnityShaderCompiler.exe after 0.01 seconds
No restricted APIs configured; Validation skipped.
Checking 2 assemblies for restricted APIs found 0 usage(s) in 4 ms
Launched and connected shader compiler UnityShaderCompiler.exe after 0.01 seconds
Launched and connected shader compiler UnityShaderCompiler.exe after 0.01 seconds
Launched and connected shader compiler UnityShaderCompiler.exe after 0.01 seconds
Launched and connected shader compiler UnityShaderCompiler.exe after 0.01 seconds
Launched and connected shader compiler UnityShaderCompiler.exe after 0.01 seconds
Launched and connected shader compiler UnityShaderCompiler.exe after 0.01 seconds
Launched and connected shader compiler UnityShaderCompiler.exe after 0.01 seconds
Launched and connected shader compiler UnityShaderCompiler.exe after 0.01 seconds
Launched and connected shader compiler UnityShaderCompiler.exe after 0.02 seconds
Launched and connected shader compiler UnityShaderCompiler.exe after 0.03 seconds
Launched and connected shader compiler UnityShaderCompiler.exe after 0.04 seconds
Launched and connected shader compiler UnityShaderCompiler.exe after 0.19 seconds
Loading style catalogs (8)
	StyleSheets/Extensions/base/common.uss
	UIPackageResources/StyleSheets/Default/Variables/Public/common.uss
	StyleSheets/Northstar/common.uss
	StyleSheets/Extensions/fonts/inter.uss
	StyleSheets/Extensions/base/dark.uss
	UIPackageResources/StyleSheets/Default/Northstar/Palette/dark.uss
	Packages/com.unity.timeline/Editor/StyleSheets/Extensions/dark.uss
	Packages/com.unity.timeline/Editor/StyleSheets/Extensions/common.uss
Importing 'GUID: 93b439a37f63240aca3dd4e01d978a9f - Path: Assets/Settings/UniversalRenderPipelineGlobalSettings.asset' with importer (NativeFormatImporter)
Imported 'GUID: 93b439a37f63240aca3dd4e01d978a9f' -> (Import Result ID: 'a8df960c2af9c37988ff37817f1bd3c0') in 0.001 seconds [static dependencies only]. Details - ImportResultOutputID=4a90f3401e2dad1fd5315e86caade7f5 DependenciesID=cd77022ee6437e7724ad13eac11300ed StaticDependenciesID=0d191ef24cb1f9eebd12b449d5445430 
[Licensing::Client] Successfully resolved entitlement details
Loading style catalogs (8)
	StyleSheets/Extensions/base/common.uss
	UIPackageResources/StyleSheets/Default/Variables/Public/common.uss
	StyleSheets/Northstar/common.uss
	StyleSheets/Extensions/fonts/inter.uss
	StyleSheets/Extensions/base/dark.uss
	UIPackageResources/StyleSheets/Default/Northstar/Palette/dark.uss
	Packages/com.unity.timeline/Editor/StyleSheets/Extensions/dark.uss
	Packages/com.unity.timeline/Editor/StyleSheets/Extensions/common.uss

Asset Pipeline Refresh (id=a433df85e8d9d624485e97f7df0883e7): Total: 80.776 seconds - Initiated by InitialRefreshV2(ForceSynchronousImport)
	(Values over 0.05ms)
	Summary:
		Imports: total=607 (actual=607, local cache=0, cache server=0)
		Asset DB Process Time: managed=86 ms, native=25678 ms
		Asset DB Callback time: managed=677 ms, native=22875 ms
		Scripting: domain reloads=1, domain reload time=1017 ms, compile time=30383 ms, other=56 ms
		Project Asset Count: scripts=1681, non-scripts=3282
		Asset File Changes: new=466, changed=1162, moved=328, deleted=377
		Scan Filter Count: 3
	InvokePackagesCallback: 18126.609ms
	ApplyChangesToAssetFolders: 0.869ms
	Scan: 9487.371ms
	Collect global state as custom dependencies: 21.648ms
	OnSourceAssetsModified: 9.766ms
	CategorizeScriptCompilationAssets: 296.983ms
	ProcessAssetsWithTransientArtifactChanges: 81.749ms
	CategorizeAssets: 117.450ms
	CompileScripts: 30383.368ms
	ImportOutOfDateAssets: 15385.246ms (1145.928ms without children)
		ImportManagerImport: 14212.934ms (260.341ms without children)
			UpdateCategorizedAssets: 9.870ms
		ReloadNativeAssets: 9.178ms
		UnloadImportedAssets: 4.133ms
		ReloadImportedAssets: 48.079ms
		EnsureUptoDateAssetsAreRegisteredWithGuidPM: 2.056ms
		ImportSchedulerStart: 10.992ms
	PostProcessAllAssets: 5541.293ms
		ShaderAssetModifiedCallback 520.536ms
		ComputeShaderImportPostprocess 60.136ms
		RaytracingShaderImportPostprocess 33.501ms
		AssemblyValidation.PostprocessAllAssets 28.877ms
		SpriteAtlasDatabase.OnAssetPostprocessCallback 4.940ms
		PostProcessCallbackCreateDeferredMaterials 3.008ms
		LocalizationDatabase.AssetDatabasePostprocessCallback 1.571ms
		SpeedTreeImporter.PostprocessAllAssets 1.477ms
		VersionControlSettings.HiddenFilePostprocess 1.312ms
		XRBuildSystem.XRAssetImported 0.936ms
		BlockShaderImporter.PostprocessAllAssets 0.884ms
		MonoPostProcessAllAssets: 707.979ms
			StyleCatalogPostProcessor.OnPostprocessAllAssets 36.832ms
			AssetPostprocessor.OnPostprocessAllAssets 2.994ms
			SyncVS.PostprocessSyncProject 0.376ms
			AssetChangedListener.OnPostprocessAllAssets 0.137ms
			ShaderGraphAssetPostProcessor.OnPostprocessAllAssets 0.093ms
			RenderPipelineGlobalSettingsPostprocessor.OnPostprocessAllAssets 0.084ms
			InputActionJsonNameModifierAssetProcessor.OnPostprocessAllAssets 0.073ms
			SpriteEditorTexturePostprocessor.OnPostprocessAllAssets 0.050ms
	PostAssetChangesProfiler: 3.045ms
	GatherAllCurrentPrimaryImportResultRevisions: 0.377ms
	UnloadStreamsBegin: 3.507ms
	PersistCurrentRevisions: 1.695ms
	GenerateScriptTypeHashes: 1.475ms
	GenerateScriptTypeSerializationHashes: 2.732ms
	Untracked: 1382.350ms

Application.AssetDatabase Initial Refresh End
Scanning for USB devices : 5.920ms
Initializing Unity extensions:
[MODES] ModeService[none].Initialize
[MODES] ModeService[none].LoadModes
[MODES] Loading mode Default (0) for mode-current-id-moba-2d
Opening scene 'Assets/Scenes/SampleScene.unity'
Unloading 150 Unused Serialized files (Serialized files now loaded: 0)
Loaded scene 'Assets/Scenes/SampleScene.unity'
	Deserialize:            2.956 ms
	Integration:            13.740 ms
	Integration of assets:  0.002 ms
	Thread Wait Time:       0.011 ms
	Total Operation Time:   16.709 ms
Unloading 7745 unused Assets / (24.2 MB). Loaded Objects now: 8584.
Memory consumption went from 0.54 GB to 0.52 GB.
Total: 18.165200 ms (FindLiveObjects: 0.688800 ms CreateObjectMapping: 0.294400 ms MarkObjects: 11.138500 ms  DeleteObjects: 5.686900 ms)

[LAYOUT] About to load C:/Users/kvdgs/AppData/Roaming/Unity/Editor-5.x/Preferences\Layouts\current\default-6000.dwlt, keepMainWindow=False
[LAYOUT] About to save layout C:\Users\kvdgs\gra\moba-2d\UserSettings\Layouts\default-6000.dwlt
[LAYOUT] About to save layout C:/Users/kvdgs/AppData/Roaming/Unity/Editor-5.x/Preferences\Layouts\current\default-6000.dwlt
[MODES] ModeService[default].InitializeCurrentMode
[MODES] ModeService[default].RaiseModeChanged(default, default)
<RI> Initializing input.
Using Windows.Gaming.Input
D3D11 device created for Microsoft Media Foundation video decoding.
[Project] Loading completed in 85.174 seconds ( ** New project created with template 'C:\Program Files\Unity\Hub\Editor\6000.6.0f1\Editor\Data\Resources\PackageManager\ProjectTemplates\com.unity.template.2d-cross-platform-2d-7.0.0.tgz' ** )
	Project init time: 				84.181 seconds
		Template init time: 		0.996 seconds
		Package Manager init time: 		0.002 seconds
		Asset Database init time: 		0.436 seconds
		Global illumination init time: 	0.003 seconds
		Assemblies load time: 			1.422 seconds
		Unity extensions init time: 	0.018 seconds
		Asset Database refresh time: 	80.777 seconds
	Scene opening time: 			0.883 seconds
##utp:{"type":"ProjectInfo","version":2,"phase":"Immediate","time":1789758871178,"processId":20812,"projectLoad":85.173957,"projectInit":84.1808291,"templateInit":0.9958101,"packageManagerInit":0.0016389,"assetDatabaseInit":0.4357191,"globalIlluminationInit":0.0026077,"assembliesLoad":1.422329,"unityExtensionsInit":0.0176368,"assetDatabaseRefresh":80.7766349,"sceneOpening":0.8831904}
##utp:{"type":"EditorInfo","version":2,"phase":"Immediate","time":1789758871178,"processId":20812,"editorVersion":"6000.6.0f1 (f7f8ed4d1e24)","branch":"6000.6/respin/6000.6.0f1-fa21a270ab12","buildType":"Release","platform":"Windows"}
AcceleratorClientConnectionCallback - disconnected - :0
Importing 'GUID: 0000000000000000c000000000000000 - Path: ProjectSettings/EditorSettings.asset' with importer (LibraryAssetImporter)
Imported 'GUID: 0000000000000000c000000000000000' -> (Import Result ID: '83e71bec04ba2555dd5edefa8663bd73') in 0.001 seconds [static dependencies only]. Details - ImportResultOutputID=9bf1f3a6d7407228d033acb548d88253 DependenciesID=ea514b9698ac38c65afa6fecd382c0f3 StaticDependenciesID=92d101bd3d3126e2b8a1d590b839fadf 
Asset Pipeline Refresh (id=e990dd691774aa246b3bac7d5d339ab7): Total: 0.076 seconds - Initiated by RefreshV2(AllowForceSynchronousImport)
[Licensing::Client] Successfully resolved entitlement details
[MODES] ModeService[default].LoadModes
[Licensing::Client] Successfully resolved entitlement details
[Licensing::Client] Successfully resolved entitlement details
Start Indexing on Editor startup
[Indexing] Starting Initial Indexing for Assets
Reloading assemblies due to reload request.
Reloading assemblies after forced synchronous recompile.
Begin MonoManager ReloadAssembly
'Packages/com.unity.render-pipelines.core/Editor/Deprecated.cs' contains partial class of Unity.Object, exactly 1 of the partial classes needs to be in a file with the same filename. This is to know the one that can be referenced from ie. GameObjects
'Packages/com.unity.render-pipelines.core/Editor/Deprecated.cs' contains partial class of Unity.Object, exactly 1 of the partial classes needs to be in a file with the same filename. This is to know the one that can be referenced from ie. GameObjects
Native extension for WindowsStandalone target not found
Native extension for WebGL target not found
[MODES] ModeService[none].Initialize
[MODES] ModeService[none].LoadModes
ScheduleIndexationOnStartup MainProcess:True IndexOnStartup:True
Scripting: successfully reloaded assembly
- Finished resetting the current domain, in  1.923 seconds
Domain Reload Profiling: 3087ms
	BeginReloadAssembly (851ms)
		DisableScriptedObjects (125ms)
		CreateAndSetChildDomain (256ms)
	RebuildCommonClasses (9ms)
	RebuildNativeTypeToScriptingClass (17ms)
	initialDomainReloadingComplete (51ms)
	LoadAllAssembliesAndSetupDomain (234ms)
		LoadAssemblies (139ms)
		TypeCache.Refresh (8ms)
		AnalyzeDomain (28ms)
			ResolveRequiredComponents (25ms)
	FinalizeReload (1924ms)
		SetupLoadedEditorAssemblies (0ms)
			BeforeProcessingInitializeOnLoad (231ms)
			ProcessInitializeOnLoadAttributes (379ms)
			ProcessInitializeOnLoadMethodAttributes (133ms)
			AfterProcessingInitializeOnLoad (4ms)
		AwakeInstancesAfterBackupRestoration (725ms)
No restricted APIs configured; Validation skipped.
Checking 18 assemblies for restricted APIs found 0 usage(s) in 4 ms

Asset Pipeline Refresh (id=da162cbb80835574da78e94ef3154a99): Total: 4.545 seconds - Initiated by StopAssetImportingV2(ForceSynchronousImport | ForceDomainReload)
	(Values over 0.05ms)
	Summary:
		Imports: total=0 (actual=0, local cache=0, cache server=0)
		Asset DB Process Time: managed=0 ms, native=2265 ms
		Asset DB Callback time: managed=853 ms, native=217 ms
		Scripting: domain reloads=1, domain reload time=1205 ms, compile time=2 ms, other=0 ms
		Project Asset Count: scripts=1681, non-scripts=3282
		Asset File Changes: new=0, changed=0, moved=0, deleted=0
		Scan Filter Count: 0
	InvokePackagesCallback: 1.129ms
	ApplyChangesToAssetFolders: 0.248ms
	Collect global state as custom dependencies: 3.544ms
	ProcessAssetsWithTransientArtifactChanges: 213.772ms
	CategorizeAssets: 62.712ms
	CompileScripts: 1.879ms
	ImportOutOfDateAssets: 1932.997ms (1929.394ms without children)
		CollectScriptTypesHashes: 1.587ms
		ReloadNativeAssets: 0.935ms
		UnloadImportedAssets: 1.570ms
		EnsureUptoDateAssetsAreRegisteredWithGuidPM: 0.769ms
		ImportSchedulerStart: 0.311ms
	PostProcessAllAssets: 1065.923ms
		AssemblyValidation.PostprocessAllAssets 20.837ms
		PostProcessCallbackCreateDeferredMaterials 17.601ms
		SpriteAtlasDatabase.OnAssetPostprocessCallback 15.157ms
		ShaderAssetModifiedCallback 8.526ms
		ComputeShaderImportPostprocess 8.208ms
		RaytracingShaderImportPostprocess 8.203ms
		SpeedTreeImporter.PostprocessAllAssets 6.845ms
		BlockShaderImporter.PostprocessAllAssets 3.497ms
		LocalizationDatabase.AssetDatabasePostprocessCallback 3.488ms
		XRBuildSystem.XRAssetImported 0.478ms
		MonoPostProcessAllAssets: 851.597ms
			SyncVS.PostprocessSyncProject 276.822ms
			ShaderGraphAssetPostProcessor.OnPostprocessAllAssets 204.782ms
			PostProcessor.OnPostprocessAllAssets 50.077ms
			AssetPostprocessor.OnPostprocessAllAssets 36.961ms
			MaterialPostprocessor.OnPostprocessAllAssets 36.894ms
			InputActionAssetPostprocessor.OnPostprocessAllAssets 36.232ms
			InputActionJsonNameModifierAssetProcessor.OnPostprocessAllAssets 35.842ms
			AssetChangedListener.OnPostprocessAllAssets 34.330ms
			TextAssetPostProcessor.OnPostprocessAllAssets 20.222ms
			UniversalRenderPipelineGlobalSettingsPostprocessor.OnPostprocessAllAssets 18.745ms
			SpriteSlicePostprocessor.OnPostprocessAllAssets 18.540ms
			BuilderAssetPostprocessor.OnPostprocessAllAssets 5.912ms
			RenderPipelineGlobalSettingsPostprocessor.OnPostprocessAllAssets 5.483ms
			SpeedTree9Postprocessor.OnPostprocessAllAssets 5.471ms
			RetainedModeAssetPostprocessor.OnPostprocessAllAssets 1.869ms
			WindowAssetPostprocessingWatcher.OnPostprocessAllAssets 1.675ms
			ProjectSettingsPostprocessor.OnPostprocessAllAssets 1.007ms
			EditModeScopePostprocessor.OnPostprocessAllAssets 0.857ms
			TMPro_TexturePostProcessor.OnPostprocessAllAssets 0.714ms
			ShaderReflectionAssetPostProcessor.OnPostprocessAllAssets 0.603ms
			SpriteShapeAssetPostProcessor.OnPostprocessAllAssets 0.597ms
			SpriteEditorTexturePostprocessor.OnPostprocessAllAssets 0.562ms
			ArtifactBrowserPostProcessor.OnPostprocessAllAssets 0.501ms
			StyleCatalogPostProcessor.OnPostprocessAllAssets 0.466ms
			UVCSAssetPostprocessor.OnPostprocessAllAssets 0.379ms
			ReferencedClipsPostProcessor.OnPostprocessAllAssets 0.309ms
			SpeedTreePostProcessor.OnPostprocessAllAssets 0.293ms
			AudioMixerPostprocessor.OnPostprocessAllAssets 0.293ms
			ThemePostprocessor.OnPostprocessAllAssets 0.284ms
			SpriteLibraryAssetPostprocessor.OnPostprocessAllAssets 0.220ms
			AssetEvents.OnPostprocessAllAssets 0.215ms
			TerrainToolbarOverlayPostProcessor.OnPostprocessAllAssets 0.163ms
			AssetDatabaseCallbacks.OnPostprocessAllAssets 0.149ms
			SamplePostprocessor.OnPostprocessAllAssets 0.148ms
			PSDImportPostProcessor.OnPostprocessAllAssets 0.134ms
			ConfigAssetsTracker.OnPostprocessAllAssets 0.124ms
			ScenarioDriftAssetsTracker.OnPostprocessAllAssets 0.112ms
			AssetReloadNotifier.OnPostprocessAllAssets 0.100ms
			PSDImporterAssetPostProcessor.OnPostprocessAllAssets 0.092ms
			AudioContainerPostProcessor.OnPostprocessAllAssets 0.077ms
			AssetProcessor.OnPostprocessAllAssets 0.054ms
	PostAssetChangesProfiler: 5.530ms
	GatherAllCurrentPrimaryImportResultRevisions: 0.203ms
	UnloadStreamsBegin: 1.554ms
	PersistCurrentRevisions: 0.168ms
	GenerateScriptTypeHashes: 3.213ms
	GenerateScriptTypeSerializationHashes: 5.424ms
	Untracked: 1235.819ms

Created GICache directory at C:/Users/kvdgs/AppData/LocalLow/Unity/Caches/GiCache. Took: 0.006s, timestamps: [86.462 - 86.468]
[Licensing::Client] Successfully resolved entitlement details
[Licensing::Client] Successfully resolved entitlement details
[Licensing::Client] Successfully updated the access token
[Licensing::Module] Successfully updated access token: "wF0vsXd1"... (expires: 2026-09-18T19:32:02Z)
[Licensing::Client] Successfully resolved entitlement details
[Licensing::Client] Successfully resolved entitlement details
UPID Received 'f88bda80-b30b-44c4-a84d-5052f03e1d65'.
AcceleratorClientConnectionCallback - disconnected - :0
Importing 'GUID: 00000000000000004000000000000000 - Path: ProjectSettings/ProjectSettings.asset' with importer (LibraryAssetImporter)
Imported 'GUID: 00000000000000004000000000000000' -> (Import Result ID: '650a1676d8d9e761c56939ebb0341376') in 0.005 seconds [static dependencies only]. Details - ImportResultOutputID=054c890a8f4b6dddbea933bc5e4b7df4 DependenciesID=b770b29b438edd739ce00596c27252ca StaticDependenciesID=5aaf533cf74e68f93a536d8e00d22638 
Importing 'GUID: 00000000000000009000000000000000 - Path: ProjectSettings/QualitySettings.asset' with importer (LibraryAssetImporter)
Imported 'GUID: 00000000000000009000000000000000' -> (Import Result ID: 'ad6ca2034549a8dd6f88c2e2fb528c97') in 0.001 seconds [static dependencies only]. Details - ImportResultOutputID=2a108b3da874f726c62fbe5f12be4a8a DependenciesID=1aedbe56ae62f321fe459982db2fa012 StaticDependenciesID=e9a43e809c5953780a851aff477bfce8 
Asset Pipeline Refresh (id=2e7281212f5d6924297e9659712e2efd): Total: 0.047 seconds - Initiated by StopAssetImportingV2(NoUpdateAssetOptions)
[Licensing::Client] Successfully resolved entitlement details
MonoPathRemapper: Attempts to remap: 56472; Successful remaps: 30420
Serialized file version minimum: 23, current 23
[LAYOUT] About to save layout C:\Users\kvdgs\gra\moba-2d\UserSettings\Layouts\default-6000.dwlt
[LAYOUT] About to save layout C:/Users/kvdgs/AppData/Roaming/Unity/Editor-5.x/Preferences\Layouts\current\default-6000.dwlt
Input System module state changed to: ShutdownInProgress.
Input Polling Thread exited.
Input System module state changed to: Shutdown.
[Physics::Module] Cleanup current backend.
[Physics::Module] Id: 0xf2b8ea05
[Licensing::IpcConnector] LicenseClient-kvdgs-notifications channel disconnected successfully.
[Licensing::IpcConnector] LicenseClient-kvdgs channel disconnected successfully.
Lingering sessions upon destruction of worker manager
Unity Data Store service was successfully shut down
UDS shutting down local client system
Shut down UDS service system complete
AcceleratorClientConnectionCallback - disconnected - :0
Cleanup mono
CodeReloadManager destroyed
abort_threads: Failed aborting id: 0000000000005B50, mono_thread_manage will ignore it

abort_threads: Failed aborting id: 0000000000003D68, mono_thread_manage will ignore it

abort_threads: Failed aborting id: 00000000000051DC, mono_thread_manage will ignore it

abort_threads: Failed aborting id: 0000000000005B50, mono_thread_manage will ignore it

abort_threads: Failed aborting id: 0000000000003D68, mono_thread_manage will ignore it

abort_threads: Failed aborting id: 00000000000051DC, mono_thread_manage will ignore it

debugger-agent: Unable to listen on 8680
Checking for leaked weakptr:
  Found no leaked weakptrs.
[Package Manager] Server process was shutdown
##utp:{"type":"MemoryLeaks","version":2,"phase":"Immediate","time":1789758892326,"processId":20812,"allocatedMemory":19679566,"memoryLabels":[{"Default":393423},{"Permanent":15516},{"NewDelete":70161},{"Thread":4178648},{"Manager":823400},{"VertexData":8},{"Geometry":816},{"Texture":24},{"Shader":915437},{"Material":24},{"GfxDevice":62880},{"Animation":952},{"Font":1773120},{"FreeType":50986},{"FontEngine":736},{"Physics":1970},{"Physics2D":16},{"Serialization":189896},{"Input":45280},{"JobScheduler":256},{"TextLib":32518},{"Mono":48},{"MonoCode":192},{"ScriptingNativeRuntime":1311600},{"BaseObject":39984},{"Resource":1208},{"Renderer":2376},{"Transform":4685},{"File":10374},{"WebCam":616},{"Culling":32},{"Terrain":11442},{"Wind":24},{"STL":40},{"String":1030810},{"StaticString":3808},{"Utility":2675538},{"Curl":48},{"PoolAlloc":2408},{"AI":80},{"TypeTree":17165},{"ScriptManager":18960},{"CodeReload":448},{"RuntimeInitializeOnLoadManager":64},{"Sprites":102},{"SpriteAtlas":120},{"GI":7816},{"Director":8296},{"CloudService":7584},{"WebRequest":552},{"VR":49650},{"SceneManager":608},{"Video":208},{"LazyScriptCache":32},{"NativeArray":1080},{"Camera":729},{"Secure":265},{"SerializationCache":9256},{"APIUpdating":10320},{"Subsystems":336},{"VirtualTexturing":57888},{"StaticSafetyDebugInfo":278528},{"Analytics":768},{"Hierarchy":1188},{"UIElements":40},{"CoreStats":14456},{"Identifiers":7152},{"Gui":267736},{"EditorUtility":254775},{"VersionControl":8},{"Undo":931},{"AssetDatabase":4945389},{"AssetImporter":40},{"EditorGi":328},{"UnityConnect":36881},{"Upm":1988},{"UpmDiagnostics":8},{"AssetCompliance":96},{"DrivenProperties":72},{"LocalIPC":260},{"ProfilerEditor":9746},{"CoreBusinessMetrics":3600},{"Windowing":456},{"Licensing":12805},{"AssetReference":32},{"IPCStream":32}]}
