VBCSCompilerPreWarmer: pre-warm launched (dotnet PID 3388)
VBCSCompiler prewarm took 5.69 ms
[Licensing::Module] Trying to connect to existing licensing client channel...
[Licensing::IpcConnector] Successfully connected to: "LicenseClient-kvdgs" at "2026-09-18T17:39:25.764414Z"
Built from '6000.6/respin/6000.6.0f1-fa21a270ab12' branch; Version is '6000.6.0f1 (f7f8ed4d1e24) revision 16251117'; Using compiler version '194234433'; Build Type 'Release'
OS: 'Windows 10  (10.0.19044) 64bit IoTEnterpriseS' Language: 'en' Physical Memory: 32553 MB
BatchMode: 0, IsHumanControllingUs: 1, StartBugReporterOnCrash: 1, Is64bit: 1
System  architecture: x64
Process architecture: x64
Date: 2026-09-18T17:39:25Z
[Licensing::Client] Code 10 while verifying Licensing Client signature (process Id: 12156, path: "C:/Program Files/Unity Hub/UnityLicensingClient_V1/Unity.Licensing.Client.exe")
[Licensing::Module] LicensingClient has failed validation; ignoring
[Licensing::Client] Handshaking with LicensingClient:
  Version:                 1.18.3+d7ffd15
  Session Id:              f3cef3b7283a47af9ab16ed5d6b071e6
  Correlation Id:          7c121f8b0bc486dd27296ef88e06b2ad
  External correlation Id: 906077186838995513
  Machine Id:              e92fZFs8pw5YPi8nmDcnF+cruoE=
[Licensing::Module] Successfully connected to LicensingClient on channel: "LicenseClient-kvdgs" (connect: 0.00s, validation: 0.00s, handshake: 0.03s)
[Licensing::IpcConnector] Successfully connected to: "LicenseClient-kvdgs-notifications" at "2026-09-18T17:39:25.7932521Z"
[Licensing::Client] Successfully updated the access token
[Licensing::Module] Successfully updated the access token wF0vsXd1ho...
[Licensing::Client] Successfully resolved entitlement details
[Licensing::Module] License group:
  Id: 7972619309565-UnityPersXXXX
  Product: Unity Personal
  Type: Assigned
  Expiration: Unlimited
[Licensing::Client] Successfully updated license, isAsync: True, time: 0.00
[Licensing::Client] Successfully resolved entitlement details
[Licensing::Module] Licensing Background thread has ended after 0.03s

COMMAND LINE ARGUMENTS:
C:\Program Files\Unity\Hub\Editor\6000.6.0f1\Editor\Unity.exe
-projectpath
C:\Users\kvdgs\Ostatni_Peron
-acceptSoftwareTermsForThisRunOnly
-useHub
-hubIPC
-cloudEnvironment
production
-licensingIpc
LicenseClient-kvdgs
-hubSessionId
7e493b1e-af5a-480c-a905-aadfb748161c
-accessToken
wF0vsXd1ho0tCqbtQGEnj5hAnwtFuirXSqF0hOcoxBo007f
Successfully changed project path to: C:\Users\kvdgs\Ostatni_Peron
C:/Users/kvdgs/Ostatni_Peron
[UnityMemory] Configuration Parameters - Can be set up in boot.config
    "memorysetup-temp-allocator-size-gi-baking-worker=262144"
    "memorysetup-temp-allocator-size-gi-baking-worker=262144"
    "memorysetup-temp-allocator-size-gi-baking-worker=262144"
    "memorysetup-temp-allocator-size-gi-baking-worker=262144"
    "memorysetup-temp-allocator-size-gi-baking-worker=262144"
    "memorysetup-temp-allocator-size-nav-mesh-worker=65536"
    "memorysetup-temp-allocator-size-audio-worker=65536"
    "memorysetup-temp-allocator-size-cloud-worker=32768"
    "memorysetup-temp-allocator-size-gfx=262144"
    "memorysetup-remapper-allocator-initial-capacity=32768"
    "memorysetup-temp-allocator-size-preload-manager=33554432"
    "memorysetup-allocator-temp-initial-block-size-main=262144"
    "memorysetup-allocator-temp-initial-block-size-worker=262144"
    "memorysetup-temp-allocator-size-job-worker=262144"
    "memorysetup-temp-allocator-size-background-worker=32768"
    "memorysetup-bucket-allocator-granularity=16"
    "memorysetup-bucket-allocator-bucket-count=8"
    "memorysetup-bucket-allocator-block-size=33554432"
    "memorysetup-bucket-allocator-block-count=8"
    "memorysetup-main-allocator-block-size=16777216"
    "memorysetup-thread-allocator-block-size=16777216"
    "memorysetup-main-allocator-mimalloc-enabled=1"
    "memorysetup-gfx-main-allocator-block-size=16777216"
    "memorysetup-gfx-thread-allocator-block-size=16777216"
    "memorysetup-cache-allocator-block-size=4194304"
    "memorysetup-typetree-allocator-block-size=2097152"
    "memorysetup-profiler-bucket-allocator-granularity=16"
    "memorysetup-profiler-bucket-allocator-bucket-count=8"
    "memorysetup-profiler-bucket-allocator-block-size=33554432"
    "memorysetup-profiler-bucket-allocator-block-count=8"
    "memorysetup-profiler-allocator-block-size=16777216"
    "memorysetup-profiler-editor-allocator-block-size=1048576"
    "memorysetup-temp-allocator-size-main=16777216"
    "memorysetup-job-temp-allocator-block-size=2097152"
    "memorysetup-job-temp-allocator-block-size-background=1048576"
    "memorysetup-job-temp-allocator-reduction-small-platforms=262144"
Player connection [17496]  Target information:

Player connection [17496]  * "[IP] 192.168.56.1 [Port] 55504 [Flags] 2 [Guid] 1964615572 [EditorId] 1964615572 [Version] 1048832 [Id] WindowsEditor(7,DESKTOP-S3V9965) [Debug] 1 [PackageName] WindowsEditor [ProjectName] Editor" 

Player connection [17496]  * "[IP] 192.168.1.76 [Port] 55504 [Flags] 2 [Guid] 1964615572 [EditorId] 1964615572 [Version] 1048832 [Id] WindowsEditor(7,DESKTOP-S3V9965) [Debug] 1 [PackageName] WindowsEditor [ProjectName] Editor" 

Player connection [17496] Host joined multi-casting on [225.0.0.222:54997]...
Player connection [17496] Host joined alternative multi-casting on [225.0.0.222:34997]...
Input System module state changed to: Initialized.
[Physics::Module] Initialized fallback backend.
[Physics::Module] Id: 0xdecafbad
[Package Manager] Connected to IPC stream "Upm-4632" after 0.2 seconds.
[Licensing::Client] Successfully resolved entitlement details
Library Redirect Path: Library/
Initialising UDS system complete:
  - System type: Client
  - Resource namespace: 4422644b660968779b78d57b56671add
  - Shared memory size: 1073741824
  - Command buffer id: 1052576
  - Command buffer size: 8192
  - Hashmap size: 4194304
  - Service connected: false
Launching Unity Data Store - C:/Program Files/Unity/Hub/Editor/6000.6.0f1/Editor/Data/Tools/Unity.DataStore.exe 
Unity Data Store artifact dir = Library/DataStore, working dir = C:/Users/kvdgs/Ostatni_Peron[Physics::Module] Selected backend.
[Physics::Module] Name: PhysX
[Physics::Module] Id: 0xf2b8ea05
[Physics::Module] SDK Version: 4.1.2
[Physics::Module] Integration Version: 1.0.0
[Physics::Module] Threading Mode: Multi-Threaded
Unity Data Store running and initialised
Initialize engine version: 6000.6.0f1 (f7f8ed4d1e24)
[EntityIdStore] init: VM path (explicit commit), pageSize=4096, blockCount=1048576, entitiesPerBlock=256, slots reserved=4294967296 bytes
[Subsystems] Discovering subsystems at path C:/Program Files/Unity/Hub/Editor/6000.6.0f1/Editor/Data/Resources/UnitySubsystems
[Subsystems] Discovering subsystems at path C:/Users/kvdgs/Ostatni_Peron/Assets
[D3D12 Device Filter] Vendor Name: ATI
[D3D12 Device Filter] Device Name: AMD Radeon RX 7700 XT
[D3D12 Device Filter] Driver Version: 31.0.22030.2
[D3D12 Device Filter] Feature Level: 12.2
[D3D12 Device Filter] Graphics Memory: 12076 MB
[D3D12 Device Filter] Processor Count: 20
[D3D12 Device Filter] Device Type: Discrete
GfxDevice: creating device client; kGfxThreadingModeSplitJobs
d3d12: failed to query info queue interface (0x80004002).
Direct3D:
    Version:         Direct3D 12 [level 12.2]
    Renderer:        AMD Radeon RX 7700 XT (ID=0x747e)
    Vendor:          ATI
    VRAM:            12076 MB
    App VRAM Budget: 11308 MB
    Driver:          31.0.22030.2
Initialize mono
Mono path[0] = 'C:/Program Files/Unity/Hub/Editor/6000.6.0f1/Editor/Data/Managed'
Mono path[1] = 'C:/Program Files/Unity/Hub/Editor/6000.6.0f1/Editor/Data/BCLExtensions/runtime/netstandard2.1'
Mono path[2] = 'C:/Program Files/Unity/Hub/Editor/6000.6.0f1/Editor/Data/MonoBleedingEdge/lib/mono/unityjit-win32'
Mono config path = 'C:/Program Files/Unity/Hub/Editor/6000.6.0f1/Editor/Data/MonoBleedingEdge/etc'
Using monoOptions --debugger-agent=transport=dt_socket,embedding=1,server=y,suspend=n,address=127.0.0.1:56632
CodeReloadManager initialized
ImportWorker Server TCP listen port: 0
AcceleratorClientConnectionCallback - disconnected - :0
Begin MonoManager ReloadAssembly
Registering precompiled unity dll's ...
Register platform support module: C:/Program Files/Unity/Hub/Editor/6000.6.0f1/Editor/Data/PlaybackEngines/WebGLSupport/UnityEditor.WebGL.Extensions.dll
Register platform support module: C:/Program Files/Unity/Hub/Editor/6000.6.0f1/Editor/Data/PlaybackEngines/WindowsStandaloneSupport/UnityEditor.WindowsStandalone.Extensions.dll
Registered in 0.001316 seconds.
Native extension for WindowsStandalone target not found
Native extension for WebGL target not found
Package Manager log level set to [2]
ScheduleIndexationOnStartup MainProcess:False IndexOnStartup:True
Scripting: successfully reloaded assembly
- Finished resetting the current domain, in  0.800 seconds
Domain Reload Profiling: 1354ms
	BeginReloadAssembly (134ms)
		CreateAndSetChildDomain (13ms)
	RebuildCommonClasses (5ms)
	RebuildNativeTypeToScriptingClass (17ms)
	initialDomainReloadingComplete (60ms)
	LoadAllAssembliesAndSetupDomain (336ms)
		LoadAssemblies (119ms)
		TypeCache.Refresh (225ms)
			TypeCache.ScanAssembly (211ms)
		AnalyzeDomain (1ms)
	FinalizeReload (802ms)
		SetupLoadedEditorAssemblies (0ms)
			InitializePlatformSupportModulesInManaged (3ms)
			BeforeProcessingInitializeOnLoad (111ms)
			ProcessInitializeOnLoadAttributes (173ms)
			ProcessInitializeOnLoadMethodAttributes (252ms)
[Licensing::Client] Successfully resolved entitlement details
Application.AssetDatabase Initial Refresh Start
[Package Manager] Restoring resolved packages state from cache
[Licensing::Client] Successfully resolved entitlement details
[Package Manager] Registered 71 packages:
  Packages from [https://packages.unity.com]:
    com.unity.2d.animation@16.0.0 (location: C:\Users\kvdgs\Ostatni_Peron\Library\PackageCache\com.unity.2d.animation@147f6a6d9e7f)
    com.unity.2d.aseprite@6.0.0 (location: C:\Users\kvdgs\Ostatni_Peron\Library\PackageCache\com.unity.2d.aseprite@ab909e3e9b5f)
    com.unity.2d.psdimporter@15.0.0 (location: C:\Users\kvdgs\Ostatni_Peron\Library\PackageCache\com.unity.2d.psdimporter@3ef8178676f6)
    com.unity.2d.spriteshape@16.0.0 (location: C:\Users\kvdgs\Ostatni_Peron\Library\PackageCache\com.unity.2d.spriteshape@42798c9d35d3)
    com.unity.2d.tilemap.extras@9.0.0 (location: C:\Users\kvdgs\Ostatni_Peron\Library\PackageCache\com.unity.2d.tilemap.extras@598e8b65eaae)
    com.unity.2d.tooling@4.0.0 (location: C:\Users\kvdgs\Ostatni_Peron\Library\PackageCache\com.unity.2d.tooling@92c2769ac09c)
    com.unity.collab-proxy@2.13.6 (location: C:\Users\kvdgs\Ostatni_Peron\Library\PackageCache\com.unity.collab-proxy@4628d2ba6ea4)
    com.unity.ide.rider@3.0.38 (location: C:\Users\kvdgs\Ostatni_Peron\Library\PackageCache\com.unity.ide.rider@1f60b3138684)
    com.unity.ide.visualstudio@2.0.26 (location: C:\Users\kvdgs\Ostatni_Peron\Library\PackageCache\com.unity.ide.visualstudio@a99d56dec63f)
    com.unity.inputsystem@1.20.0 (location: C:\Users\kvdgs\Ostatni_Peron\Library\PackageCache\com.unity.inputsystem@7a4e1a2a8194)
    com.unity.learn.iet-framework@6.0.7 (location: C:\Users\kvdgs\Ostatni_Peron\Library\PackageCache\com.unity.learn.iet-framework@96330db47073)
    com.unity.visualscripting@1.9.12 (location: C:\Users\kvdgs\Ostatni_Peron\Library\PackageCache\com.unity.visualscripting@4edfcc09512f)
    com.unity.settings-manager@2.1.1 (location: C:\Users\kvdgs\Ostatni_Peron\Library\PackageCache\com.unity.settings-manager@0b8638c5ce86)
    com.unity.2d.common@15.0.0 (location: C:\Users\kvdgs\Ostatni_Peron\Library\PackageCache\com.unity.2d.common@b779c433ed47)
    com.unity.searcher@4.9.5 (location: C:\Users\kvdgs\Ostatni_Peron\Library\PackageCache\com.unity.searcher@a463122f2c00)
    com.unity.profiling.core@1.0.3 (location: C:\Users\kvdgs\Ostatni_Peron\Library\PackageCache\com.unity.profiling.core@8a49f7027d06)
    com.unity.nuget.mono-cecil@1.11.6 (location: C:\Users\kvdgs\Ostatni_Peron\Library\PackageCache\com.unity.nuget.mono-cecil@ecb9724e46ff)
  Built-in packages:
    com.unity.2d.sprite@1.0.0 (location: C:\Users\kvdgs\Ostatni_Peron\Library\PackageCache\com.unity.2d.sprite@947350d67f82)
    com.unity.2d.tilemap@1.0.0 (location: C:\Users\kvdgs\Ostatni_Peron\Library\PackageCache\com.unity.2d.tilemap@639ca1d99254)
    com.unity.render-pipelines.universal@17.6.0 (location: C:\Users\kvdgs\Ostatni_Peron\Library\PackageCache\com.unity.render-pipelines.universal@8457e85b8184)
    com.unity.test-framework@1.8.0 (location: C:\Users\kvdgs\Ostatni_Peron\Library\PackageCache\com.unity.test-framework@7a3849e09bd0)
    com.unity.timeline@6.6.0 (location: C:\Users\kvdgs\Ostatni_Peron\Library\PackageCache\com.unity.timeline@281d5f7e7d7d)
    com.unity.ugui@2.6.0 (location: C:\Users\kvdgs\Ostatni_Peron\Library\PackageCache\com.unity.ugui@23caec89ae27)
    com.unity.modules.accessibility@1.0.0 (location: C:\Users\kvdgs\Ostatni_Peron\Library\PackageCache\com.unity.modules.accessibility)
    com.unity.modules.adaptiveperformance@1.0.0 (location: C:\Users\kvdgs\Ostatni_Peron\Library\PackageCache\com.unity.modules.adaptiveperformance)
    com.unity.modules.ai@1.0.0 (location: C:\Users\kvdgs\Ostatni_Peron\Library\PackageCache\com.unity.modules.ai)
    com.unity.modules.androidjni@1.0.0 (location: C:\Users\kvdgs\Ostatni_Peron\Library\PackageCache\com.unity.modules.androidjni)
    com.unity.modules.animation@1.0.0 (location: C:\Users\kvdgs\Ostatni_Peron\Library\PackageCache\com.unity.modules.animation)
    com.unity.modules.assetbundle@1.0.0 (location: C:\Users\kvdgs\Ostatni_Peron\Library\PackageCache\com.unity.modules.assetbundle)
    com.unity.modules.audio@1.0.0 (location: C:\Users\kvdgs\Ostatni_Peron\Library\PackageCache\com.unity.modules.audio)
    com.unity.modules.cloth@1.0.0 (location: C:\Users\kvdgs\Ostatni_Peron\Library\PackageCache\com.unity.modules.cloth)
    com.unity.modules.director@1.0.0 (location: C:\Users\kvdgs\Ostatni_Peron\Library\PackageCache\com.unity.modules.director)
    com.unity.modules.imageconversion@1.0.0 (location: C:\Users\kvdgs\Ostatni_Peron\Library\PackageCache\com.unity.modules.imageconversion)
    com.unity.modules.imgui@1.0.0 (location: C:\Users\kvdgs\Ostatni_Peron\Library\PackageCache\com.unity.modules.imgui)
    com.unity.modules.jsonserialize@1.0.0 (location: C:\Users\kvdgs\Ostatni_Peron\Library\PackageCache\com.unity.modules.jsonserialize)
    com.unity.modules.particlesystem@1.0.0 (location: C:\Users\kvdgs\Ostatni_Peron\Library\PackageCache\com.unity.modules.particlesystem)
    com.unity.modules.physics@1.0.0 (location: C:\Users\kvdgs\Ostatni_Peron\Library\PackageCache\com.unity.modules.physics)
    com.unity.modules.physics2d@1.0.0 (location: C:\Users\kvdgs\Ostatni_Peron\Library\PackageCache\com.unity.modules.physics2d)
    com.unity.modules.physicscore2d@1.0.0 (location: C:\Users\kvdgs\Ostatni_Peron\Library\PackageCache\com.unity.modules.physicscore2d)
    com.unity.modules.screencapture@1.0.0 (location: C:\Users\kvdgs\Ostatni_Peron\Library\PackageCache\com.unity.modules.screencapture)
    com.unity.modules.terrain@1.0.0 (location: C:\Users\kvdgs\Ostatni_Peron\Library\PackageCache\com.unity.modules.terrain)
    com.unity.modules.terrainphysics@1.0.0 (location: C:\Users\kvdgs\Ostatni_Peron\Library\PackageCache\com.unity.modules.terrainphysics)
    com.unity.modules.tetgen@1.0.0 (location: C:\Users\kvdgs\Ostatni_Peron\Library\PackageCache\com.unity.modules.tetgen)
    com.unity.modules.tilemap@1.0.0 (location: C:\Users\kvdgs\Ostatni_Peron\Library\PackageCache\com.unity.modules.tilemap)
    com.unity.modules.timelinefoundation@1.0.0 (location: C:\Users\kvdgs\Ostatni_Peron\Library\PackageCache\com.unity.modules.timelinefoundation)
    com.unity.modules.ui@1.0.0 (location: C:\Users\kvdgs\Ostatni_Peron\Library\PackageCache\com.unity.modules.ui)
    com.unity.modules.uielements@1.0.0 (location: C:\Users\kvdgs\Ostatni_Peron\Library\PackageCache\com.unity.modules.uielements)
    com.unity.modules.umbra@1.0.0 (location: C:\Users\kvdgs\Ostatni_Peron\Library\PackageCache\com.unity.modules.umbra)
    com.unity.modules.unityanalytics@1.0.0 (location: C:\Users\kvdgs\Ostatni_Peron\Library\PackageCache\com.unity.modules.unityanalytics)
    com.unity.modules.unitywebrequest@1.0.0 (location: C:\Users\kvdgs\Ostatni_Peron\Library\PackageCache\com.unity.modules.unitywebrequest)
    com.unity.modules.unitywebrequestassetbundle@1.0.0 (location: C:\Users\kvdgs\Ostatni_Peron\Library\PackageCache\com.unity.modules.unitywebrequestassetbundle)
    com.unity.modules.unitywebrequestaudio@1.0.0 (location: C:\Users\kvdgs\Ostatni_Peron\Library\PackageCache\com.unity.modules.unitywebrequestaudio)
    com.unity.modules.unitywebrequesttexture@1.0.0 (location: C:\Users\kvdgs\Ostatni_Peron\Library\PackageCache\com.unity.modules.unitywebrequesttexture)
    com.unity.modules.unitywebrequestwww@1.0.0 (location: C:\Users\kvdgs\Ostatni_Peron\Library\PackageCache\com.unity.modules.unitywebrequestwww)
    com.unity.modules.vectorgraphics@1.0.0 (location: C:\Users\kvdgs\Ostatni_Peron\Library\PackageCache\com.unity.modules.vectorgraphics)
    com.unity.modules.vehicles@1.0.0 (location: C:\Users\kvdgs\Ostatni_Peron\Library\PackageCache\com.unity.modules.vehicles)
    com.unity.modules.video@1.0.0 (location: C:\Users\kvdgs\Ostatni_Peron\Library\PackageCache\com.unity.modules.video)
    com.unity.modules.wind@1.0.0 (location: C:\Users\kvdgs\Ostatni_Peron\Library\PackageCache\com.unity.modules.wind)
    com.unity.modules.xr@1.0.0 (location: C:\Users\kvdgs\Ostatni_Peron\Library\PackageCache\com.unity.modules.xr)
    com.unity.modules.subsystems@1.0.0 (location: C:\Users\kvdgs\Ostatni_Peron\Library\PackageCache\com.unity.modules.subsystems)
    com.unity.modules.hierarchycore@1.0.0 (location: C:\Users\kvdgs\Ostatni_Peron\Library\PackageCache\com.unity.modules.hierarchycore)
    com.unity.ext.nunit@2.1.0 (location: C:\Users\kvdgs\Ostatni_Peron\Library\PackageCache\com.unity.ext.nunit@0198eae3b53e)
    com.unity.render-pipelines.core@17.6.0 (location: C:\Users\kvdgs\Ostatni_Peron\Library\PackageCache\com.unity.render-pipelines.core@2d66c71e606e)
    com.unity.shadergraph@17.6.0 (location: C:\Users\kvdgs\Ostatni_Peron\Library\PackageCache\com.unity.shadergraph@ef6135652377)
    com.unity.render-pipelines.universal-config@17.6.0 (location: C:\Users\kvdgs\Ostatni_Peron\Library\PackageCache\com.unity.render-pipelines.universal-config@561422b74439)
    com.unity.editorcoroutines@6.6.0 (location: C:\Users\kvdgs\Ostatni_Peron\Library\PackageCache\com.unity.editorcoroutines@8cd72baa102a)
    com.unity.mathematics@1.4.0 (location: C:\Users\kvdgs\Ostatni_Peron\Library\PackageCache\com.unity.mathematics@8306a64d0cd6)
    com.unity.collections@6.6.0 (location: C:\Users\kvdgs\Ostatni_Peron\Library\PackageCache\com.unity.collections@10fff0607388)
    com.unity.graph-authoring@1.0.0 (location: C:\Users\kvdgs\Ostatni_Peron\Library\PackageCache\com.unity.graph-authoring@cfd2588851ee)
    com.unity.burst@2.0.0 (location: C:\Users\kvdgs\Ostatni_Peron\Library\PackageCache\com.unity.burst@626e66ab421b)
    com.unity.test-framework.performance@6.6.0 (location: C:\Users\kvdgs\Ostatni_Peron\Library\PackageCache\com.unity.test-framework.performance@0a60b857a52e)
[Subsystems] No new subsystems found in resolved package list.
[Package Manager] Done registering packages in 0.02 seconds
Starting: C:\Program Files\Unity\Hub\Editor\6000.6.0f1\Editor\Data\Tools\BuildPipeline\bee_backend.exe --ipc --defer-dag-verification --dagfile="Library/Bee/1900b0aE.dag" --continue-on-failure --profile="Library/Bee/backend1.traceevents" ScriptAssemblies
WorkingDir: C:/Users/kvdgs/Ostatni_Peron
warn: Unity.ILPP.Runner.PostProcessingAssemblyLoadContext[0]
      Assembly system.runtime.interopservices.windowsruntime has duplicate hint path. Ignoring "C:\Program Files\Unity\Hub\Editor\6000.6.0f1\Editor\Data\UnityReferenceAssemblies\unity-4.8-api\Facades\System.Runtime.InteropServices.WindowsRuntime.dll" in favor of "C:\Program Files\Unity\Hub\Editor\6000.6.0f1\Editor\Data\NetStandard\Extensions\2.0.0\System.Runtime.InteropServices.WindowsRuntime.dll"
warn: Unity.ILPP.Runner.PostProcessingAssemblyLoadContext[0]
      Assembly system.componentmodel.composition has duplicate hint path. Ignoring "C:\Program Files\Unity\Hub\Editor\6000.6.0f1\Editor\Data\UnityReferenceAssemblies\unity-4.8-api\System.ComponentModel.Composition.dll" in favor of "C:\Program Files\Unity\Hub\Editor\6000.6.0f1\Editor\Data\NetStandard\compat\2.1.0\shims\netfx\System.ComponentModel.Composition.dll"
Starting: C:\Program Files\Unity\Hub\Editor\6000.6.0f1\Editor\Data\DotNetSdk\dotnet.exe "C:\Program Files\Unity\Hub\Editor\6000.6.0f1\Editor\Data\Tools\BuildPipeline\ScriptCompilationBuildProgram.exe" "Library/Bee/1900b0aE.dag.json" "Library/Bee/1900b0aE-inputdata.json" "Library\Bee\buildprogram0.traceevents"
WorkingDir: C:/Users/kvdgs/Ostatni_Peron
ExitCode: 4 Duration: 0s251ms
Rebuilding DAG because FileSignature timestamp changed: Library/Bee/1900b0aE-inputdata.json
[ 935/1227  0s] ILPP-Configuration Library/ilpp-configuration.nevergeneratedoutput
*** Tundra requires additional run (0.22 seconds), 1 items updated, 934 evaluated
ExitCode: 0 Duration: 1s310ms
Starting: C:\Program Files\Unity\Hub\Editor\6000.6.0f1\Editor\Data\Tools\BuildPipeline\bee_backend.exe --ipc --defer-dag-verification --dagfile="Library/Bee/1900b0aE.dag" --continue-on-failure --dagfilejson="Library\Bee\1900b0aE.dag.json" --profile="Library/Bee/backend2.traceevents" ScriptAssemblies
WorkingDir: C:/Users/kvdgs/Ostatni_Peron
warn: Unity.ILPP.Runner.PostProcessingAssemblyLoadContext[0]
      Assembly system.runtime.interopservices.windowsruntime has duplicate hint path. Ignoring "C:\Program Files\Unity\Hub\Editor\6000.6.0f1\Editor\Data\UnityReferenceAssemblies\unity-4.8-api\Facades\System.Runtime.InteropServices.WindowsRuntime.dll" in favor of "C:\Program Files\Unity\Hub\Editor\6000.6.0f1\Editor\Data\NetStandard\Extensions\2.0.0\System.Runtime.InteropServices.WindowsRuntime.dll"
warn: Unity.ILPP.Runner.PostProcessingAssemblyLoadContext[0]
      Assembly system.componentmodel.composition has duplicate hint path. Ignoring "C:\Program Files\Unity\Hub\Editor\6000.6.0f1\Editor\Data\UnityReferenceAssemblies\unity-4.8-api\System.ComponentModel.Composition.dll" in favor of "C:\Program Files\Unity\Hub\Editor\6000.6.0f1\Editor\Data\NetStandard\compat\2.1.0\shims\netfx\System.ComponentModel.Composition.dll"
ExitCode: 0 Duration: 19s
Finished compiling graph: 1230 nodes, 25068 flattened edges (21422 ToBuild, 200 ToUse), maximum node priority 1373
[ 238/1227  0s] WriteText Library/Bee/artifacts/1900b0aE.dag/UnityEngine.UI.rsp
[ 239/1227  0s] WriteText Library/Bee/artifacts/1900b0aE.dag/UnityEngine.TestRunner.rsp
[ 240/1227  0s] WriteText Library/Bee/artifacts/1900b0aE.dag/UnityEditor.UI.rsp
[ 246/1227  0s] WriteText Library/Bee/artifacts/1900b0aE.dag/Unity.Mathematics.rsp
[ 248/1227  0s] WriteText Library/Bee/artifacts/1900b0aE.dag/Unity.Profiling.Core.rsp
[ 252/1227  0s] WriteText Library/Bee/artifacts/1900b0aE.dag/Unity.RenderPipelines.Core.Runtime.rsp
[ 254/1227  0s] WriteText Library/Bee/artifacts/1900b0aE.dag/Unity.RenderPipelines.Universal.Config.Runtime.rsp
[ 256/1227  0s] WriteText Library/Bee/artifacts/1900b0aE.dag/Unity.Collections.rsp
[ 258/1227  0s] WriteText Library/Bee/artifacts/1900b0aE.dag/Unity.InputSystem.rsp
[ 273/1227  0s] WriteText Library/Bee/artifacts/1900b0aE.dag/Unity.PathTracing.Runtime.rsp
[ 274/1227  0s] WriteText Library/Bee/artifacts/1900b0aE.dag/Unity.Collections.CodeGen.rsp
[ 276/1227  0s] WriteText Library/Bee/artifacts/1900b0aE.dag/Unity.Burst.rsp
[ 281/1227  0s] WriteText Library/Bee/artifacts/1900b0aE.dag/Unity.VisualScripting.Core.rsp
[ 282/1227  0s] WriteText Library/Bee/artifacts/1900b0aE.dag/Unity.InternalAPIEngineBridge.ObjectDispatcher.Runtime.rsp
[ 290/1227  0s] WriteText Library/Bee/artifacts/1900b0aE.dag/Unity.RenderPipeline.Universal.ShaderLibrary.rsp
[ 292/1227  0s] WriteText Library/Bee/artifacts/1900b0aE.dag/Unity.VisualScripting.Core.Editor.rsp
[ 297/1227  0s] WriteText Library/Bee/artifacts/1900b0aE.dag/Unity.2D.Common.Runtime.rsp
[ 300/1227  0s] WriteText Library/Bee/artifacts/1900b0aE.dag/Unity.RenderPipelines.GPUDriven.Runtime.rsp
[ 314/1227  0s] WriteText Library/Bee/artifacts/1900b0aE.dag/Unity.RenderPipelines.Universal.Runtime.rsp
[ 316/1227  0s] WriteText Library/Bee/artifacts/1900b0aE.dag/Unity.2D.Sprite.Editor.rsp
[ 324/1227  0s] WriteText Library/Bee/artifacts/1900b0aE.dag/Unity.InternalAPIEngineBridge.RenderPipelines.Core.Editor.rsp
[ 325/1227  0s] WriteText Library/Bee/artifacts/1900b0aE.dag/Unity.PathTracing.Editor.rsp
[ 326/1227  0s] WriteText Library/Bee/artifacts/1900b0aE.dag/Unity.UnifiedRayTracing.Runtime.rsp
[ 327/1227  0s] WriteText Library/Bee/artifacts/1900b0aE.dag/Unity.InternalAPIEngineBridge.RenderPipelines.Core.Runtime.Shared.rsp
[ 328/1227  0s] WriteText Library/Bee/artifacts/1900b0aE.dag/Unity.RenderPipelines.Core.Runtime.Shared.rsp
[ 329/1227  0s] WriteText Library/Bee/artifacts/1900b0aE.dag/Unity.2D.Common.Editor.rsp
[ 330/1227  0s] WriteText Library/Bee/artifacts/1900b0aE.dag/Unity.2D.Animation.Profiler.rsp
[ 331/1227  0s] WriteText Library/Bee/artifacts/1900b0aE.dag/Unity.SurfaceCache.Runtime.rsp
[ 348/1227  0s] WriteText Library/Bee/artifacts/1900b0aE.dag/Unity.VisualScripting.State.rsp
[ 354/1227  0s] WriteText Library/Bee/artifacts/1900b0aE.dag/Unity.VisualScripting.Flow.Editor.rsp
[ 355/1227  0s] WriteText Library/Bee/artifacts/1900b0aE.dag/Unity.2D.Tilemap.Editor.rsp
[ 380/1227  0s] WriteText Library/Bee/artifacts/1900b0aE.dag/Unity.GraphAuthoring.Editor.rsp
[ 381/1227  0s] WriteText Library/Bee/artifacts/1900b0aE.dag/Unity.InternalAPIEngineBridge.001.rsp
[ 382/1227  0s] WriteText Library/Bee/artifacts/1900b0aE.dag/Unity.RenderPipelines.Core.Editor.rsp
[ 383/1227  0s] WriteText Library/Bee/artifacts/1900b0aE.dag/Unity.2D.Triangulation.Runtime.rsp
[ 384/1227  0s] WriteText Library/Bee/artifacts/1900b0aE.dag/Unity.InternalAPIEditorBridge.ShaderGraph.Editor.rsp
[ 389/1227  0s] WriteText Library/Bee/artifacts/1900b0aE.dag/Unity.InternalAPIEngineBridge.004.rsp
[ 398/1227  0s] WriteText Library/Bee/artifacts/1900b0aE.dag/Unity.ShaderGraph.Utilities.rsp
[ 399/1227  0s] WriteText Library/Bee/artifacts/1900b0aE.dag/Unity.2D.SpriteShape.Runtime.rsp
[ 400/1227  0s] WriteText Library/Bee/artifacts/1900b0aE.dag/Unity.Searcher.Editor.rsp
[ 401/1227  0s] WriteText Library/Bee/artifacts/1900b0aE.dag/UnityEditor.TestRunner.rsp
[ 402/1227  0s] WriteText Library/Bee/artifacts/1900b0aE.dag/Unity.2D.Animation.Runtime.rsp
[ 403/1227  0s] WriteText Library/Bee/artifacts/1900b0aE.dag/Unity.InputSystem.ForUI.rsp
[ 404/1227  0s] WriteText Library/Bee/artifacts/1900b0aE.dag/Unity.2D.Tilemap.Extras.rsp
[ 405/1227  0s] WriteText Library/Bee/artifacts/1900b0aE.dag/Unity.RenderPipelines.Core.Editor.Shared.rsp
[ 406/1227  0s] WriteText Library/Bee/artifacts/1900b0aE.dag/Unity.ShaderGraph.Editor.rsp
[ 407/1227  0s] WriteText Library/Bee/artifacts/1900b0aE.dag/Unity.2D.Common.Path.Editor.rsp
[ 470/1227  0s] WriteText Library/Bee/artifacts/1900b0aE.dag/Unity.Settings.Editor.rsp
[ 471/1227  0s] WriteText Library/Bee/artifacts/1900b0aE.dag/Unity.Tutorials.rsp
[ 487/1227  0s] WriteText Library/Bee/artifacts/1900b0aE.dag/Unity.Timeline.rsp
[ 493/1227  0s] WriteText Library/Bee/artifacts/1900b0aE.dag/Unity.InternalAPIEditorBridge.007.rsp
[ 495/1227  0s] WriteText Library/Bee/artifacts/1900b0aE.dag/Unity.InternalAPIEngineBridge.007.rsp
[ 497/1227  0s] WriteText Library/Bee/artifacts/1900b0aE.dag/Unity.PerformanceTesting.rsp
[ 510/1227  0s] WriteText Library/Bee/artifacts/1900b0aE.dag/Unity.2D.Animation.Editor.rsp
[ 511/1227  0s] WriteText Library/Bee/artifacts/1900b0aE.dag/Unity.RenderPipelines.Universal.2D.Runtime.rsp
[ 512/1227  0s] WriteText Library/Bee/artifacts/1900b0aE.dag/PsdPlugin.rsp
[ 516/1227  0s] WriteText Library/Bee/artifacts/1900b0aE.dag/Unity.InternalAPIEditorBridge.001.rsp
[ 522/1227  0s] WriteText Library/Bee/artifacts/1900b0aE.dag/Unity.2D.IK.Runtime.rsp
[ 524/1227  0s] WriteText Library/Bee/artifacts/1900b0aE.dag/Unity.TextMeshPro.rsp
[ 527/1227  0s] WriteText Library/Bee/artifacts/1900b0aE.dag/Unity.Collections.Tests.CoreCLR.PublicJobPrivateGeneric.rsp
[ 528/1227  0s] WriteText Library/Bee/artifacts/1900b0aE.dag/Unity.VisualScripting.DocCodeExamples.rsp
[ 529/1227  0s] WriteText Library/Bee/artifacts/1900b0aE.dag/Unity.2D.Aseprite.Common.rsp
[ 530/1227  0s] WriteText Library/Bee/artifacts/1900b0aE.dag/Unity.RenderPipelines.ShaderGraph.ShaderGraphLibrary.rsp
[ 531/1227  0s] WriteText Library/Bee/artifacts/1900b0aE.dag/Unity.Collections.Tests.CoreCLR.ProtectedJobNested.rsp
[ 532/1227  0s] WriteText Library/Bee/artifacts/1900b0aE.dag/Unity.TextMeshPro.Editor.rsp
[ 533/1227  0s] WriteText Library/Bee/artifacts/1900b0aE.dag/Unity.RenderPipelines.Core.ShaderLibrary.rsp
[ 534/1227  0s] WriteText Library/Bee/artifacts/1900b0aE.dag/Unity.EditorCoroutines.Editor.rsp
[ 535/1227  0s] WriteText Library/Bee/artifacts/1900b0aE.dag/Unity.VisualScripting.State.Editor.rsp
[ 536/1227  0s] WriteText Library/Bee/artifacts/1900b0aE.dag/Unity.InputSystem.TestFramework.rsp
[ 537/1227  0s] WriteText Library/Bee/artifacts/1900b0aE.dag/Unity.Collections.Tests.CoreCLR.PrivateJobNested.rsp
[ 538/1227  0s] WriteText Library/Bee/artifacts/1900b0aE.dag/Unity.2D.Welcome.rsp
[ 539/1227  0s] WriteText Library/Bee/artifacts/1900b0aE.dag/Unity.2D.SpriteShape.Editor.rsp
[ 540/1227  0s] WriteText Library/Bee/artifacts/1900b0aE.dag/Unity.2D.IK.Editor.rsp
[ 541/1227  0s] WriteText Library/Bee/artifacts/1900b0aE.dag/Unity.RenderPipelines.Universal.Shaders.rsp
[ 542/1227  0s] WriteText Library/Bee/artifacts/1900b0aE.dag/Unity.Collections.Tests.CoreCLR.InternalJobNestedPrivate.rsp
[ 543/1227  0s] WriteText Library/Bee/artifacts/1900b0aE.dag/Unity.Rendering.LightTransport.Editor.rsp
[ 544/1227  0s] WriteText Library/Bee/artifacts/1900b0aE.dag/Unity.RenderPipelines.Universal.Editor.rsp
[ 545/1227  0s] WriteText Library/Bee/artifacts/1900b0aE.dag/Unity.VisualScripting.Flow.rsp
[ 546/1227  0s] WriteText Library/Bee/artifacts/1900b0aE.dag/Unity.InputSystem.ForUI.Editor.rsp
[ 547/1227  0s] WriteText Library/Bee/artifacts/1900b0aE.dag/Unity.CollabProxy.Editor.rsp
[ 551/1227  0s] WriteText Library/Bee/artifacts/1900b0aE.dag/Unity.2D.Psdimporter.Editor.rsp
[ 553/1227  0s] WriteText Library/Bee/artifacts/1900b0aE.dag/UnityEditor.UI.Analytics.rsp
[ 554/1227  0s] WriteText Library/Bee/artifacts/1900b0aE.dag/Unity.RenderPipelines.Universal.2D.Editor.Overrides.rsp
[ 555/1227  0s] WriteText Library/Bee/artifacts/1900b0aE.dag/Unity.PerformanceTesting.Editor.rsp
[ 556/1227  0s] WriteResponseFile Library/Bee/artifacts/rsp/8899139255040401798.rsp
[ 557/1227  0s] WriteText Library/Bee/artifacts/1900b0aE.dag/Unity.VisualScripting.SettingsProvider.Editor.rsp
[ 558/1227  0s] WriteText Library/Bee/artifacts/1900b0aE.dag/Unity.PlasticSCM.Editor.Assistant.rsp
[ 559/1227  0s] WriteText Library/Bee/artifacts/1900b0aE.dag/Unity.Collections.Editor.rsp
[ 560/1227  0s] WriteText Library/Bee/artifacts/1900b0aE.dag/ScriptablePacker.rsp
[ 561/1227  0s] WriteText Library/Bee/artifacts/1900b0aE.dag/Unity.PlasticSCM.Editor.Entities.rsp
[ 562/1227  0s] WriteText Library/Bee/artifacts/1900b0aE.dag/Unity.InputSystem.DocCodeSamples.rsp
[ 563/1227  0s] WriteText Library/Bee/artifacts/1900b0aE.dag/Unity.VisualScripting.Shared.Editor.rsp
[ 564/1227  0s] WriteText Library/Bee/artifacts/1900b0aE.dag/Unity.2D.Tilemap.Extras.Editor.rsp
[ 565/1227  0s] WriteText Library/Bee/artifacts/1900b0aE.dag/Unity.PlasticSCM.Editor.rsp
[ 566/1227  0s] WriteResponseFile Library/Bee/artifacts/rsp/5916180605834378387.rsp
[ 567/1227  0s] WriteText Library/Bee/artifacts/1900b0aE.dag/Unity.Tutorials.Editor.rsp
[ 568/1227  0s] WriteText Library/Bee/artifacts/1900b0aE.dag/Unity.Timeline.Editor.rsp
[ 569/1227  0s] WriteResponseFile Library/Bee/artifacts/rsp/2776885639716096202.rsp
[ 570/1227  0s] WriteResponseFile Library/Bee/artifacts/rsp/7606483801609891643.rsp
[ 571/1227  0s] WriteResponseFile Library/Bee/artifacts/rsp/17346584914308636752.rsp
[ 572/1227  0s] WriteResponseFile Library/Bee/artifacts/rsp/7038082120299526273.rsp
[ 573/1227  0s] WriteResponseFile Library/Bee/artifacts/rsp/15966515983506956808.rsp
[ 574/1227  0s] WriteResponseFile Library/Bee/artifacts/rsp/4691676790321305727.rsp
[ 575/1227  0s] WriteText Library/Bee/artifacts/1900b0aE.dag/Unity.2D.Tooling.Editor.rsp
[ 576/1227  0s] WriteResponseFile Library/Bee/artifacts/rsp/11932646040550446581.rsp
[ 577/1227  0s] WriteText Library/Bee/artifacts/1900b0aE.dag/Unity.2D.Aseprite.Editor.rsp
[ 578/1227  0s] WriteResponseFile Library/Bee/artifacts/rsp/2157608619508796868.rsp
[ 579/1227  0s] WriteResponseFile Library/Bee/artifacts/rsp/1478594098268573080.rsp
[ 580/1227  0s] WriteResponseFile Library/Bee/artifacts/rsp/4014436084419441659.rsp
[ 581/1227  0s] WriteText Library/Bee/artifacts/1900b0aE.dag/Unity.2D.Animation.Profiler.Editor.rsp
[ 582/1227  0s] WriteResponseFile Library/Bee/artifacts/rsp/10745884157788120225.rsp
[ 583/1227  0s] WriteResponseFile Library/Bee/artifacts/rsp/5546506141355401238.rsp
[ 584/1227  0s] WriteResponseFile Library/Bee/artifacts/rsp/18218310762646611085.rsp
[ 585/1227  0s] WriteResponseFile Library/Bee/artifacts/rsp/3258459190130463912.rsp
[ 586/1227  0s] WriteResponseFile Library/Bee/artifacts/rsp/12912871946893575143.rsp
[ 587/1227  0s] WriteResponseFile Library/Bee/artifacts/rsp/11294775302662683298.rsp
[ 588/1227  0s] WriteResponseFile Library/Bee/artifacts/rsp/5803490648119114145.rsp
[ 589/1227  0s] WriteResponseFile Library/Bee/artifacts/rsp/11344994280883157806.rsp
[ 590/1227  0s] WriteResponseFile Library/Bee/artifacts/rsp/10397561839769426034.rsp
[ 591/1227  0s] WriteResponseFile Library/Bee/artifacts/rsp/2897256077774953845.rsp
[ 592/1227  0s] WriteResponseFile Library/Bee/artifacts/rsp/10010842633742469623.rsp
[ 593/1227  0s] WriteResponseFile Library/Bee/artifacts/rsp/1237274906319909237.rsp
[ 594/1227  0s] WriteResponseFile Library/Bee/artifacts/rsp/17857907764234547985.rsp
[ 595/1227  0s] WriteResponseFile Library/Bee/artifacts/rsp/3064155424177982801.rsp
[ 596/1227  0s] WriteResponseFile Library/Bee/artifacts/rsp/5249134988916615986.rsp
[ 597/1227  0s] WriteResponseFile Library/Bee/artifacts/rsp/11787665206494273547.rsp
[ 598/1227  0s] WriteResponseFile Library/Bee/artifacts/rsp/10571807241835812913.rsp
[ 599/1227  0s] WriteResponseFile Library/Bee/artifacts/rsp/10882039081662076641.rsp
[ 600/1227  0s] WriteResponseFile Library/Bee/artifacts/rsp/14316143403170570236.rsp
[ 601/1227  0s] WriteResponseFile Library/Bee/artifacts/rsp/15085861467720516389.rsp
[ 602/1227  0s] WriteResponseFile Library/Bee/artifacts/rsp/10411718816959651794.rsp
[ 603/1227  0s] WriteResponseFile Library/Bee/artifacts/rsp/9870516708743257357.rsp
[ 604/1227  0s] WriteResponseFile Library/Bee/artifacts/rsp/15183482696195477058.rsp
[ 605/1227  0s] WriteResponseFile Library/Bee/artifacts/rsp/10654656162358534522.rsp
[ 606/1227  0s] WriteResponseFile Library/Bee/artifacts/rsp/17738801749825545598.rsp
[ 607/1227  0s] WriteResponseFile Library/Bee/artifacts/rsp/17525389461119239690.rsp
[ 608/1227  0s] WriteResponseFile Library/Bee/artifacts/rsp/1723042715960067801.rsp
[ 609/1227  0s] WriteText Library/Bee/artifacts/1900b0aE.dag/Unity.Rider.Editor.rsp
[ 610/1227  0s] WriteText Library/Bee/artifacts/1900b0aE.dag/Unity.VisualStudio.Editor.rsp
[ 611/1227  0s] WriteResponseFile Library/Bee/artifacts/rsp/3071285868016441895.rsp
[ 612/1227  0s] WriteResponseFile Library/Bee/artifacts/rsp/1418726328684876121.rsp
[ 613/1227  0s] WriteResponseFile Library/Bee/artifacts/rsp/4466190206555885892.rsp
[ 614/1227  0s] WriteResponseFile Library/Bee/artifacts/rsp/1410676725171572189.rsp
[ 615/1227  0s] WriteResponseFile Library/Bee/artifacts/rsp/6210570011482043853.rsp
[ 616/1227  0s] WriteResponseFile Library/Bee/artifacts/rsp/13439087796855272166.rsp
[ 617/1227  0s] WriteResponseFile Library/Bee/artifacts/rsp/9703144790800738880.rsp
[ 618/1227  0s] WriteResponseFile Library/Bee/artifacts/rsp/13909235412005675431.rsp
[ 619/1227  0s] WriteResponseFile Library/Bee/artifacts/rsp/13686715218353603589.rsp
[ 620/1227  0s] WriteResponseFile Library/Bee/artifacts/rsp/9362519405459664194.rsp
[ 621/1227  0s] WriteResponseFile Library/Bee/artifacts/rsp/15183149355271759364.rsp
[ 622/1227  0s] WriteResponseFile Library/Bee/artifacts/rsp/3232911574759799904.rsp
[ 623/1227  0s] WriteResponseFile Library/Bee/artifacts/rsp/17296387151066238333.rsp
[ 624/1227  0s] WriteResponseFile Library/Bee/artifacts/rsp/8863518860715653438.rsp
[ 625/1227  0s] WriteResponseFile Library/Bee/artifacts/rsp/9963604852455136489.rsp
[ 626/1227  0s] WriteResponseFile Library/Bee/artifacts/rsp/3938377011463375229.rsp
[ 627/1227  0s] WriteResponseFile Library/Bee/artifacts/rsp/1177933628359149393.rsp
[ 628/1227  0s] WriteResponseFile Library/Bee/artifacts/rsp/9675442845102135732.rsp
[ 629/1227  0s] WriteResponseFile Library/Bee/artifacts/rsp/2953117779104569460.rsp
[ 630/1227  0s] WriteResponseFile Library/Bee/artifacts/rsp/7759033573704817190.rsp
[ 631/1227  0s] WriteResponseFile Library/Bee/artifacts/rsp/12900333509587573630.rsp
[ 632/1227  0s] WriteResponseFile Library/Bee/artifacts/rsp/3043913547040211301.rsp
[ 633/1227  0s] WriteResponseFile Library/Bee/artifacts/rsp/14566447020836459352.rsp
[ 634/1227  0s] WriteResponseFile Library/Bee/artifacts/rsp/11295897478892413411.rsp
[ 635/1227  0s] WriteResponseFile Library/Bee/artifacts/rsp/16978334608904336561.rsp
[ 636/1227  0s] WriteResponseFile Library/Bee/artifacts/rsp/15394042617203071315.rsp
[ 637/1227  0s] WriteResponseFile Library/Bee/artifacts/rsp/7896521298153392796.rsp
[ 638/1227  0s] WriteResponseFile Library/Bee/artifacts/rsp/6413563044966999158.rsp
[ 639/1227  0s] WriteResponseFile Library/Bee/artifacts/rsp/3867973322336625480.rsp
[ 640/1227  0s] WriteResponseFile Library/Bee/artifacts/rsp/13445476680238899994.rsp
[ 641/1227  0s] WriteResponseFile Library/Bee/artifacts/rsp/10292501669419677951.rsp
[ 642/1227  0s] WriteResponseFile Library/Bee/artifacts/rsp/3957322666043905931.rsp
[ 643/1227  0s] WriteResponseFile Library/Bee/artifacts/rsp/3388064732626934676.rsp
[ 644/1227  0s] WriteResponseFile Library/Bee/artifacts/rsp/11820488456832421373.rsp
[ 645/1227  0s] WriteResponseFile Library/Bee/artifacts/rsp/9111662996337956171.rsp
[ 646/1227  0s] WriteResponseFile Library/Bee/artifacts/rsp/17723086061372457914.rsp
[ 647/1227  0s] WriteResponseFile Library/Bee/artifacts/rsp/6083568660615989563.rsp
[ 648/1227  0s] WriteResponseFile Library/Bee/artifacts/rsp/2655319114021734818.rsp
[ 649/1227  0s] WriteResponseFile Library/Bee/artifacts/rsp/5776641215966470922.rsp
[ 650/1227  0s] WriteResponseFile Library/Bee/artifacts/rsp/8336928665352126947.rsp
[ 651/1227  0s] WriteResponseFile Library/Bee/artifacts/rsp/16942202937359522267.rsp
[ 652/1227  0s] WriteResponseFile Library/Bee/artifacts/rsp/12697856024727907050.rsp
[ 653/1227  0s] WriteResponseFile Library/Bee/artifacts/rsp/6841316898876630997.rsp
[ 654/1227  0s] WriteResponseFile Library/Bee/artifacts/rsp/12812556936427222528.rsp
[ 655/1227  0s] WriteResponseFile Library/Bee/artifacts/rsp/5521740788080646575.rsp
[ 656/1227  0s] WriteResponseFile Library/Bee/artifacts/rsp/6591615775254759062.rsp
[ 657/1227  0s] WriteResponseFile Library/Bee/artifacts/rsp/1000725841676588325.rsp
[ 658/1227  0s] WriteResponseFile Library/Bee/artifacts/rsp/2499735490941455596.rsp
[ 659/1227  0s] WriteResponseFile Library/Bee/artifacts/rsp/3648465134513896125.rsp
[ 660/1227  0s] WriteResponseFile Library/Bee/artifacts/rsp/3818876520345881085.rsp
[ 661/1227  0s] WriteResponseFile Library/Bee/artifacts/rsp/4772145154433932943.rsp
[ 662/1227  0s] WriteResponseFile Library/Bee/artifacts/rsp/15154896315304165303.rsp
[ 663/1227  0s] WriteResponseFile Library/Bee/artifacts/rsp/5806762800881712256.rsp
[ 664/1227  0s] WriteResponseFile Library/Bee/artifacts/rsp/5652260764500437206.rsp
[ 665/1227  0s] WriteResponseFile Library/Bee/artifacts/rsp/6262281476893245489.rsp
[ 666/1227  0s] WriteResponseFile Library/Bee/artifacts/rsp/1488387367365330867.rsp
[ 667/1227  0s] WriteResponseFile Library/Bee/artifacts/rsp/15312589170787849123.rsp
[ 668/1227  0s] WriteResponseFile Library/Bee/artifacts/rsp/2240406767038398906.rsp
[           0s] Csc Library/Bee/artifacts/1900b0aE.dag/UnityEngine.UI.dll (+2 others) [CacheMiss 9ff0a298ab06a4c694edcc1f1023511b00000000000000000000000000000006]
[ 668/1227  0s] Csc Library/Bee/artifacts/1900b0aE.dag/UnityEngine.TestRunner.dll (+2 others) [CacheHit 33ad9eed11ca04234ddbc68e68e5c73300000000000000000000000000000006]
[ 669/1227  0s] Csc Library/Bee/artifacts/1900b0aE.dag/UnityEngine.TestRunner.dll (+2 others)
[ 671/1227  0s] Csc Library/Bee/artifacts/1900b0aE.dag/UnityEditor.TestRunner.dll (+2 others) [CacheHit 98f5bd9a1ea6d9e7c0fc8952809f419e00000000000000000000000000000006]
[ 673/1227  0s] Csc Library/Bee/artifacts/1900b0aE.dag/UnityEditor.TestRunner.dll (+2 others)
[ 676/1227  1s] Csc Library/Bee/artifacts/1900b0aE.dag/UnityEngine.UI.dll (+2 others)
[           0s] Csc Library/Bee/artifacts/1900b0aE.dag/UnityEngine.UI.dll (+2 others) [CacheWrite 9ff0a298ab06a4c694edcc1f1023511b00000000000000000000000000000006]
[           0s] Csc Library/Bee/artifacts/1900b0aE.dag/UnityEditor.UI.dll (+2 others) [CacheMiss b21818a6f37fe8a07137e651d4f8101000000000000000000000000000000006]
[ 679/1227  0s] Csc Library/Bee/artifacts/1900b0aE.dag/UnityEditor.UI.dll (+2 others)
[           0s] Csc Library/Bee/artifacts/1900b0aE.dag/UnityEditor.UI.dll (+2 others) [CacheWrite b21818a6f37fe8a07137e651d4f8101000000000000000000000000000000006]
[           0s] Csc Library/Bee/artifacts/1900b0aE.dag/Unity.InternalAPIEngineBridge.RenderPipelines.Core.Runtime.Shared.dll (+2 others) [CacheMiss 927298736e6021d86fa46085d5b029ad00000000000000000000000000000006]
[           0s] Csc Library/Bee/artifacts/1900b0aE.dag/Unity.Profiling.Core.dll (+2 others) [CacheMiss dbbb97f6ed2b4218e869449c4c70584e00000000000000000000000000000006]
[           0s] Csc Library/Bee/artifacts/1900b0aE.dag/Unity.InternalAPIEngineBridge.001.dll (+2 others) [CacheMiss 5bf374ebabb6667ed3f8918143f847b600000000000000000000000000000006]
[           0s] Csc Library/Bee/artifacts/1900b0aE.dag/Unity.GraphAuthoring.Editor.dll (+2 others) [CacheMiss d920bfa51016d2029a701827eed87a1e00000000000000000000000000000006]
[           0s] Csc Library/Bee/artifacts/1900b0aE.dag/Unity.Mathematics.dll (+2 others) [CacheMiss c8f141c01a16d90b5af20cc18bd120f600000000000000000000000000000006]
[           0s] Csc Library/Bee/artifacts/1900b0aE.dag/Unity.InternalAPIEditorBridge.ShaderGraph.Editor.dll (+2 others) [CacheMiss 86ad7c4df3154392543c9bbb0b321f1900000000000000000000000000000006]
[           0s] Csc Library/Bee/artifacts/1900b0aE.dag/Unity.InternalAPIEngineBridge.RenderPipelines.Core.Editor.dll (+2 others) [CacheMiss fef3f4136e5eae26cee777f052854e9f00000000000000000000000000000006]
[           0s] Csc Library/Bee/artifacts/1900b0aE.dag/Unity.Burst.dll (+2 others) [CacheMiss 2b6022ff5c201964eff08f21adce77e300000000000000000000000000000006]
[ 702/1227  0s] Csc Library/Bee/artifacts/1900b0aE.dag/Unity.InputSystem.dll (+2 others) [CacheHit 89ad4e8cd808eedb4357b23d679b235d00000000000000000000000000000006]
[ 705/1227  0s] Csc Library/Bee/artifacts/1900b0aE.dag/Unity.InputSystem.dll (+2 others)
[           0s] Csc Library/Bee/artifacts/1900b0aE.dag/Unity.2D.Sprite.Editor.dll (+2 others) [CacheMiss 4e9c6f4922ad362db5704e6f50c995bb00000000000000000000000000000006]
[           0s] Csc Library/Bee/artifacts/1900b0aE.dag/Unity.ShaderGraph.Utilities.dll (+2 others) [CacheMiss fe50b3ead418d4f2e9cac429fd214ea700000000000000000000000000000006]
[           0s] Csc Library/Bee/artifacts/1900b0aE.dag/Unity.2D.Common.Path.Editor.dll (+2 others) [CacheMiss 3976344d6dbdd35bb5309b66aaa1619700000000000000000000000000000006]
[           0s] Csc Library/Bee/artifacts/1900b0aE.dag/Unity.2D.Tilemap.Editor.dll (+2 others) [CacheMiss e7544063c281513b384bb3e532b28c1900000000000000000000000000000006]
[           0s] Csc Library/Bee/artifacts/1900b0aE.dag/Unity.InternalAPIEngineBridge.ObjectDispatcher.Runtime.dll (+2 others) [CacheMiss 22a5de378c38883c93414959ee5ab5eb00000000000000000000000000000006]
[           0s] Csc Library/Bee/artifacts/1900b0aE.dag/Unity.InternalAPIEngineBridge.004.dll (+2 others) [CacheMiss ee3f82d947e119a9f2c375808612eddd00000000000000000000000000000006]
[ 703/1227  0s] Csc Library/Bee/artifacts/1900b0aE.dag/Unity.PerformanceTesting.dll (+2 others) [CacheHit 43af913950508ff81f9cdcd559184f5500000000000000000000000000000006]
[ 707/1227  0s] Csc Library/Bee/artifacts/1900b0aE.dag/Unity.PerformanceTesting.dll (+2 others)
[ 704/1227  0s] Csc Library/Bee/artifacts/1900b0aE.dag/Unity.Searcher.Editor.dll (+2 others) [CacheHit 07174340f3b936ff2eb281ee37cd995c00000000000000000000000000000006]
[ 709/1227  0s] Csc Library/Bee/artifacts/1900b0aE.dag/Unity.Searcher.Editor.dll (+2 others)
[           0s] Csc Library/Bee/artifacts/1900b0aE.dag/Unity.PlasticSCM.Editor.dll (+2 others) [CacheMiss 6424057d962e6ec5746ce1f4d752915f00000000000000000000000000000006]
[ 705/1227  0s] Csc Library/Bee/artifacts/1900b0aE.dag/Unity.InternalAPIEngineBridge.007.dll (+2 others) [CacheHit 047cc09e555680b7f9f4e8c15d94218500000000000000000000000000000006]
[ 711/1227  0s] Csc Library/Bee/artifacts/1900b0aE.dag/Unity.InternalAPIEngineBridge.007.dll (+2 others)
[ 706/1227  0s] Csc Library/Bee/artifacts/1900b0aE.dag/Unity.InternalAPIEditorBridge.007.dll (+2 others) [CacheHit a11ca99c107240e5f0f6bc5d98a937ff00000000000000000000000000000006]
[ 713/1227  0s] Csc Library/Bee/artifacts/1900b0aE.dag/Unity.InternalAPIEditorBridge.007.dll (+2 others)
[           0s] Csc Library/Bee/artifacts/1900b0aE.dag/Unity.EditorCoroutines.Editor.dll (+2 others) [CacheMiss cb0a70c746bd0b60ce5aa85fdfcf16d300000000000000000000000000000006]
[           0s] Csc Library/Bee/artifacts/1900b0aE.dag/Unity.Settings.Editor.dll (+2 others) [CacheMiss d7047b00924383bfd5824206e3a1ac8200000000000000000000000000000006]
[ 710/1227  0s] Csc Library/Bee/artifacts/1900b0aE.dag/Unity.Tutorials.dll (+2 others) [CacheHit df6358dd3cf088f76d687e48a2c8b3f500000000000000000000000000000006]
[ 718/1227  0s] Csc Library/Bee/artifacts/1900b0aE.dag/Unity.Tutorials.dll (+2 others)
[           0s] Csc Library/Bee/artifacts/1900b0aE.dag/Unity.Timeline.dll (+2 others) [CacheMiss 319346a55c0c9c439d072a66739bb39700000000000000000000000000000006]
[           0s] Csc Library/Bee/artifacts/1900b0aE.dag/Unity.VisualScripting.Core.dll (+2 others) [CacheMiss a79a51e88fa9c4f1098c112ed9b87c4d00000000000000000000000000000006]
[ 712/1227  0s] Csc Library/Bee/artifacts/1900b0aE.dag/Unity.InputSystem.ForUI.dll (+2 others) [CacheHit 5a045d8b47cbfcc59cd73147a7a219ca00000000000000000000000000000006]
[ 721/1227  0s] Csc Library/Bee/artifacts/1900b0aE.dag/Unity.InputSystem.ForUI.dll (+2 others)
[ 737/1227  0s] Csc Library/Bee/artifacts/1900b0aE.dag/Unity.InternalAPIEngineBridge.RenderPipelines.Core.Runtime.Shared.dll (+2 others)
[ 738/1227  0s] Csc Library/Bee/artifacts/1900b0aE.dag/Unity.InternalAPIEditorBridge.ShaderGraph.Editor.dll (+2 others)
[           0s] Csc Library/Bee/artifacts/1900b0aE.dag/Unity.RenderPipelines.ShaderGraph.ShaderGraphLibrary.dll (+2 others) [CacheMiss 61418b4f4fab7722642a6d6300964caf00000000000000000000000000000006]
[           0s] Csc Library/Bee/artifacts/1900b0aE.dag/Unity.InternalAPIEditorBridge.ShaderGraph.Editor.dll (+2 others) [CacheWrite 86ad7c4df3154392543c9bbb0b321f1900000000000000000000000000000006]
[ 739/1227  0s] Csc Library/Bee/artifacts/1900b0aE.dag/Unity.Mathematics.dll (+2 others)
[ 740/1227  0s] Csc Library/Bee/artifacts/1900b0aE.dag/Unity.Burst.dll (+2 others)
[ 741/1227  0s] Csc Library/Bee/artifacts/1900b0aE.dag/Unity.InternalAPIEngineBridge.RenderPipelines.Core.Editor.dll (+2 others)
[ 742/1227  0s] Csc Library/Bee/artifacts/1900b0aE.dag/Unity.InternalAPIEngineBridge.001.dll (+2 others)
[           0s] Csc Library/Bee/artifacts/1900b0aE.dag/Unity.InternalAPIEngineBridge.RenderPipelines.Core.Runtime.Shared.dll (+2 others) [CacheWrite 927298736e6021d86fa46085d5b029ad00000000000000000000000000000006]
[ 745/1227  0s] Csc Library/Bee/artifacts/1900b0aE.dag/Unity.Profiling.Core.dll (+2 others)
[           0s] Csc Library/Bee/artifacts/1900b0aE.dag/Unity.Burst.dll (+2 others) [CacheWrite 2b6022ff5c201964eff08f21adce77e300000000000000000000000000000006]
[ 746/1227  0s] Csc Library/Bee/artifacts/1900b0aE.dag/Unity.InternalAPIEngineBridge.ObjectDispatcher.Runtime.dll (+2 others)
[           0s] Csc Library/Bee/artifacts/1900b0aE.dag/Unity.InternalAPIEngineBridge.RenderPipelines.Core.Editor.dll (+2 others) [CacheWrite fef3f4136e5eae26cee777f052854e9f00000000000000000000000000000006]
[ 749/1227  0s] Csc Library/Bee/artifacts/1900b0aE.dag/Unity.InternalAPIEngineBridge.004.dll (+2 others)
[           0s] Csc Library/Bee/artifacts/1900b0aE.dag/Unity.RenderPipelines.Core.ShaderLibrary.dll (+2 others) [CacheMiss 0b0e1be1e092c711ac1e70a97971b16f00000000000000000000000000000006]
[           0s] Csc Library/Bee/artifacts/1900b0aE.dag/Unity.Mathematics.dll (+2 others) [CacheWrite c8f141c01a16d90b5af20cc18bd120f600000000000000000000000000000006]
[           0s] Csc Library/Bee/artifacts/1900b0aE.dag/Unity.InternalAPIEngineBridge.001.dll (+2 others) [CacheWrite 5bf374ebabb6667ed3f8918143f847b600000000000000000000000000000006]
[           0s] Csc Library/Bee/artifacts/1900b0aE.dag/Unity.Profiling.Core.dll (+2 others) [CacheWrite dbbb97f6ed2b4218e869449c4c70584e00000000000000000000000000000006]
[ 756/1227  0s] Csc Library/Bee/artifacts/1900b0aE.dag/Unity.ShaderGraph.Utilities.dll (+2 others)
[           0s] Csc Library/Bee/artifacts/1900b0aE.dag/Unity.RenderPipelines.Universal.Shaders.dll (+2 others) [CacheMiss 208e063aea8b60b6552d69f58c5e7b5100000000000000000000000000000006]
[           0s] Csc Library/Bee/artifacts/1900b0aE.dag/Unity.InternalAPIEngineBridge.004.dll (+2 others) [CacheWrite ee3f82d947e119a9f2c375808612eddd00000000000000000000000000000006]
[           0s] Csc Library/Bee/artifacts/1900b0aE.dag/PsdPlugin.dll (+2 others) [CacheMiss fec84d2f4d92c46d54507a67e5e8192800000000000000000000000000000006]
[           0s] Csc Library/Bee/artifacts/1900b0aE.dag/Unity.InternalAPIEngineBridge.ObjectDispatcher.Runtime.dll (+2 others) [CacheWrite 22a5de378c38883c93414959ee5ab5eb00000000000000000000000000000006]
[ 747/1227  0s] Csc Library/Bee/artifacts/1900b0aE.dag/Unity.InputSystem.TestFramework.dll (+2 others) [CacheHit 426229bc264c9322dd4d9bdd16fdf79100000000000000000000000000000006]
[ 759/1227  0s] Csc Library/Bee/artifacts/1900b0aE.dag/Unity.InputSystem.TestFramework.dll (+2 others)
[           0s] Csc Library/Bee/artifacts/1900b0aE.dag/Unity.2D.Animation.Profiler.dll (+2 others) [CacheMiss dfa1541097288aa05f8730b7a72e0e2600000000000000000000000000000006]
[ 761/1227  0s] Csc Library/Bee/artifacts/1900b0aE.dag/Unity.GraphAuthoring.Editor.dll (+2 others)
[           0s] Csc Library/Bee/artifacts/1900b0aE.dag/Unity.Collections.dll (+2 others) [CacheMiss 9f9affc02dacf731c1815f7da59b8e5900000000000000000000000000000006]
[           0s] Csc Library/Bee/artifacts/1900b0aE.dag/Unity.ShaderGraph.Utilities.dll (+2 others) [CacheWrite fe50b3ead418d4f2e9cac429fd214ea700000000000000000000000000000006]
[           0s] Csc Library/Bee/artifacts/1900b0aE.dag/Unity.GraphAuthoring.Editor.dll (+2 others) [CacheWrite d920bfa51016d2029a701827eed87a1e00000000000000000000000000000006]
[           0s] Csc Library/Bee/artifacts/1900b0aE.dag/Unity.Rendering.LightTransport.Editor.dll (+2 others) [CacheMiss b1c514839e280214bcb6157e2b9db23e00000000000000000000000000000006]
[           0s] Csc Library/Bee/artifacts/1900b0aE.dag/Unity.TextMeshPro.dll (+2 others) [CacheMiss a29ba8aef54fdaf5a34ad67378bcdd3a00000000000000000000000000000006]
[ 754/1227  0s] Csc Library/Bee/artifacts/1900b0aE.dag/Unity.InputSystem.ForUI.Editor.dll (+2 others) [CacheHit 760b86be979881bb827dc203608ba9a400000000000000000000000000000006]
[ 765/1227  0s] Csc Library/Bee/artifacts/1900b0aE.dag/Unity.InputSystem.ForUI.Editor.dll (+2 others)
[ 769/1227  0s] Csc Library/Bee/artifacts/1900b0aE.dag/Unity.EditorCoroutines.Editor.dll (+2 others)
[ 770/1227  0s] Csc Library/Bee/artifacts/1900b0aE.dag/Unity.2D.Common.Path.Editor.dll (+2 others)
[ 757/1227  0s] Csc Library/Bee/artifacts/1900b0aE.dag/Unity.InputSystem.DocCodeSamples.dll (+2 others) [CacheHit ad18ca79d86a159f804958eefea6b1ac00000000000000000000000000000006]
[ 771/1227  0s] Csc Library/Bee/artifacts/1900b0aE.dag/Unity.InputSystem.DocCodeSamples.dll (+2 others)
[ 773/1227  0s] Csc Library/Bee/artifacts/1900b0aE.dag/Unity.Settings.Editor.dll (+2 others)
[ 758/1227  0s] Csc Library/Bee/artifacts/1900b0aE.dag/Unity.PerformanceTesting.Editor.dll (+2 others) [CacheHit b89264358b2648e532c9432e73be85ef00000000000000000000000000000006]
[ 774/1227  0s] Csc Library/Bee/artifacts/1900b0aE.dag/Unity.PerformanceTesting.Editor.dll (+2 others)
[ 759/1227  0s] Csc Library/Bee/artifacts/1900b0aE.dag/Unity.VisualStudio.Editor.dll (+2 others) [CacheHit 5b01e28b5f022c09518486139ce3dc0b00000000000000000000000000000006]
[ 776/1227  0s] Csc Library/Bee/artifacts/1900b0aE.dag/Unity.VisualStudio.Editor.dll (+2 others)
[           0s] Csc Library/Bee/artifacts/1900b0aE.dag/Unity.EditorCoroutines.Editor.dll (+2 others) [CacheWrite cb0a70c746bd0b60ce5aa85fdfcf16d300000000000000000000000000000006]
[ 778/1227  0s] Csc Library/Bee/artifacts/1900b0aE.dag/Unity.RenderPipelines.ShaderGraph.ShaderGraphLibrary.dll (+2 others)
[ 780/1227  0s] Csc Library/Bee/artifacts/1900b0aE.dag/Unity.2D.Welcome.dll (+2 others)
[ 781/1227  0s] CopyFiles Library/ScriptAssemblies/Unity.VisualStudio.Editor.pdb
[           0s] Csc Library/Bee/artifacts/1900b0aE.dag/Unity.2D.Common.Path.Editor.dll (+2 others) [CacheWrite 3976344d6dbdd35bb5309b66aaa1619700000000000000000000000000000006]
[ 766/1227  0s] Csc Library/Bee/artifacts/1900b0aE.dag/Unity.Rider.Editor.dll (+2 others) [CacheHit 60d2a9b403cb190593c35014289de18600000000000000000000000000000006]
[ 783/1227  0s] Csc Library/Bee/artifacts/1900b0aE.dag/Unity.Rider.Editor.dll (+2 others)
[ 785/1227  0s] CopyFiles Library/ScriptAssemblies/Unity.Rider.Editor.pdb
[ 786/1227  0s] CopyFiles Library/ScriptAssemblies/Unity.VisualStudio.Editor.dll
[           0s] Csc Library/Bee/artifacts/1900b0aE.dag/Unity.Settings.Editor.dll (+2 others) [CacheWrite d7047b00924383bfd5824206e3a1ac8200000000000000000000000000000006]
[           0s] Csc Library/Bee/artifacts/1900b0aE.dag/Unity.RenderPipelines.ShaderGraph.ShaderGraphLibrary.dll (+2 others) [CacheWrite 61418b4f4fab7722642a6d6300964caf00000000000000000000000000000006]
[ 789/1227  0s] Csc Library/Bee/artifacts/1900b0aE.dag/Unity.RenderPipelines.Core.ShaderLibrary.dll (+2 others)
[ 790/1227  0s] CopyFiles Library/ScriptAssemblies/Unity.Rider.Editor.dll
[           0s] Csc Library/Bee/artifacts/1900b0aE.dag/Unity.RenderPipelines.Core.ShaderLibrary.dll (+2 others) [CacheWrite 0b0e1be1e092c711ac1e70a97971b16f00000000000000000000000000000006]
[ 774/1227  0s] Csc Library/Bee/artifacts/1900b0aE.dag/Unity.Tutorials.Editor.dll (+2 others) [CacheHit 5121185e1ddc910672cc864a7fe8f86100000000000000000000000000000006]
[ 791/1227  0s] Csc Library/Bee/artifacts/1900b0aE.dag/Unity.Tutorials.Editor.dll (+2 others)
[ 793/1227  0s] Csc Library/Bee/artifacts/1900b0aE.dag/Unity.RenderPipelines.Universal.Shaders.dll (+2 others)
[           0s] Csc Library/Bee/artifacts/1900b0aE.dag/Unity.RenderPipelines.Universal.Shaders.dll (+2 others) [CacheWrite 208e063aea8b60b6552d69f58c5e7b5100000000000000000000000000000006]
[ 794/1227  1s] Csc Library/Bee/artifacts/1900b0aE.dag/Unity.2D.Sprite.Editor.dll (+2 others)
[           0s] Csc Library/Bee/artifacts/1900b0aE.dag/Unity.2D.Sprite.Editor.dll (+2 others) [CacheWrite 4e9c6f4922ad362db5704e6f50c995bb00000000000000000000000000000006]
[ 798/1227  1s] Csc Library/Bee/artifacts/1900b0aE.dag/Unity.Timeline.dll (+2 others)
[ 799/1227  1s] Csc Library/Bee/artifacts/1900b0aE.dag/Unity.2D.Animation.Profiler.dll (+2 others)
[           0s] Csc Library/Bee/artifacts/1900b0aE.dag/Unity.2D.Aseprite.Common.dll (+2 others) [CacheMiss 6eea5595ddce892a62a87559203711b500000000000000000000000000000006]
[ 800/1227  0s] Csc Library/Bee/artifacts/1900b0aE.dag/Unity.Rendering.LightTransport.Editor.dll (+2 others)
[           0s] Csc Library/Bee/artifacts/1900b0aE.dag/Unity.InternalAPIEditorBridge.001.dll (+2 others) [CacheMiss b17f40e33a847dbb4756d6e9719c108900000000000000000000000000000006]
[           0s] Csc Library/Bee/artifacts/1900b0aE.dag/Unity.Timeline.dll (+2 others) [CacheWrite 319346a55c0c9c439d072a66739bb39700000000000000000000000000000006]
[           0s] Csc Library/Bee/artifacts/1900b0aE.dag/Unity.2D.Animation.Profiler.dll (+2 others) [CacheWrite dfa1541097288aa05f8730b7a72e0e2600000000000000000000000000000006]
[           0s] Csc Library/Bee/artifacts/1900b0aE.dag/Unity.Rendering.LightTransport.Editor.dll (+2 others) [CacheWrite b1c514839e280214bcb6157e2b9db23e00000000000000000000000000000006]
[ 803/1227  1s] Csc Library/Bee/artifacts/1900b0aE.dag/Unity.2D.Tilemap.Editor.dll (+2 others)
[           0s] Csc Library/Bee/artifacts/1900b0aE.dag/Unity.Timeline.Editor.dll (+2 others) [CacheMiss 401f5004519ee77ddc4a95ff177d1f8400000000000000000000000000000006]
[           0s] Csc Library/Bee/artifacts/1900b0aE.dag/Unity.2D.Animation.Profiler.Editor.dll (+2 others) [CacheMiss 9a5452ea6dceaddbf2d61897d057525d00000000000000000000000000000006]
[           0s] Csc Library/Bee/artifacts/1900b0aE.dag/Unity.2D.Tilemap.Editor.dll (+2 others) [CacheWrite e7544063c281513b384bb3e532b28c1900000000000000000000000000000006]
[           0s] Csc Library/Bee/artifacts/1900b0aE.dag/Unity.2D.Tilemap.Extras.dll (+2 others) [CacheMiss 0d60f23a631694201585c7b69999514400000000000000000000000000000006]
[ 808/1227  1s] Csc Library/Bee/artifacts/1900b0aE.dag/PsdPlugin.dll (+2 others)
[           0s] Csc Library/Bee/artifacts/1900b0aE.dag/PsdPlugin.dll (+2 others) [CacheWrite fec84d2f4d92c46d54507a67e5e8192800000000000000000000000000000006]
[ 809/1227  0s] Csc Library/Bee/artifacts/1900b0aE.dag/Unity.2D.Aseprite.Common.dll (+2 others)
[           0s] Csc Library/Bee/artifacts/1900b0aE.dag/Unity.2D.Aseprite.Common.dll (+2 others) [CacheWrite 6eea5595ddce892a62a87559203711b500000000000000000000000000000006]
[ 811/1227  0s] Csc Library/Bee/artifacts/1900b0aE.dag/Unity.InternalAPIEditorBridge.001.dll (+2 others)
[ 812/1227  0s] Csc Library/Bee/artifacts/1900b0aE.dag/Unity.2D.Animation.Profiler.Editor.dll (+2 others)
[           0s] Csc Library/Bee/artifacts/1900b0aE.dag/Unity.InternalAPIEditorBridge.001.dll (+2 others) [CacheWrite b17f40e33a847dbb4756d6e9719c108900000000000000000000000000000006]
[           0s] Csc Library/Bee/artifacts/1900b0aE.dag/Unity.2D.Tooling.Editor.dll (+2 others) [CacheMiss 53329e5d6818ab24457b4a7b8b73294300000000000000000000000000000006]
[           0s] Csc Library/Bee/artifacts/1900b0aE.dag/Unity.2D.Animation.Profiler.Editor.dll (+2 others) [CacheWrite 9a5452ea6dceaddbf2d61897d057525d00000000000000000000000000000006]
[ 815/1227  0s] Csc Library/Bee/artifacts/1900b0aE.dag/Unity.2D.Tilemap.Extras.dll (+2 others)
[ 816/1227  2s] Csc Library/Bee/artifacts/1900b0aE.dag/Unity.VisualScripting.Core.dll (+2 others)
[           0s] Csc Library/Bee/artifacts/1900b0aE.dag/Unity.VisualScripting.Core.dll (+2 others) [CacheWrite a79a51e88fa9c4f1098c112ed9b87c4d00000000000000000000000000000006]
[           0s] Csc Library/Bee/artifacts/1900b0aE.dag/Unity.2D.Tilemap.Extras.dll (+2 others) [CacheWrite 0d60f23a631694201585c7b69999514400000000000000000000000000000006]
[           0s] Csc Library/Bee/artifacts/1900b0aE.dag/Unity.VisualScripting.Core.Editor.dll (+2 others) [CacheMiss 259c5a1fe09fbc43b4ec5a42f779640000000000000000000000000000000006]
[           0s] Csc Library/Bee/artifacts/1900b0aE.dag/Unity.2D.Tilemap.Extras.Editor.dll (+2 others) [CacheMiss 01c3920b628f9815e3df9c8921e26e4600000000000000000000000000000006]
[ 822/1227  2s] Csc Library/Bee/artifacts/1900b0aE.dag/Unity.TextMeshPro.dll (+2 others)
[           0s] Csc Library/Bee/artifacts/1900b0aE.dag/Unity.VisualScripting.Flow.dll (+2 others) [CacheMiss e8c639b849305ab89df43df75532ecb200000000000000000000000000000006]
[           0s] Csc Library/Bee/artifacts/1900b0aE.dag/Unity.TextMeshPro.dll (+2 others) [CacheWrite a29ba8aef54fdaf5a34ad67378bcdd3a00000000000000000000000000000006]
[           0s] Csc Library/Bee/artifacts/1900b0aE.dag/UnityEditor.UI.Analytics.dll (+2 others) [CacheMiss 55cca839f31a557d20a697fdf361e7bb00000000000000000000000000000006]
[ 825/1227  1s] Csc Library/Bee/artifacts/1900b0aE.dag/Unity.2D.Tooling.Editor.dll (+2 others)
[           0s] Csc Library/Bee/artifacts/1900b0aE.dag/Unity.2D.Tooling.Editor.dll (+2 others) [CacheWrite 53329e5d6818ab24457b4a7b8b73294300000000000000000000000000000006]
[ 826/1227  0s] Csc Library/Bee/artifacts/1900b0aE.dag/UnityEditor.UI.Analytics.dll (+2 others)
[           0s] Csc Library/Bee/artifacts/1900b0aE.dag/UnityEditor.UI.Analytics.dll (+2 others) [CacheWrite 55cca839f31a557d20a697fdf361e7bb00000000000000000000000000000006]
[ 827/1227  3s] Csc Library/Bee/artifacts/1900b0aE.dag/Unity.Collections.dll (+2 others)
[ 828/1227  1s] Csc Library/Bee/artifacts/1900b0aE.dag/Unity.2D.Tilemap.Extras.Editor.dll (+2 others)
[ 829/1227  2s] Csc Library/Bee/artifacts/1900b0aE.dag/Unity.Timeline.Editor.dll (+2 others)
[           0s] Csc Library/Bee/artifacts/1900b0aE.dag/Unity.2D.Tilemap.Extras.Editor.dll (+2 others) [CacheWrite 01c3920b628f9815e3df9c8921e26e4600000000000000000000000000000006]
[           0s] Csc Library/Bee/artifacts/1900b0aE.dag/Unity.Collections.dll (+2 others) [CacheWrite 9f9affc02dacf731c1815f7da59b8e5900000000000000000000000000000006]
[           0s] Csc Library/Bee/artifacts/1900b0aE.dag/Unity.Timeline.Editor.dll (+2 others) [CacheWrite 401f5004519ee77ddc4a95ff177d1f8400000000000000000000000000000006]
[           0s] Csc Library/Bee/artifacts/1900b0aE.dag/Unity.Collections.Tests.CoreCLR.ProtectedJobNested.dll (+2 others) [CacheMiss 0b6022bcd7b6b23a641dbc3d4bc3485200000000000000000000000000000006]
[           0s] Csc Library/Bee/artifacts/1900b0aE.dag/Unity.2D.Common.Runtime.dll (+2 others) [CacheMiss 739875f7394f673de4236c22a25ff37e00000000000000000000000000000006]
[           0s] Csc Library/Bee/artifacts/1900b0aE.dag/Unity.Collections.Tests.CoreCLR.PrivateJobNested.dll (+2 others) [CacheMiss d33559eb5a4ebe671320f7376e5332b800000000000000000000000000000006]
[           0s] Csc Library/Bee/artifacts/1900b0aE.dag/Unity.RenderPipelines.Core.Runtime.dll (+2 others) [CacheMiss 16157806a8a5c080fc36fc5ebaecd69900000000000000000000000000000006]
[           0s] Csc Library/Bee/artifacts/1900b0aE.dag/Unity.Collections.Editor.dll (+2 others) [CacheMiss c5112851bf4107d77b7602a26ffd706f00000000000000000000000000000006]
[           0s] Csc Library/Bee/artifacts/1900b0aE.dag/Unity.Collections.CodeGen.dll (+2 others) [CacheMiss 73e206ad68155a2cf2818c54978e9d1100000000000000000000000000000006]
[           0s] Csc Library/Bee/artifacts/1900b0aE.dag/Unity.UnifiedRayTracing.Runtime.dll (+2 others) [CacheMiss d94879d03fab2d801138df4eb19fa80300000000000000000000000000000006]
[           0s] Csc Library/Bee/artifacts/1900b0aE.dag/Unity.Collections.Tests.CoreCLR.PublicJobPrivateGeneric.dll (+2 others) [CacheMiss 7670d288c9e6eed5ddbd4eeb0e420aea00000000000000000000000000000006]
[           0s] Csc Library/Bee/artifacts/1900b0aE.dag/Unity.Collections.Tests.CoreCLR.InternalJobNestedPrivate.dll (+2 others) [CacheMiss ed859761dad3bf22de55019b1d9ddb1900000000000000000000000000000006]
[ 840/1227  0s] Csc Library/Bee/artifacts/1900b0aE.dag/Unity.Collections.Tests.CoreCLR.ProtectedJobNested.dll (+2 others)
[ 841/1227  0s] Csc Library/Bee/artifacts/1900b0aE.dag/Unity.Collections.Tests.CoreCLR.PrivateJobNested.dll (+2 others)
[           0s] Csc Library/Bee/artifacts/1900b0aE.dag/Unity.Collections.Tests.CoreCLR.ProtectedJobNested.dll (+2 others) [CacheWrite 0b6022bcd7b6b23a641dbc3d4bc3485200000000000000000000000000000006]
[           0s] Csc Library/Bee/artifacts/1900b0aE.dag/Unity.Collections.Tests.CoreCLR.PrivateJobNested.dll (+2 others) [CacheWrite d33559eb5a4ebe671320f7376e5332b800000000000000000000000000000006]
[ 842/1227  0s] Csc Library/Bee/artifacts/1900b0aE.dag/Unity.Collections.Editor.dll (+2 others)
[ 843/1227  0s] Csc Library/Bee/artifacts/1900b0aE.dag/Unity.Collections.Tests.CoreCLR.InternalJobNestedPrivate.dll (+2 others)
[ 844/1227  0s] Csc Library/Bee/artifacts/1900b0aE.dag/Unity.Collections.Tests.CoreCLR.PublicJobPrivateGeneric.dll (+2 others)
[ 845/1227  0s] Csc Library/Bee/artifacts/1900b0aE.dag/Unity.2D.Common.Runtime.dll (+2 others)
[           0s] Csc Library/Bee/artifacts/1900b0aE.dag/Unity.Collections.Editor.dll (+2 others) [CacheWrite c5112851bf4107d77b7602a26ffd706f00000000000000000000000000000006]
[           0s] Csc Library/Bee/artifacts/1900b0aE.dag/Unity.Collections.Tests.CoreCLR.PublicJobPrivateGeneric.dll (+2 others) [CacheWrite 7670d288c9e6eed5ddbd4eeb0e420aea00000000000000000000000000000006]
[           0s] Csc Library/Bee/artifacts/1900b0aE.dag/Unity.Collections.Tests.CoreCLR.InternalJobNestedPrivate.dll (+2 others) [CacheWrite ed859761dad3bf22de55019b1d9ddb1900000000000000000000000000000006]
[           0s] Csc Library/Bee/artifacts/1900b0aE.dag/Unity.2D.Common.Runtime.dll (+2 others) [CacheWrite 739875f7394f673de4236c22a25ff37e00000000000000000000000000000006]
[ 851/1227  0s] Csc Library/Bee/artifacts/1900b0aE.dag/Unity.Collections.CodeGen.dll (+2 others)
[           0s] Csc Library/Bee/artifacts/1900b0aE.dag/ScriptablePacker.dll (+2 others) [CacheMiss 2a6948837ff88474cdf88bd2b7c7945e00000000000000000000000000000006]
[           0s] Csc Library/Bee/artifacts/1900b0aE.dag/Unity.2D.Common.Editor.dll (+2 others) [CacheMiss fc9897ffe0f48b20be386e67b4ab92ce00000000000000000000000000000006]
[           0s] Csc Library/Bee/artifacts/1900b0aE.dag/Unity.2D.SpriteShape.Runtime.dll (+2 others) [CacheMiss d3c662e0c4ef6a54dd8cfc8f0539e77300000000000000000000000000000006]
[           0s] Csc Library/Bee/artifacts/1900b0aE.dag/Unity.2D.Triangulation.Runtime.dll (+2 others) [CacheMiss 6f023c3387566bad3b5ecda249f80ea800000000000000000000000000000006]
[           0s] Csc Library/Bee/artifacts/1900b0aE.dag/Unity.Collections.CodeGen.dll (+2 others) [CacheWrite 73e206ad68155a2cf2818c54978e9d1100000000000000000000000000000006]
[ 852/1227  0s] CopyFiles Library/ScriptAssemblies/Unity.Collections.CodeGen.pdb
[ 853/1227  0s] CopyFiles Library/ScriptAssemblies/Unity.Collections.CodeGen.dll
[ 854/1227  1s] Csc Library/Bee/artifacts/1900b0aE.dag/Unity.UnifiedRayTracing.Runtime.dll (+2 others)
[           0s] Csc Library/Bee/artifacts/1900b0aE.dag/Unity.UnifiedRayTracing.Runtime.dll (+2 others) [CacheWrite d94879d03fab2d801138df4eb19fa80300000000000000000000000000000006]
[ 856/1227  2s] Csc Library/Bee/artifacts/1900b0aE.dag/Unity.VisualScripting.Flow.dll (+2 others)
[           0s] Csc Library/Bee/artifacts/1900b0aE.dag/Unity.VisualScripting.Flow.dll (+2 others) [CacheWrite e8c639b849305ab89df43df75532ecb200000000000000000000000000000006]
[ 860/1227  0s] Csc Library/Bee/artifacts/1900b0aE.dag/Unity.2D.Triangulation.Runtime.dll (+2 others)
[ 861/1227  0s] Csc Library/Bee/artifacts/1900b0aE.dag/ScriptablePacker.dll (+2 others)
[ 862/1227  0s] Csc Library/Bee/artifacts/1900b0aE.dag/Unity.2D.Common.Editor.dll (+2 others)
[           0s] Csc Library/Bee/artifacts/1900b0aE.dag/Unity.VisualScripting.DocCodeExamples.dll (+2 others) [CacheMiss b46bb8a74cdc6d56d477098e18e340e900000000000000000000000000000006]
[           0s] Csc Library/Bee/artifacts/1900b0aE.dag/Unity.VisualScripting.State.dll (+2 others) [CacheMiss ed59407a2dcb2c75d7ff0f6b1222deb300000000000000000000000000000006]
[           0s] Csc Library/Bee/artifacts/1900b0aE.dag/Unity.2D.Triangulation.Runtime.dll (+2 others) [CacheWrite 6f023c3387566bad3b5ecda249f80ea800000000000000000000000000000006]
[           0s] Csc Library/Bee/artifacts/1900b0aE.dag/ScriptablePacker.dll (+2 others) [CacheWrite 2a6948837ff88474cdf88bd2b7c7945e00000000000000000000000000000006]
[           0s] Csc Library/Bee/artifacts/1900b0aE.dag/Unity.2D.Common.Editor.dll (+2 others) [CacheWrite fc9897ffe0f48b20be386e67b4ab92ce00000000000000000000000000000006]
[ 865/1227  5s] Csc Library/Bee/artifacts/1900b0aE.dag/Unity.PlasticSCM.Editor.dll (+2 others)
[           0s] Csc Library/Bee/artifacts/1900b0aE.dag/Unity.PlasticSCM.Editor.dll (+2 others) [CacheWrite 6424057d962e6ec5746ce1f4d752915f00000000000000000000000000000006]
[ 870/1227  0s] ILPP-Configuration Library/ilpp-configuration.nevergeneratedoutput
[           0s] Csc Library/Bee/artifacts/1900b0aE.dag/Unity.PlasticSCM.Editor.Assistant.dll (+2 others) [CacheMiss 598ab8fdf2894c1feb5d4a862fcfdeb900000000000000000000000000000006]
[           0s] Csc Library/Bee/artifacts/1900b0aE.dag/Unity.PlasticSCM.Editor.Entities.dll (+2 others) [CacheMiss dff990320f545f2a5642393bc1d50d3400000000000000000000000000000006]
[           0s] Csc Library/Bee/artifacts/1900b0aE.dag/Unity.CollabProxy.Editor.dll (+2 others) [CacheMiss 69bebedc457ec4ea8a8a4a59ed9bd5a200000000000000000000000000000006]
[ 871/1227  0s] Csc Library/Bee/artifacts/1900b0aE.dag/Unity.VisualScripting.DocCodeExamples.dll (+2 others)
[           0s] Csc Library/Bee/artifacts/1900b0aE.dag/Unity.VisualScripting.DocCodeExamples.dll (+2 others) [CacheWrite b46bb8a74cdc6d56d477098e18e340e900000000000000000000000000000006]
[ 872/1227  0s] Csc Library/Bee/artifacts/1900b0aE.dag/Unity.VisualScripting.State.dll (+2 others)
[           0s] Csc Library/Bee/artifacts/1900b0aE.dag/Unity.VisualScripting.State.dll (+2 others) [CacheWrite ed59407a2dcb2c75d7ff0f6b1222deb300000000000000000000000000000006]
[ 874/1227  3s] Csc Library/Bee/artifacts/1900b0aE.dag/Unity.VisualScripting.Core.Editor.dll (+2 others)
[ 875/1227  0s] Csc Library/Bee/artifacts/1900b0aE.dag/Unity.PlasticSCM.Editor.Entities.dll (+2 others)
[ 876/1227  0s] Csc Library/Bee/artifacts/1900b0aE.dag/Unity.PlasticSCM.Editor.Assistant.dll (+2 others)
[ 877/1227  0s] Csc Library/Bee/artifacts/1900b0aE.dag/Unity.CollabProxy.Editor.dll (+2 others)
[ 878/1227  0s] Csc Library/Bee/artifacts/1900b0aE.dag/Unity.2D.SpriteShape.Runtime.dll (+2 others)
[           0s] Csc Library/Bee/artifacts/1900b0aE.dag/Unity.PlasticSCM.Editor.Assistant.dll (+2 others) [CacheWrite 598ab8fdf2894c1feb5d4a862fcfdeb900000000000000000000000000000006]
[           0s] Csc Library/Bee/artifacts/1900b0aE.dag/Unity.VisualScripting.Core.Editor.dll (+2 others) [CacheWrite 259c5a1fe09fbc43b4ec5a42f779640000000000000000000000000000000006]
[           0s] Csc Library/Bee/artifacts/1900b0aE.dag/Unity.PlasticSCM.Editor.Entities.dll (+2 others) [CacheWrite dff990320f545f2a5642393bc1d50d3400000000000000000000000000000006]
[           0s] Csc Library/Bee/artifacts/1900b0aE.dag/Unity.CollabProxy.Editor.dll (+2 others) [CacheWrite 69bebedc457ec4ea8a8a4a59ed9bd5a200000000000000000000000000000006]
[           0s] Csc Library/Bee/artifacts/1900b0aE.dag/Unity.2D.SpriteShape.Runtime.dll (+2 others) [CacheWrite d3c662e0c4ef6a54dd8cfc8f0539e77300000000000000000000000000000006]
[           0s] Csc Library/Bee/artifacts/1900b0aE.dag/Unity.VisualScripting.Flow.Editor.dll (+2 others) [CacheMiss 2ea580051abbd2988db5ab3c15ee7a8300000000000000000000000000000006]
[           0s] Csc Library/Bee/artifacts/1900b0aE.dag/Unity.2D.SpriteShape.Editor.dll (+2 others) [CacheMiss 431ecaa4dca4d28438e0dc66f21afe6600000000000000000000000000000006]
[ 883/1227  0s] ILPostProcess Library/Bee/artifacts/1900b0aE.dag/post-processed/Unity.InternalAPIEngineBridge.001.dll (+pdb)
Processing assembly Library/Bee/artifacts/1900b0aE.dag/Unity.InternalAPIEngineBridge.001.dll, with 149 defines and 305 references

processors: Unity.Jobs.CodeGen.JobsILPostProcessor, zzzUnity.Burst.CodeGen.BurstILPostProcessor

1 processor(s) skipped this assembly

running Unity.Jobs.CodeGen.JobsILPostProcessor
[ 884/1227  0s] ILPostProcess Library/Bee/artifacts/1900b0aE.dag/post-processed/Unity.Profiling.Core.dll (+pdb)
Processing assembly Library/Bee/artifacts/1900b0aE.dag/Unity.Profiling.Core.dll, with 149 defines and 305 references

processors: Unity.Jobs.CodeGen.JobsILPostProcessor, zzzUnity.Burst.CodeGen.BurstILPostProcessor

1 processor(s) skipped this assembly

running Unity.Jobs.CodeGen.JobsILPostProcessor
[ 885/1227  0s] ILPostProcess Library/Bee/artifacts/1900b0aE.dag/post-processed/Unity.2D.Welcome.dll (+pdb)
Processing assembly Library/Bee/artifacts/1900b0aE.dag/Unity.2D.Welcome.dll, with 149 defines and 305 references

processors: Unity.Jobs.CodeGen.JobsILPostProcessor, zzzUnity.Burst.CodeGen.BurstILPostProcessor

1 processor(s) skipped this assembly

running Unity.Jobs.CodeGen.JobsILPostProcessor
[ 886/1227  0s] ILPostProcess Library/Bee/artifacts/1900b0aE.dag/post-processed/Unity.InputSystem.ForUI.dll (+pdb)
Processing assembly Library/Bee/artifacts/1900b0aE.dag/Unity.InputSystem.ForUI.dll, with 149 defines and 306 references

processors: Unity.Jobs.CodeGen.JobsILPostProcessor, zzzUnity.Burst.CodeGen.BurstILPostProcessor

1 processor(s) skipped this assembly

running Unity.Jobs.CodeGen.JobsILPostProcessor
[ 887/1227  0s] ILPostProcess Library/Bee/artifacts/1900b0aE.dag/post-processed/Unity.PerformanceTesting.dll (+pdb)
Processing assembly Library/Bee/artifacts/1900b0aE.dag/Unity.PerformanceTesting.dll, with 150 defines and 290 references

processors: Unity.Jobs.CodeGen.JobsILPostProcessor, zzzUnity.Burst.CodeGen.BurstILPostProcessor

1 processor(s) skipped this assembly

running Unity.Jobs.CodeGen.JobsILPostProcessor
[ 888/1227  0s] ILPostProcess Library/Bee/artifacts/1900b0aE.dag/post-processed/Unity.VisualScripting.DocCodeExamples.dll (+pdb)
Processing assembly Library/Bee/artifacts/1900b0aE.dag/Unity.VisualScripting.DocCodeExamples.dll, with 149 defines and 293 references

processors: Unity.Jobs.CodeGen.JobsILPostProcessor, zzzUnity.Burst.CodeGen.BurstILPostProcessor

1 processor(s) skipped this assembly

running Unity.Jobs.CodeGen.JobsILPostProcessor
[ 889/1227  0s] Csc Library/Bee/artifacts/1900b0aE.dag/Unity.2D.SpriteShape.Editor.dll (+2 others)
[           0s] Csc Library/Bee/artifacts/1900b0aE.dag/Unity.2D.SpriteShape.Editor.dll (+2 others) [CacheWrite 431ecaa4dca4d28438e0dc66f21afe6600000000000000000000000000000006]
[ 890/1227  1s] ILPostProcess Library/Bee/artifacts/1900b0aE.dag/post-processed/Unity.Burst.dll (+pdb)
Processing assembly Library/Bee/artifacts/1900b0aE.dag/Unity.Burst.dll, with 149 defines and 305 references

processors: Unity.Jobs.CodeGen.JobsILPostProcessor, zzzUnity.Burst.CodeGen.BurstILPostProcessor

running Unity.Jobs.CodeGen.JobsILPostProcessor

running zzzUnity.Burst.CodeGen.BurstILPostProcessor
[ 891/1227  0s] ILPostProcess Library/Bee/artifacts/1900b0aE.dag/post-processed/Unity.Tutorials.dll (+pdb)
Processing assembly Library/Bee/artifacts/1900b0aE.dag/Unity.Tutorials.dll, with 149 defines and 305 references

processors: Unity.Jobs.CodeGen.JobsILPostProcessor, zzzUnity.Burst.CodeGen.BurstILPostProcessor

1 processor(s) skipped this assembly

running Unity.Jobs.CodeGen.JobsILPostProcessor
[ 892/1227  1s] ILPostProcess Library/Bee/artifacts/1900b0aE.dag/post-processed/Unity.InputSystem.TestFramework.dll (+pdb)
Processing assembly Library/Bee/artifacts/1900b0aE.dag/Unity.InputSystem.TestFramework.dll, with 151 defines and 292 references

processors: Unity.Jobs.CodeGen.JobsILPostProcessor, zzzUnity.Burst.CodeGen.BurstILPostProcessor

1 processor(s) skipped this assembly

running Unity.Jobs.CodeGen.JobsILPostProcessor
[ 893/1227  2s] Csc Library/Bee/artifacts/1900b0aE.dag/Unity.RenderPipelines.Core.Runtime.dll (+2 others)
[ 894/1227  0s] Csc Library/Bee/artifacts/1900b0aE.dag/Unity.VisualScripting.Flow.Editor.dll (+2 others)
[           0s] Csc Library/Bee/artifacts/1900b0aE.dag/Unity.VisualScripting.Flow.Editor.dll (+2 others) [CacheWrite 2ea580051abbd2988db5ab3c15ee7a8300000000000000000000000000000006]
[           0s] Csc Library/Bee/artifacts/1900b0aE.dag/Unity.RenderPipelines.Core.Runtime.dll (+2 others) [CacheWrite 16157806a8a5c080fc36fc5ebaecd69900000000000000000000000000000006]
[           0s] Csc Library/Bee/artifacts/1900b0aE.dag/Unity.VisualScripting.State.Editor.dll (+2 others) [CacheMiss 974aedd36faf7b865d8506188447e94700000000000000000000000000000006]
[           0s] Csc Library/Bee/artifacts/1900b0aE.dag/Unity.PathTracing.Runtime.dll (+2 others) [CacheMiss 2c8f2913b11e0e4f142915e3ec1b2b7c00000000000000000000000000000006]
[ 899/1227  0s] ILPostProcess Library/Bee/artifacts/1900b0aE.dag/post-processed/Unity.RenderPipelines.Universal.Shaders.dll (+pdb)
Processing assembly Library/Bee/artifacts/1900b0aE.dag/Unity.RenderPipelines.Universal.Shaders.dll, with 149 defines and 305 references

processors: Unity.Jobs.CodeGen.JobsILPostProcessor, zzzUnity.Burst.CodeGen.BurstILPostProcessor

1 processor(s) skipped this assembly

running Unity.Jobs.CodeGen.JobsILPostProcessor
[ 900/1227  0s] ILPostProcess Library/Bee/artifacts/1900b0aE.dag/post-processed/Unity.2D.Animation.Profiler.dll (+pdb)
Processing assembly Library/Bee/artifacts/1900b0aE.dag/Unity.2D.Animation.Profiler.dll, with 150 defines and 306 references

processors: Unity.Jobs.CodeGen.JobsILPostProcessor, zzzUnity.Burst.CodeGen.BurstILPostProcessor

1 processor(s) skipped this assembly

running Unity.Jobs.CodeGen.JobsILPostProcessor
[ 901/1227  0s] ILPostProcess Library/Bee/artifacts/1900b0aE.dag/post-processed/Unity.Mathematics.dll (+pdb)
Processing assembly Library/Bee/artifacts/1900b0aE.dag/Unity.Mathematics.dll, with 149 defines and 305 references

processors: Unity.Jobs.CodeGen.JobsILPostProcessor, zzzUnity.Burst.CodeGen.BurstILPostProcessor

1 processor(s) skipped this assembly

running Unity.Jobs.CodeGen.JobsILPostProcessor
[ 902/1227  1s] ILPostProcess Library/Bee/artifacts/1900b0aE.dag/post-processed/Unity.VisualScripting.State.dll (+pdb)
Processing assembly Library/Bee/artifacts/1900b0aE.dag/Unity.VisualScripting.State.dll, with 149 defines and 307 references

processors: Unity.Jobs.CodeGen.JobsILPostProcessor, zzzUnity.Burst.CodeGen.BurstILPostProcessor

1 processor(s) skipped this assembly

running Unity.Jobs.CodeGen.JobsILPostProcessor
[ 903/1227  1s] ILPostProcess Library/Bee/artifacts/1900b0aE.dag/post-processed/Unity.Collections.Tests.CoreCLR.InternalJobNestedPrivate.dll (+pdb)
Processing assembly Library/Bee/artifacts/1900b0aE.dag/Unity.Collections.Tests.CoreCLR.InternalJobNestedPrivate.dll, with 149 defines and 306 references

processors: Unity.Jobs.CodeGen.JobsILPostProcessor, zzzUnity.Burst.CodeGen.BurstILPostProcessor

1 processor(s) skipped this assembly

running Unity.Jobs.CodeGen.JobsILPostProcessor
[ 904/1227  1s] ILPostProcess Library/Bee/artifacts/1900b0aE.dag/post-processed/UnityEngine.TestRunner.dll (+pdb)
Processing assembly Library/Bee/artifacts/1900b0aE.dag/UnityEngine.TestRunner.dll, with 150 defines and 287 references

processors: Unity.Jobs.CodeGen.JobsILPostProcessor, zzzUnity.Burst.CodeGen.BurstILPostProcessor

1 processor(s) skipped this assembly

running Unity.Jobs.CodeGen.JobsILPostProcessor
[           0s] Csc Library/Bee/artifacts/1900b0aE.dag/Unity.RenderPipeline.Universal.ShaderLibrary.dll (+2 others) [CacheMiss 41d74c6438a2840a5e8ae50d9fd0752000000000000000000000000000000006]
[           0s] Csc Library/Bee/artifacts/1900b0aE.dag/Unity.RenderPipelines.GPUDriven.Runtime.dll (+2 others) [CacheMiss ce8ced6446e423fdfc455a3310ef2de100000000000000000000000000000006]
[           0s] Csc Library/Bee/artifacts/1900b0aE.dag/Unity.RenderPipelines.Universal.Config.Runtime.dll (+2 others) [CacheMiss 3a694eff73fd914e416d762a91e5538000000000000000000000000000000006]
[           0s] Csc Library/Bee/artifacts/1900b0aE.dag/Unity.VisualScripting.SettingsProvider.Editor.dll (+2 others) [CacheMiss 0075fcec300255112aad8ec562d4acc900000000000000000000000000000006]
[           0s] Csc Library/Bee/artifacts/1900b0aE.dag/Unity.RenderPipelines.Core.Runtime.Shared.dll (+2 others) [CacheMiss 07139f3eddddc0440c73319e8ee8388d00000000000000000000000000000006]
[           0s] Csc Library/Bee/artifacts/1900b0aE.dag/Unity.TextMeshPro.Editor.dll (+2 others) [CacheMiss 225914af91992a9de7906a3aeb5532b400000000000000000000000000000006]
[ 911/1227  0s] ILPostProcess Library/Bee/artifacts/1900b0aE.dag/post-processed/Unity.InternalAPIEngineBridge.ObjectDispatcher.Runtime.dll (+pdb)
Processing assembly Library/Bee/artifacts/1900b0aE.dag/Unity.InternalAPIEngineBridge.ObjectDispatcher.Runtime.dll, with 149 defines and 305 references

processors: Unity.Jobs.CodeGen.JobsILPostProcessor, zzzUnity.Burst.CodeGen.BurstILPostProcessor

1 processor(s) skipped this assembly

running Unity.Jobs.CodeGen.JobsILPostProcessor
[ 912/1227  1s] ILPostProcess Library/Bee/artifacts/1900b0aE.dag/post-processed/Unity.TextMeshPro.dll (+pdb)
Processing assembly Library/Bee/artifacts/1900b0aE.dag/Unity.TextMeshPro.dll, with 150 defines and 306 references

processors: Unity.Jobs.CodeGen.JobsILPostProcessor, zzzUnity.Burst.CodeGen.BurstILPostProcessor

1 processor(s) skipped this assembly

running Unity.Jobs.CodeGen.JobsILPostProcessor
[ 913/1227  1s] ILPostProcess Library/Bee/artifacts/1900b0aE.dag/post-processed/Unity.Collections.Tests.CoreCLR.PrivateJobNested.dll (+pdb)
Processing assembly Library/Bee/artifacts/1900b0aE.dag/Unity.Collections.Tests.CoreCLR.PrivateJobNested.dll, with 149 defines and 306 references

processors: Unity.Jobs.CodeGen.JobsILPostProcessor, zzzUnity.Burst.CodeGen.BurstILPostProcessor

1 processor(s) skipped this assembly

running Unity.Jobs.CodeGen.JobsILPostProcessor
[ 914/1227  0s] ILPostProcess Library/Bee/artifacts/1900b0aE.dag/post-processed/Unity.Collections.Tests.CoreCLR.ProtectedJobNested.dll (+pdb)
Processing assembly Library/Bee/artifacts/1900b0aE.dag/Unity.Collections.Tests.CoreCLR.ProtectedJobNested.dll, with 149 defines and 306 references

processors: Unity.Jobs.CodeGen.JobsILPostProcessor, zzzUnity.Burst.CodeGen.BurstILPostProcessor

1 processor(s) skipped this assembly

running Unity.Jobs.CodeGen.JobsILPostProcessor
[ 915/1227  0s] ILPostProcess Library/Bee/artifacts/1900b0aE.dag/post-processed/Unity.Timeline.dll (+pdb)
Processing assembly Library/Bee/artifacts/1900b0aE.dag/Unity.Timeline.dll, with 150 defines and 305 references

processors: Unity.Jobs.CodeGen.JobsILPostProcessor, zzzUnity.Burst.CodeGen.BurstILPostProcessor

1 processor(s) skipped this assembly

running Unity.Jobs.CodeGen.JobsILPostProcessor
[ 916/1227  0s] Csc Library/Bee/artifacts/1900b0aE.dag/Unity.RenderPipeline.Universal.ShaderLibrary.dll (+2 others)
[ 917/1227  0s] Csc Library/Bee/artifacts/1900b0aE.dag/Unity.RenderPipelines.Universal.Config.Runtime.dll (+2 others)
[ 918/1227  0s] Csc Library/Bee/artifacts/1900b0aE.dag/Unity.RenderPipelines.Core.Runtime.Shared.dll (+2 others)
[ 919/1227  0s] Csc Library/Bee/artifacts/1900b0aE.dag/Unity.VisualScripting.SettingsProvider.Editor.dll (+2 others)
[           0s] Csc Library/Bee/artifacts/1900b0aE.dag/Unity.RenderPipelines.Universal.Config.Runtime.dll (+2 others) [CacheWrite 3a694eff73fd914e416d762a91e5538000000000000000000000000000000006]
[           0s] Csc Library/Bee/artifacts/1900b0aE.dag/Unity.RenderPipeline.Universal.ShaderLibrary.dll (+2 others) [CacheWrite 41d74c6438a2840a5e8ae50d9fd0752000000000000000000000000000000006]
[           0s] Csc Library/Bee/artifacts/1900b0aE.dag/Unity.RenderPipelines.Core.Runtime.Shared.dll (+2 others) [CacheWrite 07139f3eddddc0440c73319e8ee8388d00000000000000000000000000000006]
[           0s] Csc Library/Bee/artifacts/1900b0aE.dag/Unity.VisualScripting.SettingsProvider.Editor.dll (+2 others) [CacheWrite 0075fcec300255112aad8ec562d4acc900000000000000000000000000000006]
[ 923/1227  0s] ILPostProcess Library/Bee/artifacts/1900b0aE.dag/post-processed/Unity.RenderPipelines.Core.ShaderLibrary.dll (+pdb)
Processing assembly Library/Bee/artifacts/1900b0aE.dag/Unity.RenderPipelines.Core.ShaderLibrary.dll, with 149 defines and 305 references

processors: Unity.Jobs.CodeGen.JobsILPostProcessor, zzzUnity.Burst.CodeGen.BurstILPostProcessor

1 processor(s) skipped this assembly

running Unity.Jobs.CodeGen.JobsILPostProcessor
[ 924/1227  0s] Csc Library/Bee/artifacts/1900b0aE.dag/Unity.VisualScripting.State.Editor.dll (+2 others)
[           0s] Csc Library/Bee/artifacts/1900b0aE.dag/Unity.VisualScripting.State.Editor.dll (+2 others) [CacheWrite 974aedd36faf7b865d8506188447e94700000000000000000000000000000006]
[ 925/1227  0s] Csc Library/Bee/artifacts/1900b0aE.dag/Unity.PathTracing.Runtime.dll (+2 others)
[           0s] Csc Library/Bee/artifacts/1900b0aE.dag/Unity.PathTracing.Runtime.dll (+2 others) [CacheWrite 2c8f2913b11e0e4f142915e3ec1b2b7c00000000000000000000000000000006]
[           0s] Csc Library/Bee/artifacts/1900b0aE.dag/Unity.VisualScripting.Shared.Editor.dll (+2 others) [CacheMiss 05118230303c1a355e2da31a9888ec9500000000000000000000000000000006]
[           0s] Csc Library/Bee/artifacts/1900b0aE.dag/Unity.SurfaceCache.Runtime.dll (+2 others) [CacheMiss 6cde6b7f226f4f3bb229de944ed83c1b00000000000000000000000000000006]
[ 930/1227  0s] Csc Library/Bee/artifacts/1900b0aE.dag/Unity.TextMeshPro.Editor.dll (+2 others)
[           0s] Csc Library/Bee/artifacts/1900b0aE.dag/Unity.TextMeshPro.Editor.dll (+2 others) [CacheWrite 225914af91992a9de7906a3aeb5532b400000000000000000000000000000006]
[           0s] Csc Library/Bee/artifacts/1900b0aE.dag/Unity.PathTracing.Editor.dll (+2 others) [CacheMiss a7d4d5a69914749a555c194498abe06600000000000000000000000000000006]
[ 932/1227  0s] Csc Library/Bee/artifacts/1900b0aE.dag/Unity.RenderPipelines.GPUDriven.Runtime.dll (+2 others)
[ 933/1227  0s] Csc Library/Bee/artifacts/1900b0aE.dag/Unity.VisualScripting.Shared.Editor.dll (+2 others)
[           0s] Csc Library/Bee/artifacts/1900b0aE.dag/Unity.VisualScripting.Shared.Editor.dll (+2 others) [CacheWrite 05118230303c1a355e2da31a9888ec9500000000000000000000000000000006]
[           0s] Csc Library/Bee/artifacts/1900b0aE.dag/Unity.RenderPipelines.GPUDriven.Runtime.dll (+2 others) [CacheWrite ce8ced6446e423fdfc455a3310ef2de100000000000000000000000000000006]
[ 935/1227  0s] Csc Library/Bee/artifacts/1900b0aE.dag/Unity.SurfaceCache.Runtime.dll (+2 others)
[           0s] Csc Library/Bee/artifacts/1900b0aE.dag/Unity.SurfaceCache.Runtime.dll (+2 others) [CacheWrite 6cde6b7f226f4f3bb229de944ed83c1b00000000000000000000000000000006]
[           0s] Csc Library/Bee/artifacts/1900b0aE.dag/Unity.RenderPipelines.Universal.Runtime.dll (+2 others) [CacheMiss 3b113bbe2a47e1181ec4e6fabe4a4ef800000000000000000000000000000006]
[ 938/1227  1s] ILPostProcess Library/Bee/artifacts/1900b0aE.dag/post-processed/Unity.2D.SpriteShape.Runtime.dll (+pdb)
Processing assembly Library/Bee/artifacts/1900b0aE.dag/Unity.2D.SpriteShape.Runtime.dll, with 150 defines and 309 references

processors: Unity.Jobs.CodeGen.JobsILPostProcessor, zzzUnity.Burst.CodeGen.BurstILPostProcessor

running Unity.Jobs.CodeGen.JobsILPostProcessor

running zzzUnity.Burst.CodeGen.BurstILPostProcessor
[ 939/1227  1s] ILPostProcess Library/Bee/artifacts/1900b0aE.dag/post-processed/Unity.Collections.Tests.CoreCLR.PublicJobPrivateGeneric.dll (+pdb)
Processing assembly Library/Bee/artifacts/1900b0aE.dag/Unity.Collections.Tests.CoreCLR.PublicJobPrivateGeneric.dll, with 149 defines and 306 references

processors: Unity.Jobs.CodeGen.JobsILPostProcessor, zzzUnity.Burst.CodeGen.BurstILPostProcessor

1 processor(s) skipped this assembly

running Unity.Jobs.CodeGen.JobsILPostProcessor
[ 940/1227  0s] ILPostProcess Library/Bee/artifacts/1900b0aE.dag/post-processed/Unity.RenderPipelines.Core.Runtime.Shared.dll (+pdb)
Processing assembly Library/Bee/artifacts/1900b0aE.dag/Unity.RenderPipelines.Core.Runtime.Shared.dll, with 149 defines and 308 references

processors: Unity.Jobs.CodeGen.JobsILPostProcessor, zzzUnity.Burst.CodeGen.BurstILPostProcessor

1 processor(s) skipped this assembly

running Unity.Jobs.CodeGen.JobsILPostProcessor
[ 941/1227  1s] ILPostProcess Library/Bee/artifacts/1900b0aE.dag/post-processed/Unity.RenderPipelines.ShaderGraph.ShaderGraphLibrary.dll (+pdb)
Processing assembly Library/Bee/artifacts/1900b0aE.dag/Unity.RenderPipelines.ShaderGraph.ShaderGraphLibrary.dll, with 149 defines and 305 references

processors: Unity.Jobs.CodeGen.JobsILPostProcessor, zzzUnity.Burst.CodeGen.BurstILPostProcessor

1 processor(s) skipped this assembly

running Unity.Jobs.CodeGen.JobsILPostProcessor
[ 942/1227  0s] ILPostProcess Library/Bee/artifacts/1900b0aE.dag/post-processed/Unity.RenderPipelines.Universal.Config.Runtime.dll (+pdb)
Processing assembly Library/Bee/artifacts/1900b0aE.dag/Unity.RenderPipelines.Universal.Config.Runtime.dll, with 149 defines and 306 references

processors: Unity.Jobs.CodeGen.JobsILPostProcessor, zzzUnity.Burst.CodeGen.BurstILPostProcessor

1 processor(s) skipped this assembly

running Unity.Jobs.CodeGen.JobsILPostProcessor
[ 943/1227  1s] ILPostProcess Library/Bee/artifacts/1900b0aE.dag/post-processed/Unity.2D.Common.Runtime.dll (+pdb)
Processing assembly Library/Bee/artifacts/1900b0aE.dag/Unity.2D.Common.Runtime.dll, with 149 defines and 308 references

processors: Unity.Jobs.CodeGen.JobsILPostProcessor, zzzUnity.Burst.CodeGen.BurstILPostProcessor

1 processor(s) skipped this assembly

running Unity.Jobs.CodeGen.JobsILPostProcessor
[ 944/1227  0s] ILPostProcess Library/Bee/artifacts/1900b0aE.dag/post-processed/Unity.InternalAPIEngineBridge.004.dll (+pdb)
Processing assembly Library/Bee/artifacts/1900b0aE.dag/Unity.InternalAPIEngineBridge.004.dll, with 149 defines and 305 references

processors: Unity.Jobs.CodeGen.JobsILPostProcessor, zzzUnity.Burst.CodeGen.BurstILPostProcessor

1 processor(s) skipped this assembly

running Unity.Jobs.CodeGen.JobsILPostProcessor
[ 945/1227  0s] Csc Library/Bee/artifacts/1900b0aE.dag/Unity.PathTracing.Editor.dll (+2 others)
[           0s] Csc Library/Bee/artifacts/1900b0aE.dag/Unity.PathTracing.Editor.dll (+2 others) [CacheWrite a7d4d5a69914749a555c194498abe06600000000000000000000000000000006]
[           0s] Csc Library/Bee/artifacts/1900b0aE.dag/Unity.RenderPipelines.Core.Editor.dll (+2 others) [CacheMiss a7c5602aed4761985684877c334a4a0900000000000000000000000000000006]
[ 948/1227  2s] ILPostProcess Library/Bee/artifacts/1900b0aE.dag/post-processed/Unity.VisualScripting.Core.dll (+pdb)
Processing assembly Library/Bee/artifacts/1900b0aE.dag/Unity.VisualScripting.Core.dll, with 154 defines and 306 references

processors: Unity.Jobs.CodeGen.JobsILPostProcessor, zzzUnity.Burst.CodeGen.BurstILPostProcessor

1 processor(s) skipped this assembly

running Unity.Jobs.CodeGen.JobsILPostProcessor
[ 949/1227  0s] ILPostProcess Library/Bee/artifacts/1900b0aE.dag/post-processed/Unity.2D.Tilemap.Extras.dll (+pdb)
Processing assembly Library/Bee/artifacts/1900b0aE.dag/Unity.2D.Tilemap.Extras.dll, with 149 defines and 306 references

processors: Unity.Jobs.CodeGen.JobsILPostProcessor, zzzUnity.Burst.CodeGen.BurstILPostProcessor

1 processor(s) skipped this assembly

running Unity.Jobs.CodeGen.JobsILPostProcessor
[ 950/1227  1s] ILPostProcess Library/Bee/artifacts/1900b0aE.dag/post-processed/Unity.RenderPipeline.Universal.ShaderLibrary.dll (+pdb)
Processing assembly Library/Bee/artifacts/1900b0aE.dag/Unity.RenderPipeline.Universal.ShaderLibrary.dll, with 149 defines and 306 references

processors: Unity.Jobs.CodeGen.JobsILPostProcessor, zzzUnity.Burst.CodeGen.BurstILPostProcessor

1 processor(s) skipped this assembly

running Unity.Jobs.CodeGen.JobsILPostProcessor
[ 951/1227  0s] ILPostProcess Library/Bee/artifacts/1900b0aE.dag/post-processed/Unity.VisualScripting.SettingsProvider.Editor.dll (+pdb)
Processing assembly Library/Bee/artifacts/1900b0aE.dag/Unity.VisualScripting.SettingsProvider.Editor.dll, with 147 defines and 319 references

processors: Unity.Jobs.CodeGen.JobsILPostProcessor, zzzUnity.Burst.CodeGen.BurstILPostProcessor

1 processor(s) skipped this assembly

running Unity.Jobs.CodeGen.JobsILPostProcessor
[ 952/1227  0s] ILPostProcess Library/Bee/artifacts/1900b0aE.dag/post-processed/Unity.InternalAPIEngineBridge.RenderPipelines.Core.Runtime.Shared.dll (+pdb)
Processing assembly Library/Bee/artifacts/1900b0aE.dag/Unity.InternalAPIEngineBridge.RenderPipelines.Core.Runtime.Shared.dll, with 149 defines and 305 references

processors: Unity.Jobs.CodeGen.JobsILPostProcessor, zzzUnity.Burst.CodeGen.BurstILPostProcessor

1 processor(s) skipped this assembly

running Unity.Jobs.CodeGen.JobsILPostProcessor
[ 953/1227  2s] ILPostProcess Library/Bee/artifacts/1900b0aE.dag/post-processed/Unity.VisualScripting.Flow.dll (+pdb)
Processing assembly Library/Bee/artifacts/1900b0aE.dag/Unity.VisualScripting.Flow.dll, with 157 defines and 307 references

processors: Unity.Jobs.CodeGen.JobsILPostProcessor, zzzUnity.Burst.CodeGen.BurstILPostProcessor

1 processor(s) skipped this assembly

running Unity.Jobs.CodeGen.JobsILPostProcessor
[ 954/1227  0s] ILPostProcess Library/Bee/artifacts/1900b0aE.dag/post-processed/Unity.SurfaceCache.Runtime.dll (+pdb)
Processing assembly Library/Bee/artifacts/1900b0aE.dag/Unity.SurfaceCache.Runtime.dll, with 150 defines and 309 references

processors: Unity.Jobs.CodeGen.JobsILPostProcessor, zzzUnity.Burst.CodeGen.BurstILPostProcessor

1 processor(s) skipped this assembly

running Unity.Jobs.CodeGen.JobsILPostProcessor
[ 955/1227  2s] ILPostProcess Library/Bee/artifacts/1900b0aE.dag/post-processed/UnityEngine.UI.dll (+pdb)
Processing assembly Library/Bee/artifacts/1900b0aE.dag/UnityEngine.UI.dll, with 155 defines and 303 references

processors: Unity.Jobs.CodeGen.JobsILPostProcessor, zzzUnity.Burst.CodeGen.BurstILPostProcessor

1 processor(s) skipped this assembly

running Unity.Jobs.CodeGen.JobsILPostProcessor
[ 956/1227  0s] ILPostProcess Library/Bee/artifacts/1900b0aE.dag/post-processed/Unity.VisualScripting.Shared.Editor.dll (+pdb)
Processing assembly Library/Bee/artifacts/1900b0aE.dag/Unity.VisualScripting.Shared.Editor.dll, with 147 defines and 320 references

processors: Unity.Jobs.CodeGen.JobsILPostProcessor, zzzUnity.Burst.CodeGen.BurstILPostProcessor

1 processor(s) skipped this assembly

running Unity.Jobs.CodeGen.JobsILPostProcessor
[ 957/1227  0s] ILPostProcess Library/Bee/artifacts/1900b0aE.dag/post-processed/Unity.2D.Animation.Profiler.Editor.dll (+pdb)
Processing assembly Library/Bee/artifacts/1900b0aE.dag/Unity.2D.Animation.Profiler.Editor.dll, with 148 defines and 316 references

processors: Unity.Jobs.CodeGen.JobsILPostProcessor, zzzUnity.Burst.CodeGen.BurstILPostProcessor

1 processor(s) skipped this assembly

running Unity.Jobs.CodeGen.JobsILPostProcessor
[ 958/1227  0s] ILPostProcess Library/Bee/artifacts/1900b0aE.dag/post-processed/Unity.VisualScripting.State.Editor.dll (+pdb)
Processing assembly Library/Bee/artifacts/1900b0aE.dag/Unity.VisualScripting.State.Editor.dll, with 147 defines and 319 references

processors: Unity.Jobs.CodeGen.JobsILPostProcessor, zzzUnity.Burst.CodeGen.BurstILPostProcessor

1 processor(s) skipped this assembly

running Unity.Jobs.CodeGen.JobsILPostProcessor
[ 959/1227  2s] ILPostProcess Library/Bee/artifacts/1900b0aE.dag/post-processed/Unity.UnifiedRayTracing.Runtime.dll (+pdb)
Processing assembly Library/Bee/artifacts/1900b0aE.dag/Unity.UnifiedRayTracing.Runtime.dll, with 151 defines and 308 references

processors: Unity.Jobs.CodeGen.JobsILPostProcessor, zzzUnity.Burst.CodeGen.BurstILPostProcessor

running Unity.Jobs.CodeGen.JobsILPostProcessor

running zzzUnity.Burst.CodeGen.BurstILPostProcessor
[ 960/1227  1s] ILPostProcess Library/Bee/artifacts/1900b0aE.dag/post-processed/Unity.TextMeshPro.Editor.dll (+pdb)
Processing assembly Library/Bee/artifacts/1900b0aE.dag/Unity.TextMeshPro.Editor.dll, with 147 defines and 316 references

processors: Unity.Jobs.CodeGen.JobsILPostProcessor, zzzUnity.Burst.CodeGen.BurstILPostProcessor

1 processor(s) skipped this assembly

running Unity.Jobs.CodeGen.JobsILPostProcessor
[ 961/1227  1s] Csc Library/Bee/artifacts/1900b0aE.dag/Unity.RenderPipelines.Universal.Runtime.dll (+2 others)
[           0s] Csc Library/Bee/artifacts/1900b0aE.dag/Unity.RenderPipelines.Universal.Runtime.dll (+2 others) [CacheWrite 3b113bbe2a47e1181ec4e6fabe4a4ef800000000000000000000000000000006]
[           0s] Csc Library/Bee/artifacts/1900b0aE.dag/Unity.2D.Animation.Runtime.dll (+2 others) [CacheMiss d2533d0774f19e6d853f465549ebb9f200000000000000000000000000000006]
[ 964/1227  1s] ILPostProcess Library/Bee/artifacts/1900b0aE.dag/post-processed/Unity.2D.Common.Editor.dll (+pdb)
Processing assembly Library/Bee/artifacts/1900b0aE.dag/Unity.2D.Common.Editor.dll, with 147 defines and 318 references

processors: Unity.Jobs.CodeGen.JobsILPostProcessor, zzzUnity.Burst.CodeGen.BurstILPostProcessor

running Unity.Jobs.CodeGen.JobsILPostProcessor

running zzzUnity.Burst.CodeGen.BurstILPostProcessor
[ 965/1227  1s] Csc Library/Bee/artifacts/1900b0aE.dag/Unity.RenderPipelines.Core.Editor.dll (+2 others)
[           0s] Csc Library/Bee/artifacts/1900b0aE.dag/Unity.RenderPipelines.Core.Editor.dll (+2 others) [CacheWrite a7c5602aed4761985684877c334a4a0900000000000000000000000000000006]
[           0s] Csc Library/Bee/artifacts/1900b0aE.dag/Unity.RenderPipelines.Core.Editor.Shared.dll (+2 others) [CacheMiss a8608a17d02baa512a7e698c2cadf25c00000000000000000000000000000006]
[ 969/1227  0s] Csc Library/Bee/artifacts/1900b0aE.dag/Unity.2D.Animation.Runtime.dll (+2 others)
[           0s] Csc Library/Bee/artifacts/1900b0aE.dag/Unity.2D.Animation.Runtime.dll (+2 others) [CacheWrite d2533d0774f19e6d853f465549ebb9f200000000000000000000000000000006]
[           0s] Csc Library/Bee/artifacts/1900b0aE.dag/Unity.RenderPipelines.Universal.2D.Runtime.dll (+2 others) [CacheMiss 7b727b1e3059183a79abf998ee2ad27b00000000000000000000000000000006]
[ 972/1227  0s] Csc Library/Bee/artifacts/1900b0aE.dag/Unity.RenderPipelines.Core.Editor.Shared.dll (+2 others)
[           0s] Csc Library/Bee/artifacts/1900b0aE.dag/Unity.RenderPipelines.Core.Editor.Shared.dll (+2 others) [CacheWrite a8608a17d02baa512a7e698c2cadf25c00000000000000000000000000000006]
[           0s] Csc Library/Bee/artifacts/1900b0aE.dag/Unity.2D.Animation.Editor.dll (+2 others) [CacheMiss 75c0c76ddba55f077bde7a90e274a32600000000000000000000000000000006]
[ 974/1227  1s] ILPostProcess Library/Bee/artifacts/1900b0aE.dag/post-processed/Unity.PathTracing.Editor.dll (+pdb)
Processing assembly Library/Bee/artifacts/1900b0aE.dag/Unity.PathTracing.Editor.dll, with 148 defines and 318 references

processors: Unity.Jobs.CodeGen.JobsILPostProcessor, zzzUnity.Burst.CodeGen.BurstILPostProcessor

1 processor(s) skipped this assembly

running Unity.Jobs.CodeGen.JobsILPostProcessor
[ 975/1227  0s] Csc Library/Bee/artifacts/1900b0aE.dag/Unity.RenderPipelines.Universal.2D.Runtime.dll (+2 others)
[           0s] Csc Library/Bee/artifacts/1900b0aE.dag/Unity.ShaderGraph.Editor.dll (+2 others) [CacheMiss 0575dd4cca8839a806ff53f8e3c81cd700000000000000000000000000000006]
[           0s] Csc Library/Bee/artifacts/1900b0aE.dag/Unity.RenderPipelines.Universal.2D.Runtime.dll (+2 others) [CacheWrite 7b727b1e3059183a79abf998ee2ad27b00000000000000000000000000000006]
[ 976/1227  1s] ILPostProcess Library/Bee/artifacts/1900b0aE.dag/post-processed/Unity.2D.Tilemap.Extras.Editor.dll (+pdb)
Processing assembly Library/Bee/artifacts/1900b0aE.dag/Unity.2D.Tilemap.Extras.Editor.dll, with 147 defines and 316 references

processors: Unity.Jobs.CodeGen.JobsILPostProcessor, zzzUnity.Burst.CodeGen.BurstILPostProcessor

1 processor(s) skipped this assembly

running Unity.Jobs.CodeGen.JobsILPostProcessor
[ 977/1227  2s] ILPostProcess Library/Bee/artifacts/1900b0aE.dag/post-processed/Unity.2D.Tooling.Editor.dll (+pdb)
Processing assembly Library/Bee/artifacts/1900b0aE.dag/Unity.2D.Tooling.Editor.dll, with 147 defines and 317 references

processors: Unity.Jobs.CodeGen.JobsILPostProcessor, zzzUnity.Burst.CodeGen.BurstILPostProcessor

running Unity.Jobs.CodeGen.JobsILPostProcessor

running zzzUnity.Burst.CodeGen.BurstILPostProcessor
[ 978/1227  1s] ILPostProcess Library/Bee/artifacts/1900b0aE.dag/post-processed/Unity.InternalAPIEngineBridge.RenderPipelines.Core.Editor.dll (+pdb)
Processing assembly Library/Bee/artifacts/1900b0aE.dag/Unity.InternalAPIEngineBridge.RenderPipelines.Core.Editor.dll, with 147 defines and 314 references

processors: Unity.Jobs.CodeGen.JobsILPostProcessor, zzzUnity.Burst.CodeGen.BurstILPostProcessor

1 processor(s) skipped this assembly

running Unity.Jobs.CodeGen.JobsILPostProcessor
[ 979/1227  2s] ILPostProcess Library/Bee/artifacts/1900b0aE.dag/post-processed/Unity.PathTracing.Runtime.dll (+pdb)
Processing assembly Library/Bee/artifacts/1900b0aE.dag/Unity.PathTracing.Runtime.dll, with 152 defines and 309 references

processors: Unity.Jobs.CodeGen.JobsILPostProcessor, zzzUnity.Burst.CodeGen.BurstILPostProcessor

1 processor(s) skipped this assembly

running Unity.Jobs.CodeGen.JobsILPostProcessor
[ 981/1227  1s] ILPostProcess Library/Bee/artifacts/1900b0aE.dag/post-processed/PsdPlugin.dll (+pdb)
Processing assembly Library/Bee/artifacts/1900b0aE.dag/PsdPlugin.dll, with 147 defines and 315 references

processors: Unity.Jobs.CodeGen.JobsILPostProcessor, zzzUnity.Burst.CodeGen.BurstILPostProcessor

running Unity.Jobs.CodeGen.JobsILPostProcessor

running zzzUnity.Burst.CodeGen.BurstILPostProcessor
[           0s] Csc Library/Bee/artifacts/1900b0aE.dag/Unity.2D.IK.Runtime.dll (+2 others) [CacheMiss 836c0d9e2d10794d6ddc106a69193f5d00000000000000000000000000000006]
[           0s] Csc Library/Bee/artifacts/1900b0aE.dag/Unity.2D.Aseprite.Editor.dll (+2 others) [CacheMiss 6e45be39c7b6d71dd65319dcbd181efc00000000000000000000000000000006]
[ 985/1227  1s] ILPostProcess Library/Bee/artifacts/1900b0aE.dag/post-processed/Unity.ShaderGraph.Utilities.dll (+pdb)
Processing assembly Library/Bee/artifacts/1900b0aE.dag/Unity.ShaderGraph.Utilities.dll, with 147 defines and 314 references

processors: Unity.Jobs.CodeGen.JobsILPostProcessor, zzzUnity.Burst.CodeGen.BurstILPostProcessor

1 processor(s) skipped this assembly

running Unity.Jobs.CodeGen.JobsILPostProcessor
[ 986/1227  0s] Csc Library/Bee/artifacts/1900b0aE.dag/Unity.2D.IK.Runtime.dll (+2 others)
[           0s] Csc Library/Bee/artifacts/1900b0aE.dag/Unity.2D.IK.Runtime.dll (+2 others) [CacheWrite 836c0d9e2d10794d6ddc106a69193f5d00000000000000000000000000000006]
[ 988/1227  2s] ILPostProcess Library/Bee/artifacts/1900b0aE.dag/post-processed/Unity.InternalAPIEngineBridge.007.dll (+pdb)
Processing assembly Library/Bee/artifacts/1900b0aE.dag/Unity.InternalAPIEngineBridge.007.dll, with 147 defines and 314 references

processors: Unity.Jobs.CodeGen.JobsILPostProcessor, zzzUnity.Burst.CodeGen.BurstILPostProcessor

1 processor(s) skipped this assembly

running Unity.Jobs.CodeGen.JobsILPostProcessor
[ 989/1227  1s] ILPostProcess Library/Bee/artifacts/1900b0aE.dag/post-processed/Unity.InternalAPIEditorBridge.007.dll (+pdb)
Processing assembly Library/Bee/artifacts/1900b0aE.dag/Unity.InternalAPIEditorBridge.007.dll, with 147 defines and 314 references

processors: Unity.Jobs.CodeGen.JobsILPostProcessor, zzzUnity.Burst.CodeGen.BurstILPostProcessor

1 processor(s) skipped this assembly

running Unity.Jobs.CodeGen.JobsILPostProcessor
[ 990/1227  1s] ILPostProcess Library/Bee/artifacts/1900b0aE.dag/post-processed/Unity.Searcher.Editor.dll (+pdb)
Processing assembly Library/Bee/artifacts/1900b0aE.dag/Unity.Searcher.Editor.dll, with 147 defines and 314 references

processors: Unity.Jobs.CodeGen.JobsILPostProcessor, zzzUnity.Burst.CodeGen.BurstILPostProcessor

1 processor(s) skipped this assembly

running Unity.Jobs.CodeGen.JobsILPostProcessor
[ 991/1227  0s] Csc Library/Bee/artifacts/1900b0aE.dag/Unity.2D.Aseprite.Editor.dll (+2 others)
[           0s] Csc Library/Bee/artifacts/1900b0aE.dag/Unity.2D.Aseprite.Editor.dll (+2 others) [CacheWrite 6e45be39c7b6d71dd65319dcbd181efc00000000000000000000000000000006]
[ 992/1227  5s] ILPostProcess Library/Bee/artifacts/1900b0aE.dag/post-processed/Unity.InputSystem.dll (+pdb)
Processing assembly Library/Bee/artifacts/1900b0aE.dag/Unity.InputSystem.dll, with 162 defines and 305 references

processors: Unity.Jobs.CodeGen.JobsILPostProcessor, zzzUnity.Burst.CodeGen.BurstILPostProcessor

1 processor(s) skipped this assembly

running Unity.Jobs.CodeGen.JobsILPostProcessor
[ 993/1227  2s] ILPostProcess Library/Bee/artifacts/1900b0aE.dag/post-processed/ScriptablePacker.dll (+pdb)
Processing assembly Library/Bee/artifacts/1900b0aE.dag/ScriptablePacker.dll, with 147 defines and 304 references

processors: Unity.Jobs.CodeGen.JobsILPostProcessor, zzzUnity.Burst.CodeGen.BurstILPostProcessor

running Unity.Jobs.CodeGen.JobsILPostProcessor

running zzzUnity.Burst.CodeGen.BurstILPostProcessor
[ 994/1227  0s] ILPostProcess Library/Bee/artifacts/1900b0aE.dag/post-processed/Unity.Collections.Editor.dll (+pdb)
Processing assembly Library/Bee/artifacts/1900b0aE.dag/Unity.Collections.Editor.dll, with 148 defines and 315 references

processors: Unity.Jobs.CodeGen.JobsILPostProcessor, zzzUnity.Burst.CodeGen.BurstILPostProcessor

1 processor(s) skipped this assembly

running Unity.Jobs.CodeGen.JobsILPostProcessor
[ 995/1227  1s] Csc Library/Bee/artifacts/1900b0aE.dag/Unity.2D.Animation.Editor.dll (+2 others)
[           0s] Csc Library/Bee/artifacts/1900b0aE.dag/Unity.2D.Animation.Editor.dll (+2 others) [CacheWrite 75c0c76ddba55f077bde7a90e274a32600000000000000000000000000000006]
[           0s] Csc Library/Bee/artifacts/1900b0aE.dag/Unity.2D.Psdimporter.Editor.dll (+2 others) [CacheMiss b0bb5466da560030434227b71c08b46200000000000000000000000000000006]
[ 999/1227  0s] ILPostProcess Library/Bee/artifacts/1900b0aE.dag/post-processed/Unity.InternalAPIEditorBridge.ShaderGraph.Editor.dll (+pdb)
Processing assembly Library/Bee/artifacts/1900b0aE.dag/Unity.InternalAPIEditorBridge.ShaderGraph.Editor.dll, with 147 defines and 314 references

processors: Unity.Jobs.CodeGen.JobsILPostProcessor, zzzUnity.Burst.CodeGen.BurstILPostProcessor

1 processor(s) skipped this assembly

running Unity.Jobs.CodeGen.JobsILPostProcessor
[           0s] Csc Library/Bee/artifacts/1900b0aE.dag/Unity.2D.IK.Editor.dll (+2 others) [CacheMiss bde183dc4891677fc4887bb8d9e3cf5300000000000000000000000000000006]
[1000/1227  0s] ILPostProcess Library/Bee/artifacts/1900b0aE.dag/post-processed/Unity.2D.IK.Runtime.dll (+pdb)
Processing assembly Library/Bee/artifacts/1900b0aE.dag/Unity.2D.IK.Runtime.dll, with 149 defines and 309 references

processors: Unity.Jobs.CodeGen.JobsILPostProcessor, zzzUnity.Burst.CodeGen.BurstILPostProcessor

running Unity.Jobs.CodeGen.JobsILPostProcessor

running zzzUnity.Burst.CodeGen.BurstILPostProcessor
[1001/1227  3s] ILPostProcess Library/Bee/artifacts/1900b0aE.dag/post-processed/Unity.VisualScripting.Core.Editor.dll (+pdb)
Processing assembly Library/Bee/artifacts/1900b0aE.dag/Unity.VisualScripting.Core.Editor.dll, with 147 defines and 315 references

processors: Unity.Jobs.CodeGen.JobsILPostProcessor, zzzUnity.Burst.CodeGen.BurstILPostProcessor

1 processor(s) skipped this assembly

running Unity.Jobs.CodeGen.JobsILPostProcessor
[1002/1227  1s] ILPostProcess Library/Bee/artifacts/1900b0aE.dag/post-processed/Unity.GraphAuthoring.Editor.dll (+pdb)
Processing assembly Library/Bee/artifacts/1900b0aE.dag/Unity.GraphAuthoring.Editor.dll, with 147 defines and 314 references

processors: Unity.Jobs.CodeGen.JobsILPostProcessor, zzzUnity.Burst.CodeGen.BurstILPostProcessor

1 processor(s) skipped this assembly

running Unity.Jobs.CodeGen.JobsILPostProcessor
[1003/1227  4s] ILPostProcess Library/Bee/artifacts/1900b0aE.dag/post-processed/Unity.RenderPipelines.Core.Runtime.dll (+pdb)
Processing assembly Library/Bee/artifacts/1900b0aE.dag/Unity.RenderPipelines.Core.Runtime.dll, with 154 defines and 309 references

processors: Unity.Jobs.CodeGen.JobsILPostProcessor, zzzUnity.Burst.CodeGen.BurstILPostProcessor

1 processor(s) skipped this assembly

running Unity.Jobs.CodeGen.JobsILPostProcessor
[1004/1227  0s] Csc Library/Bee/artifacts/1900b0aE.dag/Unity.2D.IK.Editor.dll (+2 others)
[           0s] Csc Library/Bee/artifacts/1900b0aE.dag/Unity.2D.IK.Editor.dll (+2 others) [CacheWrite bde183dc4891677fc4887bb8d9e3cf5300000000000000000000000000000006]
[1005/1227  0s] Csc Library/Bee/artifacts/1900b0aE.dag/Unity.2D.Psdimporter.Editor.dll (+2 others)
[           0s] Csc Library/Bee/artifacts/1900b0aE.dag/Unity.2D.Psdimporter.Editor.dll (+2 others) [CacheWrite b0bb5466da560030434227b71c08b46200000000000000000000000000000006]
[1006/1227  4s] ILPostProcess Library/Bee/artifacts/1900b0aE.dag/post-processed/Unity.RenderPipelines.GPUDriven.Runtime.dll (+pdb)
Processing assembly Library/Bee/artifacts/1900b0aE.dag/Unity.RenderPipelines.GPUDriven.Runtime.dll, with 150 defines and 310 references

processors: Unity.Jobs.CodeGen.JobsILPostProcessor, zzzUnity.Burst.CodeGen.BurstILPostProcessor

running Unity.Jobs.CodeGen.JobsILPostProcessor

running zzzUnity.Burst.CodeGen.BurstILPostProcessor
[1007/1227  0s] ILPostProcess Library/Bee/artifacts/1900b0aE.dag/post-processed/Unity.2D.SpriteShape.Editor.dll (+pdb)
Processing assembly Library/Bee/artifacts/1900b0aE.dag/Unity.2D.SpriteShape.Editor.dll, with 148 defines and 319 references

processors: Unity.Jobs.CodeGen.JobsILPostProcessor, zzzUnity.Burst.CodeGen.BurstILPostProcessor

1 processor(s) skipped this assembly

running Unity.Jobs.CodeGen.JobsILPostProcessor
[1008/1227  0s] ILPostProcess Library/Bee/artifacts/1900b0aE.dag/post-processed/Unity.RenderPipelines.Core.Editor.Shared.dll (+pdb)
Processing assembly Library/Bee/artifacts/1900b0aE.dag/Unity.RenderPipelines.Core.Editor.Shared.dll, with 147 defines and 321 references

processors: Unity.Jobs.CodeGen.JobsILPostProcessor, zzzUnity.Burst.CodeGen.BurstILPostProcessor

1 processor(s) skipped this assembly

running Unity.Jobs.CodeGen.JobsILPostProcessor
[1009/1227  0s] ILPostProcess Library/Bee/artifacts/1900b0aE.dag/post-processed/Unity.Settings.Editor.dll (+pdb)
Processing assembly Library/Bee/artifacts/1900b0aE.dag/Unity.Settings.Editor.dll, with 147 defines and 314 references

processors: Unity.Jobs.CodeGen.JobsILPostProcessor, zzzUnity.Burst.CodeGen.BurstILPostProcessor

1 processor(s) skipped this assembly

running Unity.Jobs.CodeGen.JobsILPostProcessor
[1010/1227  1s] ILPostProcess Library/Bee/artifacts/1900b0aE.dag/post-processed/Unity.InputSystem.ForUI.Editor.dll (+pdb)
Processing assembly Library/Bee/artifacts/1900b0aE.dag/Unity.InputSystem.ForUI.Editor.dll, with 147 defines and 316 references

processors: Unity.Jobs.CodeGen.JobsILPostProcessor, zzzUnity.Burst.CodeGen.BurstILPostProcessor

1 processor(s) skipped this assembly

running Unity.Jobs.CodeGen.JobsILPostProcessor
[1011/1227  1s] ILPostProcess Library/Bee/artifacts/1900b0aE.dag/post-processed/Unity.2D.Aseprite.Common.dll (+pdb)
Processing assembly Library/Bee/artifacts/1900b0aE.dag/Unity.2D.Aseprite.Common.dll, with 147 defines and 317 references

processors: Unity.Jobs.CodeGen.JobsILPostProcessor, zzzUnity.Burst.CodeGen.BurstILPostProcessor

1 processor(s) skipped this assembly

running Unity.Jobs.CodeGen.JobsILPostProcessor
[1012/1227  2s] ILPostProcess Library/Bee/artifacts/1900b0aE.dag/post-processed/Unity.2D.Animation.Runtime.dll (+pdb)
Processing assembly Library/Bee/artifacts/1900b0aE.dag/Unity.2D.Animation.Runtime.dll, with 152 defines and 313 references

processors: Unity.Jobs.CodeGen.JobsILPostProcessor, zzzUnity.Burst.CodeGen.BurstILPostProcessor

running Unity.Jobs.CodeGen.JobsILPostProcessor

running zzzUnity.Burst.CodeGen.BurstILPostProcessor
[1013/1227  2s] ILPostProcess Library/Bee/artifacts/1900b0aE.dag/post-processed/Unity.RenderPipelines.Universal.2D.Runtime.dll (+pdb)
Processing assembly Library/Bee/artifacts/1900b0aE.dag/Unity.RenderPipelines.Universal.2D.Runtime.dll, with 156 defines and 314 references

processors: Unity.Jobs.CodeGen.JobsILPostProcessor, zzzUnity.Burst.CodeGen.BurstILPostProcessor

running Unity.Jobs.CodeGen.JobsILPostProcessor

running zzzUnity.Burst.CodeGen.BurstILPostProcessor
[1014/1227  1s] ILPostProcess Library/Bee/artifacts/1900b0aE.dag/post-processed/Unity.VisualScripting.Flow.Editor.dll (+pdb)
Processing assembly Library/Bee/artifacts/1900b0aE.dag/Unity.VisualScripting.Flow.Editor.dll, with 149 defines and 318 references

processors: Unity.Jobs.CodeGen.JobsILPostProcessor, zzzUnity.Burst.CodeGen.BurstILPostProcessor

1 processor(s) skipped this assembly

running Unity.Jobs.CodeGen.JobsILPostProcessor
[1015/1227  1s] ILPostProcess Library/Bee/artifacts/1900b0aE.dag/post-processed/Unity.InternalAPIEditorBridge.001.dll (+pdb)
Processing assembly Library/Bee/artifacts/1900b0aE.dag/Unity.InternalAPIEditorBridge.001.dll, with 148 defines and 315 references

processors: Unity.Jobs.CodeGen.JobsILPostProcessor, zzzUnity.Burst.CodeGen.BurstILPostProcessor

1 processor(s) skipped this assembly

running Unity.Jobs.CodeGen.JobsILPostProcessor
[1016/1227  1s] ILPostProcess Library/Bee/artifacts/1900b0aE.dag/post-processed/Unity.2D.IK.Editor.dll (+pdb)
Processing assembly Library/Bee/artifacts/1900b0aE.dag/Unity.2D.IK.Editor.dll, with 147 defines and 321 references

processors: Unity.Jobs.CodeGen.JobsILPostProcessor, zzzUnity.Burst.CodeGen.BurstILPostProcessor

1 processor(s) skipped this assembly

running Unity.Jobs.CodeGen.JobsILPostProcessor
[1017/1227  1s] ILPostProcess Library/Bee/artifacts/1900b0aE.dag/post-processed/Unity.PlasticSCM.Editor.Entities.dll (+pdb)
Processing assembly Library/Bee/artifacts/1900b0aE.dag/Unity.PlasticSCM.Editor.Entities.dll, with 147 defines and 315 references

processors: Unity.Jobs.CodeGen.JobsILPostProcessor, zzzUnity.Burst.CodeGen.BurstILPostProcessor

1 processor(s) skipped this assembly

running Unity.Jobs.CodeGen.JobsILPostProcessor
[1018/1227  3s] ILPostProcess Library/Bee/artifacts/1900b0aE.dag/post-processed/Unity.RenderPipelines.Universal.Runtime.dll (+pdb)
Processing assembly Library/Bee/artifacts/1900b0aE.dag/Unity.RenderPipelines.Universal.Runtime.dll, with 158 defines and 316 references

processors: Unity.Jobs.CodeGen.JobsILPostProcessor, zzzUnity.Burst.CodeGen.BurstILPostProcessor

running Unity.Jobs.CodeGen.JobsILPostProcessor

running zzzUnity.Burst.CodeGen.BurstILPostProcessor
[1019/1227  1s] ILPostProcess Library/Bee/artifacts/1900b0aE.dag/post-processed/Unity.PlasticSCM.Editor.Assistant.dll (+pdb)
Processing assembly Library/Bee/artifacts/1900b0aE.dag/Unity.PlasticSCM.Editor.Assistant.dll, with 147 defines and 315 references

processors: Unity.Jobs.CodeGen.JobsILPostProcessor, zzzUnity.Burst.CodeGen.BurstILPostProcessor

1 processor(s) skipped this assembly

running Unity.Jobs.CodeGen.JobsILPostProcessor
[1020/1227  3s] Csc Library/Bee/artifacts/1900b0aE.dag/Unity.ShaderGraph.Editor.dll (+2 others)
[           0s] Csc Library/Bee/artifacts/1900b0aE.dag/Unity.ShaderGraph.Editor.dll (+2 others) [CacheWrite 0575dd4cca8839a806ff53f8e3c81cd700000000000000000000000000000006]
[           0s] Csc Library/Bee/artifacts/1900b0aE.dag/Unity.RenderPipelines.Universal.Editor.dll (+2 others) [CacheMiss 8539c6dcf023f6ec3de50fe6702ae23000000000000000000000000000000006]
[1024/1227  2s] ILPostProcess Library/Bee/artifacts/1900b0aE.dag/post-processed/Unity.2D.Aseprite.Editor.dll (+pdb)
Processing assembly Library/Bee/artifacts/1900b0aE.dag/Unity.2D.Aseprite.Editor.dll, with 149 defines and 324 references

processors: Unity.Jobs.CodeGen.JobsILPostProcessor, zzzUnity.Burst.CodeGen.BurstILPostProcessor

running Unity.Jobs.CodeGen.JobsILPostProcessor

running zzzUnity.Burst.CodeGen.BurstILPostProcessor
[1025/1227  0s] ILPostProcess Library/Bee/artifacts/1900b0aE.dag/post-processed/Unity.Rendering.LightTransport.Editor.dll (+pdb)
Processing assembly Library/Bee/artifacts/1900b0aE.dag/Unity.Rendering.LightTransport.Editor.dll, with 147 defines and 314 references

processors: Unity.Jobs.CodeGen.JobsILPostProcessor, zzzUnity.Burst.CodeGen.BurstILPostProcessor

1 processor(s) skipped this assembly

running Unity.Jobs.CodeGen.JobsILPostProcessor
[1026/1227  0s] ILPostProcess Library/Bee/artifacts/1900b0aE.dag/post-processed/UnityEditor.UI.Analytics.dll (+pdb)
Processing assembly Library/Bee/artifacts/1900b0aE.dag/UnityEditor.UI.Analytics.dll, with 147 defines and 315 references

processors: Unity.Jobs.CodeGen.JobsILPostProcessor, zzzUnity.Burst.CodeGen.BurstILPostProcessor

1 processor(s) skipped this assembly

running Unity.Jobs.CodeGen.JobsILPostProcessor
[1027/1227  0s] ILPostProcess Library/Bee/artifacts/1900b0aE.dag/post-processed/Unity.EditorCoroutines.Editor.dll (+pdb)
Processing assembly Library/Bee/artifacts/1900b0aE.dag/Unity.EditorCoroutines.Editor.dll, with 147 defines and 314 references

processors: Unity.Jobs.CodeGen.JobsILPostProcessor, zzzUnity.Burst.CodeGen.BurstILPostProcessor

1 processor(s) skipped this assembly

running Unity.Jobs.CodeGen.JobsILPostProcessor
[1028/1227  0s] CopyFiles Library/ScriptAssemblies/Unity.RenderPipelines.GPUDriven.Runtime.dll
[1029/1227  0s] CopyFiles Library/ScriptAssemblies/Unity.Timeline.dll
[1030/1227  0s] CopyFiles Library/ScriptAssemblies/Unity.RenderPipelines.Universal.2D.Runtime.dll
[1031/1227  0s] CopyFiles Library/ScriptAssemblies/Unity.SurfaceCache.Runtime.dll
[1032/1227  0s] CopyFiles Library/ScriptAssemblies/Unity.InputSystem.TestFramework.dll
[1033/1227  0s] CopyFiles Library/ScriptAssemblies/Unity.2D.Animation.Profiler.dll
[1034/1227  0s] CopyFiles Library/ScriptAssemblies/Unity.2D.Tilemap.Extras.dll
[1035/1227  0s] CopyFiles Library/ScriptAssemblies/Unity.RenderPipelines.ShaderGraph.ShaderGraphLibrary.dll
[1036/1227  0s] CopyFiles Library/ScriptAssemblies/Unity.Collections.Tests.CoreCLR.InternalJobNestedPrivate.dll
[1037/1227  0s] CopyFiles Library/ScriptAssemblies/Unity.RenderPipelines.Universal.Runtime.dll
[1038/1227  0s] CopyFiles Library/ScriptAssemblies/Unity.Burst.dll
[1039/1227  0s] CopyFiles Library/ScriptAssemblies/Unity.RenderPipelines.Core.ShaderLibrary.dll
[1040/1227  0s] CopyFiles Library/ScriptAssemblies/Unity.VisualScripting.DocCodeExamples.dll
[1041/1227  0s] CopyFiles Library/ScriptAssemblies/Unity.VisualScripting.State.dll
[1042/1227  0s] CopyFiles Library/ScriptAssemblies/Unity.PathTracing.Runtime.dll
[1043/1227  0s] CopyFiles Library/ScriptAssemblies/Unity.Tutorials.dll
[1044/1227  0s] CopyFiles Library/ScriptAssemblies/Unity.InputSystem.ForUI.dll
[1045/1227  0s] CopyFiles Library/ScriptAssemblies/Unity.Collections.Tests.CoreCLR.PublicJobPrivateGeneric.dll
[           0s] Csc Library/Bee/artifacts/1900b0aE.dag/Unity.RenderPipelines.Universal.2D.Editor.Overrides.dll (+2 others) [CacheMiss 8e74b0ca5d5c7d08d9a9d7807035d85f00000000000000000000000000000006]
[1046/1227  0s] CopyFiles Library/ScriptAssemblies/Unity.2D.Welcome.dll
[1047/1227  0s] CopyFiles Library/ScriptAssemblies/Unity.TextMeshPro.dll
[1048/1227  0s] CopyFiles Library/ScriptAssemblies/Unity.VisualScripting.Core.dll
[1049/1227  0s] CopyFiles Library/ScriptAssemblies/Unity.UnifiedRayTracing.Runtime.dll
[1050/1227  0s] CopyFiles Library/ScriptAssemblies/Unity.2D.IK.Runtime.dll
[1051/1227  0s] CopyFiles Library/ScriptAssemblies/Unity.2D.Animation.Runtime.dll
[1052/1227  2s] ILPostProcess Library/Bee/artifacts/1900b0aE.dag/post-processed/Unity.2D.Tilemap.Editor.dll (+pdb)
Processing assembly Library/Bee/artifacts/1900b0aE.dag/Unity.2D.Tilemap.Editor.dll, with 147 defines and 314 references

processors: Unity.Jobs.CodeGen.JobsILPostProcessor, zzzUnity.Burst.CodeGen.BurstILPostProcessor

1 processor(s) skipped this assembly

running Unity.Jobs.CodeGen.JobsILPostProcessor
[1053/1227  0s] ILPostProcess Library/Bee/artifacts/1900b0aE.dag/post-processed/Unity.PerformanceTesting.Editor.dll (+pdb)
Processing assembly Library/Bee/artifacts/1900b0aE.dag/Unity.PerformanceTesting.Editor.dll, with 148 defines and 301 references

processors: Unity.Jobs.CodeGen.JobsILPostProcessor, zzzUnity.Burst.CodeGen.BurstILPostProcessor

1 processor(s) skipped this assembly

running Unity.Jobs.CodeGen.JobsILPostProcessor
[1054/1227  0s] ILPostProcess Library/Bee/artifacts/1900b0aE.dag/post-processed/Unity.CollabProxy.Editor.dll (+pdb)
Processing assembly Library/Bee/artifacts/1900b0aE.dag/Unity.CollabProxy.Editor.dll, with 147 defines and 315 references

processors: Unity.Jobs.CodeGen.JobsILPostProcessor, zzzUnity.Burst.CodeGen.BurstILPostProcessor

1 processor(s) skipped this assembly

running Unity.Jobs.CodeGen.JobsILPostProcessor
[1055/1227  2s] ILPostProcess Library/Bee/artifacts/1900b0aE.dag/post-processed/UnityEditor.TestRunner.dll (+pdb)
Processing assembly Library/Bee/artifacts/1900b0aE.dag/UnityEditor.TestRunner.dll, with 148 defines and 301 references

processors: Unity.Jobs.CodeGen.JobsILPostProcessor, zzzUnity.Burst.CodeGen.BurstILPostProcessor

1 processor(s) skipped this assembly

running Unity.Jobs.CodeGen.JobsILPostProcessor
[1056/1227  1s] ILPostProcess Library/Bee/artifacts/1900b0aE.dag/post-processed/Unity.2D.Psdimporter.Editor.dll (+pdb)
Processing assembly Library/Bee/artifacts/1900b0aE.dag/Unity.2D.Psdimporter.Editor.dll, with 149 defines and 324 references

processors: Unity.Jobs.CodeGen.JobsILPostProcessor, zzzUnity.Burst.CodeGen.BurstILPostProcessor

running Unity.Jobs.CodeGen.JobsILPostProcessor

running zzzUnity.Burst.CodeGen.BurstILPostProcessor
[1057/1227  0s] CopyFiles Library/ScriptAssemblies/Unity.RenderPipelines.Core.Runtime.dll
[1058/1227  0s] CopyFiles Library/ScriptAssemblies/UnityEngine.TestRunner.dll
[1059/1227  0s] CopyFiles Library/ScriptAssemblies/UnityEngine.UI.dll
[1060/1227  0s] CopyFiles Library/ScriptAssemblies/Unity.InternalAPIEngineBridge.001.dll
[1061/1227  0s] CopyFiles Library/ScriptAssemblies/Unity.VisualScripting.Flow.dll
[1062/1227  0s] CopyFiles Library/ScriptAssemblies/Unity.Profiling.Core.dll
[1063/1227  0s] ILPostProcess Library/Bee/artifacts/1900b0aE.dag/post-processed/Unity.InputSystem.DocCodeSamples.dll (+pdb)
Processing assembly Library/Bee/artifacts/1900b0aE.dag/Unity.InputSystem.DocCodeSamples.dll, with 147 defines and 301 references

processors: Unity.Jobs.CodeGen.JobsILPostProcessor, zzzUnity.Burst.CodeGen.BurstILPostProcessor

1 processor(s) skipped this assembly

running Unity.Jobs.CodeGen.JobsILPostProcessor
[1064/1227  0s] CopyFiles Library/ScriptAssemblies/Unity.InternalAPIEngineBridge.004.dll
[1065/1227  0s] CopyFiles Library/ScriptAssemblies/Unity.Collections.Tests.CoreCLR.PrivateJobNested.dll
[1066/1227  0s] CopyFiles Library/ScriptAssemblies/Unity.PerformanceTesting.dll
[1067/1227  1s] ILPostProcess Library/Bee/artifacts/1900b0aE.dag/post-processed/Unity.Tutorials.Editor.dll (+pdb)
Processing assembly Library/Bee/artifacts/1900b0aE.dag/Unity.Tutorials.Editor.dll, with 147 defines and 319 references

processors: Unity.Jobs.CodeGen.JobsILPostProcessor, zzzUnity.Burst.CodeGen.BurstILPostProcessor

1 processor(s) skipped this assembly

running Unity.Jobs.CodeGen.JobsILPostProcessor
[1068/1227  0s] CopyFiles Library/ScriptAssemblies/Unity.InputSystem.dll
[1069/1227  0s] CopyFiles Library/ScriptAssemblies/Unity.RenderPipelines.Universal.Config.Runtime.dll
[1070/1227  0s] CopyFiles Library/ScriptAssemblies/Unity.InternalAPIEngineBridge.ObjectDispatcher.Runtime.dll
[1071/1227  0s] CopyFiles Library/ScriptAssemblies/Unity.Collections.Tests.CoreCLR.ProtectedJobNested.dll
[1072/1227  0s] CopyFiles Library/ScriptAssemblies/Unity.InternalAPIEngineBridge.RenderPipelines.Core.Runtime.Shared.dll
[1073/1227  0s] CopyFiles Library/ScriptAssemblies/Unity.RenderPipeline.Universal.ShaderLibrary.dll
[1074/1227  0s] CopyFiles Library/ScriptAssemblies/Unity.Mathematics.dll
[1075/1227  0s] CopyFiles Library/ScriptAssemblies/Unity.RenderPipelines.Universal.Shaders.dll
[1076/1227  0s] CopyFiles Library/ScriptAssemblies/Unity.2D.SpriteShape.Runtime.dll
[1077/1227  0s] CopyFiles Library/ScriptAssemblies/Unity.2D.Common.Runtime.dll
[1078/1227  0s] CopyFiles Library/ScriptAssemblies/Unity.RenderPipelines.Core.Runtime.Shared.dll
[1079/1227  0s] CopyFiles Library/ScriptAssemblies/Unity.Rendering.LightTransport.Editor.pdb
[1080/1227  0s] CopyFiles Library/ScriptAssemblies/Unity.Rendering.LightTransport.Editor.dll
[1081/1227  0s] CopyFiles Library/ScriptAssemblies/UnityEditor.UI.Analytics.dll
[1082/1227  0s] CopyFiles Library/ScriptAssemblies/UnityEditor.UI.Analytics.pdb
[1083/1227  0s] CopyFiles Library/ScriptAssemblies/Unity.EditorCoroutines.Editor.dll
[1084/1227  0s] CopyFiles Library/ScriptAssemblies/Unity.EditorCoroutines.Editor.pdb
[1085/1227  0s] CopyFiles Library/ScriptAssemblies/Unity.2D.Tilemap.Editor.dll
[1086/1227  0s] CopyFiles Library/ScriptAssemblies/Unity.2D.Psdimporter.Editor.dll
[1087/1227  0s] CopyFiles Library/ScriptAssemblies/Unity.2D.Psdimporter.Editor.pdb
[1088/1227  0s] CopyFiles Library/ScriptAssemblies/Unity.2D.Tilemap.Editor.pdb
[1089/1227  0s] CopyFiles Library/ScriptAssemblies/Unity.2D.Aseprite.Editor.dll
[1090/1227  0s] CopyFiles Library/ScriptAssemblies/Unity.2D.Aseprite.Editor.pdb
[1091/1227  0s] CopyFiles Library/ScriptAssemblies/Unity.PlasticSCM.Editor.Entities.dll
[1092/1227  0s] CopyFiles Library/ScriptAssemblies/Unity.RenderPipelines.Universal.Runtime.pdb
[1093/1227  0s] CopyFiles Library/ScriptAssemblies/Unity.PlasticSCM.Editor.Entities.pdb
[1094/1227  0s] CopyFiles Library/ScriptAssemblies/Unity.PlasticSCM.Editor.Assistant.dll
[1095/1227  0s] CopyFiles Library/ScriptAssemblies/Unity.PlasticSCM.Editor.Assistant.pdb
[1096/1227  0s] CopyFiles Library/ScriptAssemblies/Unity.2D.IK.Editor.dll
[1097/1227  0s] CopyFiles Library/ScriptAssemblies/Unity.PerformanceTesting.Editor.pdb
[1098/1227  0s] CopyFiles Library/ScriptAssemblies/Unity.CollabProxy.Editor.pdb
[1099/1227  0s] CopyFiles Library/ScriptAssemblies/Unity.CollabProxy.Editor.dll
[1100/1227  0s] CopyFiles Library/ScriptAssemblies/Unity.2D.IK.Editor.pdb
[1101/1227  0s] CopyFiles Library/ScriptAssemblies/Unity.InternalAPIEditorBridge.001.pdb
[1102/1227  0s] ILPostProcess Library/Bee/artifacts/1900b0aE.dag/post-processed/Unity.2D.Common.Path.Editor.dll (+pdb)
Processing assembly Library/Bee/artifacts/1900b0aE.dag/Unity.2D.Common.Path.Editor.dll, with 147 defines and 314 references

processors: Unity.Jobs.CodeGen.JobsILPostProcessor, zzzUnity.Burst.CodeGen.BurstILPostProcessor

1 processor(s) skipped this assembly

running Unity.Jobs.CodeGen.JobsILPostProcessor
[1103/1227  0s] CopyFiles Library/ScriptAssemblies/Unity.InternalAPIEditorBridge.001.dll
[1104/1227  0s] CopyFiles Library/ScriptAssemblies/Unity.VisualScripting.Flow.Editor.pdb
[1105/1227  0s] CopyFiles Library/ScriptAssemblies/Unity.VisualScripting.Flow.Editor.dll
[1106/1227  0s] CopyFiles Library/ScriptAssemblies/Unity.2D.Aseprite.Common.dll
[1107/1227  0s] CopyFiles Library/ScriptAssemblies/Unity.2D.Aseprite.Common.pdb
[1108/1227  0s] CopyFiles Library/ScriptAssemblies/Unity.2D.Animation.Runtime.pdb
[1109/1227  0s] CopyFiles Library/ScriptAssemblies/Unity.InputSystem.ForUI.Editor.dll
[1110/1227  0s] CopyFiles Library/ScriptAssemblies/Unity.InputSystem.ForUI.Editor.pdb
[1111/1227  0s] CopyFiles Library/ScriptAssemblies/Unity.RenderPipelines.Universal.2D.Runtime.pdb
[1112/1227  0s] CopyFiles Library/ScriptAssemblies/Unity.Settings.Editor.pdb
[1113/1227  0s] CopyFiles Library/ScriptAssemblies/Unity.Settings.Editor.dll
[1114/1227  0s] CopyFiles Library/ScriptAssemblies/Unity.2D.SpriteShape.Editor.pdb
[1115/1227  0s] CopyFiles Library/ScriptAssemblies/Unity.2D.SpriteShape.Editor.dll
[1116/1227  0s] CopyFiles Library/ScriptAssemblies/Unity.RenderPipelines.Core.Editor.Shared.dll
[1117/1227  0s] CopyFiles Library/ScriptAssemblies/Unity.RenderPipelines.Core.Editor.Shared.pdb
[1118/1227  0s] CopyFiles Library/ScriptAssemblies/Unity.RenderPipelines.GPUDriven.Runtime.pdb
[1119/1227  0s] CopyFiles Library/ScriptAssemblies/Unity.VisualScripting.Core.Editor.pdb
[1120/1227  0s] CopyFiles Library/ScriptAssemblies/Unity.Tutorials.Editor.pdb
[1121/1227  0s] CopyFiles Library/ScriptAssemblies/Unity.GraphAuthoring.Editor.pdb
[1122/1227  0s] CopyFiles Library/ScriptAssemblies/Unity.Tutorials.Editor.dll
[1123/1227  0s] CopyFiles Library/ScriptAssemblies/Unity.2D.IK.Runtime.pdb
[1124/1227  0s] CopyFiles Library/ScriptAssemblies/Unity.GraphAuthoring.Editor.dll
[1125/1227  0s] CopyFiles Library/ScriptAssemblies/Unity.VisualScripting.Core.Editor.dll
[1126/1227  0s] CopyFiles Library/ScriptAssemblies/Unity.RenderPipelines.Core.Runtime.pdb
[1127/1227  0s] CopyFiles Library/ScriptAssemblies/Unity.InternalAPIEditorBridge.ShaderGraph.Editor.pdb
[1128/1227  0s] CopyFiles Library/ScriptAssemblies/Unity.InternalAPIEditorBridge.ShaderGraph.Editor.dll
[1129/1227  0s] CopyFiles Library/ScriptAssemblies/UnityEditor.TestRunner.dll
[1130/1227  0s] CopyFiles Library/ScriptAssemblies/Unity.Collections.Editor.dll
[1131/1227  0s] CopyFiles Library/ScriptAssemblies/UnityEditor.TestRunner.pdb
[1132/1227  0s] CopyFiles Library/ScriptAssemblies/Unity.Collections.Editor.pdb
[1133/1227  0s] CopyFiles Library/ScriptAssemblies/ScriptablePacker.dll
[1134/1227  0s] CopyFiles Library/ScriptAssemblies/ScriptablePacker.pdb
[1135/1227  0s] CopyFiles Library/ScriptAssemblies/Unity.InternalAPIEditorBridge.007.dll
[1136/1227  0s] CopyFiles Library/ScriptAssemblies/Unity.InputSystem.pdb
[1137/1227  0s] CopyFiles Library/ScriptAssemblies/Unity.InternalAPIEditorBridge.007.pdb
[1138/1227  0s] CopyFiles Library/ScriptAssemblies/Unity.Searcher.Editor.pdb
[1139/1227  0s] CopyFiles Library/ScriptAssemblies/Unity.Searcher.Editor.dll
[1140/1227  0s] CopyFiles Library/ScriptAssemblies/Unity.InternalAPIEngineBridge.007.pdb
[1141/1227  0s] CopyFiles Library/ScriptAssemblies/Unity.ShaderGraph.Utilities.pdb
[1142/1227  0s] CopyFiles Library/ScriptAssemblies/Unity.InternalAPIEngineBridge.007.dll
[1143/1227  0s] CopyFiles Library/ScriptAssemblies/Unity.ShaderGraph.Utilities.dll
[1144/1227  0s] CopyFiles Library/ScriptAssemblies/PsdPlugin.dll
[1145/1227  0s] CopyFiles Library/ScriptAssemblies/PsdPlugin.pdb
[1146/1227  0s] CopyFiles Library/ScriptAssemblies/Unity.2D.Tooling.Editor.pdb
[1147/1227  0s] CopyFiles Library/ScriptAssemblies/Unity.PathTracing.Runtime.pdb
[1148/1227  0s] CopyFiles Library/ScriptAssemblies/Unity.2D.Tooling.Editor.dll
[1149/1227  0s] CopyFiles Library/ScriptAssemblies/Unity.InternalAPIEngineBridge.RenderPipelines.Core.Editor.dll
[1150/1227  0s] CopyFiles Library/ScriptAssemblies/Unity.2D.Tilemap.Extras.Editor.pdb
[1151/1227  0s] CopyFiles Library/ScriptAssemblies/Unity.2D.Tilemap.Extras.Editor.dll
[1152/1227  0s] CopyFiles Library/ScriptAssemblies/Unity.PathTracing.Editor.pdb
[1153/1227  0s] CopyFiles Library/ScriptAssemblies/Unity.PathTracing.Editor.dll
[1154/1227  0s] CopyFiles Library/ScriptAssemblies/Unity.InternalAPIEngineBridge.RenderPipelines.Core.Editor.pdb
[1155/1227  0s] CopyFiles Library/ScriptAssemblies/Unity.2D.Common.Editor.pdb
[1156/1227  0s] CopyFiles Library/ScriptAssemblies/Unity.2D.Common.Editor.dll
[1157/1227  0s] CopyFiles Library/ScriptAssemblies/Unity.TextMeshPro.Editor.dll
[1158/1227  0s] CopyFiles Library/ScriptAssemblies/Unity.VisualScripting.State.Editor.dll
[1159/1227  0s] CopyFiles Library/ScriptAssemblies/Unity.TextMeshPro.Editor.pdb
[1160/1227  0s] CopyFiles Library/ScriptAssemblies/Unity.VisualScripting.State.Editor.pdb
[1161/1227  0s] CopyFiles Library/ScriptAssemblies/Unity.VisualScripting.Shared.Editor.pdb
[1162/1227  0s] CopyFiles Library/ScriptAssemblies/Unity.VisualScripting.Shared.Editor.dll
[1163/1227  0s] CopyFiles Library/ScriptAssemblies/Unity.UnifiedRayTracing.Runtime.pdb
[1164/1227  0s] CopyFiles Library/ScriptAssemblies/UnityEngine.UI.pdb
[1165/1227  0s] CopyFiles Library/ScriptAssemblies/Unity.VisualScripting.Flow.pdb
[1166/1227  0s] CopyFiles Library/ScriptAssemblies/Unity.2D.Animation.Profiler.Editor.dll
[1167/1227  0s] CopyFiles Library/ScriptAssemblies/Unity.SurfaceCache.Runtime.pdb
[1168/1227  0s] CopyFiles Library/ScriptAssemblies/Unity.2D.Animation.Profiler.Editor.pdb
[1169/1227  0s] CopyFiles Library/ScriptAssemblies/Unity.InternalAPIEngineBridge.RenderPipelines.Core.Runtime.Shared.pdb
[1170/1227  0s] CopyFiles Library/ScriptAssemblies/Unity.RenderPipeline.Universal.ShaderLibrary.pdb
[1171/1227  0s] CopyFiles Library/ScriptAssemblies/Unity.VisualScripting.SettingsProvider.Editor.dll
[1172/1227  0s] CopyFiles Library/ScriptAssemblies/Unity.VisualScripting.SettingsProvider.Editor.pdb
[1173/1227  0s] CopyFiles Library/ScriptAssemblies/Unity.VisualScripting.Core.pdb
[1174/1227  0s] CopyFiles Library/ScriptAssemblies/Unity.2D.Tilemap.Extras.pdb
[1175/1227  0s] CopyFiles Library/ScriptAssemblies/Unity.InternalAPIEngineBridge.004.pdb
[1176/1227  0s] CopyFiles Library/ScriptAssemblies/Unity.RenderPipelines.Universal.Config.Runtime.pdb
[1177/1227  0s] CopyFiles Library/ScriptAssemblies/Unity.RenderPipelines.ShaderGraph.ShaderGraphLibrary.pdb
[1178/1227  0s] CopyFiles Library/ScriptAssemblies/Unity.Collections.Tests.CoreCLR.PublicJobPrivateGeneric.pdb
[1179/1227  0s] CopyFiles Library/ScriptAssemblies/Unity.2D.SpriteShape.Runtime.pdb
[1180/1227  0s] CopyFiles Library/ScriptAssemblies/Unity.RenderPipelines.Core.Runtime.Shared.pdb
[1181/1227  0s] CopyFiles Library/ScriptAssemblies/Unity.2D.Common.Runtime.pdb
[1182/1227  0s] CopyFiles Library/ScriptAssemblies/Unity.InputSystem.DocCodeSamples.dll
[1183/1227  0s] CopyFiles Library/ScriptAssemblies/Unity.RenderPipelines.Core.ShaderLibrary.pdb
[1184/1227  0s] CopyFiles Library/ScriptAssemblies/Unity.Collections.Tests.CoreCLR.ProtectedJobNested.pdb
[1185/1227  0s] CopyFiles Library/ScriptAssemblies/Unity.InputSystem.DocCodeSamples.pdb
[1186/1227  0s] CopyFiles Library/ScriptAssemblies/Unity.InternalAPIEngineBridge.ObjectDispatcher.Runtime.pdb
[1187/1227  0s] CopyFiles Library/ScriptAssemblies/Unity.2D.Animation.Profiler.pdb
[1188/1227  0s] CopyFiles Library/ScriptAssemblies/Unity.Timeline.pdb
[1189/1227  0s] CopyFiles Library/ScriptAssemblies/UnityEngine.TestRunner.pdb
[1190/1227  0s] CopyFiles Library/ScriptAssemblies/Unity.TextMeshPro.pdb
[1191/1227  0s] CopyFiles Library/ScriptAssemblies/Unity.Collections.Tests.CoreCLR.InternalJobNestedPrivate.pdb
[1192/1227  0s] CopyFiles Library/ScriptAssemblies/Unity.Collections.Tests.CoreCLR.PrivateJobNested.pdb
[1193/1227  0s] CopyFiles Library/ScriptAssemblies/Unity.VisualScripting.State.pdb
[1194/1227  0s] CopyFiles Library/ScriptAssemblies/Unity.InputSystem.TestFramework.pdb
[1195/1227  0s] CopyFiles Library/ScriptAssemblies/Unity.Tutorials.pdb
[1196/1227  0s] CopyFiles Library/ScriptAssemblies/Unity.RenderPipelines.Universal.Shaders.pdb
[1197/1227  0s] CopyFiles Library/ScriptAssemblies/Unity.PerformanceTesting.pdb
[1198/1227  0s] CopyFiles Library/ScriptAssemblies/Unity.Burst.pdb
[1199/1227  0s] CopyFiles Library/ScriptAssemblies/Unity.Mathematics.pdb
[1200/1227  0s] CopyFiles Library/ScriptAssemblies/Unity.VisualScripting.DocCodeExamples.pdb
[1201/1227  0s] CopyFiles Library/ScriptAssemblies/Unity.InputSystem.ForUI.pdb
[1202/1227  0s] CopyFiles Library/ScriptAssemblies/Unity.Profiling.Core.pdb
[1203/1227  0s] CopyFiles Library/ScriptAssemblies/Unity.2D.Welcome.pdb
[1204/1227  0s] CopyFiles Library/ScriptAssemblies/Unity.InternalAPIEngineBridge.001.pdb
[1205/1227  0s] CopyFiles Library/ScriptAssemblies/Unity.2D.Common.Path.Editor.pdb
[1206/1227  7s] ILPostProcess Library/Bee/artifacts/1900b0aE.dag/post-processed/Unity.Collections.dll (+pdb)
Processing assembly Library/Bee/artifacts/1900b0aE.dag/Unity.Collections.dll, with 151 defines and 307 references

processors: Unity.Jobs.CodeGen.JobsILPostProcessor, zzzUnity.Burst.CodeGen.BurstILPostProcessor

running Unity.Jobs.CodeGen.JobsILPostProcessor

running zzzUnity.Burst.CodeGen.BurstILPostProcessor
[1207/1227  0s] CopyFiles Library/ScriptAssemblies/Unity.PerformanceTesting.Editor.dll
[1208/1227  0s] ILPostProcess Library/Bee/artifacts/1900b0aE.dag/post-processed/UnityEditor.UI.dll (+pdb)
Processing assembly Library/Bee/artifacts/1900b0aE.dag/UnityEditor.UI.dll, with 150 defines and 313 references

processors: Unity.Jobs.CodeGen.JobsILPostProcessor, zzzUnity.Burst.CodeGen.BurstILPostProcessor

1 processor(s) skipped this assembly

running Unity.Jobs.CodeGen.JobsILPostProcessor
[1209/1227  0s] CopyFiles Library/ScriptAssemblies/Unity.Collections.pdb
[1210/1227  0s] CopyFiles Library/ScriptAssemblies/UnityEditor.UI.pdb
[1211/1227  0s] CopyFiles Library/ScriptAssemblies/Unity.2D.Common.Path.Editor.dll
[1212/1227  0s] CopyFiles Library/ScriptAssemblies/Unity.Collections.dll
[1213/1227  0s] CopyFiles Library/ScriptAssemblies/UnityEditor.UI.dll
[1214/1227  0s] Csc Library/Bee/artifacts/1900b0aE.dag/Unity.RenderPipelines.Universal.2D.Editor.Overrides.dll (+2 others)
[           0s] Csc Library/Bee/artifacts/1900b0aE.dag/Unity.RenderPipelines.Universal.2D.Editor.Overrides.dll (+2 others) [CacheWrite 8e74b0ca5d5c7d08d9a9d7807035d85f00000000000000000000000000000006]
[1215/1227  1s] ILPostProcess Library/Bee/artifacts/1900b0aE.dag/post-processed/Unity.2D.Triangulation.Runtime.dll (+pdb)
Processing assembly Library/Bee/artifacts/1900b0aE.dag/Unity.2D.Triangulation.Runtime.dll, with 147 defines and 304 references

processors: Unity.Jobs.CodeGen.JobsILPostProcessor, zzzUnity.Burst.CodeGen.BurstILPostProcessor

running Unity.Jobs.CodeGen.JobsILPostProcessor

running zzzUnity.Burst.CodeGen.BurstILPostProcessor
[1216/1227  0s] ILPostProcess Library/Bee/artifacts/1900b0aE.dag/post-processed/Unity.RenderPipelines.Universal.2D.Editor.Overrides.dll (+pdb)
Processing assembly Library/Bee/artifacts/1900b0aE.dag/Unity.RenderPipelines.Universal.2D.Editor.Overrides.dll, with 149 defines and 323 references

processors: Unity.Jobs.CodeGen.JobsILPostProcessor, zzzUnity.Burst.CodeGen.BurstILPostProcessor

1 processor(s) skipped this assembly

running Unity.Jobs.CodeGen.JobsILPostProcessor
[1217/1227  0s] CopyFiles Library/ScriptAssemblies/Unity.2D.Triangulation.Runtime.pdb
[1218/1227  0s] CopyFiles Library/ScriptAssemblies/Unity.2D.Triangulation.Runtime.dll
[1219/1227  0s] CopyFiles Library/ScriptAssemblies/Unity.RenderPipelines.Universal.2D.Editor.Overrides.pdb
[1220/1227  0s] CopyFiles Library/ScriptAssemblies/Unity.RenderPipelines.Universal.2D.Editor.Overrides.dll
[1221/1227  1s] ILPostProcess Library/Bee/artifacts/1900b0aE.dag/post-processed/Unity.2D.Sprite.Editor.dll (+pdb)
Processing assembly Library/Bee/artifacts/1900b0aE.dag/Unity.2D.Sprite.Editor.dll, with 147 defines and 314 references

processors: Unity.Jobs.CodeGen.JobsILPostProcessor, zzzUnity.Burst.CodeGen.BurstILPostProcessor

1 processor(s) skipped this assembly

running Unity.Jobs.CodeGen.JobsILPostProcessor
[1222/1227  0s] CopyFiles Library/ScriptAssemblies/Unity.2D.Sprite.Editor.pdb
[1223/1227  0s] CopyFiles Library/ScriptAssemblies/Unity.2D.Sprite.Editor.dll
[1224/1227  3s] ILPostProcess Library/Bee/artifacts/1900b0aE.dag/post-processed/Unity.RenderPipelines.Core.Editor.dll (+pdb)
Processing assembly Library/Bee/artifacts/1900b0aE.dag/Unity.RenderPipelines.Core.Editor.dll, with 151 defines and 323 references

processors: Unity.Jobs.CodeGen.JobsILPostProcessor, zzzUnity.Burst.CodeGen.BurstILPostProcessor

1 processor(s) skipped this assembly

running Unity.Jobs.CodeGen.JobsILPostProcessor
[1225/1227  0s] CopyFiles Library/ScriptAssemblies/Unity.RenderPipelines.Core.Editor.pdb
[1226/1227  2s] ILPostProcess Library/Bee/artifacts/1900b0aE.dag/post-processed/Unity.Timeline.Editor.dll (+pdb)
Processing assembly Library/Bee/artifacts/1900b0aE.dag/Unity.Timeline.Editor.dll, with 148 defines and 315 references

processors: Unity.Jobs.CodeGen.JobsILPostProcessor, zzzUnity.Burst.CodeGen.BurstILPostProcessor

1 processor(s) skipped this assembly

running Unity.Jobs.CodeGen.JobsILPostProcessor
[1227/1227  0s] CopyFiles Library/ScriptAssemblies/Unity.Timeline.Editor.pdb
[1228/1227  0s] CopyFiles Library/ScriptAssemblies/Unity.Timeline.Editor.dll
[1229/1227  0s] CopyFiles Library/ScriptAssemblies/Unity.RenderPipelines.Core.Editor.dll
[1230/1227  6s] ILPostProcess Library/Bee/artifacts/1900b0aE.dag/post-processed/Unity.PlasticSCM.Editor.dll (+pdb)
Processing assembly Library/Bee/artifacts/1900b0aE.dag/Unity.PlasticSCM.Editor.dll, with 148 defines and 304 references

processors: Unity.Jobs.CodeGen.JobsILPostProcessor, zzzUnity.Burst.CodeGen.BurstILPostProcessor

1 processor(s) skipped this assembly

running Unity.Jobs.CodeGen.JobsILPostProcessor
[1231/1227  0s] CopyFiles Library/ScriptAssemblies/Unity.PlasticSCM.Editor.pdb
[1232/1227  1s] Csc Library/Bee/artifacts/1900b0aE.dag/Unity.RenderPipelines.Universal.Editor.dll (+2 others)
[           0s] Csc Library/Bee/artifacts/1900b0aE.dag/Unity.RenderPipelines.Universal.Editor.dll (+2 others) [CacheWrite 8539c6dcf023f6ec3de50fe6702ae23000000000000000000000000000000006]
[1233/1227  0s] CopyFiles Library/ScriptAssemblies/Unity.PlasticSCM.Editor.dll
[1234/1227  0s] ILPostProcess Library/Bee/artifacts/1900b0aE.dag/post-processed/Unity.RenderPipelines.Universal.Editor.dll (+pdb)
Processing assembly Library/Bee/artifacts/1900b0aE.dag/Unity.RenderPipelines.Universal.Editor.dll, with 153 defines and 328 references

processors: Unity.Jobs.CodeGen.JobsILPostProcessor, zzzUnity.Burst.CodeGen.BurstILPostProcessor

1 processor(s) skipped this assembly

running Unity.Jobs.CodeGen.JobsILPostProcessor
[1235/1227  0s] CopyFiles Library/ScriptAssemblies/Unity.RenderPipelines.Universal.Editor.pdb
[1236/1227  1s] ILPostProcess Library/Bee/artifacts/1900b0aE.dag/post-processed/Unity.ShaderGraph.Editor.dll (+pdb)
Processing assembly Library/Bee/artifacts/1900b0aE.dag/Unity.ShaderGraph.Editor.dll, with 147 defines and 320 references

processors: Unity.Jobs.CodeGen.JobsILPostProcessor, zzzUnity.Burst.CodeGen.BurstILPostProcessor

1 processor(s) skipped this assembly

running Unity.Jobs.CodeGen.JobsILPostProcessor
[1237/1227  0s] CopyFiles Library/ScriptAssemblies/Unity.ShaderGraph.Editor.pdb
[1238/1227  0s] CopyFiles Library/ScriptAssemblies/Unity.RenderPipelines.Universal.Editor.dll
[1239/1227  2s] ILPostProcess Library/Bee/artifacts/1900b0aE.dag/post-processed/Unity.2D.Animation.Editor.dll (+pdb)
Processing assembly Library/Bee/artifacts/1900b0aE.dag/Unity.2D.Animation.Editor.dll, with 149 defines and 324 references

processors: Unity.Jobs.CodeGen.JobsILPostProcessor, zzzUnity.Burst.CodeGen.BurstILPostProcessor

running Unity.Jobs.CodeGen.JobsILPostProcessor

running zzzUnity.Burst.CodeGen.BurstILPostProcessor
[1240/1227  0s] CopyFiles Library/ScriptAssemblies/Unity.ShaderGraph.Editor.dll
[1241/1227  0s] CopyFiles Library/ScriptAssemblies/Unity.2D.Animation.Editor.pdb
[1242/1227  0s] CopyFiles Library/ScriptAssemblies/Unity.2D.Animation.Editor.dll
*** Tundra build success (19.49 seconds), 579 items updated, 1227 evaluated
Total cache size 300194596
Total cache size after purge 267918828, took 00:00:00.3132898
AssetDatabase: script compilation time: 26.690637s
Begin MonoManager ReloadAssembly
'Packages/com.unity.render-pipelines.core/Editor/Deprecated.cs' contains partial class of Unity.Object, exactly 1 of the partial classes needs to be in a file with the same filename. This is to know the one that can be referenced from ie. GameObjects
'Packages/com.unity.render-pipelines.core/Editor/Deprecated.cs' contains partial class of Unity.Object, exactly 1 of the partial classes needs to be in a file with the same filename. This is to know the one that can be referenced from ie. GameObjects
Native extension for WindowsStandalone target not found
Native extension for WebGL target not found
ScheduleIndexationOnStartup MainProcess:True IndexOnStartup:True
Scripting: successfully reloaded assembly
- Finished resetting the current domain, in  1.172 seconds
Domain Reload Profiling: 2222ms
	BeginReloadAssembly (233ms)
		DisableScriptedObjects (25ms)
		CreateAndSetChildDomain (41ms)
	RebuildCommonClasses (9ms)
	RebuildNativeTypeToScriptingClass (18ms)
	initialDomainReloadingComplete (56ms)
	LoadAllAssembliesAndSetupDomain (733ms)
		LoadAssemblies (353ms)
		TypeCache.Refresh (213ms)
			TypeCache.ScanAssembly (200ms)
		AnalyzeDomain (100ms)
			BuildScriptInfoCaches (89ms)
			ResolveRequiredComponents (9ms)
	FinalizeReload (1174ms)
		SetupLoadedEditorAssemblies (0ms)
			LogAssemblyErrors (3ms)
			BeforeProcessingInitializeOnLoad (118ms)
			ProcessInitializeOnLoadAttributes (396ms)
			ProcessInitializeOnLoadMethodAttributes (336ms)
			AfterProcessingInitializeOnLoad (6ms)
		AwakeInstancesAfterBackupRestoration (37ms)
Starting new worker id: 0 with log in C:/Users/kvdgs/Ostatni_Peron/Logs/AssetImportWorkerHW0.log

Asset Pipeline Refresh (id=827eda0635326bb46963136bad76927d): Total: 29.822 seconds - Initiated by InitialRefreshV2(ForceSynchronousImport)
	(Values over 0.05ms)
	Summary:
		Imports: total=0 (actual=0, local cache=0, cache server=0)
		Asset DB Process Time: managed=0 ms, native=1891 ms
		Asset DB Callback time: managed=61 ms, native=17 ms
		Scripting: domain reloads=1, domain reload time=1095 ms, compile time=26693 ms, other=62 ms
		Project Asset Count: scripts=1681, non-scripts=3282
		Asset File Changes: new=0, changed=0, moved=0, deleted=0
		Scan Filter Count: 0
	InvokePackagesCallback: 18.704ms
	ApplyChangesToAssetFolders: 0.727ms
	Scan: 285.618ms
	Collect global state as custom dependencies: 21.907ms
	CategorizeScriptCompilationAssets: 56.338ms
	ProcessAssetsWithTransientArtifactChanges: 82.081ms
	CategorizeAssets: 97.509ms
	CompileScripts: 26693.403ms
	ImportOutOfDateAssets: 1193.640ms (1181.267ms without children)
		UnloadImportedAssets: 0.562ms
		EnsureUptoDateAssetsAreRegisteredWithGuidPM: 0.929ms
		ImportSchedulerStart: 10.841ms
	PostProcessAllAssets: 61.615ms
		MonoPostProcessAllAssets: 61.554ms
			UniversalRenderPipelineGlobalSettingsPostprocessor.OnPostprocessAllAssets 32.238ms
			SyncVS.PostprocessSyncProject 5.418ms
			WindowAssetPostprocessingWatcher.OnPostprocessAllAssets 3.078ms
			SpeedTree9Postprocessor.OnPostprocessAllAssets 2.885ms
			EditModeScopePostprocessor.OnPostprocessAllAssets 1.434ms
			RenderPipelineGlobalSettingsPostprocessor.OnPostprocessAllAssets 1.139ms
			ShaderReflectionAssetPostProcessor.OnPostprocessAllAssets 0.867ms
			ReferencedClipsPostProcessor.OnPostprocessAllAssets 0.559ms
			InputActionAssetPostprocessor.OnPostprocessAllAssets 0.424ms
			AssetDatabaseCallbacks.OnPostprocessAllAssets 0.304ms
			TerrainToolbarOverlayPostProcessor.OnPostprocessAllAssets 0.297ms
			ProjectSettingsPostprocessor.OnPostprocessAllAssets 0.256ms
	UnloadStreamsBegin: 2.059ms
	PersistCurrentRevisions: 0.212ms
	GenerateScriptTypeHashes: 2.711ms
	GenerateScriptTypeSerializationHashes: 4.694ms
	Untracked: 1287.231ms

Application.AssetDatabase Initial Refresh End
Launched and connected shader compiler UnityShaderCompiler.exe after 0.03 seconds
Scanning for USB devices : 7.458ms
Initializing Unity extensions:
[MODES] ModeService[none].Initialize
[MODES] ModeService[none].LoadModes
[MODES] Loading mode Default (0) for mode-current-id-Ostatni_Peron
Unloading 26 Unused Serialized files (Serialized files now loaded: 0)
Loaded scene 'Assets/Scenes/SampleScene.unity'
	Deserialize:            5.174 ms
	Integration:            14.919 ms
	Integration of assets:  0.002 ms
	Thread Wait Time:       0.020 ms
	Total Operation Time:   20.114 ms
Unloading 7523 unused Assets / (6.8 MB). Loaded Objects now: 8528.
Memory consumption went from 444.8 MB to 438.0 MB.
Total: 13.611400 ms (FindLiveObjects: 0.690500 ms CreateObjectMapping: 0.385900 ms MarkObjects: 8.642700 ms  DeleteObjects: 3.460100 ms)

[LAYOUT] About to load UserSettings\Layouts\default-6000.dwlt, keepMainWindow=False
[LAYOUT] About to save layout C:\Users\kvdgs\Ostatni_Peron\UserSettings\Layouts\default-6000.dwlt
[LAYOUT] About to save layout C:/Users/kvdgs/AppData/Roaming/Unity/Editor-5.x/Preferences\Layouts\current\default-6000.dwlt
[MODES] ModeService[default].InitializeCurrentMode
[MODES] ModeService[default].RaiseModeChanged(default, default)
<RI> Initializing input.
Using Windows.Gaming.Input
D3D11 device created for Microsoft Media Foundation video decoding.
[Project] Loading completed in 34.268 seconds
	Project init time: 				32.642 seconds
		Template init time: 		0.000 seconds
		Package Manager init time: 		0.231 seconds
		Asset Database init time: 		0.204 seconds
		Global illumination init time: 	0.003 seconds
		Assemblies load time: 			1.391 seconds
		Unity extensions init time: 	0.051 seconds
		Asset Database refresh time: 	29.822 seconds
	Scene opening time: 			1.465 seconds
##utp:{"type":"ProjectInfo","version":2,"phase":"Immediate","time":1789753200018,"processId":4632,"projectLoad":34.2683894,"projectInit":32.6417904,"templateInit":0.0,"packageManagerInit":0.2309547,"assetDatabaseInit":0.2037734,"globalIlluminationInit":0.0026114,"assembliesLoad":1.3913308,"unityExtensionsInit":0.0507493,"assetDatabaseRefresh":29.822148,"sceneOpening":1.4653025}
##utp:{"type":"EditorInfo","version":2,"phase":"Immediate","time":1789753200018,"processId":4632,"editorVersion":"6000.6.0f1 (f7f8ed4d1e24)","branch":"6000.6/respin/6000.6.0f1-fa21a270ab12","buildType":"Release","platform":"Windows"}
Worker ready: AssetImportWorkerHW0 0
Reloading assemblies due to reload request.
Reloading assemblies after forced synchronous recompile.
Begin MonoManager ReloadAssembly
'Packages/com.unity.render-pipelines.core/Editor/Deprecated.cs' contains partial class of Unity.Object, exactly 1 of the partial classes needs to be in a file with the same filename. This is to know the one that can be referenced from ie. GameObjects
'Packages/com.unity.render-pipelines.core/Editor/Deprecated.cs' contains partial class of Unity.Object, exactly 1 of the partial classes needs to be in a file with the same filename. This is to know the one that can be referenced from ie. GameObjects
Native extension for WindowsStandalone target not found
Native extension for WebGL target not found
[MODES] ModeService[none].Initialize
[MODES] ModeService[none].LoadModes
ScheduleIndexationOnStartup MainProcess:True IndexOnStartup:True
Scripting: successfully reloaded assembly
- Finished resetting the current domain, in  1.911 seconds
Domain Reload Profiling: 2773ms
	BeginReloadAssembly (540ms)
		DisableScriptedObjects (135ms)
		CreateAndSetChildDomain (227ms)
	RebuildCommonClasses (10ms)
	RebuildNativeTypeToScriptingClass (17ms)
	initialDomainReloadingComplete (51ms)
	LoadAllAssembliesAndSetupDomain (242ms)
		LoadAssemblies (143ms)
		TypeCache.Refresh (8ms)
		AnalyzeDomain (31ms)
			ResolveRequiredComponents (27ms)
	FinalizeReload (1912ms)
		SetupLoadedEditorAssemblies (0ms)
			BeforeProcessingInitializeOnLoad (236ms)
			ProcessInitializeOnLoadAttributes (388ms)
			ProcessInitializeOnLoadMethodAttributes (137ms)
			AfterProcessingInitializeOnLoad (4ms)
		AwakeInstancesAfterBackupRestoration (704ms)
No restricted APIs configured; Validation skipped.
Checking 18 assemblies for restricted APIs found 0 usage(s) in 4 ms

Asset Pipeline Refresh (id=5723f00b95def044fbd649e8181ed477): Total: 4.305 seconds - Initiated by StopAssetImportingV2(ForceSynchronousImport | ForceDomainReload)
	(Values over 0.05ms)
	Summary:
		Imports: total=0 (actual=0, local cache=0, cache server=0)
		Asset DB Process Time: managed=0 ms, native=2245 ms
		Asset DB Callback time: managed=919 ms, native=239 ms
		Scripting: domain reloads=1, domain reload time=898 ms, compile time=2 ms, other=0 ms
		Project Asset Count: scripts=1681, non-scripts=3282
		Asset File Changes: new=0, changed=0, moved=0, deleted=0
		Scan Filter Count: 0
	InvokePackagesCallback: 1.468ms
	ApplyChangesToAssetFolders: 0.263ms
	Collect global state as custom dependencies: 3.296ms
	ProcessAssetsWithTransientArtifactChanges: 194.685ms
	CategorizeAssets: 61.361ms
	CompileScripts: 1.804ms
	ImportOutOfDateAssets: 1921.942ms (1918.518ms without children)
		CollectScriptTypesHashes: 1.461ms
		ReloadNativeAssets: 0.920ms
		UnloadImportedAssets: 1.453ms
		EnsureUptoDateAssetsAreRegisteredWithGuidPM: 0.769ms
		ImportSchedulerStart: 0.265ms
	PostProcessAllAssets: 1153.388ms
		AssemblyValidation.PostprocessAllAssets 20.582ms
		PostProcessCallbackCreateDeferredMaterials 17.036ms
		PostprocessAssetsUpdateCachedIcon 16.083ms
		SpriteAtlasDatabase.OnAssetPostprocessCallback 16.037ms
		RaytracingShaderImportPostprocess 9.026ms
		ShaderAssetModifiedCallback 8.697ms
		ComputeShaderImportPostprocess 8.426ms
		SpeedTreeImporter.PostprocessAllAssets 7.290ms
		LocalizationDatabase.AssetDatabasePostprocessCallback 3.493ms
		BlockShaderImporter.PostprocessAllAssets 3.446ms
		XRBuildSystem.XRAssetImported 1.918ms
		MonoPostProcessAllAssets: 917.044ms
			SyncVS.PostprocessSyncProject 308.403ms
			ShaderGraphAssetPostProcessor.OnPostprocessAllAssets 203.484ms
			AssetPostprocessor.OnPostprocessAllAssets 68.021ms
			PostProcessor.OnPostprocessAllAssets 50.626ms
			InputActionJsonNameModifierAssetProcessor.OnPostprocessAllAssets 37.494ms
			MaterialPostprocessor.OnPostprocessAllAssets 36.450ms
			InputActionAssetPostprocessor.OnPostprocessAllAssets 35.991ms
			AssetChangedListener.OnPostprocessAllAssets 34.013ms
			TextAssetPostProcessor.OnPostprocessAllAssets 21.018ms
			SpriteSlicePostprocessor.OnPostprocessAllAssets 18.814ms
			UniversalRenderPipelineGlobalSettingsPostprocessor.OnPostprocessAllAssets 15.489ms
			BuilderAssetPostprocessor.OnPostprocessAllAssets 6.196ms
			SpeedTree9Postprocessor.OnPostprocessAllAssets 5.509ms
			RenderPipelineGlobalSettingsPostprocessor.OnPostprocessAllAssets 5.477ms
			RetainedModeAssetPostprocessor.OnPostprocessAllAssets 1.778ms
			WindowAssetPostprocessingWatcher.OnPostprocessAllAssets 1.700ms
			ProjectSettingsPostprocessor.OnPostprocessAllAssets 0.992ms
			EditModeScopePostprocessor.OnPostprocessAllAssets 0.862ms
			SpriteEditorTexturePostprocessor.OnPostprocessAllAssets 0.756ms
			SpriteShapeAssetPostProcessor.OnPostprocessAllAssets 0.583ms
			ShaderReflectionAssetPostProcessor.OnPostprocessAllAssets 0.567ms
			StyleCatalogPostProcessor.OnPostprocessAllAssets 0.494ms
			ArtifactBrowserPostProcessor.OnPostprocessAllAssets 0.491ms
			UVCSAssetPostprocessor.OnPostprocessAllAssets 0.469ms
			SpeedTreePostProcessor.OnPostprocessAllAssets 0.316ms
			TMPro_TexturePostProcessor.OnPostprocessAllAssets 0.313ms
			AudioMixerPostprocessor.OnPostprocessAllAssets 0.301ms
			AssetProcessor.OnPostprocessAllAssets 0.288ms
			ThemePostprocessor.OnPostprocessAllAssets 0.282ms
			ReferencedClipsPostProcessor.OnPostprocessAllAssets 0.272ms
			AssetEvents.OnPostprocessAllAssets 0.224ms
			SpriteLibraryAssetPostprocessor.OnPostprocessAllAssets 0.222ms
			SamplePostprocessor.OnPostprocessAllAssets 0.182ms
			PSDImportPostProcessor.OnPostprocessAllAssets 0.156ms
			TerrainToolbarOverlayPostProcessor.OnPostprocessAllAssets 0.151ms
			AssetDatabaseCallbacks.OnPostprocessAllAssets 0.146ms
			ConfigAssetsTracker.OnPostprocessAllAssets 0.135ms
			ScenarioDriftAssetsTracker.OnPostprocessAllAssets 0.124ms
			AssetReloadNotifier.OnPostprocessAllAssets 0.107ms
			PSDImporterAssetPostProcessor.OnPostprocessAllAssets 0.091ms
			AudioContainerPostProcessor.OnPostprocessAllAssets 0.081ms
	PostAssetChangesProfiler: 5.700ms
	GatherAllCurrentPrimaryImportResultRevisions: 0.192ms
	UnloadStreamsBegin: 1.390ms
	PersistCurrentRevisions: 0.166ms
	GenerateScriptTypeHashes: 3.122ms
	GenerateScriptTypeSerializationHashes: 5.380ms
	Untracked: 930.912ms

Created GICache directory at C:/Users/kvdgs/AppData/LocalLow/Unity/Caches/GiCache. Took: 0.012s, timestamps: [35.522 - 35.535]
[Licensing::Client] Successfully resolved entitlement details
[Licensing::Client] Successfully resolved entitlement details
[Licensing::Client] Successfully updated the access token
[Licensing::Module] Successfully updated access token: "wF0vsXd1"... (expires: 2026-09-18T19:32:02Z)
[Licensing::Client] Successfully resolved entitlement details
Asset Pipeline Refresh (id=8d5cec82358635948aeb3da39d7231aa): Total: 0.003 seconds - Initiated by RefreshV2(AllowForceSynchronousImport)
Start Indexing on Editor startup
[Indexing] Starting Initial Indexing for Assets
[Licensing::Client] Successfully resolved entitlement details
Starting new worker id: 1 with log in C:/Users/kvdgs/Ostatni_Peron/Logs/AssetImportWorkerHW1.log
UPID Received 'e28450e7-1dc2-4145-9df2-a9e3f45c208f'.
Asset Pipeline Refresh (id=0a8207209e57f504290eb009f797e333): Total: 0.004 seconds - Initiated by RefreshV2(AllowForceSynchronousImport)
Starting new worker id: 2 with log in C:/Users/kvdgs/Ostatni_Peron/Logs/AssetImportWorkerHW2.log
[Worker0] Imported GUID: 6c248cf2ddea4b50b8f4e25e0e157a93 - Path: Packages/com.unity.render-pipelines.universal/Runtime/RendererFeatures/SurfaceCacheGIRendererFeature/SurfaceCacheWorldAdapter.cs - Importer: ScriptedImporter/UnityEditor.QuickSearchModule:UnityEditor.Search:ASIAI0B -> (ImportResultId: '1365059edb71f2840ccd53376f5a0273') in 0.1609996 seconds
[Worker0] Imported GUID: 8406b95d18054752ac25ef8eb7ac2d41 - Path: Packages/com.unity.render-pipelines.universal/Runtime/RendererFeatures/SurfaceCacheGIRendererFeature/SurfaceCacheGIRendererFeature.cs - Importer: ScriptedImporter/UnityEditor.QuickSearchModule:UnityEditor.Search:ASIAI0B -> (ImportResultId: 'c65a2ff77aa839ef42fe024f32d8780b') in 0.0232298 seconds
[Worker0] Imported GUID: 045a06f7c76196a43a929d2a916c7d95 - Path: Packages/com.unity.render-pipelines.universal/Runtime/VFXGraph/Shaders/VFXLit.hlsl - Importer: ScriptedImporter/UnityEditor.QuickSearchModule:UnityEditor.Search:ASIAI0B -> (ImportResultId: 'ca73318a854bbc482ce0dc28442b2113') in 0.0217269 seconds
[Worker0] Imported GUID: 8a239b3da89050c4e89ac06b168fc684 - Path: Packages/com.unity.render-pipelines.universal/Runtime/RendererFeatures/SurfaceCacheGIRendererFeature/FallbackMaterial.mat - Importer: ScriptedImporter/UnityEditor.QuickSearchModule:UnityEditor.Search:ASIAI0B -> (ImportResultId: '705551f8ee821666702c39ad140f68f1') in 0.037703 seconds
[Worker0] Imported GUID: 694e01e6361351641bfb5cc5fc69f087 - Path: Packages/com.unity.render-pipelines.universal/Shaders/2D/Include/Normals2DCommon.hlsl - Importer: ScriptedImporter/UnityEditor.QuickSearchModule:UnityEditor.Search:ASIAI0B -> (ImportResultId: '75ca4493933ee83a4238f80e5b032331') in 0.0214996 seconds
[Worker0] Imported GUID: 4151cfb2494f10243a255c8a553306e3 - Path: Packages/com.unity.render-pipelines.universal/Shaders/2D/Include/ShapeLightShared.hlsl - Importer: ScriptedImporter/UnityEditor.QuickSearchModule:UnityEditor.Search:ASIAI0B -> (ImportResultId: 'faf6b9ee9742d996c97772e8d075f683') in 0.0208298 seconds
[Worker0] Imported GUID: 15c09e9f82634f5881e6676d62f25bcb - Path: Packages/com.unity.render-pipelines.universal/Shaders/2D/Include/InputData2D.hlsl - Importer: ScriptedImporter/UnityEditor.QuickSearchModule:UnityEditor.Search:ASIAI0B -> (ImportResultId: '0e977ad69557a6fe2f6434b8a90b0def') in 0.0215978 seconds
[Worker0] Imported GUID: 134e9451a58aaba43ba713adbd103d92 - Path: Packages/com.unity.render-pipelines.universal/Runtime/RendererFeatures/SurfaceCacheGIRendererFeature/FlatNormalResolution.compute - Importer: ScriptedImporter/UnityEditor.QuickSearchModule:UnityEditor.Search:ASIAI0B -> (ImportResultId: 'f279be80d056aa5a3e1e945805236050') in 0.021418 seconds
[Licensing::Client] Successfully resolved entitlement details
[Worker0] Imported GUID: 5ce9e51bf709e4e459da190b3cf4d110 - Path: Packages/com.unity.render-pipelines.universal/Shaders/2D/Include/ShapeLightVariables.hlsl - Importer: ScriptedImporter/UnityEditor.QuickSearchModule:UnityEditor.Search:ASIAI0B -> (ImportResultId: 'b2b9d6ab085a367f506876511b83423d') in 0.0218858 seconds
[Worker0] Imported GUID: ac160f8e04d8868418f09da1757e85ac - Path: Packages/com.unity.render-pipelines.universal/Runtime/VFXGraph/Shaders/VFXLitPixelOutput.hlsl - Importer: ScriptedImporter/UnityEditor.QuickSearchModule:UnityEditor.Search:ASIAI0B -> (ImportResultId: '2a76831e718bb93dabea38630a19f265') in 0.021566 seconds
[Worker0] Imported GUID: 3d9fc4c0ae8e22f49a8ebefad82718d9 - Path: Packages/com.unity.render-pipelines.universal/Runtime/RendererFeatures/SurfaceCacheGIRendererFeature/PatchAllocation.compute - Importer: ScriptedImporter/UnityEditor.QuickSearchModule:UnityEditor.Search:ASIAI0B -> (ImportResultId: '5777430c9ad880a313d8fd750b50eafc') in 0.0216845 seconds
[Worker0] Imported GUID: 4d40202dfa5473d44bcdc97e00d74703 - Path: Packages/com.unity.render-pipelines.universal/Runtime/RendererFeatures/SurfaceCacheGIRendererFeature/Debug.compute - Importer: ScriptedImporter/UnityEditor.QuickSearchModule:UnityEditor.Search:ASIAI0B -> (ImportResultId: '5777dbde17dab9dc38ca59935eed4337') in 0.0220207 seconds
[Worker0] Imported GUID: 931e5ffca47cea54783e99bf989216b5 - Path: Packages/com.unity.render-pipelines.universal/Shaders/2D/Include/LightingUtility.hlsl - Importer: ScriptedImporter/UnityEditor.QuickSearchModule:UnityEditor.Search:ASIAI0B -> (ImportResultId: 'dd9bdcd9db77360f9e63dd88fc57ad2f') in 0.022747 seconds
[Worker0] Imported GUID: 0953ad13244b62d44989cf390cd1a2c3 - Path: Packages/com.unity.render-pipelines.universal/Runtime/RendererFeatures/ScreenSpaceReflectionRendererFeature/ScreenSpaceReflectionPass.cs - Importer: ScriptedImporter/UnityEditor.QuickSearchModule:UnityEditor.Search:ASIAI0B -> (ImportResultId: 'b888698874f539e2cd7e4f2281cd7024') in 0.0238935 seconds
[Worker0] Imported GUID: 7d889ceca5f694540a4607aa3c632402 - Path: Packages/com.unity.render-pipelines.universal/Runtime/RendererFeatures/ScreenSpaceReflectionRendererFeature/ScreenSpaceReflectionPersistentResources.cs - Importer: ScriptedImporter/UnityEditor.QuickSearchModule:UnityEditor.Search:ASIAI0B -> (ImportResultId: 'd09896885ac26c75dd322f34b0d84c36') in 0.0273551 seconds
[Worker0] Imported GUID: 2274cd80d4e22254d98d0282578183e0 - Path: Packages/com.unity.render-pipelines.universal/Runtime/RendererFeatures/ScreenSpaceReflectionRendererFeature/ScreenSpaceReflectionVolumeSettings.cs - Importer: ScriptedImporter/UnityEditor.QuickSearchModule:UnityEditor.Search:ASIAI0B -> (ImportResultId: '35ce8dc110a82f8b9df4ef8fe5816021') in 0.023283 seconds
[Worker0] Imported GUID: 4a7b181b6b76dce42a8310f117510ab4 - Path: Packages/com.unity.render-pipelines.universal/Runtime/RendererFeatures/ScreenSpaceReflectionRendererFeature/ScreenSpaceReflectionDepthHistory.cs - Importer: ScriptedImporter/UnityEditor.QuickSearchModule:UnityEditor.Search:ASIAI0B -> (ImportResultId: '4b8ffd08887d73a413e73f47b8f518bd') in 0.0223996 seconds
[Worker0] Imported GUID: 4b0b97f5510f6a34681068f902b725d5 - Path: Packages/com.unity.render-pipelines.universal/Shaders/2D/Include/Lit2DCommon.hlsl - Importer: ScriptedImporter/UnityEditor.QuickSearchModule:UnityEditor.Search:ASIAI0B -> (ImportResultId: 'e8781bfc1926586d2fd5fc0d097512ae') in 0.0214094 seconds
[Worker0] Imported GUID: 730c9c8a21ae0a64aba043694dfacca7 - Path: Packages/com.unity.render-pipelines.universal/Runtime/VFXGraph/Shaders/VFXDefines.hlsl - Importer: ScriptedImporter/UnityEditor.QuickSearchModule:UnityEditor.Search:ASIAI0B -> (ImportResultId: '0e33eead117f6b1f09ed984bc1e06366') in 0.0218708 seconds
[Worker0] Imported GUID: 882f88039036f6c49a8df5ce3d214444 - Path: Packages/com.unity.render-pipelines.universal/Shaders/2D/Include/Core2D.hlsl - Importer: ScriptedImporter/UnityEditor.QuickSearchModule:UnityEditor.Search:ASIAI0B -> (ImportResultId: 'f8babf35a81493ff70b2119e8722f52a') in 0.0215712 seconds
[Worker0] Imported GUID: 4d271c06564c6784392d81f949558e5c - Path: Packages/com.unity.render-pipelines.universal/Runtime/RendererFeatures/SurfaceCacheGIRendererFeature/ScreenResolveLookup.compute - Importer: ScriptedImporter/UnityEditor.QuickSearchModule:UnityEditor.Search:ASIAI0B -> (ImportResultId: '0ebc9e8608e481ba5da103a2cde4198d') in 0.0223589 seconds
[Worker0] Imported GUID: 97832dc646b4fb4498bf5aa61e366c13 - Path: Packages/com.unity.render-pipelines.universal/Shaders/2D/Include/ShadowProjectVertex.hlsl - Importer: ScriptedImporter/UnityEditor.QuickSearchModule:UnityEditor.Search:ASIAI0B -> (ImportResultId: '4fa94e12789f761184a3d3cf8477dfc0') in 0.0216034 seconds
[Worker0] Imported GUID: 421501d8e4bd2014dbd1dbe80ec2bb5a - Path: Packages/com.unity.render-pipelines.universal/Runtime/RendererFeatures/SurfaceCacheGIRendererFeature/FallbackMaterial.shader - Importer: ScriptedImporter/UnityEditor.QuickSearchModule:UnityEditor.Search:ASIAI0B -> (ImportResultId: '73879ef9a52990ea5351a5dc1a78df6f') in 0.027354 seconds
[Worker0] Imported GUID: e707208f874722b45a81cf2f59f81458 - Path: Packages/com.unity.render-pipelines.universal/Shaders/2D/Include/2DCommon.hlsl - Importer: ScriptedImporter/UnityEditor.QuickSearchModule:UnityEditor.Search:ASIAI0B -> (ImportResultId: '56fa4f204d492b207048c877c9e5c172') in 0.0223138 seconds
[Worker0] Imported GUID: 7c302ee1d7410a6458981a5f329520b4 - Path: Packages/com.unity.render-pipelines.universal/Runtime/RendererFeatures/SurfaceCacheGIRendererFeature/ScreenResolveUpsampling.compute - Importer: ScriptedImporter/UnityEditor.QuickSearchModule:UnityEditor.Search:ASIAI0B -> (ImportResultId: 'e4d0cbb374c73e55d98991c82990d0ec') in 0.0215292 seconds
[Worker0] Imported GUID: 5aa83714c555c924a9a8b60e2608da99 - Path: Packages/com.unity.render-pipelines.universal/Runtime/RendererFeatures/ScreenSpaceReflectionRendererFeature/ScreenSpaceReflectionDepthNormalOnlyTransparentPass.cs - Importer: ScriptedImporter/UnityEditor.QuickSearchModule:UnityEditor.Search:ASIAI0B -> (ImportResultId: 'ce0d6f1653bf5c50212105d393e298cf') in 0.021472 seconds
[Worker0] Imported GUID: e7ee44e4db2311b428e6f789318838f8 - Path: Packages/com.unity.render-pipelines.universal/Shaders/2D/Include/CombinedShapeLightShared.hlsl - Importer: ScriptedImporter/UnityEditor.QuickSearchModule:UnityEditor.Search:ASIAI0B -> (ImportResultId: '7ceccf2c3827f21aec952359e01e1c64') in 0.0220393 seconds
[Worker0] Imported GUID: 385bc181e02fb7549a92fc001133ad46 - Path: Packages/com.unity.render-pipelines.universal/Runtime/VFXGraph/Shaders/VFXCommon.hlsl - Importer: ScriptedImporter/UnityEditor.QuickSearchModule:UnityEditor.Search:ASIAI0B -> (ImportResultId: '02213dfd02387d84e8ee049afc32d3fa') in 0.0227235 seconds
[Worker0] Imported GUID: b9c3f97797bd9374cb2607614554fe54 - Path: Packages/com.unity.render-pipelines.universal/Shaders/2D/Include/NormalsRenderingShared.hlsl - Importer: ScriptedImporter/UnityEditor.QuickSearchModule:UnityEditor.Search:ASIAI0B -> (ImportResultId: 'eb620ae1fb492d8de3bc6e43ad192340') in 0.0227137 seconds
[Worker0] Imported GUID: fb9f2fe3baf0e8c46bf390df937e6187 - Path: Packages/com.unity.render-pipelines.universal/Runtime/RendererFeatures/ScreenSpaceReflectionRendererFeature/ScreenSpaceReflectionRendererFeature.cs - Importer: ScriptedImporter/UnityEditor.QuickSearchModule:UnityEditor.Search:ASIAI0B -> (ImportResultId: 'ea20fd047448f647f444d96932e37964') in 0.0226091 seconds
[Worker0] Imported GUID: d512512f4af60a442ab3458489412954 - Path: Packages/com.unity.render-pipelines.universal/Textures/BlueNoise16/L/LDR_LLL1_13.png - Importer: ScriptedImporter/UnityEditor.QuickSearchModule:UnityEditor.Search:ASIAI0B -> (ImportResultId: '22cca30158f12c287cee80fc0eaedc8e') in 0.0856339 seconds
[Worker0] Imported GUID: 179f794063d2a66478e6e726f84a65bc - Path: Packages/com.unity.render-pipelines.universal/Textures/BlueNoise16/L/LDR_LLL1_31.png - Importer: ScriptedImporter/UnityEditor.QuickSearchModule:UnityEditor.Search:ASIAI0B -> (ImportResultId: 'fb550f8a13ce344dc9cbdc3f7f5dea04') in 0.0279656 seconds
[Worker0] Imported GUID: d18a24d7b4ed50f4387993566d9d3ae2 - Path: Packages/com.unity.render-pipelines.universal/Textures/BlueNoise16/L/LDR_LLL1_26.png - Importer: ScriptedImporter/UnityEditor.QuickSearchModule:UnityEditor.Search:ASIAI0B -> (ImportResultId: '4c9ad9b633649ecf1339c7d3b649e26d') in 0.0262107 seconds
[Worker0] Imported GUID: 5ba968f279bea7d43b6009ea349dae70 - Path: Packages/com.unity.render-pipelines.universal/Tests/Editor/URPGlobalSettingsMigrationTests/URPMigrationTestBase.cs - Importer: ScriptedImporter/UnityEditor.QuickSearchModule:UnityEditor.Search:ASIAI0B -> (ImportResultId: 'eb1a3b3e9c64df9c43ae07fda327eeae') in 0.0223928 seconds
[Worker0] Imported GUID: 68e5bb6e60bebc046b26d3c3100a523b - Path: Packages/com.unity.render-pipelines.universal/Editor/2D/Resources/InspectorIcons/FreeformLight.png - Importer: ScriptedImporter/UnityEditor.QuickSearchModule:UnityEditor.Search:ASIAI0B -> (ImportResultId: '6197c547b7638c5d22ccf1385ff0d167') in 0.027131 seconds
[Worker0] Imported GUID: 4dcc0502f8586f941b5c4a66717205e8 - Path: Packages/com.unity.render-pipelines.universal/Textures/BlueNoise16/L/LDR_LLL1_15.png - Importer: ScriptedImporter/UnityEditor.QuickSearchModule:UnityEditor.Search:ASIAI0B -> (ImportResultId: 'd17eeb29386827e0566906cc0daabf97') in 0.0263146 seconds
[Worker0] Imported GUID: 5713bf64396f54c1a8f3bf0924c3454b - Path: Packages/com.unity.render-pipelines.universal/Editor/2D/PackageResources/ProfilerIcon/2D_Graphics@32.png - Importer: ScriptedImporter/UnityEditor.QuickSearchModule:UnityEditor.Search:ASIAI0B -> (ImportResultId: 'c960763836a69d82838a10d4f1d1db67') in 0.0375531 seconds
[Worker0] Imported GUID: c9bd74624d8070f429e3f46d161f9204 - Path: Packages/com.unity.render-pipelines.universal/Textures/BlueNoise16/L/LDR_LLL1_20.png - Importer: ScriptedImporter/UnityEditor.QuickSearchModule:UnityEditor.Search:ASIAI0B -> (ImportResultId: 'ca67dab96eaddd23c627f0f087f583ca') in 0.0279246 seconds
[Worker0] Imported GUID: d4044ea2490d63b43aa1765f8efbf8a9 - Path: Packages/com.unity.render-pipelines.universal/Textures/BlueNoise16/L/LDR_LLL1_19.png - Importer: ScriptedImporter/UnityEditor.QuickSearchModule:UnityEditor.Search:ASIAI0B -> (ImportResultId: 'b91f85ff43c32236836e6e9aa1eafba3') in 0.0261778 seconds
[Worker0] Imported GUID: ff47e5a0f105eb34883b973e51f4db62 - Path: Packages/com.unity.render-pipelines.universal/Textures/BlueNoise16/L/LDR_LLL1_28.png - Importer: ScriptedImporter/UnityEditor.QuickSearchModule:UnityEditor.Search:ASIAI0B -> (ImportResultId: '57133619c900fb8f3208b2cc280735a4') in 0.0266674 seconds
[Worker0] Imported GUID: ed5ea7ce59ca8ec4f9f14bf470a30f35 - Path: Packages/com.unity.render-pipelines.universal/Textures/BlueNoise16/L/LDR_LLL1_8.png - Importer: ScriptedImporter/UnityEditor.QuickSearchModule:UnityEditor.Search:ASIAI0B -> (ImportResultId: 'b9a0c9f20c17ed9273b8c825ab29019b') in 0.0262727 seconds
[Worker0] Imported GUID: e1feb27120f96ae4ea48e922cbfd93da - Path: Packages/com.unity.render-pipelines.universal/Editor/2D/Resources/SceneViewIcons/PointLight.png - Importer: ScriptedImporter/UnityEditor.QuickSearchModule:UnityEditor.Search:ASIAI0B -> (ImportResultId: '564abe75f72984b33d175e3a28b2dcf8') in 0.0292561 seconds
[Worker0] Imported GUID: 6b0d344e5378a074fa2d1ee56002c555 - Path: Packages/com.unity.render-pipelines.universal/Tests/Editor/URPGlobalSettingsMigrationTests/RenderingLayersMigrationTest.cs - Importer: ScriptedImporter/UnityEditor.QuickSearchModule:UnityEditor.Search:ASIAI0B -> (ImportResultId: '39a762681c1428b35d87c316f5d29594') in 0.0210056 seconds
[Worker0] Imported GUID: 8ce91386d93f64952b1f8b60832509c2 - Path: Packages/com.unity.render-pipelines.universal/Editor/2D/PackageResources/ProfilerIcon/2D_Graphics@64.png - Importer: ScriptedImporter/UnityEditor.QuickSearchModule:UnityEditor.Search:ASIAI0B -> (ImportResultId: '0c4234d4e8b7656fdbe0eb092ce7e7e5') in 0.0272791 seconds
[Worker0] Imported GUID: e7b20d8e594294f4380ea14212e1b042 - Path: Packages/com.unity.render-pipelines.universal/Tests/Editor/PostProcessDataTests/PostProcessData BloomPS Different.asset - Importer: ScriptedImporter/UnityEditor.QuickSearchModule:UnityEditor.Search:ASIAI0B -> (ImportResultId: 'c8334a6c2067677678b85a3bb793e1d9') in 0.0534197 seconds
[Worker0] Imported GUID: e3d24661c1e055f45a7560c033dbb837 - Path: Packages/com.unity.render-pipelines.universal/Textures/BlueNoise64/L/LDR_LLL1_0.png - Importer: ScriptedImporter/UnityEditor.QuickSearchModule:UnityEditor.Search:ASIAI0B -> (ImportResultId: 'b738f7194f00dec16214acfaafe9d98b') in 0.0261721 seconds
[Worker0] Imported GUID: bfed3e498947fcb4890b7f40f54d85b9 - Path: Packages/com.unity.render-pipelines.universal/Textures/BlueNoise16/L/LDR_LLL1_12.png - Importer: ScriptedImporter/UnityEditor.QuickSearchModule:UnityEditor.Search:ASIAI0B -> (ImportResultId: 'a9738d0c16df3deeac9a6dd94b2c9e20') in 0.0280918 seconds
[Worker0] Imported GUID: d36f0fe53425e08499a2333cf423634c - Path: Packages/com.unity.render-pipelines.universal/Textures/BlueNoise16/L/LDR_LLL1_18.png - Importer: ScriptedImporter/UnityEditor.QuickSearchModule:UnityEditor.Search:ASIAI0B -> (ImportResultId: 'c232c2b3f37f60b62dc85472432c4662') in 0.026752 seconds
[Worker0] Imported GUID: 10b6c6d22e73dea46a8ab36b6eebd629 - Path: Packages/com.unity.render-pipelines.universal/Textures/BlueNoise16/L/LDR_LLL1_23.png - Importer: ScriptedImporter/UnityEditor.QuickSearchModule:UnityEditor.Search:ASIAI0B -> (ImportResultId: '645f12f61fecf17f9f2ea989a3cbfc68') in 0.0281677 seconds
[Worker0] Imported GUID: 071e954febf155243a6c81e48f452644 - Path: Packages/com.unity.render-pipelines.universal/Textures/BlueNoise16/L/LDR_LLL1_9.png - Importer: ScriptedImporter/UnityEditor.QuickSearchModule:UnityEditor.Search:ASIAI0B -> (ImportResultId: '37db9a6cb2393a39e2405589dded4f6f') in 0.0277071 seconds
[Worker0] Imported GUID: d50c5e07c9911a74982bddf7f3075e7b - Path: Packages/com.unity.render-pipelines.universal/Textures/BlueNoise16/L/LDR_LLL1_1.png - Importer: ScriptedImporter/UnityEditor.QuickSearchModule:UnityEditor.Search:ASIAI0B -> (ImportResultId: 'fe2561f13f9c1658ade4726b63bf4773') in 0.0269932 seconds
[Worker0] Imported GUID: 7ce2118f74614a94aa8a0cdf2e6062c3 - Path: Packages/com.unity.render-pipelines.universal/Textures/BlueNoise16/L/LDR_LLL1_3.png - Importer: ScriptedImporter/UnityEditor.QuickSearchModule:UnityEditor.Search:ASIAI0B -> (ImportResultId: 'f8834a0749f4969add2c31bb960e1556') in 0.0259697 seconds
[Worker0] Imported GUID: c989e1ed85cf7154caa922fec53e6af6 - Path: Packages/com.unity.render-pipelines.universal/Textures/BlueNoise16/L/LDR_LLL1_27.png - Importer: ScriptedImporter/UnityEditor.QuickSearchModule:UnityEditor.Search:ASIAI0B -> (ImportResultId: 'c77132d8d8125cbf31b650db2988c987') in 0.0272168 seconds
[Worker0] Imported GUID: 7f923c32ff8dfab40b5673135ddb6cd4 - Path: Packages/com.unity.render-pipelines.universal/Editor/2D/Resources/SceneViewIcons/GlobalLight.png - Importer: ScriptedImporter/UnityEditor.QuickSearchModule:UnityEditor.Search:ASIAI0B -> (ImportResultId: '35b99225ae913e1af67aca882878b536') in 0.0263551 seconds
[Worker0] Imported GUID: fa042edbfc40fbd4bad0ab9d505b1223 - Path: Packages/com.unity.render-pipelines.universal/Textures/BlueNoise16/L/LDR_LLL1_29.png - Importer: ScriptedImporter/UnityEditor.QuickSearchModule:UnityEditor.Search:ASIAI0B -> (ImportResultId: '812bea8c3c5c1c9872a0798074c47cf8') in 0.0258778 seconds
[Worker0] Imported GUID: 6f61da5d47daa49bdbc8aa90992e7d93 - Path: Packages/com.unity.render-pipelines.universal/Editor/2D/PackageResources/ProfilerIcon/2D_Graphics@256.png - Importer: ScriptedImporter/UnityEditor.QuickSearchModule:UnityEditor.Search:ASIAI0B -> (ImportResultId: '5358ea12f3a81f987a140893b3f3a7d6') in 0.0278951 seconds
[Worker0] Imported GUID: 47a45908f6db0cb44a0d5e961143afec - Path: Packages/com.unity.render-pipelines.universal/Textures/BlueNoise16/L/LDR_LLL1_14.png - Importer: ScriptedImporter/UnityEditor.QuickSearchModule:UnityEditor.Search:ASIAI0B -> (ImportResultId: 'a7a42a71d6382531fe227a4a264cab9d') in 0.0263263 seconds
[Worker0] Imported GUID: c7148842f397b440b8244314e625264e - Path: Packages/com.unity.render-pipelines.universal/Editor/2D/PackageResources/ProfilerIcon/d_2D_Graphics@64.png - Importer: ScriptedImporter/UnityEditor.QuickSearchModule:UnityEditor.Search:ASIAI0B -> (ImportResultId: 'd375ad5c1ce527ec561b752330d6a53a') in 0.028904 seconds
[Worker0] Imported GUID: 6472bf1a81592fe41a53a321e920bf6f - Path: Packages/com.unity.render-pipelines.universal/Tests/Editor/PostProcessDataTests/PostProcessDataAnalyticsTests.cs - Importer: ScriptedImporter/UnityEditor.QuickSearchModule:UnityEditor.Search:ASIAI0B -> (ImportResultId: '3e6e19c13e30f33d795ee481df1f28da') in 0.0215572 seconds
[Worker0] Imported GUID: f69770e54f2823f43badf77916acad83 - Path: Packages/com.unity.render-pipelines.universal/Textures/BlueNoise16/L/LDR_LLL1_22.png - Importer: ScriptedImporter/UnityEditor.QuickSearchModule:UnityEditor.Search:ASIAI0B -> (ImportResultId: '0460c4f9d3e311264287096b4305c1ca') in 0.0256447 seconds
[Worker0] Imported GUID: 3d9f007ebf49681499e13ba8a66c386d - Path: Packages/com.unity.render-pipelines.universal/Tests/Editor/URPGlobalSettingsMigrationTests/ShaderStrippingSettingsMigrationTest.cs - Importer: ScriptedImporter/UnityEditor.QuickSearchModule:UnityEditor.Search:ASIAI0B -> (ImportResultId: '1cb01ac3a97c8b6bf1d05eeeec000f98') in 0.0214306 seconds
Worker ready: AssetImportWorkerHW1 1
[Worker0] Imported GUID: c94ad916058dff743b0f1c969ddbe660 - Path: Packages/com.unity.render-pipelines.universal/Textures/BlueNoise16/L/LDR_LLL1_7.png - Importer: ScriptedImporter/UnityEditor.QuickSearchModule:UnityEditor.Search:ASIAI0B -> (ImportResultId: 'ef2c8717207a06f49b1a227eb8d8740e') in 0.0282915 seconds
[Worker0] Imported GUID: a2ec5cbf5a9b64345ad3fab0912ddf7b - Path: Packages/com.unity.render-pipelines.universal/Textures/BlueNoise16/L/LDR_LLL1_24.png - Importer: ScriptedImporter/UnityEditor.QuickSearchModule:UnityEditor.Search:ASIAI0B -> (ImportResultId: '0383c50fdb69fed73e7fc8ec5d0b9fce') in 0.0258464 seconds
[Worker0] Imported GUID: d520d0c73c7a8405fbac8ce2dbe63541 - Path: Packages/com.unity.render-pipelines.universal/Editor/2D/PackageResources/ProfilerIcon/d_2D_Graphics.png - Importer: ScriptedImporter/UnityEditor.QuickSearchModule:UnityEditor.Search:ASIAI0B -> (ImportResultId: '146747b2cf912845c0897ce6903dd72e') in 0.0273241 seconds
[Worker0] Imported GUID: c89564426827c76479d8772adb43e6e4 - Path: Packages/com.unity.render-pipelines.universal/Editor/2D/Resources/SceneViewIcons/FreeformLight.png - Importer: ScriptedImporter/UnityEditor.QuickSearchModule:UnityEditor.Search:ASIAI0B -> (ImportResultId: '49219afdc7dd0dc5c0afd5fb61d0907a') in 0.0276936 seconds
[Worker0] Imported GUID: 1134690bf9216164dbc75050e35b7900 - Path: Packages/com.unity.render-pipelines.universal/Textures/BlueNoise16/L/LDR_LLL1_2.png - Importer: ScriptedImporter/UnityEditor.QuickSearchModule:UnityEditor.Search:ASIAI0B -> (ImportResultId: '4743134329f07056949875e6f285a4c0') in 0.0260408 seconds
[Worker0] Imported GUID: fc3fa8f108657e14486697c9a84ccfc5 - Path: Packages/com.unity.render-pipelines.universal/Textures/BlueNoise16/L/LDR_LLL1_11.png - Importer: ScriptedImporter/UnityEditor.QuickSearchModule:UnityEditor.Search:ASIAI0B -> (ImportResultId: '9855acae53c223cf46df05a3a4faa047') in 0.0258767 seconds
[Worker0] Imported GUID: 350a709cf1218764c94f752764b6ab69 - Path: Packages/com.unity.render-pipelines.universal/Tests/Editor/PostProcessDataTests/PostProcessData BloomPS Different 1.asset - Importer: ScriptedImporter/UnityEditor.QuickSearchModule:UnityEditor.Search:ASIAI0B -> (ImportResultId: 'f4381fd486f19931b48a204a00aebd91') in 0.0254921 seconds
[Worker0] Imported GUID: c9ac51d204bc24b118ec6bc5ab6c29c6 - Path: Packages/com.unity.render-pipelines.universal/Shaders/2D/Include/SpriteMaskShared.hlsl - Importer: ScriptedImporter/UnityEditor.QuickSearchModule:UnityEditor.Search:ASIAI0B -> (ImportResultId: '76a5f1fffe204c4d95a85a72e0546c8a') in 0.0207571 seconds
[Worker0] Imported GUID: 041043b0c9bae9247a85d328db006bf1 - Path: Packages/com.unity.render-pipelines.universal/Tests/Editor/URPGlobalSettingsMigrationTests/FilmGrainTexturesMigrationTest.cs - Importer: ScriptedImporter/UnityEditor.QuickSearchModule:UnityEditor.Search:ASIAI0B -> (ImportResultId: '20a34ea79262a0739b655561cca6f72f') in 0.0215013 seconds
[Worker0] Imported GUID: bc2a0e72bee5648db8f50b37d5699a3d - Path: Packages/com.unity.render-pipelines.universal/Editor/2D/PackageResources/ProfilerIcon/2D_Graphics@128.png - Importer: ScriptedImporter/UnityEditor.QuickSearchModule:UnityEditor.Search:ASIAI0B -> (ImportResultId: 'f775ee032ca5aa0986a38882f6f906e5') in 0.0266573 seconds
[Worker0] Imported GUID: 14381521ff11cb74abe3fe65401c23be - Path: Packages/com.unity.render-pipelines.universal/Textures/BlueNoise16/L/LDR_LLL1_17.png - Importer: ScriptedImporter/UnityEditor.QuickSearchModule:UnityEditor.Search:ASIAI0B -> (ImportResultId: 'c6d60424b7ac00810755a6711aa5d332') in 0.0263986 seconds
[Worker0] Imported GUID: ace59f7f124432f4f923bd3bfa93e0ad - Path: Packages/com.unity.render-pipelines.universal/Tests/Editor/PostProcessDataTests/2.shader - Importer: ScriptedImporter/UnityEditor.QuickSearchModule:UnityEditor.Search:ASIAI0B -> (ImportResultId: '0cc0822742886abd014499aeb14b1c0c') in 0.0263987 seconds
[Worker0] Imported GUID: a176945d0e562084691bce8e11084c6a - Path: Packages/com.unity.render-pipelines.universal/Tests/Editor/PostProcessDataTests/1.shader - Importer: ScriptedImporter/UnityEditor.QuickSearchModule:UnityEditor.Search:ASIAI0B -> (ImportResultId: '88b21b1d3bf66974e8d48ea53e00d0d7') in 0.0223932 seconds
[Worker0] Imported GUID: e957854850ccb7140a538f7a93f8761b - Path: Packages/com.unity.render-pipelines.universal/Editor/2D/Resources/InspectorIcons/ParametricLight.png - Importer: ScriptedImporter/UnityEditor.QuickSearchModule:UnityEditor.Search:ASIAI0B -> (ImportResultId: '5560a501cd700a7fb5e483b8ffd6075a') in 0.0284684 seconds
[Worker0] Imported GUID: 1c3c6d69a645b804fa232004b96b7ad3 - Path: Packages/com.unity.render-pipelines.universal/Textures/BlueNoise16/L/LDR_LLL1_25.png - Importer: ScriptedImporter/UnityEditor.QuickSearchModule:UnityEditor.Search:ASIAI0B -> (ImportResultId: '558d1f9813c90aab0c5d7fa4fe8c84ab') in 0.0274807 seconds
[Worker0] Imported GUID: 61631c3cacd694ef292c329dcb729bef - Path: Packages/com.unity.render-pipelines.universal/Editor/2D/PackageResources/ProfilerIcon/d_2D_Graphics@128.png - Importer: ScriptedImporter/UnityEditor.QuickSearchModule:UnityEditor.Search:ASIAI0B -> (ImportResultId: '14db181ded07354ca3e2e3af5679c4d6') in 0.0283284 seconds
Asset Pipeline Refresh (id=79b70c37292a6e74d93f3df5d2851ca8): Total: 0.003 seconds - Initiated by RefreshV2(AllowForceSynchronousImport)
[Worker0] Imported GUID: d5c9b274310e5524ebe32a4e4da3df1f - Path: Packages/com.unity.render-pipelines.universal/Textures/BlueNoise16/L/LDR_LLL1_21.png - Importer: ScriptedImporter/UnityEditor.QuickSearchModule:UnityEditor.Search:ASIAI0B -> (ImportResultId: 'dd19411905f1b78ae0953c1065c551fd') in 0.0289411 seconds
[Worker0] Imported GUID: 6eaa9958d83ec43499e946a21edba283 - Path: Packages/com.unity.render-pipelines.universal/Editor/2D/Resources/InspectorIcons/PointLight.png - Importer: ScriptedImporter/UnityEditor.QuickSearchModule:UnityEditor.Search:ASIAI0B -> (ImportResultId: '49718959508dca037bf235d194689d3d') in 0.0287418 seconds
[Worker0] Imported GUID: 7d24a5e6aa1594d2cb490a25938487a5 - Path: Packages/com.unity.render-pipelines.universal/Editor/2D/PackageResources/ProfilerIcon/d_2D_Graphics@256.png - Importer: ScriptedImporter/UnityEditor.QuickSearchModule:UnityEditor.Search:ASIAI0B -> (ImportResultId: '30b1ed2248593da69e9388759ef09712') in 0.0298583 seconds
[Worker0] Imported GUID: 896d9004736809c4fb5973b7c12eb8b9 - Path: Packages/com.unity.render-pipelines.universal/Textures/BlueNoise16/L/LDR_LLL1_30.png - Importer: ScriptedImporter/UnityEditor.QuickSearchModule:UnityEditor.Search:ASIAI0B -> (ImportResultId: '1e318da824a0135ddae1e1d03a9b8843') in 0.026664 seconds
[Worker0] Imported GUID: 302e68dd45b9b2d4194ff0f7f454436f - Path: Packages/com.unity.render-pipelines.universal/Editor/2D/Resources/SceneViewIcons/ParametricLight.png - Importer: ScriptedImporter/UnityEditor.QuickSearchModule:UnityEditor.Search:ASIAI0B -> (ImportResultId: '8fc21c0da46bd2ae4cd240a6d31283b3') in 0.0268232 seconds
[Worker0] Imported GUID: 9d92991794bb5864c8085468b97aa067 - Path: Packages/com.unity.render-pipelines.universal/Textures/BlueNoise16/L/LDR_LLL1_16.png - Importer: ScriptedImporter/UnityEditor.QuickSearchModule:UnityEditor.Search:ASIAI0B -> (ImportResultId: 'b343176594a8f08c009dda9b08a21387') in 0.0267798 seconds
[Worker0] Imported GUID: 2861459260b14a2481f8f8e7f6637d8f - Path: Packages/com.unity.render-pipelines.universal/Shaders/2D/Include/SurfaceData2D.hlsl - Importer: ScriptedImporter/UnityEditor.QuickSearchModule:UnityEditor.Search:ASIAI0B -> (ImportResultId: '0ae9b7e2fa8186579cd81874e2e2ff43') in 0.0220221 seconds
[Worker0] Imported GUID: 39451254daebd6d40b52899c1f1c0c1b - Path: Packages/com.unity.render-pipelines.universal/Textures/BlueNoise16/L/LDR_LLL1_6.png - Importer: ScriptedImporter/UnityEditor.QuickSearchModule:UnityEditor.Search:ASIAI0B -> (ImportResultId: '8343f706f670393cae95f848f6b521bf') in 0.0260456 seconds
[Worker0] Imported GUID: 81200413a40918d4d8702e94db29911c - Path: Packages/com.unity.render-pipelines.universal/Textures/BlueNoise16/L/LDR_LLL1_0.png - Importer: ScriptedImporter/UnityEditor.QuickSearchModule:UnityEditor.Search:ASIAI0B -> (ImportResultId: '5bc5e2e74a9f60d75c92d1a9f35c87b7') in 0.0269141 seconds
[Worker0] Imported GUID: 8839c54710da3374f994e12f39b6d65f - Path: Packages/com.unity.render-pipelines.universal/Editor/2D/Resources/InspectorIcons/SpriteLight.png - Importer: ScriptedImporter/UnityEditor.QuickSearchModule:UnityEditor.Search:ASIAI0B -> (ImportResultId: 'ece5354577a38354d307770102d41820') in 0.0286025 seconds
[Worker0] Imported GUID: 5c293b913d2404a959cc5a69e0b04c95 - Path: Packages/com.unity.render-pipelines.universal/Editor/2D/PackageResources/ProfilerIcon/d_2D_Graphics@32.png - Importer: ScriptedImporter/UnityEditor.QuickSearchModule:UnityEditor.Search:ASIAI0B -> (ImportResultId: '41f98885b1dd6e953d47e031b64f7b4c') in 0.0278209 seconds
[Worker0] Imported GUID: f2b86942c8e1d49a4ae3172875621242 - Path: Packages/com.unity.render-pipelines.universal/Editor/2D/PackageResources/ProfilerIcon/2D_Graphics.png - Importer: ScriptedImporter/UnityEditor.QuickSearchModule:UnityEditor.Search:ASIAI0B -> (ImportResultId: '9787576fb64978320dfa65c53365b8dd') in 0.027586 seconds
[Worker0] Imported GUID: 8f5dd14b314efbe4684329d8a14bbe38 - Path: Packages/com.unity.render-pipelines.universal/Editor/2D/Resources/InspectorIcons/GlobalLight.png - Importer: ScriptedImporter/UnityEditor.QuickSearchModule:UnityEditor.Search:ASIAI0B -> (ImportResultId: '589ce63ca16dc09964126a1d944cd309') in 0.0263883 seconds
[Worker0] Imported GUID: e63eef8f54aa9dc4da9a5ac094b503b5 - Path: Packages/com.unity.render-pipelines.universal/Textures/BlueNoise16/L/LDR_LLL1_5.png - Importer: ScriptedImporter/UnityEditor.QuickSearchModule:UnityEditor.Search:ASIAI0B -> (ImportResultId: '603b224b6da4669875c9c236676c0465') in 0.0262741 seconds
[Worker0] Imported GUID: 2ca97df9d1801e84a8a8f2c53cb744f0 - Path: Packages/com.unity.render-pipelines.universal/Textures/BlueNoise16/L/LDR_LLL1_4.png - Importer: ScriptedImporter/UnityEditor.QuickSearchModule:UnityEditor.Search:ASIAI0B -> (ImportResultId: '62d2cb717b8f5e17a987aa7353f29e1f') in 0.0277414 seconds
[Worker0] Imported GUID: 96aaab9cc247d0b4c98132159688c1af - Path: Packages/com.unity.render-pipelines.universal/Textures/BlueNoise16/L/LDR_LLL1_10.png - Importer: ScriptedImporter/UnityEditor.QuickSearchModule:UnityEditor.Search:ASIAI0B -> (ImportResultId: '6e75af3e4c0e695d96b89adaed1b8258') in 0.0275784 seconds
[Worker0] Imported GUID: a97f3c61d12c481b90f25508f7556f2f - Path: Packages/com.unity.render-pipelines.universal/Tests/Editor/URPGlobalSettingsMigrationTests/DefaultVolumeProfileMigrationTest.cs - Importer: ScriptedImporter/UnityEditor.QuickSearchModule:UnityEditor.Search:ASIAI0B -> (ImportResultId: '94b9d6efc4710db0bad9ad4f17e77a90') in 0.0218298 seconds
[Worker0] Imported GUID: 523042f52a938dd469d367936b00da21 - Path: Packages/com.unity.render-pipelines.universal/Editor/2D/ShaderGraph/Includes/MeshNormalPass.hlsl - Importer: ScriptedImporter/UnityEditor.QuickSearchModule:UnityEditor.Search:ASIAI0B -> (ImportResultId: '9c336606de62494d1774ed3865df9718') in 0.0223613 seconds
[Worker0] Imported GUID: 39ce338156d9f6b40b4702eb2d26d40d - Path: Packages/com.unity.render-pipelines.universal/Editor/2D/ShaderGraph/Includes/SpriteNormalPass.hlsl - Importer: ScriptedImporter/UnityEditor.QuickSearchModule:UnityEditor.Search:ASIAI0B -> (ImportResultId: '2b6e356c63611bf7467249691312a4d1') in 0.0215842 seconds
[Worker0] Imported GUID: bce3f62f3aca0994599f5113432c9136 - Path: Packages/com.unity.render-pipelines.universal/Editor/2D/ShaderGraph/Includes/MeshUnlitPass.hlsl - Importer: ScriptedImporter/UnityEditor.QuickSearchModule:UnityEditor.Search:ASIAI0B -> (ImportResultId: '5602dee2384d7c6b3383bc25ea67d7d6') in 0.0210247 seconds
[Worker0] Imported GUID: aca2b17be79ab654989699ca3d36b741 - Path: Packages/com.unity.render-pipelines.universal/Runtime/2D/Shadows/Shadow Provider Utility/EdgeDictionary.cs - Importer: ScriptedImporter/UnityEditor.QuickSearchModule:UnityEditor.Search:ASIAI0B -> (ImportResultId: 'e992465c2bf53af65ecf77acbaba8dc6') in 0.0220177 seconds
[Worker0] Imported GUID: ed7c0aacec26e9646b45c96fb318e5a3 - Path: Packages/com.unity.render-pipelines.universal/Editor/2D/ShaderGraph/Targets/UniversalSpriteUnlitSubTarget.cs - Importer: ScriptedImporter/UnityEditor.QuickSearchModule:UnityEditor.Search:ASIAI0B -> (ImportResultId: '1f39356d23c592d4940b1d8c6386fd95') in 0.0219529 seconds
[Worker0] Imported GUID: 6400081753199864e8880210a0c8ce24 - Path: Packages/com.unity.render-pipelines.universal/Editor/VFXGraph/Shaders/Templates/VFXParticleBasicCube.template - Importer: ScriptedImporter/UnityEditor.QuickSearchModule:UnityEditor.Search:ASIAI0B -> (ImportResultId: 'ee3ce4474c4a516c8ec8ad281efdff21') in 0.0215367 seconds
Worker ready: AssetImportWorkerHW2 2
[Worker0] Imported GUID: b55998dc844885c4395f481843fecc19 - Path: Packages/com.unity.render-pipelines.universal/Editor/2D/ShaderGraph/Includes/RenderingLayerMaskPass.hlsl - Importer: ScriptedImporter/UnityEditor.QuickSearchModule:UnityEditor.Search:ASIAI0B -> (ImportResultId: '809d603197cf09340418842849801afa') in 0.0250135 seconds
[Worker0] Imported GUID: c67e061ed96500e4ba8ddeabc5f46958 - Path: Packages/com.unity.render-pipelines.universal/Runtime/2D/Passes/Utility/LightBatch.cs - Importer: ScriptedImporter/UnityEditor.QuickSearchModule:UnityEditor.Search:ASIAI0B -> (ImportResultId: 'cce9dfb1827157b189e23d64f8650291') in 0.0218582 seconds
[Worker0] Imported GUID: dc7283e53c0339a40adca7609d7985d7 - Path: Packages/com.unity.render-pipelines.universal/Editor/2D/ShaderGraph/AssetCallbacks/CreateSpriteLitShaderGraph.cs - Importer: ScriptedImporter/UnityEditor.QuickSearchModule:UnityEditor.Search:ASIAI0B -> (ImportResultId: '37e3c541ea75914780d2411c53ed4a7a') in 0.0222505 seconds
[Worker0] Imported GUID: 00c6893353953174b8f91323c2104421 - Path: Packages/com.unity.render-pipelines.universal/Editor/Tools/Converters/AnimationClipConverter/AnimationClipUpgrader.cs - Importer: ScriptedImporter/UnityEditor.QuickSearchModule:UnityEditor.Search:ASIAI0B -> (ImportResultId: 'ad5714919c1739905d4b7a0de0349b4c') in 0.022205 seconds
[Worker0] Imported GUID: bc45f85c523f60641ac5ecf5c30dae29 - Path: Packages/com.unity.render-pipelines.universal/Editor/2D/ShaderGraph/Targets/SpriteSubTargetUtility.cs - Importer: ScriptedImporter/UnityEditor.QuickSearchModule:UnityEditor.Search:ASIAI0B -> (ImportResultId: '004a26d9c86a0288183c8e13237bc23a') in 0.021013 seconds
[Worker0] Imported GUID: 54019ac30a4ca724eac51bad54f48aac - Path: Packages/com.unity.render-pipelines.universal/Editor/Tools/Converters/PPv2/PPv2Converter.cs - Importer: ScriptedImporter/UnityEditor.QuickSearchModule:UnityEditor.Search:ASIAI0B -> (ImportResultId: 'ca9b6062a11e9616a94ae1c8428bbc6c') in 0.0219888 seconds
[Worker0] Imported GUID: c6ab9c7256c4d6c41afda3ecc2eabe48 - Path: Packages/com.unity.render-pipelines.universal/Editor/Tools/Converters/AnimationClipConverter/AnimationClipUpgrader_Types.cs - Importer: ScriptedImporter/UnityEditor.QuickSearchModule:UnityEditor.Search:ASIAI0B -> (ImportResultId: '65791821887887c1c788a28d707a9382') in 0.0213524 seconds
[Worker0] Imported GUID: 78121747aa974234f94f7fda667dbbe1 - Path: Packages/com.unity.render-pipelines.universal/Editor/ShaderGraph/Includes/Terrain/DepthNormalsOnlyPass.hlsl - Importer: ScriptedImporter/UnityEditor.QuickSearchModule:UnityEditor.Search:ASIAI0B -> (ImportResultId: 'd65bf4e91e1bded93a8cf1ff4189a7a5') in 0.0221305 seconds
[Worker0] Imported GUID: 25a0ebb4827f3cc47a1af2c79005f65b - Path: Packages/com.unity.render-pipelines.universal/Editor/ShaderGraph/GraphTemplates/2D/1_2D Sprite Unlit.shadergraph - Importer: ScriptedImporter/UnityEditor.QuickSearchModule:UnityEditor.Search:ASIAI0B -> (ImportResultId: '74d5a1c1aa1733d1824f76ef31952482') in 0.0626403 seconds
[Worker0] Imported GUID: a8438a1564134e1fbb2669e697bee11f - Path: Packages/com.unity.render-pipelines.universal/Editor/2D/ShaderGraph/AssetCallbacks/CreateSpriteCustomLitShaderGraph.cs - Importer: ScriptedImporter/UnityEditor.QuickSearchModule:UnityEditor.Search:ASIAI0B -> (ImportResultId: '6f579d6c8e1ff631a97bb638c4f587b0') in 0.0217657 seconds
[Worker0] Imported GUID: e9aa28223a914899adffca20c1ff4226 - Path: Packages/com.unity.render-pipelines.universal/Editor/2D/ShaderGraph/Nodes/LightTextureNode.cs - Importer: ScriptedImporter/UnityEditor.QuickSearchModule:UnityEditor.Search:ASIAI0B -> (ImportResultId: '06d52af7991fd5827d49a212682c894e') in 0.0227421 seconds
[Worker0] Imported GUID: 7978073cb0cd25f4f8e29b37e3f55d2a - Path: Packages/com.unity.render-pipelines.universal/Runtime/2D/Passes/Utility/RendererLighting.cs - Importer: ScriptedImporter/UnityEditor.QuickSearchModule:UnityEditor.Search:ASIAI0B -> (ImportResultId: '280cfdc54befb43a63cbcd78d32f08e7') in 0.0226886 seconds
[Worker0] Imported GUID: 3ce18356597793947bd0f671f7363559 - Path: Packages/com.unity.render-pipelines.universal/Editor/2D/ShaderGraph/Includes/SpriteLitPass.hlsl - Importer: ScriptedImporter/UnityEditor.QuickSearchModule:UnityEditor.Search:ASIAI0B -> (ImportResultId: '97aa0b8cff9209580841dd3d01fb46b1') in 0.0255278 seconds
[Worker0] Imported GUID: 1c9e0e166435ac24eacc5a8f047aff75 - Path: Packages/com.unity.render-pipelines.universal/Editor/VFXGraph/Shaders/Templates/VFXParticleLinesHW.template - Importer: ScriptedImporter/UnityEditor.QuickSearchModule:UnityEditor.Search:ASIAI0B -> (ImportResultId: '8c18593ebcd5813952d9ad6ba6b34bef') in 0.0221321 seconds
[Worker0] Imported GUID: e428475e2bdb81f499cdbe3c59953975 - Path: Packages/com.unity.render-pipelines.universal/Runtime/2D/Shadows/Providers/ShadowShapeProvider2D_Utility.cs - Importer: ScriptedImporter/UnityEditor.QuickSearchModule:UnityEditor.Search:ASIAI0B -> (ImportResultId: '2df301276609d861754e242a105670e7') in 0.0235705 seconds
[Worker0] Imported GUID: 677f238dc37937045b856e9468e21666 - Path: Packages/com.unity.render-pipelines.universal/Editor/VFXGraph/Shaders/Templates/VFXParticlePoints.template - Importer: ScriptedImporter/UnityEditor.QuickSearchModule:UnityEditor.Search:ASIAI0B -> (ImportResultId: '6c7c27980b7575fff37813700fe4fa91') in 0.0216409 seconds
[Worker0] Imported GUID: fed3c64eff8b51649bfa3da654d69182 - Path: Packages/com.unity.render-pipelines.universal/Runtime/2D/Passes/Utility/Light2DLookupTexture.cs - Importer: ScriptedImporter/UnityEditor.QuickSearchModule:UnityEditor.Search:ASIAI0B -> (ImportResultId: 'bb5d484fc4f5b8912cb1a87628919b81') in 0.0210659 seconds
[Worker0] Imported GUID: b8fd50c1927bb714b8fe5141cb40f34a - Path: Packages/com.unity.render-pipelines.universal/Editor/VFXGraph/Shaders/Templates/VFXParticleDecal.template - Importer: ScriptedImporter/UnityEditor.QuickSearchModule:UnityEditor.Search:ASIAI0B -> (ImportResultId: '9954861c6410b67fb7375fe209a4e666') in 0.0213836 seconds
[Worker0] Imported GUID: ea1514729d7120344b27dcd67fbf34de - Path: Packages/com.unity.render-pipelines.universal/Editor/2D/ShaderGraph/Targets/UniversalSpriteLitSubTarget.cs - Importer: ScriptedImporter/UnityEditor.QuickSearchModule:UnityEditor.Search:ASIAI0B -> (ImportResultId: '6c53e225aa4899892401eafff851876d') in 0.0216416 seconds
[Worker0] Imported GUID: 713d6952dfc661f44b856f1bfc9a4880 - Path: Packages/com.unity.render-pipelines.universal/Editor/ShaderGraph/Includes/Terrain/PBRForwardPass.hlsl - Importer: ScriptedImporter/UnityEditor.QuickSearchModule:UnityEditor.Search:ASIAI0B -> (ImportResultId: '8123f182556a3bfa695b28858c9b604c') in 0.0213413 seconds
[Worker0] Imported GUID: 27e716c92bd24f94a8eb7f5d18240b6d - Path: Packages/com.unity.render-pipelines.universal/Runtime/2D/Shadows/Shadow Provider Utility/ShadowEdge.cs - Importer: ScriptedImporter/UnityEditor.QuickSearchModule:UnityEditor.Search:ASIAI0B -> (ImportResultId: '1c3c05fc5605978f4c74b6584acddc85') in 0.0212302 seconds
[Worker0] Imported GUID: 494ba6900e1d9f34da743bb68ff82ddb - Path: Packages/com.unity.render-pipelines.universal/Editor/ShaderGraph/GraphTemplates/2D/2DSpriteLitTemplateThumbnail.png - Importer: ScriptedImporter/UnityEditor.QuickSearchModule:UnityEditor.Search:ASIAI0B -> (ImportResultId: '6ac047ff75b68aabd059b75ad4b7192d') in 0.0276449 seconds
[Worker0] Imported GUID: c7a8c3a8c44540639fe72b8ba1c8d176 - Path: Packages/com.unity.render-pipelines.universal/Editor/VFXGraph/Shaders/Templates/VFXParticleURPDecal.template - Importer: ScriptedImporter/UnityEditor.QuickSearchModule:UnityEditor.Search:ASIAI0B -> (ImportResultId: 'cda3e4e7e6c1c932ac34a23d90674b2e') in 0.0219334 seconds
[Worker0] Imported GUID: 8813ce52b5a413e40b14da5290946105 - Path: Packages/com.unity.render-pipelines.universal/Editor/2D/ShaderGraph/Targets/Universal2DSubTargetDescriptors.cs - Importer: ScriptedImporter/UnityEditor.QuickSearchModule:UnityEditor.Search:ASIAI0B -> (ImportResultId: 'd5230b433d29b720d643e74e8c60a5d0') in 0.0226365 seconds
[Worker0] Imported GUID: cb2be5655921e3c4c8c8bd8d647227d4 - Path: Packages/com.unity.render-pipelines.universal/Runtime/2D/Shadows/Providers/ShadowShape2DProvider.cs - Importer: ScriptedImporter/UnityEditor.QuickSearchModule:UnityEditor.Search:ASIAI0B -> (ImportResultId: 'e00407aa3f91ef11ee33576397d7a9db') in 0.0223299 seconds
[Worker0] Imported GUID: 7edabebf429ea534a8a5bbdf10b327d1 - Path: Packages/com.unity.render-pipelines.universal/Editor/VFXGraph/Shaders/Templates/VFXParticleLitMesh.template - Importer: ScriptedImporter/UnityEditor.QuickSearchModule:UnityEditor.Search:ASIAI0B -> (ImportResultId: '6100778d76d13eba058816b811aad379') in 0.0214332 seconds
[Worker0] Imported GUID: 1f1277c79080f894d826683283a48ecf - Path: Packages/com.unity.render-pipelines.universal/Editor/Tools/Converters/AnimationClipConverter/AnimationClipConverter.cs - Importer: ScriptedImporter/UnityEditor.QuickSearchModule:UnityEditor.Search:ASIAI0B -> (ImportResultId: '6256405ef3f9bb45deeeac4682a5aa48') in 0.021869 seconds
[Worker0] Imported GUID: 1bbf55e7974743d8babdda480740a760 - Path: Packages/com.unity.render-pipelines.universal/Editor/2D/ShaderGraph/Targets/UniversalSpriteCustomLitSubTarget.cs - Importer: ScriptedImporter/UnityEditor.QuickSearchModule:UnityEditor.Search:ASIAI0B -> (ImportResultId: 'dd1b0f1656573b8a855b41e16e06f4a7') in 0.0209207 seconds
[Worker0] Imported GUID: b1d9d11b6a33b4b4e83c36bd926bbb77 - Path: Packages/com.unity.render-pipelines.universal/Editor/2D/ShaderGraph/AssetCallbacks/CreateSpriteUnlitShaderGraph.cs - Importer: ScriptedImporter/UnityEditor.QuickSearchModule:UnityEditor.Search:ASIAI0B -> (ImportResultId: '654b9f348d5897bb6c5394c11375a697') in 0.0217177 seconds
[Worker0] Imported GUID: b4742283930118c448f26ae5f6d6b52b - Path: Packages/com.unity.render-pipelines.universal/Runtime/2D/Shadows/Providers/ShadowShape2DProvider_SpriteSkin.cs - Importer: ScriptedImporter/UnityEditor.QuickSearchModule:UnityEditor.Search:ASIAI0B -> (ImportResultId: 'b892f4dc5fda14b35f0f25d6dbc134ff') in 0.0211847 seconds
[Worker0] Imported GUID: 16b454c8be4c1854fab1aa702812af16 - Path: Packages/com.unity.render-pipelines.universal/Editor/VFXGraph/Shaders/Templates/VFXParticleCube.template - Importer: ScriptedImporter/UnityEditor.QuickSearchModule:UnityEditor.Search:ASIAI0B -> (ImportResultId: 'd6c1dfbd8f8df486fcc455cc78a57073') in 0.0213914 seconds
[Worker0] Imported GUID: 69df087108d629047b6c21623fd66b25 - Path: Packages/com.unity.render-pipelines.universal/Editor/Tools/Converters/AnimationClipConverter/EditorCurveBindingUtils.cs - Importer: ScriptedImporter/UnityEditor.QuickSearchModule:UnityEditor.Search:ASIAI0B -> (ImportResultId: 'aa9c84f5e17ffe51ac4814b695bdb2c3') in 0.0209913 seconds
[Worker0] Imported GUID: b52dc03557c43a54dba259bd9f78a779 - Path: Packages/com.unity.render-pipelines.universal/Editor/2D/ShaderGraph/Nodes/SpriteSkinningNode.cs - Importer: ScriptedImporter/UnityEditor.QuickSearchModule:UnityEditor.Search:ASIAI0B -> (ImportResultId: '722526f8640ee3cd2ce5aa4bc0082cce') in 0.0212039 seconds
[Worker0] Imported GUID: a2edf664af334144a8ad0aed989753d3 - Path: Packages/com.unity.render-pipelines.universal/Runtime/2D/Passes/Utility/LayerDebug.cs - Importer: ScriptedImporter/UnityEditor.QuickSearchModule:UnityEditor.Search:ASIAI0B -> (ImportResultId: '439076c7acaa5b66542b40e8a08f918c') in 0.0210274 seconds
[Worker0] Imported GUID: 837cbe89c0a94e149f5b494ae9c69a51 - Path: Packages/com.unity.render-pipelines.universal/Runtime/2D/Passes/Utility/LayerUtility.cs - Importer: ScriptedImporter/UnityEditor.QuickSearchModule:UnityEditor.Search:ASIAI0B -> (ImportResultId: 'fa4b61951c92c585a2981217f958e41c') in 0.0212939 seconds
[Worker0] Imported GUID: bde135b320597544b9ac325092409f8b - Path: Packages/com.unity.render-pipelines.universal/Editor/ShaderGraph/GraphTemplates/2D/0_2D Sprite Lit.shadergraph - Importer: ScriptedImporter/UnityEditor.QuickSearchModule:UnityEditor.Search:ASIAI0B -> (ImportResultId: 'ba1808beb1d83eda7f3d83c6de9bb7ff') in 0.028236 seconds
[Worker0] Imported GUID: 25ee3a4bc58576c42aa35f5e3b411125 - Path: Packages/com.unity.render-pipelines.universal/Runtime/2D/Shadows/Providers/ShadowShape2DProvider_Collider.cs - Importer: ScriptedImporter/UnityEditor.QuickSearchModule:UnityEditor.Search:ASIAI0B -> (ImportResultId: '9a8ca525d135787136337bed0d33e88c') in 0.0219669 seconds
[Worker0] Imported GUID: 3a737aafdc720423fac5e90590a0f05f - Path: Packages/com.unity.render-pipelines.universal/Editor/ShaderGraph/Includes/Terrain/TerrainVert.hlsl - Importer: ScriptedImporter/UnityEditor.QuickSearchModule:UnityEditor.Search:ASIAI0B -> (ImportResultId: '0b97c41ac1c1f0d3ff7d4d7d67373ad3') in 0.0211331 seconds
[Worker0] Imported GUID: 881ec97c8823ab046b7d532464c636f3 - Path: Packages/com.unity.render-pipelines.universal/Runtime/2D/Shadows/Providers/ShadowShape2DProvider_SpriteRenderer.cs - Importer: ScriptedImporter/UnityEditor.QuickSearchModule:UnityEditor.Search:ASIAI0B -> (ImportResultId: '5324ca81b17ab65d8118ade0f955b238') in 0.0211091 seconds
[Worker0] Imported GUID: 172e304acf14e434e967133e7ee67273 - Path: Packages/com.unity.render-pipelines.universal/Editor/2D/ShaderGraph/Includes/SpriteUnlitPass.hlsl - Importer: ScriptedImporter/UnityEditor.QuickSearchModule:UnityEditor.Search:ASIAI0B -> (ImportResultId: '38b9cab168aec233cd010d1d0baec4cb') in 0.0213828 seconds
[Worker0] Imported GUID: 70d16a5f04690d74ab9b1ddcbefd47bb - Path: Packages/com.unity.render-pipelines.universal/Editor/2D/Resources/SceneViewIcons/SpriteLight.png - Importer: ScriptedImporter/UnityEditor.QuickSearchModule:UnityEditor.Search:ASIAI0B -> (ImportResultId: '15e1ce0afc0ef1628c9300444e3fed23') in 0.0283564 seconds
[Worker0] Imported GUID: bf2c8e09bda2786468d6b49e9f5422bb - Path: Packages/com.unity.render-pipelines.universal/Editor/VFXGraph/Shaders/Templates/VFXParticlePlanarPrimitive.template - Importer: ScriptedImporter/UnityEditor.QuickSearchModule:UnityEditor.Search:ASIAI0B -> (ImportResultId: '264b7dbaa84abe6032ef2534b86a3b19') in 0.0215932 seconds
[Worker0] Imported GUID: 571ac9b288ab81e4c9c3aad150d6cb3e - Path: Packages/com.unity.render-pipelines.universal/Editor/VFXGraph/Shaders/Templates/VFXParticleLitPlanarPrimitive.template - Importer: ScriptedImporter/UnityEditor.QuickSearchModule:UnityEditor.Search:ASIAI0B -> (ImportResultId: '4cf7511128e651ea4b752e820ec0aa5e') in 0.0218885 seconds
[Worker0] Imported GUID: bfad0aba0faa90547b68abd10bb6be86 - Path: Packages/com.unity.render-pipelines.universal/Editor/ShaderGraph/GraphTemplates/2D/2_2D Sprite Custom Lit.shadergraph - Importer: ScriptedImporter/UnityEditor.QuickSearchModule:UnityEditor.Search:ASIAI0B -> (ImportResultId: '7e40135d3c1c324174815f9a85832f73') in 0.0277318 seconds
[Worker0] Imported GUID: fbffb490ff4824544a472e97ee0a6679 - Path: Packages/com.unity.render-pipelines.universal/Runtime/2D/Lights/Providers/Light2DProvider.cs - Importer: ScriptedImporter/UnityEditor.QuickSearchModule:UnityEditor.Search:ASIAI0B -> (ImportResultId: '652414bd27a93c24408b76632d87d3fc') in 0.0216796 seconds
[Worker0] Imported GUID: 19a7eabf161c29846b42f73a2965d39b - Path: Packages/com.unity.render-pipelines.universal/Editor/2D/ShaderGraph/Includes/Mesh2DLitPass.hlsl - Importer: ScriptedImporter/UnityEditor.QuickSearchModule:UnityEditor.Search:ASIAI0B -> (ImportResultId: 'fa3a562b489c82c69ab0dca4a91d1e76') in 0.0211415 seconds
[Worker0] Imported GUID: 89952a5e365cbf54699031f6ee002f48 - Path: Packages/com.unity.render-pipelines.universal/Editor/Tools/Converters/PPv2/PPv2ConversionIndexers.cs - Importer: ScriptedImporter/UnityEditor.QuickSearchModule:UnityEditor.Search:ASIAI0B -> (ImportResultId: '09b6719c1809a87cefd90f6274ea5f62') in 0.0207679 seconds
[Worker0] Imported GUID: 49ad1c60b87587d439cb3bf92a9867d6 - Path: Packages/com.unity.render-pipelines.universal/Runtime/2D/Shadows/Shadow Provider Utility/IEdgeStore.cs - Importer: ScriptedImporter/UnityEditor.QuickSearchModule:UnityEditor.Search:ASIAI0B -> (ImportResultId: '65daedf6690cf86c41e3a19bb1452864') in 0.0211188 seconds
[Worker0] Imported GUID: a1be7992c1f7b0947bc2f9b045098f9e - Path: Packages/com.unity.render-pipelines.universal/Editor/ShaderGraph/GraphTemplates/2D/2DSpriteUnlitTemplateThumbnail.png - Importer: ScriptedImporter/UnityEditor.QuickSearchModule:UnityEditor.Search:ASIAI0B -> (ImportResultId: '41047c73ef8fee65432fd6de3dfc8fc9') in 0.0281689 seconds
[Worker0] Imported GUID: 6970aba7f3c314f4fa5d5b93188b6de3 - Path: Packages/com.unity.render-pipelines.universal/Editor/ShaderGraph/Includes/Terrain/PBRGBufferPass.hlsl - Importer: ScriptedImporter/UnityEditor.QuickSearchModule:UnityEditor.Search:ASIAI0B -> (ImportResultId: '69c8f94e28a4053e887f925b0e89bcde') in 0.0206101 seconds
[Worker0] Imported GUID: 387b120d24fbd4f4294bd52bb2104930 - Path: Packages/com.unity.render-pipelines.universal/Runtime/2D/Shadows/Providers/ShadowShape2DProvider_SpriteShape.cs - Importer: ScriptedImporter/UnityEditor.QuickSearchModule:UnityEditor.Search:ASIAI0B -> (ImportResultId: '15d5ad8fdf1fb2346c8400b0a0f86a98') in 0.02221 seconds
[Worker0] Imported GUID: a58595a2272db1745b731ea6eadf98f7 - Path: Packages/com.unity.render-pipelines.universal/Editor/Tools/Converters/AnimationClipConverter/AnimationClipUpgradePathsCache.cs - Importer: ScriptedImporter/UnityEditor.QuickSearchModule:UnityEditor.Search:ASIAI0B -> (ImportResultId: '301fa799df73704770f614ee34284b25') in 0.0218679 seconds
[Worker0] Imported GUID: 349d67d896d33a54181e800b229b65ec - Path: Packages/com.unity.render-pipelines.universal/Editor/VFXGraph/Shaders/Templates/VFXParticleLinesSW.template - Importer: ScriptedImporter/UnityEditor.QuickSearchModule:UnityEditor.Search:ASIAI0B -> (ImportResultId: '920e190e327ce286f198f715960c259a') in 0.0223454 seconds
[Worker0] Imported GUID: de06e51a002915c43a237aa558ee66e7 - Path: Packages/com.unity.render-pipelines.universal/Editor/2D/ShaderGraph/Targets/UniversalMeshUnlitInfo.cs - Importer: ScriptedImporter/UnityEditor.QuickSearchModule:UnityEditor.Search:ASIAI0B -> (ImportResultId: '816c6f97e48dad6a0cdc0c959aa88ed5') in 0.0230238 seconds
[Worker0] Imported GUID: e1c9418ea80ea1f438a3b984293b811c - Path: Packages/com.unity.render-pipelines.universal/Editor/VFXGraph/Shaders/Templates/VFXParticleMeshes.template - Importer: ScriptedImporter/UnityEditor.QuickSearchModule:UnityEditor.Search:ASIAI0B -> (ImportResultId: '37be086ab0e29e40a74e2df61eb0c319') in 0.0219978 seconds
[Worker0] Imported GUID: 5e151e0faedc4a8ea681032f3bd79061 - Path: Packages/com.unity.render-pipelines.universal/Editor/VFXGraph/Shaders/Templates/VFXPassDepthCommonFragmentLit.template - Importer: ScriptedImporter/UnityEditor.QuickSearchModule:UnityEditor.Search:ASIAI0B -> (ImportResultId: '27b787fb12e35c51a637010bf9266dc6') in 0.0228747 seconds
[Worker0] Imported GUID: 1d05733e1c6394a479c53e1428a543dd - Path: Packages/com.unity.render-pipelines.universal/Editor/2D/ShaderGraph/Targets/UniversalMeshLitInfo.cs - Importer: ScriptedImporter/UnityEditor.QuickSearchModule:UnityEditor.Search:ASIAI0B -> (ImportResultId: 'afe02c5b42814076f4e8527512354f62') in 0.0228973 seconds
[Worker0] Imported GUID: 4ad8b54817d9f5441910014b5ceb8583 - Path: Packages/com.unity.render-pipelines.universal/Editor/2D/ShaderGraph/Includes/SpriteForwardPass.hlsl - Importer: ScriptedImporter/UnityEditor.QuickSearchModule:UnityEditor.Search:ASIAI0B -> (ImportResultId: '4210b4bea2330f38f2c7f27689ac186a') in 0.0216872 seconds
[Worker0] Imported GUID: 5c847e0daeb638146931797574071502 - Path: Packages/com.unity.render-pipelines.universal/Runtime/VFXGraph/Utility/PropertyBinders/URPCameraBinder.cs - Importer: ScriptedImporter/UnityEditor.QuickSearchModule:UnityEditor.Search:ASIAI0B -> (ImportResultId: 'fa364a0c95f84c29d7f7a82691778c77') in 0.021222 seconds
[Worker0] Imported GUID: 6f14d9931cb70f041af1569642d3b639 - Path: Packages/com.unity.render-pipelines.universal/Runtime/2D/Shadows/Shadow Provider Utility/ShapeProviderUtility.cs - Importer: ScriptedImporter/UnityEditor.QuickSearchModule:UnityEditor.Search:ASIAI0B -> (ImportResultId: '7958406111b081b5195303ba06e549c6') in 0.0214579 seconds
[Worker0] Imported GUID: 995fdaab737f1d14d94e74bd8aee25e4 - Path: Packages/com.unity.render-pipelines.universal/Runtime/2D/Shadows/Shadow Provider Utility/ShadowMesh2D.cs - Importer: ScriptedImporter/UnityEditor.QuickSearchModule:UnityEditor.Search:ASIAI0B -> (ImportResultId: '37c3591c32da1d04267886d1e3534cfe') in 0.0209077 seconds
[Worker0] Imported GUID: ed5876db37f0e544c8ef9b9802eff934 - Path: Packages/com.unity.render-pipelines.universal/Runtime/2D/Shadows/Shadow Provider Utility/ShadowUtility.cs - Importer: ScriptedImporter/UnityEditor.QuickSearchModule:UnityEditor.Search:ASIAI0B -> (ImportResultId: '1c8d411475055aacbeb576e828bde140') in 0.0211519 seconds
[Worker0] Imported GUID: 861a5dbe0501bf64e90daafd28655f4e - Path: Packages/com.unity.render-pipelines.universal/Runtime/2D/Shadows/Shadow Provider Utility/VertexDictionary.cs - Importer: ScriptedImporter/UnityEditor.QuickSearchModule:UnityEditor.Search:ASIAI0B -> (ImportResultId: '0589fb155c8ac056bdd74e5da40d498c') in 0.0208142 seconds
[Worker0] Imported GUID: 7967efc2e5a28854bb33f9b07eee5675 - Path: Packages/com.unity.render-pipelines.universal/Runtime/2D/Shadows/Shadow Provider Utility/ShadowShape2D.cs - Importer: ScriptedImporter/UnityEditor.QuickSearchModule:UnityEditor.Search:ASIAI0B -> (ImportResultId: '905aec249b22131c05337a25d73558df') in 0.0220112 seconds
[Worker0] Imported GUID: 729807ff59ce7944f978ddc8d3c09c8f - Path: Packages/com.unity.render-pipelines.universal/Tests/Editor/Tools/ProjectAuditor/URPSettingsAnalyzerTests.cs - Importer: ScriptedImporter/UnityEditor.QuickSearchModule:UnityEditor.Search:ASIAI0B -> (ImportResultId: '5f283888743ae7044126c3f22a895af1') in 0.0212177 seconds
[Worker0] Imported GUID: 286d87cbf8c19c749b69078915c9be88 - Path: Packages/com.unity.render-pipelines.universal/Editor/VFXGraph/Shaders/Templates/ParticleMeshesLit/PassForward.template - Importer: ScriptedImporter/UnityEditor.QuickSearchModule:UnityEditor.Search:ASIAI0B -> (ImportResultId: '4814bc032285d6d54ff76bbd346f949d') in 0.0213826 seconds
[Worker0] Imported GUID: 9efeaf56a8f5826418111f0d669150c1 - Path: Packages/com.unity.render-pipelines.universal/Editor/VFXGraph/Shaders/Templates/ParticlePlanarPrimitivesLit/PassGBuffer.template - Importer: ScriptedImporter/UnityEditor.QuickSearchModule:UnityEditor.Search:ASIAI0B -> (ImportResultId: '0ab5f87e2c35acc6cfd2ccb2fb4196e2') in 0.0213017 seconds
[Worker0] Imported GUID: 97f83210b5a4448cfbc61ec93d00fcaf - Path: Packages/com.unity.render-pipelines.universal/Editor/2D/Profiler/UI/U2DGraphicsHierarchyView/U2DGraphicsHierarchyView.uss - Importer: ScriptedImporter/UnityEditor.QuickSearchModule:UnityEditor.Search:ASIAI0B -> (ImportResultId: '0c6f5d6a8b9aa8dd1087b0541eb3a1f4') in 0.0341978 seconds
[Worker0] Imported GUID: 4b313a234ad620945b078e06349d46f5 - Path: Packages/com.unity.render-pipelines.universal/Editor/VFXGraph/Shaders/Templates/ParticleMeshesLit/PassVelocity.template - Importer: ScriptedImporter/UnityEditor.QuickSearchModule:UnityEditor.Search:ASIAI0B -> (ImportResultId: '0624bdc6e703c06f067c6b293224ded5') in 0.0208398 seconds
[Worker0] Imported GUID: 5d1c67b3de6d65a44b641566a9d529b4 - Path: Packages/com.unity.render-pipelines.universal/Editor/Tools/Converters/PPv2/EffectConverters/MotionBlurConverter.cs - Importer: ScriptedImporter/UnityEditor.QuickSearchModule:UnityEditor.Search:ASIAI0B -> (ImportResultId: '8ec0ec453faec5c069ba0a52f9607c6b') in 0.020869 seconds
[Worker0] Imported GUID: 65de241854404d343a0937eb1adbb6f7 - Path: Packages/com.unity.render-pipelines.universal/Editor/Tools/Converters/PPv2/EffectConverters/BloomConverter.cs - Importer: ScriptedImporter/UnityEditor.QuickSearchModule:UnityEditor.Search:ASIAI0B -> (ImportResultId: '049c8c0ef81863bc2c32e00e0ca1c662') in 0.0203731 seconds
[Worker0] Imported GUID: c93687e52abd628448c8f7666b1dbd23 - Path: Packages/com.unity.render-pipelines.universal/Editor/Tools/Converters/PPv2/EffectConverters/ColorGradingConverter.cs - Importer: ScriptedImporter/UnityEditor.QuickSearchModule:UnityEditor.Search:ASIAI0B -> (ImportResultId: '61f2e94815b55105199b04feb9fcf081') in 0.0208042 seconds
[Worker0] Imported GUID: 5fa54a2ce1bced448b6bd9cfcac6c25d - Path: Packages/com.unity.render-pipelines.universal/Editor/VFXGraph/Shaders/Templates/ParticlePlanarPrimitivesLit/PassForward.template - Importer: ScriptedImporter/UnityEditor.QuickSearchModule:UnityEditor.Search:ASIAI0B -> (ImportResultId: 'cf169c1d8377fd68a420fe042a69a09f') in 0.0204168 seconds
[Worker0] Imported GUID: ef31d99f657209a468edc1f49b350cb5 - Path: Packages/com.unity.render-pipelines.universal/Editor/Tools/Converters/PPv2/EffectConverters/ChromaticAberrationConverter.cs - Importer: ScriptedImporter/UnityEditor.QuickSearchModule:UnityEditor.Search:ASIAI0B -> (ImportResultId: '10b4deb791d5d40ed91d50ebc6a122d0') in 0.0219292 seconds
[Worker0] Imported GUID: de573be7419f3b84295377f64cf664c7 - Path: Packages/com.unity.render-pipelines.universal/Editor/Tools/Converters/PPv2/EffectConverters/VignetteConverter.cs - Importer: ScriptedImporter/UnityEditor.QuickSearchModule:UnityEditor.Search:ASIAI0B -> (ImportResultId: '9f0dabdef0dd5f5627ef9291463fb96d') in 0.0228289 seconds
[Worker0] Imported GUID: 77e942a6f106f7746bec78ed934de11a - Path: Packages/com.unity.render-pipelines.universal/Editor/VFXGraph/Shaders/Templates/ParticleMeshesLit/Pass.template - Importer: ScriptedImporter/UnityEditor.QuickSearchModule:UnityEditor.Search:ASIAI0B -> (ImportResultId: '078b0e379aa619c7b21f43f60ba428f8') in 0.0208556 seconds
[Worker0] Imported GUID: 6ca5883cd45940728412e0fa8e22403c - Path: Packages/com.unity.render-pipelines.universal/Editor/VFXGraph/Shaders/Templates/URPDecal/PassForwardEmissive.template - Importer: ScriptedImporter/UnityEditor.QuickSearchModule:UnityEditor.Search:ASIAI0B -> (ImportResultId: 'dead58cd81cc79193f715a384afdf485') in 0.0213465 seconds
[Worker0] Imported GUID: 2d6519c74f7a7584685798d2431960f2 - Path: Packages/com.unity.render-pipelines.universal/Editor/VFXGraph/Shaders/Templates/ParticleHexahedron/PassForward2D.template - Importer: ScriptedImporter/UnityEditor.QuickSearchModule:UnityEditor.Search:ASIAI0B -> (ImportResultId: 'a52c8fcdb834abf2f77d2c7566358cc6') in 0.0208875 seconds
[Worker0] Imported GUID: 40cf578c410cce34895b4a55f12d31d1 - Path: Packages/com.unity.render-pipelines.universal/Editor/VFXGraph/Shaders/Templates/ParticlePlanarPrimitivesLit/PassVelocity.template - Importer: ScriptedImporter/UnityEditor.QuickSearchModule:UnityEditor.Search:ASIAI0B -> (ImportResultId: 'a64bf823042ceddb1811cc66d2675291') in 0.0207634 seconds
[Worker0] Imported GUID: f3ec7f3c24cdbba49986aa6478b5867f - Path: Packages/com.unity.render-pipelines.universal/Editor/VFXGraph/Shaders/Templates/ParticleLines/PassForward2D.template - Importer: ScriptedImporter/UnityEditor.QuickSearchModule:UnityEditor.Search:ASIAI0B -> (ImportResultId: '8e7859b8f24d212377dd22864f9f672d') in 0.0202047 seconds
[Worker0] Imported GUID: d544070b9cd30430e880fd7beaede30a - Path: Packages/com.unity.render-pipelines.universal/Editor/2D/Profiler/UI/U2DGraphicsStatisticView/U2DGraphicsStatisticView.uxml - Importer: ScriptedImporter/UnityEditor.QuickSearchModule:UnityEditor.Search:ASIAI0B -> (ImportResultId: 'bb5a01f941fd47f02c2e32b753fccc1b') in 0.1358523 seconds
[Worker0] Imported GUID: 01ac01709d809ff46966b98b9ec1104d - Path: Packages/com.unity.render-pipelines.universal/Editor/VFXGraph/Shaders/Templates/ParticlePlanarPrimitivesLit/PassSelection.template - Importer: ScriptedImporter/UnityEditor.QuickSearchModule:UnityEditor.Search:ASIAI0B -> (ImportResultId: 'a0e61bde3a88e36eab654a1efa461056') in 0.021122 seconds
[Worker0] Imported GUID: e54411f64dc2beb43998b9727f62fa32 - Path: Packages/com.unity.render-pipelines.universal/Editor/VFXGraph/Shaders/Templates/ParticlePlanarPrimitivesLit/PassDepthOrMV.template - Importer: ScriptedImporter/UnityEditor.QuickSearchModule:UnityEditor.Search:ASIAI0B -> (ImportResultId: '70a952838240508792b65a976b70c758') in 0.0205791 seconds
[Worker0] Imported GUID: 63521e524f5ad0e4c96e22187d781a46 - Path: Packages/com.unity.render-pipelines.universal/Tests/Editor/Tools/Converters/RenderSettingsConverterTests.cs - Importer: ScriptedImporter/UnityEditor.QuickSearchModule:UnityEditor.Search:ASIAI0B -> (ImportResultId: 'fd8c5f83526c90e2e437620c6cf5c2f6') in 0.0203895 seconds
[Worker0] Imported GUID: 9e62eb3c33b50c54badb6f7cd6eb7a8c - Path: Packages/com.unity.render-pipelines.universal/Editor/VFXGraph/Shaders/Templates/ParticleMeshesLit/PassShadowCaster.template - Importer: ScriptedImporter/UnityEditor.QuickSearchModule:UnityEditor.Search:ASIAI0B -> (ImportResultId: '0246a9648bc2ae6283e282f200ad64c5') in 0.0214121 seconds
[Worker0] Imported GUID: ea2283109445d45fc9ebf2d974eb7094 - Path: Packages/com.unity.render-pipelines.universal/Editor/2D/Profiler/UI/U2DGraphicsStatisticView/U2DGraphicsStatisticView.uss - Importer: ScriptedImporter/UnityEditor.QuickSearchModule:UnityEditor.Search:ASIAI0B -> (ImportResultId: '8bc0dbff34af0aa337057a841cbda2ba') in 0.0226951 seconds
[Worker0] Imported GUID: 526188e7c1965614aa36043f95c18390 - Path: Packages/com.unity.render-pipelines.universal/Editor/VFXGraph/Shaders/Templates/ParticleLinesSW/PassForward2D.template - Importer: ScriptedImporter/UnityEditor.QuickSearchModule:UnityEditor.Search:ASIAI0B -> (ImportResultId: '6de4b6cf4349dcecdd1ef510f7ec0853') in 0.0207724 seconds
[Worker0] Imported GUID: 55392cd2a34cb21499958e42eba26b2d - Path: Packages/com.unity.render-pipelines.universal/Editor/Tools/Converters/PPv2/EffectConverters/PropertyConversions.cs - Importer: ScriptedImporter/UnityEditor.QuickSearchModule:UnityEditor.Search:ASIAI0B -> (ImportResultId: 'e10eab7d80d952e43aab680b5b661fb2') in 0.0210492 seconds
[Worker0] Imported GUID: cdf8e92f00a22414cb19f05f0e6299b8 - Path: Packages/com.unity.render-pipelines.universal/Editor/2D/Profiler/UI/U2DGraphicsHierarchyView/U2DGraphicsHierarchyView.cs - Importer: ScriptedImporter/UnityEditor.QuickSearchModule:UnityEditor.Search:ASIAI0B -> (ImportResultId: 'e40ce9c61162b34328238b36951c3b25') in 0.0206223 seconds
[Worker0] Imported GUID: 23f922a362522a540b38b85bb2a5353f - Path: Packages/com.unity.render-pipelines.universal/Editor/VFXGraph/Shaders/Templates/ParticleMeshesLit/PassDepth.template - Importer: ScriptedImporter/UnityEditor.QuickSearchModule:UnityEditor.Search:ASIAI0B -> (ImportResultId: 'c4d8b036337dce55152f6e6c07b81bcb') in 0.0201609 seconds
[Worker0] Imported GUID: 9b52f6f25632b4026ad60f39b17b5a72 - Path: Packages/com.unity.render-pipelines.universal/Editor/2D/Profiler/UI/U2DGraphicsProfilerView/U2DGraphicsProfilerView.cs - Importer: ScriptedImporter/UnityEditor.QuickSearchModule:UnityEditor.Search:ASIAI0B -> (ImportResultId: '54bb255502187633b7c35417be224dee') in 0.0207755 seconds
[Worker0] Imported GUID: 341677e7847d0874abedb1fc1748b2cf - Path: Packages/com.unity.render-pipelines.universal/Editor/VFXGraph/Shaders/Templates/ParticlePlanarPrimitivesLit/PassDepthNormal.template - Importer: ScriptedImporter/UnityEditor.QuickSearchModule:UnityEditor.Search:ASIAI0B -> (ImportResultId: '73f01c381740f5b6d328c9645f53691b') in 0.0210358 seconds
[Worker0] Imported GUID: a9a5bd2614f0245b89accf1d7215f3b6 - Path: Packages/com.unity.render-pipelines.universal/Editor/2D/Profiler/UI/U2DGraphicsHierarchyView/U2DGraphicsHierarchyNodeData.cs - Importer: ScriptedImporter/UnityEditor.QuickSearchModule:UnityEditor.Search:ASIAI0B -> (ImportResultId: '93ecaec3cd72f3dfc27e0185e92343a4') in 0.0220929 seconds
[Worker0] Imported GUID: 92bae492fd0c48fca15a3c15dc732416 - Path: Packages/com.unity.render-pipelines.universal/Editor/VFXGraph/Shaders/Templates/URPDecal/PassGBuffer.template - Importer: ScriptedImporter/UnityEditor.QuickSearchModule:UnityEditor.Search:ASIAI0B -> (ImportResultId: '1e474e76a60bdea45776fe1a2186ac03') in 0.0235547 seconds
[Worker0] Imported GUID: f857058956905cc46809c39c05d64706 - Path: Packages/com.unity.render-pipelines.universal/Tests/Editor/Tools/Converters/ConvertersTests.cs - Importer: ScriptedImporter/UnityEditor.QuickSearchModule:UnityEditor.Search:ASIAI0B -> (ImportResultId: '284c6c81bcf96827db2ced6a14053703') in 0.0207607 seconds
[Worker0] Imported GUID: 915f7a9ae9b5ab542b48b313dbf0489c - Path: Packages/com.unity.render-pipelines.universal/Editor/VFXGraph/Shaders/Templates/ParticleMeshesLit/PassSelection.template - Importer: ScriptedImporter/UnityEditor.QuickSearchModule:UnityEditor.Search:ASIAI0B -> (ImportResultId: '37f75f9c259e05a38bd51f32f855c07d') in 0.0232931 seconds
[Worker0] Imported GUID: 7d07176ae506b05458500c8aa695d90e - Path: Packages/com.unity.render-pipelines.universal/Editor/VFXGraph/Shaders/Templates/ParticlePlanarPrimitivesLit/PassShadowCaster.template - Importer: ScriptedImporter/UnityEditor.QuickSearchModule:UnityEditor.Search:ASIAI0B -> (ImportResultId: '9118c4db412d5239d13b06515709f520') in 0.0210209 seconds
[Worker0] Imported GUID: a55128324929eba40884977cd5c1669e - Path: Packages/com.unity.render-pipelines.universal/Editor/VFXGraph/Shaders/Templates/ParticleMeshesLit/PassDepthOrMV.template - Importer: ScriptedImporter/UnityEditor.QuickSearchModule:UnityEditor.Search:ASIAI0B -> (ImportResultId: 'f21221f27ef7efa966e950ee560fea3e') in 0.0204447 seconds
[Worker0] Imported GUID: ef0ef98463379a649ba68d026c95ea4d - Path: Packages/com.unity.render-pipelines.universal/Editor/Tools/Converters/PPv2/EffectConverters/LensDistortionConverter.cs - Importer: ScriptedImporter/UnityEditor.QuickSearchModule:UnityEditor.Search:ASIAI0B -> (ImportResultId: '0da6e9152a8da18277a33c7677d45381') in 0.021325 seconds
[Worker0] Imported GUID: 232651f0deb5c4f098846bdb18845f8a - Path: Packages/com.unity.render-pipelines.universal/Editor/2D/Profiler/UI/U2DGraphicsHierarchyView/U2DGraphicsHierarchyView.uxml - Importer: ScriptedImporter/UnityEditor.QuickSearchModule:UnityEditor.Search:ASIAI0B -> (ImportResultId: '0a0a078d2f11584b1609c188d7c3acc7') in 0.0302038 seconds
[Worker0] Imported GUID: 4059f0b867f24f38b3d2baed5de3cc8c - Path: Packages/com.unity.render-pipelines.universal/Editor/VFXGraph/Shaders/Templates/URPDecal/PassScreenSpace.template - Importer: ScriptedImporter/UnityEditor.QuickSearchModule:UnityEditor.Search:ASIAI0B -> (ImportResultId: '0c14d8ba79cde061384c8c9107014ef9') in 0.0210716 seconds
[Worker0] Imported GUID: fce1ffd6e78acfd4aa944af71b8a07d9 - Path: Packages/com.unity.render-pipelines.universal/Editor/Tools/Converters/PPv2/EffectConverters/PostProcessEffectSettingsConverter.cs - Importer: ScriptedImporter/UnityEditor.QuickSearchModule:UnityEditor.Search:ASIAI0B -> (ImportResultId: 'ee15c6afa5ba612dc47ec855e6f245f6') in 0.0210326 seconds
[Worker0] Imported GUID: 4222732e16eb546a1a43d0d3470cbbb0 - Path: Packages/com.unity.render-pipelines.universal/Editor/2D/Profiler/UI/U2DGraphicsStatisticView/U2DGraphicsStatisticView.cs - Importer: ScriptedImporter/UnityEditor.QuickSearchModule:UnityEditor.Search:ASIAI0B -> (ImportResultId: '2adcdae489b160fcddd5bf6a8533e47b') in 0.0209846 seconds
[Worker0] Imported GUID: aa79bbd82ff697846b2723bb624f5b5c - Path: Packages/com.unity.render-pipelines.universal/Editor/Tools/Converters/PPv2/EffectConverters/DepthOfFieldConverter.cs - Importer: ScriptedImporter/UnityEditor.QuickSearchModule:UnityEditor.Search:ASIAI0B -> (ImportResultId: '1b13184744e39851433ce35eec6c0b0d') in 0.0224257 seconds
[Worker0] Imported GUID: 268a144f637cfd343e3952cf770998d5 - Path: Packages/com.unity.render-pipelines.universal/Editor/VFXGraph/Shaders/Templates/ParticleMeshesLit/PassGBuffer.template - Importer: ScriptedImporter/UnityEditor.QuickSearchModule:UnityEditor.Search:ASIAI0B -> (ImportResultId: 'e7c25098a242fe57ad2076051cff6d56') in 0.021831 seconds
[Worker0] Imported GUID: 60e6c40c533c7ed4fbf6a90081f0e415 - Path: Packages/com.unity.render-pipelines.universal/Editor/VFXGraph/Shaders/Templates/ParticlePlanarPrimitives/PassForward2D.template - Importer: ScriptedImporter/UnityEditor.QuickSearchModule:UnityEditor.Search:ASIAI0B -> (ImportResultId: 'f95fbcdd1bcd7852e8ed6d1f876643ea') in 0.0219925 seconds
[Worker0] Imported GUID: ea848c0881e1f4457ab6392ba7cbfd96 - Path: Packages/com.unity.render-pipelines.universal/Editor/2D/Profiler/UI/U2DGraphicsProfilerView/U2DGraphicsProfilerView.uss - Importer: ScriptedImporter/UnityEditor.QuickSearchModule:UnityEditor.Search:ASIAI0B -> (ImportResultId: '177f1f9c930e958a50c47640d982a92a') in 0.0219944 seconds
[Worker0] Imported GUID: 013f0d4c935a24bc3be2e70185995077 - Path: Packages/com.unity.render-pipelines.universal/Editor/2D/Profiler/UI/U2DGraphicsProfilerView/U2DGraphicsProfilerView.uxml - Importer: ScriptedImporter/UnityEditor.QuickSearchModule:UnityEditor.Search:ASIAI0B -> (ImportResultId: '4b929b5751f2587765f1f38c20bf01a5') in 0.0252959 seconds
[Worker0] Imported GUID: 909b99072e12b6248b33e572f4c04095 - Path: Packages/com.unity.render-pipelines.universal/Editor/VFXGraph/Shaders/Templates/ParticlePoints/PassForward2D.template - Importer: ScriptedImporter/UnityEditor.QuickSearchModule:UnityEditor.Search:ASIAI0B -> (ImportResultId: 'd0fed93ffa5f82cfd7566473e6bad1f7') in 0.0208215 seconds
[Worker0] Imported GUID: df39fb04691e914469d4b4ae2a027fb4 - Path: Packages/com.unity.render-pipelines.universal/Editor/Tools/Converters/PPv2/EffectConverters/GrainConverter.cs - Importer: ScriptedImporter/UnityEditor.QuickSearchModule:UnityEditor.Search:ASIAI0B -> (ImportResultId: '8e67841fb8352a4916a16148462c4e62') in 0.021297 seconds
[Worker0] Imported GUID: 75feef1dfebc40e4697124cb20d3f4fe - Path: Packages/com.unity.render-pipelines.universal/Editor/VFXGraph/Shaders/Templates/ParticleMeshesLit/PassDepthNormal.template - Importer: ScriptedImporter/UnityEditor.QuickSearchModule:UnityEditor.Search:ASIAI0B -> (ImportResultId: '8e10fdd41b8d6fda28dc20bf2a20fbf2') in 0.020416 seconds
[Worker0] Imported GUID: 37d26d1c1d738be4cba8c98b84ff0da3 - Path: Packages/com.unity.render-pipelines.universal/Editor/VFXGraph/Shaders/Templates/ParticlePlanarPrimitivesLit/PassDepth.template - Importer: ScriptedImporter/UnityEditor.QuickSearchModule:UnityEditor.Search:ASIAI0B -> (ImportResultId: '4e686fe694db6cd0418eda286a7ca11f') in 0.0214578 seconds
[Worker0] Imported GUID: b1a0121f4ab34ed9a0480537b0f8e6f5 - Path: Packages/com.unity.render-pipelines.universal/Editor/VFXGraph/Shaders/Templates/URPDecal/PassDBuffer.template - Importer: ScriptedImporter/UnityEditor.QuickSearchModule:UnityEditor.Search:ASIAI0B -> (ImportResultId: 'cfa186b36b3a8c2a495b995bb3e56b92') in 0.026864 seconds
[Worker0] Imported GUID: ec0dd9ca912a8824590a57224cabd290 - Path: Packages/com.unity.render-pipelines.universal/Editor/VFXGraph/Shaders/Templates/ParticleMeshes/PassForward2D.template - Importer: ScriptedImporter/UnityEditor.QuickSearchModule:UnityEditor.Search:ASIAI0B -> (ImportResultId: '3f6bbd5387d1442633e2aac63d3030a8') in 0.0266992 seconds
[Worker0] Imported GUID: d7093db72592417cb57b7bd64a17ecff - Path: Packages/com.unity.collab-proxy/Editor/Execute.cs - Importer: ScriptedImporter/UnityEditor.QuickSearchModule:UnityEditor.Search:ASIAI0B -> (ImportResultId: 'dc046f45164da2182d594272116aa091') in 0.0208072 seconds
[Worker0] Imported GUID: d52ea5907c07eb247916402808d165fa - Path: Packages/com.unity.render-pipelines.universal/Tests/Editor/Tools/Converters/AnimationClipConverter/AnimationClipUpgradePathsCacheTests.cs - Importer: ScriptedImporter/UnityEditor.QuickSearchModule:UnityEditor.Search:ASIAI0B -> (ImportResultId: '56c56ec40380de734dd8202cac4f95ea') in 0.0206782 seconds
[Worker0] Imported GUID: 6ca9602fbf7414ec78d7d91fb469b05c - Path: Packages/com.unity.render-pipelines.universal/Tests/Editor/Tools/Converters/MaterialUpgrader/AutodeskInteractiveCutoutMaterialUpgraderTest.cs - Importer: ScriptedImporter/UnityEditor.QuickSearchModule:UnityEditor.Search:ASIAI0B -> (ImportResultId: 'b7356226f73809b88462b42ba838e3bb') in 0.0203777 seconds
[Worker0] Imported GUID: c95825082268f40c287d083e6fa50785 - Path: Packages/com.unity.render-pipelines.universal/Tests/Editor/Tools/Converters/MaterialUpgrader/ParticleMaterialUpgraderTestUnlit.cs - Importer: ScriptedImporter/UnityEditor.QuickSearchModule:UnityEditor.Search:ASIAI0B -> (ImportResultId: '00782683f701b1ce7d2ee72f44e113a0') in 0.0204364 seconds
[Worker0] Imported GUID: 1e2111b050c0b4ff993323691eab7ce6 - Path: Packages/com.unity.render-pipelines.universal/Tests/Editor/Tools/Converters/MaterialUpgrader/SpeedTree9MaterialUpgraderTest.cs - Importer: ScriptedImporter/UnityEditor.QuickSearchModule:UnityEditor.Search:ASIAI0B -> (ImportResultId: 'b7c53e99f5f5502cbff18c65e0735b18') in 0.0207819 seconds
MonoPathRemapper: Attempts to remap: 54367; Successful remaps: 30024
[Worker0] Imported GUID: 4a2199802709cda43937144c1ae1537a - Path: Packages/com.unity.render-pipelines.universal/Tests/Editor/Tools/Converters/AnimationClipConverter/EditorCurveBindingsUtilsTests.cs - Importer: ScriptedImporter/UnityEditor.QuickSearchModule:UnityEditor.Search:ASIAI0B -> (ImportResultId: 'c9d715bbeaecbfaa3d19838ee4fff482') in 0.0230393 seconds
[Worker0] Imported GUID: 50503d5b64dbddc48a0bcba68901b3d6 - Path: Packages/com.unity.collab-proxy/Editor/ApplicationDataPath.cs - Importer: ScriptedImporter/UnityEditor.QuickSearchModule:UnityEditor.Search:ASIAI0B -> (ImportResultId: '4e6de83abfa685fd57c3bba5e4d04f38') in 0.0231143 seconds
[Worker0] Imported GUID: f032fd1e0068a2642abd4fe8e1fd4241 - Path: Packages/com.unity.collab-proxy/Editor/EnumExtensions.cs - Importer: ScriptedImporter/UnityEditor.QuickSearchModule:UnityEditor.Search:ASIAI0B -> (ImportResultId: '9f1adbfe4aae9affb53687f3d62ec480') in 0.0205045 seconds
[Worker0] Imported GUID: 2b11bfddec26147629f596445bf1a077 - Path: Packages/com.unity.render-pipelines.universal/Tests/Editor/Tools/Converters/MaterialUpgrader/SpeedTree7MaterialUpgraderTest.cs - Importer: ScriptedImporter/UnityEditor.QuickSearchModule:UnityEditor.Search:ASIAI0B -> (ImportResultId: 'eb032660d6eb4471c3dc8f4e1ef0218b') in 0.0209484 seconds
[Worker0] Imported GUID: 14c7ad7d838cc1d4691f5d9ca504f0ac - Path: Packages/com.unity.collab-proxy/Editor/DrawGuiModeSwitcher.cs - Importer: ScriptedImporter/UnityEditor.QuickSearchModule:UnityEditor.Search:ASIAI0B -> (ImportResultId: '7008089a0562222dfb0b08eb08d8ba44') in 0.0203466 seconds
[Worker0] Imported GUID: 7a8f40bae4efe4be082ea48246a3e6a2 - Path: Packages/com.unity.render-pipelines.universal/Tests/Editor/Tools/Converters/MaterialUpgrader/ParticleSurfaceMaterialUpgraderTest.cs - Importer: ScriptedImporter/UnityEditor.QuickSearchModule:UnityEditor.Search:ASIAI0B -> (ImportResultId: '45e3175474ee5961a84aa8baf17a2be2') in 0.0210395 seconds
[Worker0] Imported GUID: 0b5e0bd9c09e04548a4955c56bad03df - Path: Packages/com.unity.render-pipelines.universal/Tests/Editor/Tools/Converters/MaterialUpgrader/AutodeskInteractiveTransparentMaterialUpgradeTest.cs - Importer: ScriptedImporter/UnityEditor.QuickSearchModule:UnityEditor.Search:ASIAI0B -> (ImportResultId: '4cb410f9905c8ce65960794b7531a722') in 0.0207082 seconds
[Worker0] Imported GUID: a9d1fb7138470405fbb45b1154051aa5 - Path: Packages/com.unity.render-pipelines.universal/Tests/Editor/Tools/Converters/MaterialUpgrader/TerrainStandardMaterialUpgraderTest.cs - Importer: ScriptedImporter/UnityEditor.QuickSearchModule:UnityEditor.Search:ASIAI0B -> (ImportResultId: '27ef787ed387031ebebcf06bf83fc2ee') in 0.0206162 seconds
[Worker0] Imported GUID: e8b13064517f28443ac41883eb559c8f - Path: Packages/com.unity.collab-proxy/Editor/BuildGetEventExtraInfoFunction.cs - Importer: ScriptedImporter/UnityEditor.QuickSearchModule:UnityEditor.Search:ASIAI0B -> (ImportResultId: '994199112b04a98e79539d498436fa05') in 0.0203879 seconds
[Worker0] Imported GUID: cb3c9f5ba9ced5e4b99de1b3dbd68d09 - Path: Packages/com.unity.collab-proxy/ValidationConfig.json - Importer: ScriptedImporter/UnityEditor.QuickSearchModule:UnityEditor.Search:ASIAI0B -> (ImportResultId: '95e912b04874eafc735c73d7feb0b86c') in 0.0202835 seconds
[Worker0] Imported GUID: d54ac06fd6ba14523a3af40273b65c4a - Path: Packages/com.unity.render-pipelines.universal/Tests/Editor/Tools/Converters/MaterialUpgrader/AutodeskInteractiveOpaqueMaterialUpgraderTest.cs - Importer: ScriptedImporter/UnityEditor.QuickSearchModule:UnityEditor.Search:ASIAI0B -> (ImportResultId: '6ef47ee0a98bf56e6afd8e593d1a98cc') in 0.0211756 seconds
[Worker0] Imported GUID: 8941bfe8b2cea4c5a966883eb0a8ab6a - Path: Packages/com.unity.render-pipelines.universal/Tests/Editor/Tools/Converters/MaterialUpgrader/SpeedTree8MaterialUpgraderTest.cs - Importer: ScriptedImporter/UnityEditor.QuickSearchModule:UnityEditor.Search:ASIAI0B -> (ImportResultId: '200afd39d09691721a9b5b17c3c3ed81') in 0.0205846 seconds
[Worker0] Imported GUID: 52a2c019761d4f74ea3dbdaa0d889673 - Path: Packages/com.unity.collab-proxy/LICENSE.md - Importer: ScriptedImporter/UnityEditor.QuickSearchModule:UnityEditor.Search:ASIAI0B -> (ImportResultId: 'c695f048fcc19d65dc686d499bdad5ac') in 0.0201164 seconds
[Worker0] Imported GUID: 5be77ef41db4cc24a82cd1eca7456b5a - Path: Packages/com.unity.collab-proxy/Editor/BoolSetting.cs - Importer: ScriptedImporter/UnityEditor.QuickSearchModule:UnityEditor.Search:ASIAI0B -> (ImportResultId: 'bc51a0c86b1a12e33a96a17f8c7dd0fc') in 0.0207536 seconds
[Worker0] Imported GUID: 47777d81697d65f45befb6ccd55b2324 - Path: Packages/com.unity.collab-proxy/CHANGELOG.md - Importer: ScriptedImporter/UnityEditor.QuickSearchModule:UnityEditor.Search:ASIAI0B -> (ImportResultId: 'a9a774912ef0a54a7e01206ee846fdfe') in 0.0204367 seconds
[Worker0] Imported GUID: 0722f9616ea0a48e280b552e67e783a5 - Path: Packages/com.unity.render-pipelines.universal/Tests/Editor/Tools/Converters/MaterialUpgrader/StandardMaterialUpgraderTest.cs - Importer: ScriptedImporter/UnityEditor.QuickSearchModule:UnityEditor.Search:ASIAI0B -> (ImportResultId: 'a77232bc6ad48032ecc69ee8af065c45') in 0.0209783 seconds
[Worker0] Imported GUID: ace421d79f5a6bd41bca418cddff7683 - Path: Packages/com.unity.render-pipelines.universal/Tests/Editor/Tools/Converters/ReadonlyMaterialConverter/ReadonlyMaterialConverterTests.MaterialReferenceBuilder.cs - Importer: ScriptedImporter/UnityEditor.QuickSearchModule:UnityEditor.Search:ASIAI0B -> (ImportResultId: '18a07803aa1c8bfa8aca47430f4603b8') in 0.0211479 seconds
[Worker0] Imported GUID: d34814c3809c4b6a9d1514a2ec97f38b - Path: Packages/com.unity.collab-proxy/Editor/AppDomainHandler.cs - Importer: ScriptedImporter/UnityEditor.QuickSearchModule:UnityEditor.Search:ASIAI0B -> (ImportResultId: '6e8ee806a267a06683696ca5469d9a54') in 0.0204849 seconds
[Worker0] Imported GUID: c10740cd62ccaf54c8880da0a3f4d10f - Path: Packages/com.unity.collab-proxy/README.md - Importer: ScriptedImporter/UnityEditor.QuickSearchModule:UnityEditor.Search:ASIAI0B -> (ImportResultId: '1cdc03c6d8d08228a5374fc67a4fba9f') in 0.0206422 seconds
[Worker0] Imported GUID: d50ac3212a7ff5a4795bf609a2a20350 - Path: Packages/com.unity.collab-proxy/Editor/AssemblyInfo.cs - Importer: ScriptedImporter/UnityEditor.QuickSearchModule:UnityEditor.Search:ASIAI0B -> (ImportResultId: '1eb66395b07fac02f28fb18e7598a43b') in 0.0228871 seconds
[Worker0] Imported GUID: f6aa8eca9e9e84840b73620eb177ea9e - Path: Packages/com.unity.collab-proxy/Editor/CheckWorkspaceTreeNodeStatus.cs - Importer: ScriptedImporter/UnityEditor.QuickSearchModule:UnityEditor.Search:ASIAI0B -> (ImportResultId: 'def8460c5619b2a0ffba344eda2dd098') in 0.0213974 seconds
[Worker0] Imported GUID: c02aaa6d0029641a3ac439699edf6648 - Path: Packages/com.unity.render-pipelines.universal/Tests/Editor/Tools/Converters/MaterialUpgrader/SpeedTreeBillboardMaterialUpgraderTest.cs - Importer: ScriptedImporter/UnityEditor.QuickSearchModule:UnityEditor.Search:ASIAI0B -> (ImportResultId: '032fde484686b95853feb5194751158b') in 0.0229943 seconds
Starting new worker id: 3 with log in C:/Users/kvdgs/Ostatni_Peron/Logs/AssetImportWorkerHW3.log
[Worker0] Imported GUID: 4839e753f107dca4db956c531da90096 - Path: Packages/com.unity.render-pipelines.universal/Tests/Editor/Tools/Converters/ReadonlyMaterialConverter/ReadonlyMaterialConverterTests.MaterialReferenceChanger.cs - Importer: ScriptedImporter/UnityEditor.QuickSearchModule:UnityEditor.Search:ASIAI0B -> (ImportResultId: '62dc60f751b9e511abc055aeeee14a55') in 0.0221417 seconds
[Worker0] Imported GUID: 1b477d4c93a074c40bf5c83b3d7962a4 - Path: Packages/com.unity.render-pipelines.universal/Tests/Editor/Tools/Converters/MaterialUpgrader/MaterialUpgraderTestBase.cs - Importer: ScriptedImporter/UnityEditor.QuickSearchModule:UnityEditor.Search:ASIAI0B -> (ImportResultId: 'e25c50cdfbd07ef091d8ca4b25b54e80') in 0.0219945 seconds
[Worker0] Imported GUID: c639c93fd368e814686381019d589f37 - Path: Packages/com.unity.render-pipelines.universal/Tests/Editor/Tools/Converters/ReadonlyMaterialConverter/ReadonlyMaterialConverterTests.cs - Importer: ScriptedImporter/UnityEditor.QuickSearchModule:UnityEditor.Search:ASIAI0B -> (ImportResultId: '54f823f3a37e6186ad94915e0919baa2') in 0.0212803 seconds
[Worker0] Imported GUID: 9bff32140d1498a4a9f6f18b09e8959c - Path: Packages/com.unity.collab-proxy/Third Party Notices.md - Importer: ScriptedImporter/UnityEditor.QuickSearchModule:UnityEditor.Search:ASIAI0B -> (ImportResultId: '36c6df546e1e16bb14b4b29e67b12b35') in 0.0215212 seconds
[Worker0] Imported GUID: 743fda8c4b219c8429fb5a77ede1c879 - Path: Packages/com.unity.collab-proxy/package.json - Importer: ScriptedImporter/UnityEditor.QuickSearchModule:UnityEditor.Search:ASIAI0B -> (ImportResultId: 'b8041d9760c4dc7795efa8dde3a8cf78') in 0.0209661 seconds
[Worker0] Imported GUID: c1da4bb8f6d579e4aa0584f149ad9256 - Path: Packages/com.unity.render-pipelines.universal/Tests/Editor/Tools/Converters/AnimationClipConverter/AnimationClipConverterTests.cs - Importer: ScriptedImporter/UnityEditor.QuickSearchModule:UnityEditor.Search:ASIAI0B -> (ImportResultId: '3e80cb57264ec4913702bba03302a942') in 0.0209197 seconds
[Worker0] Imported GUID: 877cfbcc0403542bfad5325abdbf5944 - Path: Packages/com.unity.render-pipelines.universal/Tests/Editor/Tools/Converters/MaterialUpgrader/AutodeskInteractiveFadeMaterialUpgradeTest.cs - Importer: ScriptedImporter/UnityEditor.QuickSearchModule:UnityEditor.Search:ASIAI0B -> (ImportResultId: '0263df782b5dc228bc401a4ca42d4eea') in 0.022332 seconds
[Worker1] Imported GUID: a840d4787ba856c4dbaf61207189b00c - Path: Packages/com.unity.collab-proxy/Editor/AutoRefresh.cs - Importer: ScriptedImporter/UnityEditor.QuickSearchModule:UnityEditor.Search:ASIAI0B -> (ImportResultId: 'cd268e7e3cdf87233fb411c030a9c964') in 0.1503032 seconds
Serialized file version minimum: 23, current 23
[LAYOUT] About to save layout C:\Users\kvdgs\Ostatni_Peron\UserSettings\Layouts\default-6000.dwlt
[LAYOUT] About to save layout C:/Users/kvdgs/AppData/Roaming/Unity/Editor-5.x/Preferences\Layouts\current\default-6000.dwlt
Importing 'GUID: 00000000000000009000000000000000 - Path: ProjectSettings/QualitySettings.asset' with importer (LibraryAssetImporter)
Imported 'GUID: 00000000000000009000000000000000' -> (Import Result ID: 'ad6ca2034549a8dd6f88c2e2fb528c97') in 0.006 seconds [static dependencies only]. Details - ImportResultOutputID=2a108b3da874f726c62fbe5f12be4a8a DependenciesID=1aedbe56ae62f321fe459982db2fa012 StaticDependenciesID=e9a43e809c5953780a851aff477bfce8 
Asset Pipeline Refresh (id=686eb3a3d3d041a4588226f5021ca19f): Total: 0.023 seconds - Initiated by StopAssetImportingV2(NoUpdateAssetOptions)
Input System module state changed to: ShutdownInProgress.
Input Polling Thread exited.
Input System module state changed to: Shutdown.
[Physics::Module] Cleanup current backend.
[Physics::Module] Id: 0xf2b8ea05
[Licensing::IpcConnector] LicenseClient-kvdgs-notifications channel disconnected successfully.
[Licensing::IpcConnector] LicenseClient-kvdgs channel disconnected successfully.
Shut down UDS service system complete
Lingering sessions upon destruction of worker manager
Unity Data Store service was successfully shut down
UDS shutting down local client system
AcceleratorClientConnectionCallback - disconnected - :0
Cleanup mono
CodeReloadManager destroyed
abort_threads: Failed aborting id: 0000000000004CBC, mono_thread_manage will ignore it

abort_threads: Failed aborting id: 0000000000004D80, mono_thread_manage will ignore it

abort_threads: Failed aborting id: 0000000000004CBC, mono_thread_manage will ignore it

abort_threads: Failed aborting id: 0000000000004D80, mono_thread_manage will ignore it

debugger-agent: Unable to listen on 8688
Checking for leaked weakptr:
  Found no leaked weakptrs.
[Package Manager] Server process was shutdown
##utp:{"type":"MemoryLeaks","version":2,"phase":"Immediate","time":1789753218485,"processId":4632,"allocatedMemory":17465769,"memoryLabels":[{"Default":194842},{"Permanent":15516},{"NewDelete":68945},{"Thread":4205560},{"Manager":823400},{"VertexData":8},{"Geometry":816},{"Texture":24},{"Shader":865299},{"Material":24},{"GfxDevice":62208},{"Animation":952},{"Audio":608},{"FreeType":8},{"FontEngine":736},{"Physics":1970},{"Physics2D":16},{"Serialization":131736},{"Input":45280},{"JobScheduler":256},{"TextLib":27478},{"Mono":48},{"MonoCode":192},{"ScriptingNativeRuntime":1259880},{"BaseObject":49296},{"Resource":1208},{"Renderer":2376},{"Transform":4685},{"File":7389},{"WebCam":616},{"Culling":32},{"Terrain":11442},{"Wind":24},{"STL":40},{"String":1033338},{"StaticString":3808},{"Utility":2675506},{"Curl":48},{"PoolAlloc":2408},{"AI":80},{"TypeTree":17165},{"ScriptManager":18960},{"CodeReload":448},{"RuntimeInitializeOnLoadManager":64},{"Sprites":102},{"SpriteAtlas":120},{"GI":7816},{"Director":8296},{"CloudService":7584},{"WebRequest":552},{"VR":49650},{"SceneManager":608},{"Video":208},{"LazyScriptCache":32},{"NativeArray":1080},{"Camera":729},{"Secure":265},{"SerializationCache":9256},{"APIUpdating":10320},{"Subsystems":336},{"VirtualTexturing":57888},{"StaticSafetyDebugInfo":278528},{"Analytics":768},{"Hierarchy":1188},{"UIElements":40},{"CoreStats":14456},{"Identifiers":7152},{"Gui":267791},{"EditorUtility":171375},{"VersionControl":8},{"Undo":931},{"AssetDatabase":4967611},{"AssetImporter":40},{"EditorGi":328},{"UnityConnect":36881},{"Upm":1988},{"UpmDiagnostics":8},{"AssetCompliance":96},{"DrivenProperties":72},{"LocalIPC":260},{"ProfilerEditor":9746},{"CoreBusinessMetrics":3600},{"Windowing":456},{"Licensing":12805},{"AssetReference":32},{"IPCStream":32}]}
